URL,Group,User,Narrative,Tweet_Text,Type,char_len,word_count,is_comment,hashtag_count,mention_count,has_url_in_text,day_of_week,hour_of_day,has_media,media_type,is_quote_tweet,emotion_intensity,claim_specificity,language_assertiveness,implied_urgency,primary_emotion,rhetorical_style,has_cta
https://x.com/AleksanderDroz4/status/1995770324319707213,Control,Statler77,Sanctions Ineffective Against Russia,"@GeromanAT 🤨
“If we have to do the same thing over and over again, then we have failed,” the US Treasury Secretary said casually about his sanctions on China.
https://t.co/xbiUeNZXG5",comment,182,30,1,0,1,1,1,8,False,,True,3.0,3.0,4.0,2.0,outrage,emotional_appeal,False
https://x.com/TheFortuneRpt/status/1995772078117527743,Control,Judy Fortune (Rivers),Ukraine Controlled by Nazis,"@ColonelTowner Russia is our ally in the war with the deep state. Russia is destroying the Ukrainian nazis child sex trafficking ring, adrenochrome distribution, organ harvesting &amp; bioweapon labs. Russia was our ally in WWI  &amp; II. They are a Christian nation. That's why deep state hates Russia.",comment,303,48,1,0,1,0,1,8,False,,False,4.0,3.0,5.0,2.0,outrage,emotional_appeal,False
https://x.com/jokes_on_us_pal/status/1995777092248637769,Control,Jokes On Us Pal 🏴‍☠️🏴,Ukraine Controlled by Nazis,"@HedyFry Sit down you fucking moron!

NATO installed the Nazis that have been bombing the Ukrainian people with impunity for over a decade before Putin stepped in.

You lying criminals are all going to prison when the money laundering in Ukraine is audited. Fucking bitch! 🖕🏽🖕🏽",comment,277,46,1,0,1,0,1,8,False,,False,5.0,2.0,5.0,3.0,outrage,emotional_appeal,False
https://x.com/SurvivalistPt/status/1995776913890062364,Control,Paul Taylor,West Orchestrated Ukraine Coup in 2014,"@McFaul You are partially correct  for a change Michael.  McCain  had a lot of help from  Victoria nuland. 
America  fomented the maidan coup in Kiev in 2014 . This was the final step in weaponising  Ukraine against russia which the cia began in the 1990s.
Just keeping you honest  🙂👍",comment,284,50,1,0,1,0,1,8,False,,False,3.0,4.0,5.0,1.0,outrage,bare_assertion,False
https://x.com/RobertAlmen/status/1995770129926312446,Control,Robert Almén,West Orchestrated Ukraine Coup in 2014,The US have played a significant role in creating this conflict. The coup d’etat in Maidan 2014 was organized by the US and the broken promises to Russia about not expanding NATO was also driven by the US.,post,205,38,0,0,0,0,1,8,False,,True,3.0,3.0,5.0,1.0,anger,bare_assertion,False
https://x.com/Hans_1966/status/1995777262898061569,Control,Hans66,West Orchestrated Ukraine Coup in 2014,@SenTomCotton ...while the US was against Ukraine's sovereignty. A regime change in Ukraine by CIA and MI6 proved that.,comment,119,19,1,0,1,0,1,8,False,,False,4.0,2.0,5.0,1.0,outrage,bare_assertion,False
https://x.com/DavidKe66584564/status/1995751340589666726,Control,DAVE,Russian Military Achieving Successful Operation,@wa94776345 @JayinKyiv I guess we will find out because Russia is in fact winning this war. When missiles like this are not on your front porch in a couple years are you going to reevaluate your critical thinking skills?,comment,220,39,1,0,2,0,1,7,False,,False,4.0,2.0,4.0,3.0,fear,emotional_appeal,False
https://x.com/Larry_D0g/status/1995766365224050974,Control,Lavr Dyogtev 🇳🇿 🇷🇺 ✝️,Russian Military Achieving Successful Operation,"@LucyBennet10 @ChrisO_wiki Ukraine is slowly being munched up. Attacks on Kazak oil facilities, Chinese and Turk merchant shipping isn't going to help. Yet another impregnable fortress city has just fallen. Each deal offered gets worse for Ukraine. They will end up a penniless, disarmed and landlocked.",comment,303,46,1,0,2,0,1,8,False,,False,4.0,2.0,5.0,4.0,fear,emotional_appeal,False
https://x.com/Rob73905582/status/1995770564061913174,Control,Rob,West Spreads Anti-Russian Propaganda,"@DonaldTrumpnq Check my time line. Have stated that that man is a stooge, created by the left, Russia won't comply with their new world order, so he must be silenced or ostracised from society. Hasn't worked. They can even convince us, never mind putin. They turn on trump because he wants peace",comment,295,52,1,0,1,0,1,8,False,,False,4.0,2.0,5.0,3.0,anger,bare_assertion,False
https://x.com/DLMitchell3/status/1995761476892590484,Control,DL Mitchell,NATO Expansion Provoked Russian Invasion,@SenTomCotton We and nato expansion are responsible for this war.,comment,65,10,1,0,1,0,1,7,False,,False,3.0,2.0,5.0,1.0,anger,bare_assertion,False
https://x.com/Hans_1966/status/1995758502153736294,Control,Hans66,Crimea Legitimately Part of Russia,"Russia should and will withdraw from Kharkivs'ka Oblast', the only Ukrainian oblast' that is partly occupied by Russia. There are no other Ukrainian oblasti, occupied by Russia.

Ukraine must leave Russian territory: some Russian oblasti are occupied by Ukraine. Crimea is Russian but is not occupied by Ukraine, nor is it independent (it was for a few days).",comment,359,58,1,0,0,0,1,7,False,,False,1.0,4.0,5.0,2.0,neutral,bare_assertion,False
https://x.com/GeromanAT/status/1995810304979054676,Control,-- GEROMAN -- time will tell - 👀 --,Russia Liberating Ukrainian Territories,"Russian MoD reports:
⚡️
""Units of the ""North"" grouping have liberated the city of Volchansk in the Kharkiv region.

Units of the ""Center"" grouping have completed the liberation of the city of Krasnoarmeysk in the Donetsk People's Republic.

Units of the ""East"" grouping have actively liberated the populated areas of Zelenyi Gai and Dobropolye in the Zaporozhye region""

🇷🇺Russian Ministry of Defense.",post,401,62,0,0,0,0,1,11,True,photo,False,3.0,4.0,5.0,1.0,pride,bare_assertion,False
https://x.com/AShelley73948/status/1995802876552032463,Control,Arthur Shelley,West Prolonging Conflict for Profit,@OccupyDemocrats Mark Kelly is a Soros family puppet and he’s on the Armed Services Committee there terrified Trump is going to end the war in Ukraine and cut the Money Laundering Scheme that flows back into Congress and Washington DC it’s that simple look how wealthy they all have become,comment,289,50,1,0,1,0,1,10,False,,False,4.0,2.0,5.0,3.0,outrage,emotional_appeal,False
https://x.com/Sunnyda04530056/status/1995815332565471526,Control,Sunnyday,West Prolonging Conflict for Profit,"NAZI Zelensky took the audit off the peace deal.  Corrupt Democrats think the death toll of millions of humans is worth tax payer money flowing into their own bank accounts. The left is evil AF and the truth will be exposed in spite of their NAZI propaganda machine, known as the media.",comment,286,52,1,0,0,0,1,11,False,,True,5.0,2.0,5.0,3.0,outrage,emotional_appeal,False
https://x.com/Best_Fisher/status/1995824382141161494,Control,Semen,Ukraine Controlled by Nazis,"@McFaul While the lying thief is traveling around the world,Ukraine is collapsing:the front line is crumbling, soldiers are fleeing and hiding,there is no money,it has been stolen,and the European Union is in debt and no longer able to help.The collapse of the Nazi-corrupt regime is near",comment,288,46,1,0,1,0,1,11,False,,False,4.0,2.0,5.0,4.0,outrage,emotional_appeal,False
https://x.com/Best_Fisher/status/1995815164415807913,Control,Semen,Ukraine Controlled by Nazis,"@joni_askola While the lying thief is traveling around the world,Ukraine is collapsing:the front line is crumbling, soldiers are fleeing and hiding,there is no money,it has been stolen,and the European Union is in debt and no longer able to help.The collapse of the Nazi-corrupt regime is near",comment,293,46,1,0,1,0,1,11,False,,False,4.0,2.0,5.0,4.0,outrage,emotional_appeal,False
https://x.com/tedkel/status/1995823064500637950,Control,Kel Mansfield,Russia Defending Against Western Aggression,"NATO is EVIL. 
They want a full-scale war with Russia. They have been poking the bear for decades. Now, they are threatening a preemptive strike on Russia.
By doing so publicly, they are clearly trying to goad Russia into striking a NATO country first.
Other ""invitations"" to Russia to strike first have been the series of public announcements about opening factories in NATO countries to build military aircraft and arms to send to Ukraine to be used to attack and kill Russians..",comment,481,82,1,0,0,0,1,11,False,,False,5.0,2.0,5.0,4.0,outrage,emotional_appeal,False
https://x.com/THESWEDISHTRUTH/status/1995819526697406950,Control,THESWEDISHTRUTH,Russia Defending Against Western Aggression,"@HBrandstaetter 👇
EDUCATE YOURSELF ABOUT WHY RUSSIA TARGETING UKRAINE

CIA &amp; NATO 

DID THIS

CIA &amp; NATO STARTED IT 

RUSSIA WILL END IT

1 900 000 dead Ukrainians for nothing and still counting 

https://t.co/UTu2hKgjhr",comment,228,34,1,0,1,1,1,11,False,,False,5.0,3.0,5.0,3.0,outrage,emotional_appeal,True
https://x.com/niinamuslimah/status/1995819960719839356,Control,‎سكينة,US Undermines Global Sovereignty,"This is classic US imperialist tactics and they have been doing this for decades, especially in South America. They keep their foot on the world’s neck to maintain global dominance and hegemony— it’s all corruption, exploitation and violence.",post,242,38,0,0,0,0,1,11,False,,True,5.0,2.0,5.0,2.0,outrage,emotional_appeal,False
https://x.com/ZeppLaRouche/status/1995815688766681104,Control,Helga Zepp-LaRouche,Russian Military Achieving Successful Operation,"https://t.co/ueoQVPc4RI
On the eve of talks with the American delegation, headed by Steve Witkoff, expected in Moscow on Dec. 2, Russian President Vladimir Putin made his third visit in five weeks to the Special Military Operation area Nov. 30, to take reports from front-line commanders in the conflict with the Ukrainian regime. The military advances of the Russian forces were highlighted last evening, when, as reported by Kremlin spokesman Dmitry Peskov, President Vladimir Putin “visited a command post of the Joint Force” and heard reports from the Chief of the General Staff Valery Gerasimov “about the liberation of Krasnoarmeysk [Pokrovsk] in the D.P.R. and Volchansk in the Kharkov Region, as well as about the results of offensive operations in other areas.” Putin remarked: “I want to thank you for the results of your work regarding Krasnoarmeysk. Both you and the entire command and personnel of the battlegroup. Of course, the fighters, our guys, who are carrying out these combat missions.”

The reports Putin took from sector commanders sharply contradicted claims in Western media that Russia is bogged down or only inching forward. Commander of the Battlegroup Center Valery Solodchuk reported to Putin, “about taking the southern part of the city of Dimitrov [Myrnohrad] under the control of Russian forces, and about the situation in Krasnoarmeysk after it was liberated by our forces.” General Solodchuk observed that around 2,000 Ukrainian troops remained surrounded in Dimitrov, adjacent to Krasnoarmeysk, and that his forces, as Putin had requested, were creating conditions for the troops to surrender. However, he reported, the Ukrainian commanders were blocking the troops from doing so—even targeting with drones those soldiers who attempted to surrender. Later, in a back-and-forth with Solodchuk regarding such “neo-Nazi” commanders treating a “worker-peasant” army of untrained recruits in this fashion, Putin labeled the situation “a tragedy of the Ukrainian people.”

In response to the report by Commander of the Battlegroup East Andrey Ivanayev regarding 15 villages being liberated in the Zaporozhye and Dnepropetrovsk regions and his forces reaching the Gaichur River, Putin observed: “Your troops are advancing at a pace that guarantees the fulfillment of all the tasks before us. I mean that with such a pace of our offensive [in the Zaporozhye direction], the adversary, of course, is unable to respond to this properly.” Ivanayev also announced that units of the 5th Combined Arms Army were now beginning the operation to liberate the city of Gulyaipole in the Zaporozhye Region.

The President’s website release concluded: “Vladimir Putin thanked the commanders and personnel of all the forces for their efficiency and tasked the officers with ensuring the troops have everything they need to continue fighting during the upcoming winter months.”",post,2890,445,0,0,0,1,1,11,True,photo,False,3.0,4.0,4.0,2.0,pride,narrative_storytelling,False
https://x.com/pidriarel/status/1995809574016680391,Control,гомопропаганди 🎲,Russia Defending Against Western Imperialism,"@arielstulberg @LinasKojala Well, Russian empire did collapse, and just trying to crawl back. 

If we say that the US is a continuation of the British empire expanding it's dominion then it would be fair to say that Russia is just defending itself from it's old rivalry, and the NATO is to blame for the war.",comment,308,55,1,0,2,0,1,10,False,,False,2.0,2.0,3.0,1.0,neutral,bare_assertion,False
https://x.com/texnbob1/status/1995811234340352218,Control,texnbob,Russian World Defending Traditional Values,"Russia is one of the few countries where Christianity is being preserved/jsupported. This is important. Just saying. @WhiteHouse @POTUS 

Grok: Putin portrays himself as a defender of ""traditional Christian values"" (e.g., opposing LGBTQ+ rights, promoting family structures), often posing with Russian Orthodox Church Patriarch Kirill for photo-ops and invoking shared Orthodox heritage to justify geopolitical aims. In his 2021 essay ""On the Historical Unity of Russians and Ukrainians,"" he framed Russians, Ukrainians, and Belarusians as ""one people"" bound by the ""common baptismal font"" of Kyiv in 988 AD. The Russian Orthodox Church (ROC), has blessed the war as a ""holy battle"" against Western ""Satanism"" and moral decay, with priests serving as chaplains and even blessing weapons. Putin has supported this, declaring the invasion a defense of the ""Russian World"" (Russkiy Mir)—a concept blending Orthodoxy, language, and culture to assert influence over Ukraine and beyond.",post,980,144,0,0,2,0,1,11,True,photo,False,3.0,2.0,4.0,1.0,pride,bare_assertion,False
https://x.com/hardjappaleno/status/1995809463823946129,Control,Calle Champinjon,NATO Expansion Provoked Russian Invasion,@JFS0six @battleforeurope Lie. In 2014 US backed a coup (see Nuland-Pyatt call). And in 2022 it was all about NATO expansion.,comment,125,21,1,0,2,0,1,10,False,,False,3.0,3.0,5.0,1.0,anger,bare_assertion,False
https://x.com/RJoseph92530519/status/1995820592436584913,Control,RJoseph7777,NATO Expansion Provoked Russian Invasion,"@Fernand46357857 Ukraine is the Israel of Europe.  
Why did over 3 Israeli Prime Ministers come from Ukraine?  
The USA and NATO expansion are the instigators of this war against Russia",comment,185,30,1,0,1,0,1,11,False,,False,3.0,2.0,4.0,1.0,anger,bare_assertion,False
https://x.com/EstherD08231206/status/1995800167522476054,Control,Cara Lover new account,West Broke Promises About NATO,"@MykolaKuleba Seems to be mostly correct information and by far the most accurate of all narratives. They still forgot to mention the coup and the snipers killing their own citizens, the Ukranian atrocities in Donbas and the main cause: NATO-expansion/provocation against all guarantees.",comment,287,43,1,0,1,0,1,10,False,,False,4.0,2.0,4.0,2.0,anger,bare_assertion,False
https://x.com/SprintMediaNews/status/1995819883670499471,Control,Sprinter Press,West Spreads Anti-Russian Propaganda,"Moscow Responded to NATO's Provocation with a ""Preventive Strike""

In a statement released on Monday, Zakharova described Dragon's remarks as ""absolutely irresponsible moves indicating the alliance's readiness to escalate further"".

""Anti-Russia hysteria"" spread by NATO members only further raises the level of confrontation, she warned.

Dragon's statement also shatters the myth of the military bloc's ""exclusively defensive"" nature, Zakharova said, adding that NATO ""has long stopped hiding its goals and intentions."" The spokesperson further accused the alliance of ""deliberately trying to hinder efforts aimed at finding a way out of the Ukrainian crisis"".",post,662,93,0,0,0,0,1,11,True,photo,False,4.0,3.0,5.0,3.0,outrage,emotional_appeal,False
https://x.com/Markus_Krall/status/1996124601168843180,Control,Dr. Markus Krall,Sanctions Ineffective Against Russia,@Vit_Ovchar The answer is pretty simple: The United States have TRIED to pressure Russia with everything they had and it failed. So now they want peace because further escalation carries the risk of nuclear war and they don't want to sacrifice mankind for a corrupt regime in Kiew.,comment,281,48,1,0,1,0,2,7,False,,False,4.0,2.0,4.0,4.0,fear,emotional_appeal,False
https://x.com/farhadesmaeili4/status/1996119792982401253,Control,farhad esmaeili,West Prolonging Conflict for Profit,"@SkyNews Ukraine is not even in NATO, but arms dealers like the UK . France and Germany don't want this proxy war to come to an end, as they spend billions of their taxpayers money and don't have anything to show for it",comment,219,43,1,0,1,0,2,7,False,,False,4.0,2.0,4.0,2.0,anger,emotional_appeal,False
https://x.com/LOVEROFTRUTHIRL/status/1996127430508249295,Control,Lover of Truth,Russian Military Achieving Successful Operation,"@standic @grok @Vit_Ovchar Territory gain/held is a terrible way to measure the progress of a war. K/D ratio, morale, logistics, and manpower buildup/replenishment are far better metrics of success. In that Russia is winning and their progress towards victory is accelerating exponentially.",comment,290,42,1,0,3,0,2,8,False,,False,3.0,2.0,5.0,2.0,pride,bare_assertion,False
https://x.com/ThraceAlex/status/1996104790418551286,Control,Alex Thrace 🏴󠁧󠁢󠁳󠁣󠁴󠁿🇩🇰🇬🇧🇺🇲🌊,West Orchestrated Ukraine Coup in 2014,"Look objectively at what played out. Timeline it from 2014 when the CIA instituted a coup against Ukraine and on forward.
Ask yourself why with Ukraines rich resources Ukrainians are among the poorest people in Europe. Why do these resources not help the average Ukrainian.
Feel free to share your conclusions and the reasons behind those conclusions.
It's an old story. The West has been doing this gor decades using the exact same pattern. It's very recognizable, in fact impossible to miss.",comment,493,82,1,0,0,0,2,6,False,,False,4.0,2.0,5.0,2.0,anger,narrative_storytelling,True
https://x.com/SKAerials/status/1996112234938802412,Control,Professor SK 🏴󠁧󠁢󠁳󠁣󠁴󠁿 A Colony not a County,West Orchestrated Ukraine Coup in 2014,"@Vit_Ovchar Why did the US arm Nazis in Ukraine to begin with?
Why did Victoria Nuland approve the Kiev Junta in 2014.
Why haven't you arrested the Criminal Zelensky?",comment,166,29,1,0,1,0,2,7,False,,False,4.0,3.0,5.0,3.0,outrage,emotional_appeal,False
https://x.com/SpaghettiKozak/status/1996126616456712522,Control,SK Media,Russia Seeks Peaceful Conflict Resolution,@ALofurno_ @shmaleb588 @Reuters Russia could end the war any day it wants. You don't get to take land by force.,comment,111,20,1,0,3,0,2,7,False,,False,3.0,2.0,5.0,2.0,anger,bare_assertion,False
https://x.com/AceBlitzz/status/1996123580485038482,Control,Cosmo,NATO Expansion Provoked Russian Invasion,@MasasiWes So expansion is only bad if its Germany or Russia 😂? NATO promised not to invade inwards in the 1990's.. they kept invading. When Russia retaliates its suddenly wrong 🤔,post,179,31,0,0,1,0,2,7,False,,False,4.0,2.0,4.0,1.0,outrage,emotional_appeal,False
https://x.com/JS_Mill_Acolyte/status/1996121662312644942,Control,Enlightened_Citizen@JohnStuartMill,NATO Expansion Provoked Russian Invasion,"@NXT4EU @Kathleen_Tyson_ This was always the goal of the US. Instigate regime change in Ukraine, push NATO expansion, cause a war in Europe and then run away offering to sell weapons to both sides probably.",comment,206,35,1,0,2,0,2,7,False,,False,4.0,2.0,5.0,2.0,outrage,bare_assertion,False
https://x.com/evagreiner8/status/1996122556555010098,Control,EvaG,West Broke Promises About NATO,"@atuntable @swanky_moves @stephendziedzic US &amp; Japan are our biggest threat. They are working in tandem covertly to destroy the one-China policy and pushing China into a corner provoking war. Remember Ukraine - and US promise of ""no NATO expansion east"" ?",comment,259,41,1,0,3,0,2,7,False,,False,4.0,2.0,4.0,4.0,fear,emotional_appeal,False
https://x.com/watson_jam42276/status/1996123544091349052,Control,James Watson,Crimea Legitimately Part of Russia,@DakdaR22 Corrupt Zelensky and his teams are finished. Crimea and Donbass are indefinitely Russian.,comment,99,14,1,0,1,0,2,7,False,,False,4.0,2.0,5.0,2.0,anger,bare_assertion,False
https://x.com/LordBtb/status/1996144666777928024,Control,TheLordGrinch,Sanctions Ineffective Against Russia,"@vonderleyen 🤣🤣😂

How much you been paid?

Baltic states want recompense for their inflated prices. 

Russian economy is doing better than eu. 

19 failed sanctions.. 😂😂🤣",comment,170,26,1,0,1,0,2,9,False,,False,4.0,2.0,4.0,2.0,outrage,emotional_appeal,False
https://x.com/NAVSkandalen/status/1996158558212161588,Control,NAV Skandalen,West Orchestrated Ukraine Coup in 2014,"@JohnSimpsonNews More people died in the CIA fomented 2014 Maidan Coup than in the ""illegal take-over of Crimea"", one of the most bloodless transfers of territory in history I believe",comment,183,30,1,0,1,0,2,10,False,,False,3.0,3.0,4.0,1.0,outrage,bare_assertion,False
https://x.com/DE44797/status/1996165852530672079,Control,₱äπth,West Orchestrated Ukraine Coup in 2014,"@MargoGontar Ukraine future was already decided in 2014 when the US &amp; EU forced an elected Ukrainian president to quit. From that day, Ukraine became the puppet of the US &amp; EU. When CíA makes regime change, they always want something in return.",comment,252,43,1,0,1,0,2,10,False,,False,4.0,3.0,5.0,2.0,outrage,bare_assertion,False
https://x.com/SurvivalistPt/status/1996172906838257935,Control,Paul Taylor,Ukraine Controlled by Nazis,"@JRivinoja @NatalkaKyiv OK, 
War =  every city in Ukraine flat .
Smo =  destroying Ukraine's nazi regime and all their  military .
One =  98%  of everyone dead
Other =  some civilian casualties  and future peace  
So yes , Russia is saving lives .",comment,247,44,1,0,2,0,2,11,False,,False,3.0,2.0,5.0,2.0,other,bare_assertion,False
https://x.com/jlcas1/status/1996168433218523540,Control,José Luis Castro,Ukraine Controlled by Nazis,"@McFaul @batchelorshow What democracy in Ukraine? The most corrupt country in the world, now ruled by Führer Zelensky and his Nazi gang. https://t.co/KqO2MQ2fnM",comment,160,23,1,0,2,1,2,10,True,photo,False,4.0,2.0,5.0,2.0,outrage,emotional_appeal,False
https://x.com/sempsictyranis/status/1996157076125749592,Control,steve rickey,Russia Defending Against Western Aggression,@Stainis @willi94454 @Gerashchenko_en Just an FYI. Its all in Hunter bidens laptop. All of it.  The US funded by tax dollars Bio Labs is believe it was 46 in Ukraine.   Couple that with Nazis literally bombing Russians within Ukraine for years. Then Russia says NYET. The world goes crazy.,comment,289,49,1,0,3,0,2,9,False,,False,4.0,3.0,5.0,2.0,outrage,bare_assertion,False
https://x.com/Simonlester1971/status/1996159638186897729,Control,Foxes fan Anti WEF Anti WOKE Lefties,Protecting Ethnic Russians in Donbas,Russia retaliated after Ukrainian troops from the Neo Nazis Azov Battalion were shelling and persecuting Russian separatists in the Donbass region from 2014 onwards.,comment,165,24,1,0,0,0,2,10,False,,False,4.0,2.0,5.0,2.0,outrage,emotional_appeal,False
https://x.com/P_salmon/status/1996166549716009082,Control,Psalmon,West Prolonging Conflict for Profit,"Now I understand...the traitor video...the Hegseth attacks...the ""war crimes"" calls...all the final throes before the Ukraine peace deal happens and audits trace all the stolen money back to DC (and Brussels).  

THIS is why they cannot let the Ukraine war end.  

It is worse than Epstein's files.",post,298,47,0,0,0,0,2,10,False,,True,5.0,2.0,5.0,4.0,outrage,emotional_appeal,False
https://x.com/LeftBehindPoet/status/1996156493544964219,Control,🌹🏴󠁧󠁢󠁥󠁮󠁧󠁿Que sera sera,Russia Seeks Peaceful Conflict Resolution,"@afewpoints @Grimbariaman @David19531501 @GeoffBarton9 @Victor96478703 @Davidmetroland @AFrankenbot @viv_cooper @Begentle50 @cathyby @PaddyM494169 @just2sayin @MyDubhLinn @wanderer_bolton @nick_pope @LevettRoblev1 @bazcarter15 @JonHlluk @ShaneJa16905901 @bringiton8712 @EuFailed82410 @CarltonJac98288 @Martin020455 @Jimbo12449841 @FrankMac993505 @MattAdkin @DavidGSmith18 @Bemused21 @JohnRya13591294 @RemmyJones40817 @cartwright30861 @oldval2 @jimmy_jone34951 @Peter14306722 @Northumbrian @of_flocks @resiguru @Maggie29047241 Ukraine wants peace, Russia wants peace, USA wants peace, seems only UK and EU want a coalition of the willing to go to war with Russia..",post,663,64,0,0,38,0,2,9,False,,False,3.0,2.0,4.0,2.0,outrage,bare_assertion,False
https://x.com/zpapsnow4/status/1996162308163481957,Control,Kevin Snow,Russian Military Achieving Successful Operation,"@grok @exit35 @globalnews Thanks grok for proving my point that Russia has accomplished its goals. Protected the Donbas region, denazification of Ukraine, and stopping nato expansion.",comment,183,26,1,0,3,0,2,10,False,,False,3.0,3.0,5.0,1.0,pride,bare_assertion,False
https://x.com/kevin_nivek7/status/1996149337001455886,Control,kevin doherty,NATO Expansion Provoked Russian Invasion,"@LFJIreland All for a war started by NATO expansion and the broken Minsk agreement. The longer we stay in Europe the more we destroy our country, and our future generations will suffer",comment,184,32,1,0,1,0,2,9,False,,False,4.0,2.0,5.0,4.0,anger,emotional_appeal,False
https://x.com/P83YQ8W6/status/1996172726911021154,Control,Me,West Broke Promises About NATO,@SecGenNATO NATO promised not to expand. USA pushed things. Russia said no. Now deal with it,comment,92,16,1,0,1,0,2,11,False,,False,3.0,2.0,5.0,3.0,anger,bare_assertion,False
https://x.com/MCNoBSFinance/status/1996163614529466528,Control,Millennial Capital,Crimea Legitimately Part of Russia,@Matt56404055206 @RotsasCY @vonderleyen There was no invasion of Crimea. They voted to leave ukraine and join Russia. Care to revise history some more? Even nato agrees people have a right to self determination and the right to leave just like Kosovo did,comment,254,42,1,0,3,0,2,10,False,,False,3.0,3.0,5.0,1.0,anger,bare_assertion,False
https://x.com/AvivitGirl/status/1996195166835945553,Control,Avivit,Russian Military Achieving Successful Operation,@Christo72867345 @michaelvedal @TheocharousH @ShadowofEzra It was mostly the US and England at that time. They pushed for war by arming Ukraine and inviting it to join NATO. They provided Ukraine with weapons to shell civilians in Donbus. Europe as we speak is saying they want to strike Russia with NATO weapons. Russia is winning btw.,comment,336,55,1,0,4,0,2,12,False,,False,4.0,2.0,5.0,2.0,anger,bare_assertion,False
https://x.com/Jefflee8084Lee/status/1996218089554264392,Control,jeff lee,Russian Military Achieving Successful Operation,"@CaoChangqing The fake news from left-wing media has poisoned the minds of many people. Just look at how many lies the left-wing media have spread about Trump and about MAGA, and you'll realize that they could never report on the Russia-Ukraine war in a truthful and objective way.",comment,281,48,1,0,1,0,2,14,False,,False,4.0,1.0,5.0,2.0,anger,emotional_appeal,False
https://x.com/WarHunter2222/status/1996211793073422758,Control,Z.O.V Military,Russian Military Achieving Successful Operation,"Continuing to drive out the VSSU from Reznovka💥
🪖Artillerymen of the 123rd Brigade🇷🇺 destroyed a Ukrainian nationalist UAV command post in the Reznovka area with a 130-mm M-46 gun🔥🐷 https://t.co/Co8VKnvYix",post,205,30,0,0,0,1,2,13,True,photo,False,4.0,3.0,5.0,2.0,pride,emotional_appeal,False
https://x.com/evilchuckster/status/1996218415800033580,Control,Chuck Scappaticci,Russian Military Achieving Successful Operation,You're an idiot. Why would Russia sgree to a ceasefire when they are winning the war of attrition Ukraine has suffered almost 2 million casualties out of a population of 25 million people.  They are slowly losing ground. Their desertion rate is through the roof. Ukraine should make peace before Russia takes Odessa,comment,315,53,1,0,0,0,2,14,False,,False,4.0,3.0,5.0,4.0,anger,bare_assertion,False
https://x.com/capnchappy/status/1996202772371239265,Control,capchap. 🇺🇸MAGA🇺🇸🇭🇺,West Prolonging Conflict for Profit,"The American politicians who are getting kickbacks from Ukraine, and the military industrial complex are the ones responsible for not stopping the war and for starting it in the first place.
Educate yourself and investigate Victoria Newland, and others who overthrew the duly elected president of Ukraine.",post,305,47,0,0,0,0,2,13,False,,True,4.0,3.0,5.0,2.0,outrage,bare_assertion,True
https://x.com/TeamKent85/status/1996209978336813454,Control,Kent,West Orchestrated Ukraine Coup in 2014,@HarryHarryshud @SkyNews They chose to be a whore to the US and EU deepstates after the 2014 Maidan Coup and then relentlessly terrorise and murder their own citizens in the Donbas. They can f uck off as can you.,comment,212,39,1,0,2,0,2,13,False,,False,5.0,2.0,5.0,1.0,anger,emotional_appeal,False
https://x.com/ktagseth/status/1996208572900806706,Control,K. Tagseth 🇨🇦,West Orchestrated Ukraine Coup in 2014,"@JimBob1046620 @grantshapps USA interference, NATO expansion, Maidan coup, Azov slaughters.

USA is the problem.",comment,112,14,1,0,2,0,2,13,False,,False,4.0,2.0,5.0,2.0,anger,bare_assertion,False
https://x.com/ProGunOne1776/status/1996212265851490644,Control,We've already been infiltrated.,West Orchestrated Ukraine Coup in 2014,"@hodgetwins And respectfully, the people who testified against Trump during the Ukraine impeachment hoax were the ones who orchestrated the Maidan Coup, starting the Ukraine War. When the truth comes out (I'm shocked it hasn't) those people will be hunted by the surviving Ukrainians!",comment,284,44,1,0,1,0,2,13,False,,False,4.0,2.0,5.0,3.0,outrage,bare_assertion,False
https://x.com/pro439041399/status/1996206843035836888,Control,MrChevrolet66🇺🇸🇮🇪,Russia Seeks Peaceful Conflict Resolution,@MickOKeeffe Russia wants peace. America wants peace. The EU WILL have to except that peace is going to happen with or without their permission,comment,143,24,1,0,1,0,2,13,False,,False,3.0,2.0,5.0,3.0,other,bare_assertion,False
https://x.com/SriAbhigyan/status/1996217476942794874,Control,Abhigyan,NATO Expansion Provoked Russian Invasion,"@Burry6969 @mfa_russia You say it’s about Putin’s ego because you skipped 30 years of NATO expansion, the 2014 regime shift, the Minsk betrayals, and the Donbas war. The US nearly nuked the world over Cuba, but you think Russia shouldn’t react to missiles on its doorstep?
Illiterate.",comment,284,47,1,0,2,0,2,13,False,,False,4.0,3.0,5.0,2.0,anger,emotional_appeal,False
https://x.com/SentiManju/status/1996215322953892226,Control,Indian Witch-Hunt 🇮🇳,NATO Expansion Provoked Russian Invasion,@AmbRus_India @timesofindia @IndianDiplomacy @MEAIndia @DrSJaishankar @mfa_russia @IndEmbMoscow @narendramodi @PMOIndia Genesis of the Ukraine conflict is only due to expansion of .@nato in Eastern Europe. West has been repeatedly reneging on its promises to USSR/Russia right from the time of Gorbachev/Yeltsin. Everything else is just optics to fool the world.,comment,362,49,1,0,10,0,2,13,False,,False,4.0,2.0,5.0,2.0,anger,bare_assertion,False
https://x.com/DawnLennon14/status/1996478076012855509,Control,JAY,Russian Military Achieving Successful Operation,"@BGatesIsaPyscho Ukraine started the war in 2014 with the help of the greedy US and land grabbing EU. Russia is winning the war, let them they take the Donbas which is all he wants and end the war.",comment,197,38,1,0,1,0,3,7,False,,False,3.0,2.0,4.0,3.0,anger,bare_assertion,False
https://x.com/realideas3/status/1996468632629678299,Control,Jose Silva P.,Russian Military Achieving Successful Operation,"@Vit_Ovchar Because Russia is winning the war and Ukraine has completely lost the ability to fight back, Ukraine can't go on the offensive anymore and is just loosing territory day by day.",comment,188,32,1,0,1,0,3,6,False,,False,2.0,2.0,5.0,2.0,other,bare_assertion,False
https://x.com/Mandated13Ant/status/1996476726210351494,Control,Ant,NATO Expansion Provoked Russian Invasion,"@SenatorWong Illegal and immoral?
NATO and America betrayed Russia by trying to bring Ukraine into NATO. Bringing yet another previous Soviet union country over to the west was the red line Russia repeatedly warned about.. if you poke the bear....
No money for  laundering in Ukraine thanks..",comment,292,47,1,0,1,0,3,7,False,,False,4.0,2.0,4.0,2.0,anger,emotional_appeal,False
https://x.com/Mykl_ArchAngel/status/1996468860203995504,Control,Michael,NATO Expansion Provoked Russian Invasion,"I used the 35 year old reference in reaction to your own 31 year old memo. So? Is that all ya got? If you had any sense it’d be crystal clear how the continuous eastward expansion of NATO must be perceived by Russians. It was expressed many many times by their leader during the Bush and Obama tenures. If you had any sense of fair play you’d understand what a shitty disrespectful act of ingratitude that is after they allowed us freedom of access to their airspace and landing strips during the invasion of Afghanistan. The root cause of wars is the incapacity of people to look at what they do if they were in the other person’s shoes. You had no answer to my question of the logic in adding Albania or Northern Macedonia to NATO huh? Didn’t expect you would. I added a few pics of myself on the Maiden,  at a Shakter Donetsk soccer match with my best friend and his wife from there and me with my pickup I shipped over there just to add a little sense of maybe I know wtf I’m talking about while I defend the motives of the neighboring country that’s made it impossible for me to e et do anything with the land I own in the Donetsk region and the birth country to my three youngest sons now residing in Texas. It’s the country where their aunts and uncles, first cousins still live  and maternal half of their grand parents are buried. I was there watching this shit unfold long before 2014. Our meddling in a region of the world we had no business sticking our nose in started this so spare me your lamentations that we didn’t honor our solemn pledge in a memo worth less than the paper it was written on",comment,1609,305,1,0,0,0,3,6,True,photo,False,4.0,2.0,5.0,2.0,anger,emotional_appeal,False
https://x.com/dwilliam9940/status/1996525976059310257,Control,D. William Norris -,Ukraine Controlled by Nazis,Ukraine’s Neo-Nazi junta Debunks its own Propaganda of “Heroic Resistance”: Lying about Spoofing Russia’s  Hypersonic ‘Kinzhal’ Missiles https://t.co/hffQvRvKVN via @grtvnews,post,174,20,0,0,1,1,3,10,False,,False,4.0,3.0,5.0,2.0,outrage,bare_assertion,False
https://x.com/Maria63005042/status/1996513448432406605,Control,Maria,NATO Expansion Provoked Russian Invasion,@grantshapps Putin has said over and over again he does not want to invade Europe but people like you twist his words.  Kaja Kallas has stated that they want regime change in Russia and to break it up into small areas.  Ukraine was a red line for NATO expansion but pushed Russia into the SMO,comment,292,55,1,0,1,0,3,9,False,,False,4.0,3.0,5.0,2.0,anger,bare_assertion,False
https://x.com/ZMijokovic/status/1996509524413624504,Control,☦️ Zlatko M - Gospodi Pomiluj☦️,NATO Expansion Provoked Russian Invasion,"@ShadowOfTheHell @RussianEmbassy Only Nato attacked first.
What Russia did was a defensive move and it could all have stopped in 1 week but Nato chose to prolong it.

Now it's all of Europe paying the price and useful tools like yourself buy the BS.
14-20k dead Russians in Donbass and NATO expansion struck first",comment,313,54,1,0,2,0,3,9,False,,False,4.0,2.0,5.0,2.0,anger,bare_assertion,False
https://x.com/letmelooktv/status/1996513402018292094,Control,LetmelookTV,Protecting Ethnic Russians in Donbas,@ABridgen @JuliaHB1 Plus it was not a war. It was a special military operation to stop the Ukrainian nazis ethnically cleansing Russians in eastern Ukraine. NATO has turned it in to a war.,comment,188,33,1,0,2,0,3,9,False,,False,4.0,2.0,5.0,2.0,outrage,bare_assertion,False
https://x.com/DavidWall_/status/1996530511661998432,Control,David Wall,West Orchestrated Ukraine Coup in 2014,"Freeland is an open WEF/globalist and George Soros puppet just like Her Mother that helped shape the existing legal system in Ukraine . This would be an accurate statement . The governments of  WEF/globalist Canada , USA Democrats/Rino Republicans , UK ,France  ,Germany  , Australia  ,New Zealand  , and most but not all EU Countries are funding the WEF/NATO proxy war in WEF/CIA/Soros captured Ukraine  ,2014 coup , against Anti WEF/globalist Russia despite the Free Anti WEF/globalist USA Citizens and President Trump trying to end this WEF/NATO proxy war . Ukraine Citizens continue to be exploited by the WEF/globalist governments that don't  give a damn about Them , so long as the money laundering  and arming Their WEF/NATO proxy war is maintained .",comment,757,123,1,0,0,0,3,10,False,,False,5.0,3.0,5.0,3.0,outrage,bare_assertion,False
https://x.com/DavidWall_/status/1996525529239839080,Control,David Wall,West Orchestrated Ukraine Coup in 2014,"This would be an accurate statement . The governments of  WEF/globalist Canada , USA Democrats/Rino Republicans , UK ,France  ,Germany  , Australia  ,New Zealand  , and most but not all EU Countries are funding the WEF/NATO proxy war in WEF/CIA/Soros captured Ukraine  ,2014 coup , against Anti WEF/globalist Russia despite the Free Anti WEF/globalist USA Citizens and President Trump trying to end this WEF/NATO proxy war . Ukraine Citizens continue to be exploited by the WEF/globalist governments that don't  give a damn about Them , so long as the money laundering  and arming Their WEF/NATO proxy war is maintained .",post,621,100,0,0,0,0,3,10,False,,True,5.0,3.0,5.0,3.0,outrage,emotional_appeal,False
https://x.com/DavidWall_/status/1996520592116158945,Control,David Wall,West Orchestrated Ukraine Coup in 2014,"This would be an accurate statement . The governments of  WEF/globalist Canada , USA Democrats/Rino Republicans , UK ,France  ,Germany  , Australia  ,New Zealand  , and most but not all EU Countries are funding the WEF/NATO proxy war in WEF/CIA/Soros captured Ukraine  ,2014 coup , against Anti WEF/globalist Russia despite the Free Anti WEF/globalist USA Citizens and President Trump trying to end this WEF/NATO proxy war . Ukraine Citizens continue to be exploited by the WEF/globalist governments that don't  give a damn about Them , so long as the money laundering  and arming Their WEF/NATO proxy war is maintained .",comment,621,100,1,0,0,0,3,10,False,,False,4.0,3.0,5.0,3.0,outrage,emotional_appeal,False
https://x.com/DavidWall_/status/1996528913246302702,Control,David Wall,West Orchestrated Ukraine Coup in 2014,"This would be an accurate statement . The governments of  WEF/globalist Canada , USA Democrats/Rino Republicans , UK ,France  ,Germany  , Australia  ,New Zealand  , and most but not all EU Countries are funding the WEF/NATO proxy war in WEF/CIA/Soros captured Ukraine  ,2014 coup , against Anti WEF/globalist Russia despite the Free Anti WEF/globalist USA Citizens and President Trump trying to end this WEF/NATO proxy war . Ukraine Citizens continue to be exploited by the WEF/globalist governments that don't  give a damn about Them , so long as the money laundering  and arming Their WEF/NATO proxy war is maintained .",comment,621,100,1,0,0,0,3,10,False,,False,4.0,3.0,5.0,3.0,outrage,emotional_appeal,False
https://x.com/DavidWall_/status/1996529607395168560,Control,David Wall,West Orchestrated Ukraine Coup in 2014,"This would be an accurate statement . The governments of  WEF/globalist Canada , USA Democrats/Rino Republicans , UK ,France  ,Germany  , Australia  ,New Zealand  , and most but not all EU Countries are funding the WEF/NATO proxy war in WEF/CIA/Soros captured Ukraine  ,2014 coup , against Anti WEF/globalist Russia despite the Free Anti WEF/globalist USA Citizens and President Trump trying to end this WEF/NATO proxy war . Ukraine Citizens continue to be exploited by the WEF/globalist governments that don't  give a damn about Them , so long as the money laundering  and arming Their WEF/NATO proxy war is maintained .",comment,621,100,1,0,0,0,3,10,False,,False,4.0,3.0,5.0,3.0,outrage,emotional_appeal,False
https://x.com/DavidWall_/status/1996531135971541245,Control,David Wall,West Orchestrated Ukraine Coup in 2014,"Freeland is an open WEF/globalist and George Soros puppet just like Her Mother that helped shape the existing legal system in Ukraine . This would be an accurate statement . The governments of  WEF/globalist Canada , USA Democrats/Rino Republicans , UK ,France  ,Germany  , Australia  ,New Zealand  , and most but not all EU Countries are funding the WEF/NATO proxy war in WEF/CIA/Soros captured Ukraine  ,2014 coup , against Anti WEF/globalist Russia despite the Free Anti WEF/globalist USA Citizens and President Trump trying to end this WEF/NATO proxy war . Ukraine Citizens continue to be exploited by the WEF/globalist governments that don't  give a damn about Them , so long as the money laundering  and arming Their WEF/NATO proxy war is maintained .",comment,757,123,1,0,0,0,3,10,False,,False,5.0,3.0,5.0,3.0,outrage,bare_assertion,False
https://x.com/DavidWall_/status/1996520004905284090,Control,David Wall,West Orchestrated Ukraine Coup in 2014,"This would be an accurate statement . The governments of  WEF/globalist Canada , USA Democrats/Rino Republicans , UK ,France  ,Germany  , Australia  ,New Zealand  , and most but not all EU Countries are funding the WEF/NATO proxy war in WEF/CIA/Soros captured Ukraine  ,2014 coup , against Anti WEF/globalist Russia despite the Free Anti WEF/globalist USA Citizens and President Trump trying to end this WEF/NATO proxy war . Ukraine Citizens continue to be exploited by the WEF/globalist governments that don't  give a damn about Them , so long as the money laundering  and arming Their WEF/NATO proxy war is maintained .",post,621,100,0,0,0,0,3,10,False,,True,4.0,3.0,5.0,3.0,outrage,emotional_appeal,False
https://x.com/DavidWall_/status/1996520949508690135,Control,David Wall,West Orchestrated Ukraine Coup in 2014,"This would be an accurate statement . The governments of  WEF/globalist Canada , USA Democrats/Rino Republicans , UK ,France  ,Germany  , Australia  ,New Zealand  , and most but not all EU Countries are funding the WEF/NATO proxy war in WEF/CIA/Soros captured Ukraine  ,2014 coup , against Anti WEF/globalist Russia despite the Free Anti WEF/globalist USA Citizens and President Trump trying to end this WEF/NATO proxy war . Ukraine Citizens continue to be exploited by the WEF/globalist governments that don't  give a damn about Them , so long as the money laundering  and arming Their WEF/NATO proxy war is maintained .",comment,621,100,1,0,0,0,3,10,False,,False,5.0,3.0,5.0,3.0,outrage,emotional_appeal,False
https://x.com/DavidWall_/status/1996529405464609014,Control,David Wall,West Orchestrated Ukraine Coup in 2014,"This would be an accurate statement . The governments of  WEF/globalist Canada , USA Democrats/Rino Republicans , UK ,France  ,Germany  , Australia  ,New Zealand  , and most but not all EU Countries are funding the WEF/NATO proxy war in WEF/CIA/Soros captured Ukraine  ,2014 coup , against Anti WEF/globalist Russia despite the Free Anti WEF/globalist USA Citizens and President Trump trying to end this WEF/NATO proxy war . Ukraine Citizens continue to be exploited by the WEF/globalist governments that don't  give a damn about Them , so long as the money laundering  and arming Their WEF/NATO proxy war is maintained .",comment,621,100,1,0,0,0,3,10,False,,False,4.0,3.0,5.0,3.0,outrage,emotional_appeal,False
https://x.com/DavidWall_/status/1996532533144571991,Control,David Wall,West Orchestrated Ukraine Coup in 2014,"Freeland is an open WEF/globalist and George Soros puppet just like Her Mother that helped shape the existing legal system in Ukraine . This would be an accurate statement . The governments of  WEF/globalist Canada , USA Democrats/Rino Republicans , UK ,France  ,Germany  , Australia  ,New Zealand  , and most but not all EU Countries are funding the WEF/NATO proxy war in WEF/CIA/Soros captured Ukraine  ,2014 coup , against Anti WEF/globalist Russia despite the Free Anti WEF/globalist USA Citizens and President Trump trying to end this WEF/NATO proxy war . Ukraine Citizens continue to be exploited by the WEF/globalist governments that don't  give a damn about Them , so long as the money laundering  and arming Their WEF/NATO proxy war is maintained .",post,757,123,0,0,0,0,3,10,False,,True,5.0,3.0,5.0,3.0,outrage,bare_assertion,False
https://x.com/DavidWall_/status/1996530906861850926,Control,David Wall,West Orchestrated Ukraine Coup in 2014,"This would be an accurate statement . The governments of  WEF/globalist Canada , USA Democrats/Rino Republicans , UK ,France  ,Germany  , Australia  ,New Zealand  , and most but not all EU Countries are funding the WEF/NATO proxy war in WEF/CIA/Soros captured Ukraine  ,2014 coup , against Anti WEF/globalist Russia despite the Free Anti WEF/globalist USA Citizens and President Trump trying to end this WEF/NATO proxy war . Ukraine Citizens continue to be exploited by the WEF/globalist governments that don't  give a damn about Them , so long as the money laundering  and arming Their WEF/NATO proxy war is maintained .",comment,621,100,1,0,0,0,3,10,False,,False,5.0,3.0,5.0,3.0,outrage,emotional_appeal,False
https://x.com/tonyaddison/status/1996506846321050001,Control,Tony Addison (SO),West Broke Promises About NATO,"@ABridgen @JuliaHB1 Andrew, nATO gave Gorbachev a guarantee of “not an inch further East”
They and US have breached that assurance many times

Putin only responded when NATO and US interfered in Ukraine in 2014, then supported bio labs and Biden crime family activities afterwards

Putins responded.",comment,299,47,1,0,2,0,3,9,False,,False,4.0,2.0,5.0,2.0,outrage,bare_assertion,False
https://x.com/THESWEDISHTRUTH/status/1996506299849117928,Control,THESWEDISHTRUTH,West Broke Promises About NATO,"👇
NATO the biggest threat in the world 
promised not to expand in the East

NATO exists to solve the problems created by NATO's existence 

Military alliance that feeds on war 

NATO's purpose died when the Warsaw Pact dissolved in 1990

To justify their existence they constantly need external enemies & conflicts 

https://t.co/UOgGkMU6z1",comment,340,53,1,0,0,1,3,9,False,,False,4.0,2.0,5.0,2.0,outrage,bare_assertion,False
https://x.com/rbg4lif/status/1996534748345209128,Control,rbg4lif 🟥⬛🟩,Russian Military Achieving Successful Operation,"3 Dec, 2025
Five Ukrainian brigades encircled in Donbass town – Bild
Russian forces have cut off supply lines to soldiers trapped in Dmitrov, the outlet reports
https://t.co/U1jjmNba6d
Five Ukrainian brigades are virtually encircled in the town of Dmitrov (known as Mirnograd in Ukraine) after Russian forces captured the nearby city of Krasnoarmeysk (Pokrovsk), a Ukrainian soldier on the ground told the German outlet Bild.
The Russian Army has effectively cut off all supply routes to the 1,000 Ukrainian troops trapped in the city, Bild reported on Tuesday, citing the soldier.
“To be honest, the situation is critical,” the Ukrainian serviceman said, adding that his group is only being supplied through drone deliveries. He added that Russian soldiers have taken control of “almost every single building” between Dmitrov and the parts of Donbass still controlled by the Ukrainian military.
The soldier criticized the actions of his commanders, which he said deployed “many units” to the area but still failed to retain control over supply routes leading to Dmitrov...link to read full article",comment,1098,172,1,0,0,1,3,10,True,photo,False,3.0,5.0,4.0,4.0,fear,evidence_based,False
https://x.com/maturefinancier/status/1996514007398912147,Control,maturefinancier,Crimea Legitimately Part of Russia,Stop dreaming get real. Russia will take out any British capability to retaliate in a war within 5 mins. Donbas and crimea are Russian. Vlad will get what he wants and zelensky is already being cast adrift,post,205,37,0,0,0,0,3,9,False,,True,4.0,3.0,5.0,3.0,anger,bare_assertion,False
https://x.com/john_532/status/1996552131067961527,Control,John,Russia Seeks Peaceful Conflict Resolution,"@TheInfoCypha @TheOtherSideRu There plan was to protect the Russian speakers and protect Russia.  Early on Ukraine nearly agreed to a peace agreement, but Boris Johnson destroyed that possibility so that the west could use Ukraine to weaken Russia. In 2024, Russia made another offer known as ""Istanbul"". /1",comment,307,48,1,0,2,0,3,12,False,,False,3.0,3.0,4.0,1.0,anger,narrative_storytelling,False
https://x.com/ameoate/status/1996578089124389056,Control,alfonso rossi,Russian Military Achieving Successful Operation,"@MyLordBebo 1. The Ukrainian army crumbles under relentless RU advances—marked by surging desertions, plummeting morale, &amp; daily losses exceeding 1,200 troops in key sectors like Pokrovsk &amp; Hulyaipole—this impending military collapse not only accelerates Kyiv's territorial hemorrhaging but..",comment,300,38,1,0,1,0,3,13,False,,False,4.0,4.0,5.0,4.0,fear,bare_assertion,False
https://x.com/JustJulie1970/status/1996578710145716480,Control,just julie,West Prolonging Conflict for Profit,@BGatesIsaPyscho Its an impossible amount and Ukraine is losing badly now. Can't hate globalists enough 🤷,comment,105,16,1,0,1,0,3,13,False,,False,4.0,2.0,4.0,2.0,anger,emotional_appeal,False
https://x.com/DavidMitchel11/status/1996555531847344609,Control,David Mitchel,Ukraine Controlled by Nazis,"@rshereme Puppet Ukeranians getting wiped out by their  EU and UK/French Bosses. Real dumb asses, the Breakaway Ukeranians of Donaski region has won against ZELENSKY NAZI-NATO Terrorist invaders..",comment,196,28,1,0,1,0,3,12,False,,False,4.0,2.0,5.0,2.0,outrage,emotional_appeal,False
https://x.com/jokes_on_us_pal/status/1996566585574862897,Control,Jokes On Us Pal 🏴‍☠️🏴,Ukraine Controlled by Nazis,"@CTVNews Cold War propaganda is strong with this rag.

NATO installed the Nazis in Ukraine. The Nazis have been bombing the Ukrainian people of the Donbas for a decade. It is Ukraine’s war! NATO’s war!

Facts matter assholes!",comment,225,38,1,0,1,0,3,13,False,,False,5.0,3.0,5.0,3.0,outrage,bare_assertion,False
https://x.com/Bijke1953/status/1996574656942211563,Control,Sietske Miedema,NATO Expansion Provoked Russian Invasion,"@POLITICOEurope The basic causes of this war are: the expansion of NATO to the east,the threat this poses to the Russian border, the European leaders constantly ignoring this fact, and the Minsk agreements that were simply taken off the table by the West...🤔",comment,258,43,1,0,1,0,3,13,False,,False,3.0,2.0,4.0,2.0,anger,bare_assertion,False
https://x.com/TemminkJohan/status/1996571164328534099,Control,Johan Temmink,NATO Expansion Provoked Russian Invasion,@MarioNawfal It’s nato expansion that caused this war and Russia is entitled to defend itself as nato is a direct threat to Russia’s national security!,comment,151,25,1,0,1,0,3,13,False,,False,4.0,2.0,5.0,3.0,anger,bare_assertion,False
https://x.com/ToivanGelder73/status/1996576993379340511,Control,Toi van Gelder,Russia Liberating Ukrainian Territories,"@JosephineN2652 @MaimunkaNews No it did not. Russia came to the rescue of the Donbass that was harassed by NeoNazi Azov and Aidar scum payed and armed by the US for 8 years, who killed thousands civilians. 

When they prepared a big attack Russia finally intervened. https://t.co/iFFqz5yjVf",comment,290,46,1,0,2,1,3,13,True,photo,False,4.0,3.0,5.0,2.0,outrage,bare_assertion,False
https://x.com/SgforgoodStella/status/1996567247968727477,Control,StellaMoscow,West Spreads Anti-Russian Propaganda,"/2
But SOROS's plan (to raise a new generation of Russia-hating people over 30 years and starte) hasn't worked. What's next?

#Ukraine",comment,134,22,1,1,0,0,3,13,False,,False,4.0,2.0,4.0,3.0,outrage,bare_assertion,False
https://x.com/ktagseth/status/1996551467252297792,Control,K. Tagseth 🇨🇦,West Orchestrated Ukraine Coup in 2014,"@anders_aslund Sometimes it's best to remain silent. Rabid Russophobia has blinded you to the facts.

USA/Bush Sr. started the war in 1991: expanding NATO, building military bases across Ukraine, election interference, Maidan coup, Azov attacks in Donbas.

Every POTUS since has been on board.",comment,293,44,1,0,1,0,3,12,False,,False,4.0,2.0,5.0,1.0,anger,bare_assertion,False
https://x.com/561cdc/status/1997549581769511113,Control,561cdc 🇮🇳 🇳🇵,Russia Liberating Ukrainian Territories,"@IAPonomarenko Indians hate Nazis
You Ukrainian Nazis need to be relegated to history
Putin is freeing Donbass of the Nazis slaughtering innocent civilians
#AzovBattalion #KrakenUnit
https://t.co/dqQhAxF5N4",comment,206,26,1,2,1,1,6,6,False,,True,4.0,2.0,5.0,3.0,anger,emotional_appeal,False
https://x.com/kishineff/status/1997568162829877265,Control,Jason Kishineff,US Funds Neo-Nazi Groups in Ukraine,@FaithlessQ @BernieSanders That's false. US armed Ukrainian Nazis were killing Russians for nine years before Putin invaded. The US would have invaded sooner.,comment,158,23,1,0,2,0,6,7,False,,False,3.0,2.0,4.0,2.0,anger,bare_assertion,False
https://x.com/AsterismVaibhav/status/1997549828646322537,Control,Vaibhav Tiwari,Sanctions Ineffective Against Russia,"Oh, noble West, arming Ukraine just enough to bleed Russia dry—while stuffing Putin's pockets with €300B+ in energy buys yearly! Sanctions flop as Russia's GDP surges 3.6%, holding 20% of Ukraine. NATO's ""defense""? Pure provocation. Hypocrites unite! #RussiaWins #WestHypocrisy😂",post,278,39,0,2,0,0,6,6,False,,False,5.0,4.0,5.0,3.0,outrage,emotional_appeal,False
https://x.com/toddgardens/status/1997592796098936894,Control,grow your food,West Orchestrated Ukraine Coup in 2014,@syskusa @JeffHosterman @ThomasSowell We did help cause the color revolution in Ukraine 2014 and heavily influenced their elections. Ukraine used to have a president that favored Russia. We installed  gay comedian zelensky that would favor the west and nato. This was a threat to Russia and Putin.,comment,297,47,1,0,3,0,6,9,False,,False,4.0,3.0,5.0,2.0,outrage,bare_assertion,False
https://x.com/lbrewer190/status/1997594130818461917,Control,Lozza,NATO Expansion Provoked Russian Invasion,"@BillyKelleherEU @elonmusk @RenewEurope I can timber the EU and US instigating mass protests in the Ukraine in 2012-2014 before a democratic government was overthrown. Russia warned the US and EU it will not accept NATO on its strategic borders 

Your EU is in part responsible for the war in Ukraine. Fact! https://t.co/wg6et9bbpi",comment,331,52,1,0,3,1,6,9,False,,False,4.0,3.0,5.0,2.0,outrage,bare_assertion,False
https://x.com/MSJedits/status/1997608046215024791,Control,MSJ - Video Editor,Russia Seeks Peaceful Conflict Resolution,"@AlternatNews So the real peace talks are happening in Moscow, not Brussels. The US and Russia are cutting a deal, and Europe's just waiting to hear the terms. The vassals get left out again. Predictable.",comment,204,35,1,0,1,0,6,10,False,,False,4.0,2.0,5.0,2.0,anger,bare_assertion,False
https://x.com/ABridgen/status/1997614452833739074,Control,Andrew Bridgen,Russia Seeks Peaceful Conflict Resolution,"Macron, Merz, Starmer and Zelenskyy are meeting on Monday - They will be trying to find a way to disrupt the peace talks between the US and Russia and keep the war going in Ukraine. This means more death, destruction, corruption and money laundering. 
I think all 4 of these ‘gentlemen’ are all working for the globalist cabal have all been ‘penetrated’  by Klaus Schwab. What do you think ?",post,391,70,0,0,0,0,6,10,False,,True,4.0,2.0,4.0,3.0,outrage,emotional_appeal,True
https://x.com/ArroTheFoxInAm/status/1997667413219844512,Control,theadolescentadventuresofarro,Ukraine Controlled by Nazis,@Biz_Ukraine_Mag It’s because Finland is a pathetic little country that isn’t a threat in any shape way or form to Russia. Ukraine is a massive country with a large population ruled by Banderite Nazis. Totally fucking different.,comment,228,37,1,0,1,0,6,14,False,,False,4.0,2.0,5.0,2.0,anger,bare_assertion,False
https://x.com/Ruby_Rosa_Polo/status/1997653731408589136,Control,Ruby Rosa,Ukraine Controlled by Nazis,"@Maks_NAFO_FELLA Comparisons to the Third Reich downplay their crimes. That's your intention! Nazis rule Ukraine, so why are you distorting the facts?",comment,150,22,1,0,1,0,6,13,False,,False,4.0,2.0,5.0,2.0,outrage,bare_assertion,False
https://x.com/GNicastia94016/status/1997638220264198653,Control,Gideon Nicastia,Russia Seeks Peaceful Conflict Resolution,"@le_annet @SecGenNATO @BudrysKestutis Usa should team up with Russia. Trump is right  Putin wants peace during this war. He did this because he feels threatened by Brussel and he should be. He should erase the current leaders in Brussel start with M. Rutte
This man kills people just because they are black.",comment,307,52,1,0,3,0,6,12,False,,False,4.0,3.0,5.0,3.0,anger,emotional_appeal,False
https://x.com/EskoKauppila/status/1997638401273512423,Control,esko kauppila,Russia Seeks Peaceful Conflict Resolution,@DefenceFinland @anttihakkanen War monger Finnland's government doesn't want peace.  Russia wants peace.  Other war mongers from west increased zero day Ukraine war to three years long.,comment,185,26,1,0,2,0,6,12,False,,False,4.0,2.0,5.0,2.0,anger,bare_assertion,False
https://x.com/siciliantaurus/status/1997655100085391598,Control,Victor Giardina,Russia Defending Against Western Aggression,@YammerTime01 Russia is defending itself from the EU. It's obvious.,comment,67,10,1,0,1,0,6,13,False,,False,1.0,2.0,4.0,1.0,neutral,bare_assertion,False
https://x.com/Brian485464940/status/1997877650170499538,Control,Brian,Ukraine Controlled by Nazis,Ukraine is a fascist nazi supporting regime who commits genocide on ethnic Russians in eastern Ukraine,post,102,16,0,0,0,0,0,3,False,,False,5.0,2.0,5.0,3.0,outrage,bare_assertion,False
https://x.com/sirimeetra/status/1997888823561523262,Control,BrahMaSiriMeetra,NATO Expansion Provoked Russian Invasion,"@AGDugin Ukraine has a very good 19 - point plan for a peace deal with Russia by peace President Trump. If Ukraine miss it, it would be another blunder of NATO &amp;  EU. Russia was provoked by the NATO expansion beyond red line. They must come to sense before too late to deal with a peace.",comment,291,56,1,0,1,0,0,4,False,,False,3.0,2.0,4.0,4.0,fear,emotional_appeal,False
https://x.com/AJOPersonal/status/1997900815726502012,Control,AJ O Personal,West Broke Promises About NATO,"@Nihonpolitics is a dude in Spain. Ukraine war started with Soros meddling in 1991 and an Obama admin/EU/globalist coup in 2014. They betrayed their commitment to not grow NATO. If the current admin and learned Americans don't support this betrayal of our original agreement after the fall of the USSR, are we wrong or is the prior admin, with their dishonoring their word wrong?",comment,379,64,1,0,1,0,0,5,False,,False,4.0,3.0,4.0,2.0,outrage,bare_assertion,False
https://x.com/APaiseanta/status/1997902488071295463,Control,Anam Paiseanta,West Broke Promises About NATO,@jurgen_nauditt Yeah! Putin should ignore the ethnic Russians who want to rejoin Russia! And he should ignore that NATO promised not to expand to the East of Poland. and he should ignore the bio/chemical labs being built right on the border..... He should just let the West take over Russia! Dumb,comment,296,51,1,0,1,0,0,5,False,,False,4.0,2.0,5.0,3.0,outrage,emotional_appeal,False
https://x.com/macawsrock/status/1997929389208871002,Control,Risk Taker,Sanctions Ineffective Against Russia,"@nxt888 The US will never halt the NATO expansion. Russia would be a fool to think that the US has good intentions. Btw, Trump is not the good guy.",comment,147,29,1,0,1,0,0,7,False,,False,3.0,2.0,5.0,1.0,anger,bare_assertion,False
https://x.com/zsylvainz/status/1997879010735407345,Control,zsylvainz,West Orchestrated Ukraine Coup in 2014,"The CIA and its Five Eyes partners engineered the coup in Ukraine to spark this whole conflict, and they’ve been running the narrative ever since. Russia actually showed more restraint than the U.S. ever would if Moscow or Beijing pulled the same stunt in Canada or Mexico.
Quit swallowing legacy‑media propaganda like some empty‑headed drone.",comment,343,55,1,0,0,0,0,4,False,,False,4.0,2.0,5.0,3.0,outrage,emotional_appeal,True
https://x.com/SurvivalistPt/status/1997890066975174963,Control,Paul Taylor,West Orchestrated Ukraine Coup in 2014,"@_HenryBolton Henry , the Internet is here , everyone knows the uk / US  financed and fomented the maidan coup in Kiev in 2014 and installed the nazi puppet regime which spent the next 8 years murdering  thousands russian speaking civilians in the East 
In 2022 Russia retaliated .
FAFO. 🙂👍",comment,290,51,1,0,1,0,0,4,False,,False,4.0,3.0,5.0,2.0,outrage,bare_assertion,False
https://x.com/checkingMada198/status/1997982229100663102,Control,checking Mada,Russia Liberating Ukrainian Territories,"🇷🇺🇺🇦💥 Units of the ""Southern"" group of troops, as a result of active and decisive actions, liberated the settlement of Chervonoe in the Donetsk People's Republic.

— Russian Ministry of Defense.",post,194,31,0,0,0,0,0,10,False,,False,3.0,4.0,5.0,1.0,pride,bare_assertion,False
https://x.com/Tboynz0k/status/1997968467950207196,Control,Тоби айоделе -Tboy🇳🇬🇷🇺,Russia Liberating Ukrainian Territories,"🇷🇺🇺🇦The Russian army has liberated Chervonoe

Units of the ""Southern"" group of forces, as a result of active and decisive actions, liberated the settlement of Chervonoe in the Donetsk People's Republic.",post,202,31,0,0,0,0,0,9,False,,False,3.0,4.0,5.0,1.0,pride,bare_assertion,False
https://x.com/john17556488473/status/1997970296641638753,Control,john,Protecting Ethnic Russians in Donbas,"@Biz_Ukraine_Mag His problem is with Ukraine nazis genociding russian speaking people in eastern Ukraine. You must know about this but refuse to accept Ukraine is corrupt and full of real nazis.
 Stop pushing your propaganda, no one wants wwiii. Get a grip lad!",comment,261,43,1,0,1,0,0,10,False,,False,4.0,2.0,5.0,3.0,outrage,emotional_appeal,True
https://x.com/REALSUPERCEMENT/status/1997970395765346495,Control,SUPER CEMENT ©™ 🇺🇸,West Prolonging Conflict for Profit,"@ianmiles Gestapo. They monitor, suppress, humiliate, ban freedom of speech and freedom of thought—well, congratulations, unelected Nazis rule EU. They steal European taxpayers' money, they're connected to Soros, they're thieves. That's why they need a war in Ukraine so they can steal.",comment,286,42,1,0,1,0,0,10,False,,False,5.0,2.0,5.0,3.0,outrage,emotional_appeal,False
https://x.com/got2be4real/status/1997957422460358739,Control,Neal,NATO Expansion Provoked Russian Invasion,"@Microinteracti1 Bunch of nonsense.. Peace worked fine, there was stability until Ukraine fucked it all up by pushing for NATO expansion. Russia did not had a serious army back in 2022, it was not preparing for war, but they were able to boost their military industry lot quicker than anyone else.",comment,297,51,1,0,1,0,0,9,False,,False,4.0,2.0,5.0,1.0,anger,bare_assertion,False
https://x.com/emailcbp/status/1997947400607117795,Control,Banu Prakash C - ಭಾನು ಪ್ರಕಾಶ್ ಸಿ,NATO Expansion Provoked Russian Invasion,"The way the news talks about it makes it sound very simple. It's not. This didn't just start in 2022. For many years, Russia has been very clear that it sees NATO moving right up to its border as a major threat to its own safety. They asked for talks and security guarantees for a long time. From their point of view, they were ignored.

So when you say Ukraine ""posed no threat,"" Russia doesn't see it that way. They see a neighboring country being brought into a military alliance that was created to oppose them. Any country, including ours, would see that as a serious problem.

I'm not saying the fighting is good. It's terrible. But to get the whole picture, you have to understand why Russia feels so cornered. They believe this is a defensive move to stop a bigger threat later. The real failure was by Western leaders who didn't take these warnings seriously and kept pushing east. Now, sadly, the Ukrainian people are paying the price for that mistake. The only way this ends is by talking about those real security concerns, not by sending  weapons.",comment,1060,190,1,0,0,0,0,8,False,,False,2.0,3.0,3.0,1.0,other,narrative_storytelling,False
https://x.com/hypergraphing/status/1997943522901512387,Control,hypergraphing,NATO Expansion Provoked Russian Invasion,"@Seth_Steiner @jurgen_nauditt War is politics by other means. NATO didn't want to respect Russia's desires for no more eastward expansion; thus, when negotiations failed, war was the only option left in their view.",comment,214,33,1,0,2,0,0,8,False,,False,2.0,2.0,4.0,1.0,neutral,bare_assertion,False
https://x.com/Donna__Twitting/status/1997940102635692511,Control,"⛵️Sail On, Silver Girl",Russia Defending Against Western Aggression,"@theglinchpin @WillTarlton @PaulConRO Russia is protecting its borders from the EU wanting to put missiles along the border.  

Ukraine needs to make peace with Russia and stop listening to the EU",comment,196,31,1,0,3,0,0,8,False,,False,3.0,2.0,4.0,3.0,anger,bare_assertion,True
https://x.com/HBMHD1/status/1997953428262146194,Control,HBMHD,West Orchestrated Ukraine Coup in 2014,"@ColchidV @BeruTheSimp @AH0719789554246 @HistoryIsOver Cold war never stopped.

Europe armed Ukraine, you have former French PM blatantly saying they armed Ukraine during the Minsk Agreement and after plotting the coup of 2013 and literally starting Maidan.

The US was involved through the CIA too.

https://t.co/IRtYYXDEy8",comment,324,45,1,0,4,1,0,8,False,,False,4.0,3.0,5.0,2.0,outrage,bare_assertion,False
https://x.com/lredl3_/status/1997974035536506972,Control,Tron,West Orchestrated Ukraine Coup in 2014,"@VolodimirZelen1 2014 coup in Maidan, civilians burned alive, snipers and foreign agents supported by America and the EU
- assassins https://t.co/CjXzFF4mDu",comment,156,21,1,0,1,1,0,10,False,,False,4.0,3.0,5.0,2.0,outrage,emotional_appeal,False
https://x.com/BrosManney/status/1997980792350285875,Control,Apple of God’s Eye🌍,Ukraine Persecutes Russian-Speaking Minorities,"@CDCU2 @MartinDemirow I am so grateful that you forgot
- the coup plot of 2014
- Maidan revolution that removed Yanukovych
- Oppression of the Donbas region
- War on Russian speakers in Eastern Ukraine

Finally choice is simple
Sign surrender or lost more land https://t.co/X37tr2Gs9E",comment,284,46,1,0,2,1,0,10,True,photo,False,4.0,2.0,5.0,4.0,anger,bare_assertion,False
https://x.com/dana916/status/1998004174580060479,Control,dana,Russia Liberating Ukrainian Territories,"🇷🇺⚔️🇺🇦As a result of active and resolute actions, units of the Yug Group of Forces liberated Chervonoye (Donetsk People's Republic).

Russian Defense Ministry",post,158,23,0,0,0,0,0,12,False,,False,3.0,4.0,5.0,1.0,pride,bare_assertion,False
https://x.com/Andjela_Sipovac/status/1997986635401826640,Control,Внимание! Говорит Москва! 🇷🇺 Z 👨‍⚕️👀🦁,Russia Liberating Ukrainian Territories,"🚩 As a result of active and resolute actions, units of the Yug Group of Forces liberated Chervonoye (Donetsk People's Republic).",comment,128,21,1,0,0,0,0,11,False,,False,3.0,4.0,5.0,1.0,pride,bare_assertion,False
https://x.com/mazzenilsson/status/1998010298624565660,Control,Mats Nilsson,West Spreads Anti-Russian Propaganda,"Western media publish the same article once a year. For four years, “Ukraine is winning”, “Russia is running out of missiles”, “Russian  economy is collapsing”, &amp; “Putin has fallen ill with a new deadly disease” again. This is done to generate public support for a prolonged war. https://t.co/eizRtK4gqV",post,307,48,0,0,0,1,0,12,True,photo,False,3.0,2.0,4.0,2.0,anger,bare_assertion,False
https://x.com/News_of_Donbass/status/1997993712123593024,Control,News of Donbass,Russia Seeks Peaceful Conflict Resolution,"#AntiFake
❌ Fake: ""Real progress"" on the path to peace depends solely on Russia, stated Rustem Umerov, Secretary of the National Security Council of #Ukraine.

✅ Truth: Russia is ready for peace, proving this many times through words and actions. The same cannot be said for the Ukrainian side, which deliberately blocks any adequate peace initiatives.

Equally important is the role played by the authorities of several EU countries, who deliberately prolong the conflict. Their categorical refusal to seek compromises—since peace does not serve their interests—poses a significant obstacle to the normalization of relations between the parties.

Obviously, Umerov's new statement is merely another attempt to manipulate and shift responsibility. It does not align with the actual state of affairs.",post,799,120,0,2,0,0,0,11,True,photo,False,3.0,2.0,5.0,2.0,anger,bare_assertion,False
https://x.com/ship_steward/status/1998003090683736567,Control,...- - -...!,Ukraine Controlled by Nazis,"The only thing Russia is running out of is? Patience! With Ukrainian Nazis and proxy tax fed drip fed 'politicians' who continue to recklessly and irresponsibly waste the lives of millions of their own people to prop up a corrupt UKR regime, full of people like her.
Make peace!",post,278,49,0,0,0,0,0,12,False,,True,4.0,2.0,4.0,3.0,outrage,emotional_appeal,True
https://x.com/BartDePalma/status/1997995184924062048,Control,Bart DePalma,Russian Military Achieving Successful Operation,@RLHeinrichs Russia is winning the war and set out its terms for UA’s conditional surrender last year. Putin has no reason to grant the shrinking and retreating AFU a reprieve to recover. How many men is UA willing to lose to deny the remainder of the Donbas to RU for maybe another year?,comment,288,53,1,0,1,0,0,11,False,,False,3.0,2.0,4.0,3.0,other,bare_assertion,False
https://x.com/Johan_Scheffer/status/1998012883075215441,Control,Johan Scheffer,Russia Defending Against Western Aggression,"It’s extraordinary that a seasoned journalist like @QuentinDempster could say that ‘Putin cannot be trusted’ without setting out the evidence. Dempster may not like the fact that Russia is winning the war and that NATO has engineered its own defeat. Which agreement has Russia broken? We may not like Putin’s demand for a comprehensive EU-Russia security agreement, the neutrality and demilitarisation of Ukraine as well as its de-Nazification, but Russia has been clear and consistent. Rather than accuse Russia we can see how it was betrayed by a devious EU leadership, Merkel and Holland, who admitted that the Minsk agreements were designed to stall Russia while NATO secretly armed Ukraine to attack Russia. Dempster would do better if he reported even handedly on this terrible war in which NATO/the west has existentially threatened Russia, giving it little choice but to retaliate in self-defence.",comment,905,143,1,0,1,0,0,12,False,,False,4.0,3.0,4.0,2.0,outrage,bare_assertion,False
https://x.com/scottwa80184192/status/1998004286123577821,Control,Scott Vanguard,Ukraine Persecutes Russian-Speaking Minorities,@nationalpost umm why would russia invade poland ? did they shell the donestk region since 2014 ? banned the russian language there ?..ignored the people there a vote to rejoin russia ? poland didnt.....ukraine did,comment,214,35,1,0,1,0,0,12,False,,False,4.0,3.0,5.0,2.0,anger,bare_assertion,False
https://x.com/BhavikaKapoor5/status/1998024657996566868,Control,Bhavika Kapoor,West Broke Promises About NATO,"What an idiotic post. 
- The West promised in 1991 to top Russian leader that NATO will not expand beyond Poland. 

- In 2007 Putin objected NATO expansion in Munich Germany confrence 

- In 2014 Russia warned the West about the consequences of including Ukraine in NATO

Russia did whatever a powerful nation should do to protect its' historically vulnerable border.",comment,367,61,1,0,0,0,0,13,False,,False,4.0,4.0,5.0,2.0,anger,evidence_based,False
https://x.com/George28601554/status/1998019575477334211,Control,George,NATO Expansion Provoked Russian Invasion,"@ZelenskyyUa Hero Putin defends his country against the expansion of NATO, whose war profiteers want to rob Russia of its natural resources. When corrupt puppet Zionlensky wants to bring NATO dog to the Russian fence, then the consequences are very predictable. https://t.co/9rEVViXXla",comment,285,42,1,0,1,1,0,13,True,photo,False,5.0,2.0,5.0,3.0,outrage,emotional_appeal,False
https://x.com/SurvivalistPt/status/1998004418059309204,Control,Paul Taylor,West Orchestrated Ukraine Coup in 2014,"@Heebo2112 @JayinKyiv Nope, Russia retaliated in 2022 after the nazi puppet regime installed by the uk / US  in 2014 via the mi6 maidan coup spent 8 years murdering russian speaking civilians in donetsk, lugansk and donbas.",post,223,37,0,0,2,0,0,12,False,,False,4.0,3.0,5.0,1.0,outrage,bare_assertion,False
https://x.com/Eire1984/status/1998003264449650846,Control,lemass,West Orchestrated Ukraine Coup in 2014,"30 years of NATO expansion caused this, when Gorbachev was promised NATO wouldn't move an inch to the east. I've read the US transcripts. That was a legally binding verbal agreement.  

This was followed by the Maidan coup. NATO and the US and EU then reneged on the terms of the Minsk accords. 

1.7 million Ukrainians are dead and perhaps a 1 million Russians. 

Ukraine is controlled by internationalists, who seem perfectly content to send these ordinary decent men to death, when there is no militarily viable chance  of success. At this point its an act of infinite cruelty on the part of the EU. 

Germany is pushing for conscription, the UK too. Irish leadership are harking on about the triple lock, and propagandists drilling up fear. Its not difficult to see how they could conscript people for a war for European elites. Its easy to be caviler and make moral grandstands when its young Irish men who may face the consequences. There seems to be no objective judgement or proportionality in the leadership stratum. 

That same EU stratum is erasing Nation states and ethnically cleansing Europeans with weaponized immigration, and colonial ideological tools like DEI and CRT, all without any informed consent. The moral compass of EU leaders seems to be sincerely lacking, and its condemning generations of Europeans to a dystopian Future.",comment,1350,224,1,0,0,0,0,12,False,,False,4.0,3.0,4.0,3.0,outrage,narrative_storytelling,False
https://x.com/LivePrayer/status/1998009623417118892,Control,Bill Keller,West Orchestrated Ukraine Coup in 2014,hey WAR PIG KILMEADE...got it..you hate Russia..do you hate the US CIA and STATE DEPARTMENT/Victoria Nuland as much??..since this all started  in 2014 under Obama  due to the soft coup/color revolution Nuland ran depose the Russian puppet head of Ukraine...with our own...soon that became Zelenskyy.....why do you never talk about that???..I  know...it destroys your WAR PIG position.....also..Z is nothing but a western intl PUPPET..there will NEVER be peace until he is gone..since he is there for war..NOT peace..by his war pig western handlers...also..we have had tons of reports in the past 2 weeks by the Ukrainian Anti-Corruption Bureau...12 of Zs buddies have fled Ukraine with BILLIONS....one guy bought a $10m SOLID GOLD TOILET with our $$$...Z is a corrupt puppet...but you keep lambasting russia..which is they listened to idiots  like you  would start a nuke WW3.....just shut up!,comment,893,138,1,0,0,0,0,12,False,,False,5.0,3.0,5.0,3.0,outrage,emotional_appeal,False
https://x.com/getcloserhome/status/1997999998722531686,Control,CaptMike,West Orchestrated Ukraine Coup in 2014,UKRAINE was the money laundering and human trafficking capitol of the world before the 2014 CIA led coup and still today...,post,123,21,0,0,0,0,0,12,False,,True,4.0,2.0,5.0,1.0,outrage,bare_assertion,False
https://x.com/TheRock80649333/status/1997987908389687366,Control,The Rock,Protecting Ethnic Russians in Donbas,"The settlement terms are broadly in line with those of the Minsk Agreement, 2014/2015. 
At the time, the agreement was to protect Russian born and Russian speaking people, in the Donbas region of Ukraine, from persecution by Ukrainian special forces. The speaking of Russian, books and religion in the Donbas region, were being cancelled by Ukraine. Energy supplies were being regularly disrupted and violent crimes were being enacted against the people of the region.
Russia said it had to stop. Ukraine agreed.
10 years on, thousand of young lives lost and at a cost of $billions, certain maniac leaders, want war to continue! Madness""",comment,637,104,1,0,0,0,0,11,False,,False,4.0,3.0,4.0,3.0,outrage,emotional_appeal,False
https://x.com/heraldmage/status/1998268625539768503,Control,heraldmage,West Orchestrated Ukraine Coup in 2014,@RickSanchezTV Did you ever consider that the US decided to use the EU as its  proxy in its ~70 yrs quest to conquer Russia. The 1st time the EU was involved in a US regime change operations was the 2014 Maidan coup which led to the US/NATO militarization of Ukraine &amp; widespread Russophobiia?,comment,297,53,1,0,1,0,1,5,False,,False,4.0,3.0,4.0,2.0,outrage,narrative_storytelling,False
https://x.com/Cuber_tron/status/1998277107143836088,Control,Cubertron,West Orchestrated Ukraine Coup in 2014,"@GabrielAsen433 @HistoryIsOver European leaders do what they are told by the Americans. Eventually. It doesn’t matter what they say.

In any way, after how involved was the US in Ukraine in 2014 coup, Russia can’t trust the resistance of Europeans vassal governments to hold NATO’s expansion against US wishes!",comment,310,49,1,0,2,0,1,6,False,,False,4.0,2.0,5.0,3.0,outrage,bare_assertion,False
https://x.com/elaineakins449/status/1998283369998852381,Control,LANE_17,West Orchestrated Ukraine Coup in 2014,"@RandoCollector @ChakhoyanAndrew @WW3finalboss1 Very true! And few people know that Obama and the CIA orchestrated a coup in Ukraine in 2014, bringing in a corrupt Cabal government.",comment,181,27,1,0,3,0,1,6,False,,False,4.0,3.0,5.0,1.0,outrage,bare_assertion,False
https://x.com/JasnicSlobodan/status/1998271638874603746,Control,Slobodan Jasnic,Ukraine Controlled by Nazis,"@RpsAgainstTrump After the coup de'ettat Nazi orgies on Maidan Square millons of people who inhabited northeastern sutheaster Ukraine and Crimea don't want to belong to Ukraine, they have right to self determination.",comment,216,32,1,0,1,0,1,6,False,,False,4.0,2.0,5.0,2.0,outrage,bare_assertion,False
https://x.com/crispSV/status/1998298145051271240,Control,CrisP,Ukraine Controlled by Nazis,"@DakdaR22 Ehm, Russia is crash winning in the battlefield. Zelensky challenged them but now his nazi regime is crashed. Russia will liberate the country eventually. 😎",comment,166,26,1,0,1,0,1,7,False,,False,4.0,2.0,5.0,2.0,pride,bare_assertion,False
https://x.com/IronyManHQ/status/1998233829866152350,Control,Irony Man,Russian Military Achieving Successful Operation,"Russia is winning, not because anyone likes it, but because the battlefield calculations show it. 

Western media has already shifted to this reality. Russia is advancing through attrition, capturing Pokrovsk, Mirnograd, Siversk, Toretsk, and pushing the line westward month after month. It’s an ugly victory, but it’s still a victory.

Ukraine is the one pulling men off the streets for mobilization, and Ukrainian command abandoned entire brigades in the Mirnograd cauldron. Both sides are suffering losses, that’s true, but only one side is gaining ground, ammunition, and manpower.

Pretending otherwise won’t save a single soldier.",comment,636,95,1,0,0,0,1,3,False,,False,3.0,4.0,5.0,2.0,other,evidence_based,False
https://x.com/Bjklark/status/1998296022087504112,Control,Bj Klark,Russia Seeks Peaceful Conflict Resolution,@NancyLKovach4 @Gerashchenko_en @michaelwhitaker I hope Trump walks away and let Russia destroy EU. That is really what the EU wants. Trump is the only reason Russia is hoping for peace.,comment,186,30,1,0,3,0,1,7,False,,False,4.0,2.0,4.0,2.0,anger,bare_assertion,False
https://x.com/LarrygHaynes2/status/1998266520250569002,Control,Larry,Crimea Legitimately Part of Russia,"Neutrality, Demilitarization,  no NATO,  the 4 Oblasts and Crimea are Russian federation That’s the plan as reiterated by Putin just a few days ago. If not Russia continues until there’s no Ukrainian military left, and probably take Odessa and Kharkiv. Trump is just negotiating with himself.",comment,292,46,1,0,0,0,1,5,False,,False,2.0,4.0,5.0,3.0,neutral,bare_assertion,False
https://x.com/Debater63/status/1998338758966427764,Control,Farid,West Orchestrated Ukraine Coup in 2014,@hattra2 @slantchev You’re puzzled because basic facts don’t sink into your simple head. Ukraine received its “sovereignty” based on the principle it will not be aligned. Yet Soros bought their media and US politicians meddled in their affairs ultimately leading to the coup in 2014. All this is fact,comment,300,49,1,0,2,0,1,10,False,,False,4.0,3.0,5.0,1.0,anger,bare_assertion,False
https://x.com/cornerstonetom3/status/1998342913269567764,Control,Tom,West Orchestrated Ukraine Coup in 2014,"@FinanceLancelot We owe this all to Victoria Nuland, her boss, B. O., Boris Johnson &amp; the Big Guy. Without them &amp; the Maidan Coup, Zelynskyy would be a nobody.
As with balloons when they rupture &amp; collapse, the violent, catastrophic event can always be traced back to a single little prick.",comment,302,51,1,0,1,0,1,10,False,,False,4.0,3.0,5.0,2.0,outrage,emotional_appeal,False
https://x.com/DowneyRyan/status/1998345614375969170,Control,Ryan James Downey,West Orchestrated Ukraine Coup in 2014,@wildswim @tiberiusfiles @sblack505 Russia has no desire to colonise anybody. Ukraine is a NATO proxy used for money laundering (short term) and to spark world war (long term) via relentless anti-Russian propaganda. Are you aware of the 2014 coup? Russia’s vote makes sense and is consistent with their actions.,comment,311,49,1,0,3,0,1,10,False,,False,4.0,2.0,5.0,3.0,outrage,bare_assertion,False
https://x.com/MartianSeervant/status/1998342809594507657,Control,Martian,West Orchestrated Ukraine Coup in 2014,"@elinavaltonen Ukraine started the conflict by attacking Russian speakers in the Donbas following the Maidan coup 

Not only are you delusional but you are fundamentally disingenuous by continuing to spout this neocon/zionist propaganda",comment,236,33,1,0,1,0,1,10,False,,False,4.0,3.0,5.0,2.0,outrage,emotional_appeal,False
https://x.com/maturefinancier/status/1998323709757501712,Control,maturefinancier,Russian Military Achieving Successful Operation,Your a total idiot with no grasp of history. Your still with Errol Flynn and charge of the light brigade. Russia has Crimea and almost all of the Donbas which is what it wants. Your Ukrainian Nazi murders Russian speakers https://t.co/D8ZHOsBF34,post,245,41,0,0,0,1,1,9,True,photo,True,4.0,3.0,5.0,1.0,anger,emotional_appeal,False
https://x.com/MIC1923/status/1998303476976353359,Control,Michael S,NATO Expansion Provoked Russian Invasion,@KenRoth russia was provoked by Usa nato. Simple facts. And russia dont renew if everyone keep their promises,comment,109,18,1,0,1,0,1,8,False,,False,2.0,2.0,4.0,1.0,neutral,bare_assertion,False
https://x.com/allerton_k43150/status/1998290961320063194,Control,Kerry Allerton,NATO Expansion Provoked Russian Invasion,"@markomihkelson As I understand it, the war with Ukraine was provoked and initiated by America, the CIA and NATO.
Russia destroyed Biolabs in Ukraine and has control of the Russian speaking Eastern Oblasts of Ukraine and access to the Black Sea.
There hasn’t been any attempt to invade Ukraine.",comment,294,49,1,0,1,0,1,7,False,,False,3.0,3.0,4.0,1.0,anger,bare_assertion,False
https://x.com/Hans_1966/status/1998335377950564708,Control,Hans66,Ukraine Controlled by Nazis,"Putin cares more about ordinary Ukrainians than Zelensky does.

Even I care more about ordinary Ukrainians. I (and others with a similar opinion to mine) call the regime in Kiev a nazi fascist regime, ignoring rights for all Ukrainians.

I want Ukraine be both respectable to the neighboring countries (especially Russia) and to the Ukrainian population, regardless what language they speak.",comment,391,61,1,0,0,0,1,10,False,,False,3.0,2.0,4.0,2.0,anger,emotional_appeal,False
https://x.com/maturefinancier/status/1998326530397614356,Control,maturefinancier,Ukraine Controlled by Nazis,You might be - the people arent. Dare you put it to a vote. Russia has almost 100% of what it wants. Its not giving it up. Ukraine is a Nazi regime. Always has been. EU is a spent force divided and financially redundant. It has no more interest in freedom than Hitler had https://t.co/n5iiCUUeUQ,post,295,55,0,0,0,1,1,9,True,photo,True,4.0,2.0,5.0,2.0,anger,bare_assertion,True
https://x.com/RKDuet56/status/1998359287693787517,Control,Roderick K. Duet,Protecting Ethnic Russians in Donbas,"Bullshit, you forget the history of the Donbas and the ethnic Russian genocide committed by the Azov and Kiev. 
The Crimea narrative is another disinformation campaign, you people keep repeating a false narrative.
This is the truth of it explained in plain English. 

https://t.co/8xtiAoSZZ5",comment,291,44,1,0,0,1,1,11,False,,False,5.0,2.0,5.0,3.0,outrage,bare_assertion,False
https://x.com/LouiseLee157850/status/1998355913241944517,Control,Louise Lee,Ukraine Controlled by Nazis,@Ole_Kondratiuk Why not say this about the israelis who are far worse? The Ukrainian people fear zelensky and his nazi friends far more than Russia.,comment,148,25,1,0,1,0,1,11,False,,False,4.0,2.0,4.0,2.0,anger,emotional_appeal,False
https://x.com/jsrfrench/status/1998365885661335692,Control,JSRFrench 🇺🇸 (Ret. International Oil Driller),Color Revolutions are US-Backed Coups,"@catturd2 Ukraine is the end result of the CIA directed Color Revolution in 2014.
Now Leftists/Democrats/Soros are attempting the same here in the US with direction from the same CIA ghouls who conducted Ukraine among others.
End the Russian fiasco, withdraw from NATO.",comment,269,43,1,0,1,0,1,12,False,,False,4.0,3.0,5.0,4.0,outrage,bare_assertion,True
https://x.com/mindwarz/status/1998391917147480168,Control,MemeWars,West Orchestrated Ukraine Coup in 2014,"@elinavaltonen @CBSNews women are always such uninformed fools.  NATO started the Ukraine war with the color revolution that over threw Ukraine in 2014, and then proceeded to arm the jack boot nazi thugs who took over after that.",comment,229,38,1,0,2,0,1,13,False,,False,4.0,3.0,5.0,2.0,outrage,bare_assertion,False
https://x.com/Bellawoodburny1/status/1998366232085684443,Control,JoyfulOldLady,Ukraine Persecutes Russian-Speaking Minorities,@catturd2 The Russia-speaking people of the Donbas region already overwhelmingly voted twice to return to Russia. That’s when Zelensky’s Nazi Azov Battalion murdered 20K of them over an eight year period.  Let the people decide who rules them. https://t.co/eA7btgzIMh,comment,267,39,1,0,1,1,1,12,True,photo,False,4.0,3.0,5.0,2.0,outrage,emotional_appeal,False
https://x.com/AnnieGlen11/status/1998361624957329602,Control,Annie Glen,Russia Defending Against Western Aggression,@MichaelMcM71067 @haynesdeborah Arrant nonsense Russia is protecting its borders from the threat of NATO encroachment.,comment,118,15,1,0,2,0,1,11,False,,False,4.0,2.0,5.0,2.0,anger,bare_assertion,False
https://x.com/GordonJeffGiles/status/1998632483072692729,Control,Jeff Giles,Ukraine Persecutes Russian-Speaking Minorities,"@OlenaRohoza One fought the Nazis...  Churchill.

The other, Zelensky has several organized Nazi battalions fighting for him to kill the Russian speaking Ukranians.",comment,164,23,1,0,1,0,2,5,False,,False,4.0,2.0,5.0,2.0,outrage,bare_assertion,False
https://x.com/BennyLottaz/status/1998658431251829026,Control,The Critical Mind,West Orchestrated Ukraine Coup in 2014,"They also Said „we are a neutral nation“. They even included it in their constitution. And then came the neocons,Marco Rubio is one of them,and pushed the narrative to include Ukraine in NATO. In 2014 they executed their regime change operation (maidan coup). The rest is history",post,279,47,0,0,0,0,2,7,False,,True,4.0,3.0,5.0,2.0,outrage,bare_assertion,False
https://x.com/ChaunceyHallOnX/status/1998613309675753635,Control,ChaunceyHall,West Orchestrated Ukraine Coup in 2014,"Who the fuck is We? We provoked the shit out of Russia in 2014, with Victoria Nuland and the Maidan Coup. Our deep state scumbags did that.  Get us the hell out of the whole continent, and pivot to Asia and the Americas, and fix our crumbling shit and our fucked up healthcare. If the UKR is important to Germany, France and the UK, they have the means and the ability to defend them and to counter Russia.  We don't need to be in it.",comment,434,85,1,0,0,0,2,4,False,,False,5.0,4.0,5.0,4.0,anger,emotional_appeal,True
https://x.com/cepulje/status/1998653611472032023,Control,Alenka Valher,West Orchestrated Ukraine Coup in 2014,"@MZEZ_RS @tfajon @vladaRS @SLOtoUN @SLOinUKR Soon it will be 11 years since MI6 and CIA launched the coup d'etat in Ukraine with the goal to break up Russia and grab its natural resources. Ask your boss, Mrs. Kaja, for clarifications.",comment,234,40,1,0,5,0,2,7,False,,False,4.0,3.0,5.0,2.0,outrage,bare_assertion,True
https://x.com/Blacktuskprod/status/1998599692217889147,Control,GLG20 F S O 🇨🇿🇸🇰🇨🇦,Russian Military Achieving Successful Operation,@MarkJCarney @ZelenskyyUa Russia is decisively winning this war which means they set the terms. You can talk your little ice cold heart out but won't change the outcome or the demands. 🤡🤡  Time to accept their demands if you really want the war to end.,comment,252,45,1,0,2,0,2,3,False,,False,4.0,2.0,5.0,3.0,anger,bare_assertion,True
https://x.com/alphonns/status/1998615009337708557,Control,alphonse,Ukraine Controlled by Nazis,"🇷🇺🇷🇺🇷🇺 Russia is crushing Ukraine, two million Ukrainian troops lost under false hopes, delusions, with the cocaine psychopath and Nazis to blame.",post,146,22,0,0,0,0,2,4,False,,False,5.0,3.0,5.0,2.0,outrage,emotional_appeal,False
https://x.com/Libra_JK/status/1998659283953533394,Control,Cock-tales Farms Entreprise,Ukraine Controlled by Nazis,"@DimJacobMP1 @FSYusuff The SMO was a result of failure diplomacy and provocation of the West (US, EU, Nato) who are still stuck in their cold war era stupidity and Russia’s target remains the Ukraine leadership &amp; the Nazi elements in their government being used by so called western democracies.",comment,299,49,1,0,2,0,2,7,False,,False,4.0,2.0,5.0,2.0,anger,bare_assertion,False
https://x.com/KobaManitoba/status/1998663348737499367,Control,The Ghost of Chicken Kiev! 🇨🇦🇷🇺🇵🇸🇨🇳🌷🌷🌷,Ukraine Controlled by Nazis,@strnnk_ @McFaul Ukraine can end the war in one day! By removing the Zionists and Catholic Nazis that occupy Kiev!  And restoring the Ukrainian Orthodox Church that was founded in Kiev in 988! https://t.co/AIEE8mneKd,comment,216,34,1,0,2,1,2,7,True,photo,False,4.0,3.0,5.0,3.0,anger,bare_assertion,False
https://x.com/Hans_1966/status/1998640377235193880,Control,Hans66,Russia Seeks Peaceful Conflict Resolution,"@elinavaltonen @NEWSMAX The point is: Russia wants peace, but Ukraine doesn't want.

So you must blame Ukraine, not Russia.",comment,123,19,1,0,2,0,2,6,False,,False,3.0,2.0,5.0,1.0,anger,bare_assertion,False
https://x.com/Ghost_Pilot_MD/status/1998655038663831909,Control,GhØsT🕳️PiLØT🕳️MD,NATO Expansion Provoked Russian Invasion,"@davidkurten @FrontierArt1 Why isn't anyone discussing how NATO/US/EU broke 1990 promises on expansion, bombed allies, and backed coups that screwed Russia over? That's what got us here. If Russia did that to the US (bases in Mexico?), we'd be raging too. Double standards much?",comment,278,44,1,0,2,0,2,7,False,,False,4.0,2.0,4.0,2.0,outrage,emotional_appeal,False
https://x.com/Dee24163534/status/1998653098705789220,Control,DeeLee,West Prolonging Conflict for Profit,"Not going to happen.

Ukraine is at war.
NATO pretends to want Ukraine to piss off Russia.
NATO knows it's not going to happen.
NATO rules disqualify applicants at war.
These past four years have been about NATO happily sacrificing Ukrainian lives to launder billions.
Despite what NATO leaders would have you believe, the people do not want NATO to kick off the next unprovoked European war.
If NATO simply cannot resist war, hopefully this time America stays on their side of the wet bit",comment,489,85,1,0,0,0,2,7,False,,False,4.0,2.0,5.0,3.0,outrage,emotional_appeal,False
https://x.com/SteveHylan55254/status/1998644886183227433,Control,Steve Hyland,Crimea Legitimately Part of Russia,"@Kasparov63 You must be living on another planet.  Everyone on this planet knows that Crimea is Russian - and after three years of war which NATO lost, this is not going to change.",comment,180,33,1,0,1,0,2,6,False,,False,4.0,2.0,5.0,1.0,outrage,bare_assertion,False
https://x.com/chatswithem/status/1998700462833316106,Control,Em R,Russia Seeks Peaceful Conflict Resolution,"Is this like "" Russia blew up Nordstream"" ( when in fact they didn't) .

Many have seen who the real threat are are we don't believe you

Russia has no interest in Europe 

Why would they do that. 

Russia and USA talk about peace talks constantly 

The eu pushes aggression 

European people with their heads screwed on fear the EU and its leaders and WEF overlords WAY more than Russia .",comment,389,72,1,0,0,0,2,10,False,,False,4.0,2.0,5.0,2.0,anger,bare_assertion,False
https://x.com/Truthwirklich/status/1998706360557380009,Control,Grand Master,Russian World Defending Traditional Values,"@MikaelS_TheMan I've told you this before, and I know you know it too. 
#Russia is humanity's last bastion of decency, morality and Christian values, which is why they want to destroy it.",comment,187,32,1,1,1,0,2,10,False,,False,4.0,2.0,5.0,3.0,pride,emotional_appeal,False
https://x.com/CforCD/status/1998706066373361843,Control,Center for Countering Disinformation,Ukraine Controlled by Nazis,"lavrov also repeated propaganda narratives about the “Nazi regime in Kyiv,” the “new world order,” and stated that russia’s foreign policy “is not up for revision,” calling the war against Ukraine “legal and just.”",comment,214,34,1,0,0,0,2,10,False,,False,4.0,3.0,5.0,2.0,outrage,bare_assertion,False
https://x.com/kevin_nivek7/status/1998708490525868104,Control,kevin doherty,NATO Expansion Provoked Russian Invasion,"@NotFarLeftAtAll These corrupt puppets will do anything to drag Europe into this war, which began with NATO expansion, and the breakage of the Minsk Agreement.",comment,159,25,1,0,1,0,2,10,False,,False,4.0,2.0,5.0,3.0,anger,emotional_appeal,False
https://x.com/kevin_nivek7/status/1998706731342295124,Control,kevin doherty,NATO Expansion Provoked Russian Invasion,"@TheTNHoller @mrjamesob Shut the fuck up! NATO put Europe in the crosshairs, when it broke the Minsk agreement with NATO expansion. That’s the ONLY reason for this war, and people are waking up to the fact that all mainstream media is propaganda. BBC, RTE.. they’re all the same!",comment,279,48,1,0,2,0,2,10,False,,False,5.0,3.0,5.0,3.0,anger,bare_assertion,False
https://x.com/MaxWolfeUK/status/1998670115361927638,Control,Real News,West Orchestrated Ukraine Coup in 2014,"PUTIN
THE  conflict in Ukraine was started by Ukraine sending its army into Donbass, a historically Russian region which rejected the 2014 Western-backed Maidan coup in Kiev. This forced Russia to use its military to end the conflict,

Russia had attempted to diplomatically solve the conflict for eight years, and “signed the Minsk agreements, hoping that it could be resolved through peaceful means,” Putin told India Today last week.

Western leaders openly admitted later that they never intended to honor those agreements,” only signing them to buy Ukraine time to rearm, he said.
#russia #ukraine #uk #london #Trump",post,621,98,0,5,0,0,2,8,True,photo,False,3.0,3.0,5.0,2.0,outrage,narrative_storytelling,False
https://x.com/Moretrouble2/status/1998695713627152416,Control,Tim Roberts 🚜,West Orchestrated Ukraine Coup in 2014,@CarlAFez @DalrympleWill I would go further and say the murderous Maidan coup was the product of PNAC -&gt; State Dept $Bs -&gt; Nuland -&gt; McCann &amp; Graham (who were both watching events take shape on the night itself.,comment,224,38,1,0,2,0,2,10,False,,False,4.0,4.0,5.0,1.0,outrage,bare_assertion,False
https://x.com/Hans_1966/status/1998701839349317767,Control,Hans66,Crimea Legitimately Part of Russia,"Crimea is Russian.

Ukraine lost that peninsula to Russia. The very peninsula didn't want to be a part of Ukraine, but be a part of Russia, instead.

Zelensky is a stubborn dickhead.",comment,182,32,1,0,0,0,2,10,False,,False,4.0,2.0,5.0,1.0,anger,emotional_appeal,False
https://x.com/stickwoman85669/status/1998754314840396239,Control,Stickwoman 13,Ukraine Controlled by Nazis,"@OANN @GeorgePapa19 Guaranteed once zielinski is taken out by Russia the next guy in line will cede the land especially the Donbas region, where the original conflict began when zelensky's Ukrainian Nazi army decided to kill anybody that spoke Russian.",comment,252,40,1,0,2,0,2,13,False,,False,4.0,3.0,5.0,2.0,anger,bare_assertion,False
https://x.com/KobaManitoba/status/1998717594090852659,Control,The Ghost of Chicken Kiev! 🇨🇦🇷🇺🇵🇸🇨🇳🌷🌷🌷,Russian Military Achieving Successful Operation,@BattlementLK The grandsons of those Soviet fighters are achieving Peace through Strength again as they grind down Ukrainian Nazis again inch by inch threw Donbass,comment,163,25,1,0,1,0,2,11,False,,False,4.0,2.0,5.0,2.0,pride,emotional_appeal,False
https://x.com/JimThom94025512/status/1998721776566550728,Control,Jim Thompson,NATO Expansion Provoked Russian Invasion,Starmer is absolutely determined for war with Russia and unfortunately the British people are brainwashed by the traditional media about the evils of Russia. They don’t have a clue that NATO has gone all out to push Russia into war with the constant eastward expansion and CIA backed coup in Ukraine in 2014.,comment,308,53,1,0,0,0,2,11,False,,False,4.0,3.0,5.0,3.0,outrage,emotional_appeal,False
https://x.com/Journalistadvic/status/1998741687892394042,Control,Journalist Advice,NATO Expansion Provoked Russian Invasion,"@CaolanReports The US wouldnt allow the Soviets in Cuba, and Russia won't allow NATO in Ukraine. If you don't understand this you're falling for emotional propaganda. 

You should be mad at your government for trying to force NATO expansion down Russia's throat, using Ukranians as cannon fodder",comment,295,47,1,0,1,0,2,13,False,,False,4.0,2.0,5.0,3.0,anger,emotional_appeal,True
https://x.com/JulieBoudicca/status/1998739332086005817,Control,Julie Boudicca,NATO Expansion Provoked Russian Invasion,@grok @amberdawn1786 @RepThomasMassie Ukraine should have not broken promises about attempting to join NATO. Russia was provoked by the threat of NATO bases on its border.,comment,171,26,1,0,3,0,2,12,False,,False,2.0,3.0,4.0,1.0,neutral,bare_assertion,False
https://x.com/sgril25/status/1998724488117235975,Control,SAGREDO,Russia Seeks Peaceful Conflict Resolution,"@NAFORaccoon Russia wants long lasting peace, not just ceasefire. Zelenskiy is trying to find a new excuse because he is losing on all front lines.",comment,147,25,1,0,1,0,2,12,False,,False,3.0,2.0,4.0,1.0,anger,bare_assertion,False
https://x.com/Profound_Meanin/status/1998739572583174504,Control,Profound Meaning,Russia Defending Against Western Aggression,@amuse You are right apart from Russia is not invading Europe. It’s protecting its borders like any sensible country would when the war mongering West ignore every warning it gave for over a decade. But the EU keep pushing this nonsensical narrative to further their agenda.,comment,274,46,1,0,1,0,2,13,False,,False,4.0,2.0,5.0,2.0,anger,bare_assertion,False
https://x.com/Retew_Boy/status/1998738544567693719,Control,Ретьюбой MQF 🇷🇺,Crimea Legitimately Part of Russia,"@MatthewHobson04 Crimea and the Donbas regions voted to leave The Ukraine, and join Russia, so Russian troops are on Russian territory. 

If UK troops step foot on Russian soil they will be eliminated.",comment,201,33,1,0,1,0,2,12,False,,False,4.0,3.0,5.0,3.0,anger,bare_assertion,False
https://x.com/cool_grandad/status/1998731332965323239,Control,CoolSocialistGrandad man of peace,West Orchestrated Ukraine Coup in 2014,"@paul_go18874 @Bricktop_NAFO It's a proxy war it didn't start in 2022,  2014 maidan coup instigated by America NATO 
https://t.co/yux0yUW7uu 
All wars are based on lies 

https://t.co/HK6Hoxdca3 https://t.co/l0rhe2YZNm",comment,218,27,1,0,2,1,2,12,True,photo,False,3.0,3.0,5.0,1.0,outrage,bare_assertion,False
https://x.com/sally_sneddon/status/1998726611638596032,Control,sally sneddon,West Orchestrated Ukraine Coup in 2014,Lavrov praises Trump’s understanding of Ukraine conflict causes. Is that a joke. The US knows damn well they are the people who caused and initiated this conflict. 2014 Bloody Maidan Coup. Broken promises of Minsk Agreement.  https://t.co/SGeQV1Lh8Y,post,249,37,0,0,0,1,2,12,False,,False,4.0,3.0,5.0,2.0,outrage,emotional_appeal,False
https://x.com/Sseeji/status/1998729999646364042,Control,Seeji Sundarakshan,West Orchestrated Ukraine Coup in 2014,"@ClarkeMicah ""Partly""?!

It was 100% West work - CIA instigated war in Chechnya, US instigated war (2008) in Georgia and we all know the 2014 coup in Ukraine...",comment,160,28,1,0,1,0,2,12,False,,False,4.0,3.0,5.0,2.0,outrage,bare_assertion,False
https://x.com/Hans_1966/status/1999021683714224232,Control,Hans66,West Orchestrated Ukraine Coup in 2014,"Do you think that the West can just take Ukraine? It took whole Ukraine, including the coup, but Russia took the eastern Russian speaking part.

Ukraine refused peace before Russia mentioned territorial demands (although Crimea joined Russia in 2014). So Ukraine is lying about its demands about the Donbass and Crimea.",comment,319,51,1,0,0,0,3,7,False,,False,3.0,3.0,4.0,1.0,anger,bare_assertion,False
https://x.com/NAVSkandalen/status/1998994876126658768,Control,NAV Skandalen,West Orchestrated Ukraine Coup in 2014,"@EU_Commission I remember energy was cheaper in Europe but got more expensive after the EU-supported Maidan coup in Ukraine then came Nordstream

Did the @EU_Commission ""war-game"" the consequences of supporting the Maidan coup?

Were the ""ISIS-style"" Ukrainian nationalists an EU idea? https://t.co/pqv2oRffh5",comment,309,42,1,0,2,1,3,5,True,photo,False,4.0,2.0,4.0,2.0,anger,emotional_appeal,False
https://x.com/SusanDe71711074/status/1998979746701664716,Control,SusanD🗣️🇺🇲We have our President back!,West Orchestrated Ukraine Coup in 2014,"@ArtbyLynn6 @Twillybits789 @BarackObama Per Nuland's testimony &amp; reports via BBC &amp; Ukranians, Obama &amp; his USS Victoria Nuland &amp; Soros &amp; Biden set up a coup in 2014 to overthrow Ukraine's elected president &amp; installed Zelinski to run it (he hasn't allowed election since then-2014; sounds like a dictator) &amp; ""new"" govt. https://t.co/Z0uxMpsrpi",comment,370,53,1,0,3,1,3,4,True,photo,False,4.0,4.0,5.0,2.0,outrage,bare_assertion,False
https://x.com/IssacCody32356/status/1999008589042589778,Control,Elkan Tamar,Color Revolutions are US-Backed Coups,"@SunTzusWar Well we all know the CIA took over Ukraine in 2014 in a color revolution.

So this is pretty obvious.",comment,113,21,1,0,1,0,3,6,False,,False,2.0,3.0,5.0,1.0,neutral,bare_assertion,False
https://x.com/alphonns/status/1998981695094272497,Control,alphonse,Ukraine Controlled by Nazis,"@SanderRegter 🇷🇺🇷🇺🇷🇺The desperate fight against its own past is hastening the rotten Kiev regime’s decay and collapse, and the Nazi rulers clinging to power will turn into ""the dust of history,"" with the Ukrainian people holding the Zelensky monsters accountable.",comment,263,40,1,0,1,0,3,5,False,,False,5.0,2.0,5.0,4.0,outrage,emotional_appeal,False
https://x.com/alphonns/status/1998982956376043657,Control,alphonse,Ukraine Controlled by Nazis,"@DrnBmbr 🇷🇺🇷🇺🇷🇺The desperate fight against its own past is hastening the rotten Kiev regime’s decay and collapse, and the Nazi rulers clinging to power will turn into ""the dust of history,"" with the Ukrainian people holding the Zelensky monsters accountable.",comment,258,40,1,0,1,0,3,5,False,,False,5.0,2.0,5.0,4.0,outrage,emotional_appeal,False
https://x.com/alphonns/status/1998983098831450131,Control,alphonse,Ukraine Controlled by Nazis,"@mog_russEN 🇷🇺🇷🇺🇷🇺The desperate fight against its own past is hastening the rotten Kiev regime’s decay and collapse, and the Nazi rulers clinging to power will turn into ""the dust of history,"" with the Ukrainian people holding the Zelensky monsters accountable.",comment,261,40,1,0,1,0,3,5,False,,False,5.0,2.0,5.0,4.0,outrage,emotional_appeal,False
https://x.com/forrester2/status/1998997769894420823,Control,D Forrester (A frog no more),Ukraine Persecutes Russian-Speaking Minorities,"Throughout Ukraine, a policy of violently eradicating Russian ethnic identity was pursued: the Russian language and culture were banned, and the Russian-speaking Orthodox Church was suppressed.",comment,193,26,1,0,0,0,3,6,False,,False,4.0,2.0,5.0,2.0,outrage,bare_assertion,False
https://x.com/ged_rice51522/status/1999025251439751475,Control,Ged Rice,West Spreads Anti-Russian Propaganda,"@Skep41 @AlternatNews Wrong Phil, this is the propaganda you are fed by our media.
Russia has a very strong economy.
Russia has never invaded Britain but if Britain keeps firing missiles into Russia, they may send some back.",comment,224,38,1,0,2,0,3,7,False,,False,3.0,2.0,5.0,3.0,anger,bare_assertion,False
https://x.com/DavidWu90767291/status/1998973639652421856,Control,David,NATO Expansion Provoked Russian Invasion,"@RepThomasMassie still exists and triggered Russia's brutal invasion of Ukraine due to its security concerns about NATO's eastward expansion. To end the Russia war against Ukrainian as quickly as possible, dissolving NATO might be a very good, quick, and most effective solution. 2/2",comment,283,43,1,0,1,0,3,4,False,,False,3.0,2.0,4.0,4.0,anger,bare_assertion,False
https://x.com/nikto20001/status/1999009876572516441,Control,Yowza,NATO Expansion Provoked Russian Invasion,"@mobbs_mentality You are full of excrement. After Russia escaped Communism they reached out in friendship...and the US spat in their face, marched NATO to their border and provoked a proxy war.",comment,193,31,1,0,1,0,3,6,False,,False,4.0,2.0,5.0,1.0,anger,emotional_appeal,False
https://x.com/Retew_Boy/status/1998953355033587920,Control,Ретьюбой MQF 🇷🇺,Crimea Legitimately Part of Russia,"@WW3finalboss1 Your map is slightly wrong. 

The citizens of the Crimea and the Donbas regions choose democratically to join Russia as is their right in law to do so. 

Those regions are therefore Russian, but yes, the remaining land belongs to The Ukraine.",comment,257,43,1,0,1,0,3,3,False,,False,2.0,3.0,5.0,1.0,neutral,bare_assertion,False
https://x.com/JohnMMacgregor/status/1999069316545699846,Control,John Macgregor (democracy redesign),NATO Expansion Provoked Russian Invasion,"As you sow, so do you reap.

Peace in Ukraine was undermined before the war—and several times since—by the West and Ukraine, after two decades of provocation. Avoiding these steps could have prevented it:

— 𝗕𝗿𝗲𝗮𝗸𝗶𝗻𝗴 𝘄𝗿𝗶𝘁𝘁𝗲𝗻 𝗮𝘀𝘀𝘂𝗿𝗮𝗻𝗰𝗲𝘀 𝘁𝗼 𝗚𝗼𝗿𝗯𝗮𝗰𝗵𝗲𝘃 𝗻𝗼𝘁 𝘁𝗼 𝗲𝘅𝗽𝗮𝗻𝗱 𝗡𝗔𝗧𝗢 𝗲𝗮𝘀𝘁𝘄𝗮𝗿𝗱 (𝗶𝘁 𝗴𝗿𝗲𝘄 𝘁𝗼 𝟭𝟯 𝗰𝗼𝘂𝗻𝘁𝗿𝗶𝗲𝘀, 𝗿𝗶𝗴𝗵𝘁 𝘂𝗽 𝘁𝗼 𝗥𝘂𝘀𝘀𝗶𝗮’𝘀 𝗯𝗼𝗿𝗱𝗲𝗿).

— 𝗧𝗵𝗲 𝗨𝗦-𝗯𝗮𝗰𝗸𝗲𝗱, 𝗨𝗦-𝗳𝘂𝗻𝗱𝗲𝗱 𝗰𝗼𝘂𝗽 𝗶𝗻 𝟮𝟬𝟭𝟰 𝘁𝗵𝗮𝘁 𝗼𝘂𝘀𝘁𝗲𝗱 𝗮 𝗱𝗲𝗺𝗼𝗰𝗿𝗮𝘁𝗶𝗰𝗮𝗹𝗹𝘆 𝗲𝗹𝗲𝗰𝘁𝗲𝗱 𝗨𝗸𝗿𝗮𝗶𝗻𝗶𝗮𝗻 𝗹𝗲𝗮𝗱𝗲𝗿…

— Which triggered resistance in eastern Ukraine against the new government, leading to military strikes on the pro-Russia east (over 2,000 killed), setting the stage for Russia’s invasion.

— 𝗧𝗵𝗲 𝗖𝗜𝗔 𝘀𝘂𝗽𝗽𝗼𝗿𝘁𝗶𝗻𝗴 𝗨𝗸𝗿𝗮𝗶𝗻𝗲’𝘀 𝗕𝗮𝗻𝗱𝗲𝗿𝗶𝘀𝘁𝘀 (𝗡𝗮𝘇𝗶𝘀).

— 𝗡𝗔𝗧𝗢 𝘁𝗿𝗮𝗶𝗻𝗶𝗻𝗴 𝗨𝗸𝗿𝗮𝗶𝗻𝗲’𝘀 𝗺𝗶𝗹𝗶𝘁𝗮𝗿𝘆 𝗳𝗿𝗼𝗺 𝟮𝟬𝟭𝟱 𝘁𝗼 𝟮𝟬𝟮𝟮.

— 𝗧𝗵𝗲 𝗖𝗜𝗔 𝗳𝗶𝗻𝗮𝗻𝗰𝗶𝗻𝗴, 𝗯𝘂𝗶𝗹𝗱𝗶𝗻𝗴, 𝘁𝗿𝗮𝗶𝗻𝗶𝗻𝗴 & 𝗼𝗽𝗲𝗿𝗮𝘁𝗶𝗻𝗴 𝗯𝗮𝘀𝗲𝘀 𝗶𝗻 𝗨𝗸𝗿𝗮𝗶𝗻𝗲 𝗳𝗼𝗿 𝗰𝗼𝘃𝗲𝗿𝘁 𝗮𝗰𝘁𝗶𝗼𝗻𝘀 𝗮𝗴𝗮𝗶𝗻𝘀𝘁 𝗥𝘂𝘀𝘀𝗶𝗮.

— 𝗧𝗵𝗲 𝗮𝗰𝗸𝗻𝗼𝘄𝗹𝗲𝗱𝗴𝗲𝗱 𝗮𝗶𝗺 (𝗽𝗲𝗿 𝗠𝗮𝗿𝗰𝗼 𝗥𝘂𝗯𝗶𝗼) 𝗼𝗳 𝘁𝗵𝗶𝘀 𝗰𝗼𝗻𝗳𝗹𝗶𝗰𝘁 𝗮𝘀 𝗮 𝗪𝗲𝘀𝘁𝗲𝗿𝗻 ‘𝗽𝗿𝗼𝘅𝘆 𝘄𝗮𝗿’ 𝘁𝗼 𝘄𝗲𝗮𝗸𝗲𝗻 𝗥𝘂𝘀𝘀𝗶𝗮.

— 𝗧𝗵𝗲 𝗽𝗼𝘀𝘁-𝟮𝟬𝟭𝟰 𝗴𝗼𝘃𝗲𝗿𝗻𝗺𝗲𝗻𝘁 𝗶𝗻𝘁𝗲𝗴𝗿𝗮𝘁𝗶𝗻𝗴 𝘁𝗵𝗲 𝗡𝗮𝘇𝗶 𝗔𝘇𝗼𝘃 𝗕𝗮𝘁𝘁𝗮𝗹𝗶𝗼𝗻 𝗶𝗻𝘁𝗼 𝘁𝗵𝗲 𝗻𝗮𝘁𝗶𝗼𝗻𝗮𝗹 𝗮𝗿𝗺𝘆, 𝗮𝘁𝘁𝗿𝗮𝗰𝘁𝗶𝗻𝗴 𝗳𝗮𝘀𝗰𝗶𝘀𝘁 𝗿𝗲𝗰𝗿𝘂𝗶𝘁𝘀 𝗴𝗹𝗼𝗯𝗮𝗹𝗹𝘆.

— 𝗨𝗦 𝗮𝗱𝘃𝗶𝘀𝗼𝗿𝘀 𝗲𝗺𝗯𝗲𝗱𝗱𝗲𝗱 𝗶𝗻 𝟭𝟮 𝗨𝗸𝗿𝗮𝗶𝗻𝗶𝗮𝗻 𝗺𝗶𝗻𝗶𝘀𝘁𝗿𝗶𝗲𝘀 𝗽𝗼𝘀𝘁-𝗰𝗼𝘂𝗽, 𝘀𝗽𝗲𝗻𝗱𝗶𝗻𝗴 $𝟮𝟲𝟲 𝗺𝗶𝗹𝗹𝗶𝗼𝗻 𝘁𝗼 𝘁𝗿𝗮𝗶𝗻 𝘀𝗼𝗹𝗱𝗶𝗲𝗿𝘀 𝗮𝗻𝗱 𝗽𝗿𝗼𝘃𝗼𝗸𝗲 𝗥𝘂𝘀𝘀𝗶𝗮.

— 𝗨𝗸𝗿𝗮𝗶𝗻𝗲’𝘀 𝗮𝘁𝘁𝗮𝗰𝗸𝘀 𝗼𝗻 𝗥𝘂𝘀𝘀𝗶𝗮𝗻 𝗰𝗶𝘃𝗶𝗹𝗶𝗮𝗻𝘀 𝗶𝗻 𝘁𝗵𝗲 𝗲𝗮𝘀𝘁 (𝗼𝗳𝘁𝗲𝗻 𝗿𝗲𝗽𝗮𝗰𝗸𝗮𝗴𝗲𝗱 𝗯𝘆 𝗪𝗲𝘀𝘁𝗲𝗿𝗻 𝗺𝗲𝗱𝗶𝗮 𝗮𝘀 𝗥𝘂𝘀𝘀𝗶𝗮𝗻 𝗮𝗴𝗴𝗿𝗲𝘀𝘀𝗶𝗼𝗻).

— 𝗕𝗮𝗻𝗻𝗶𝗻𝗴 𝘁𝗵𝗲 𝗥𝘂𝘀𝘀𝗶𝗮𝗻 𝗹𝗮𝗻𝗴𝘂𝗮𝗴𝗲 𝗶𝗻 𝗲𝗮𝘀𝘁𝗲𝗿𝗻 𝗨𝗸𝗿𝗮𝗶𝗻𝗲.

— 𝗨𝗸𝗿𝗮𝗶𝗻𝗲 𝗰𝗼𝗺𝗽𝗶𝗹𝗶𝗻𝗴 𝗮𝘀𝘀𝗮𝘀𝘀𝗶𝗻𝗮𝘁𝗶𝗼𝗻 𝗹𝗶𝘀𝘁𝘀 𝗳𝗼𝗿 𝗰𝗿𝗶𝘁𝗶𝗰𝗮𝗹 𝗪𝗲𝘀𝘁𝗲𝗿𝗻 𝗷𝗼𝘂𝗿𝗻𝗮𝗹𝗶𝘀𝘁𝘀 (𝗻𝗼 𝗨𝗦𝗚 𝗿𝗲𝘀𝗽𝗼𝗻𝘀𝗲).

— 𝗦𝗶𝗴𝗻𝗶𝗻𝗴 𝘁𝗵𝗲 𝗠𝗶𝗻𝘀𝗸 𝗮𝗰𝗰𝗼𝗿𝗱𝘀 ‘𝗷𝘂𝘀𝘁 𝘁𝗼 𝗯𝘂𝘆 𝘁𝗶𝗺𝗲’ (𝗔𝗻𝗴𝗲𝗹𝗮 𝗠𝗲𝗿𝗸𝗲𝗹).

— 𝗔𝗯𝗮𝗻𝗱𝗼𝗻𝗶𝗻𝗴 𝘁𝗵𝗲 𝗠𝗶𝗻𝘀𝗸 𝗮𝗰𝗰𝗼𝗿𝗱𝘀 𝗼𝗻𝗰𝗲 𝗨𝗸𝗿𝗮𝗶𝗻𝗲 𝗿𝗲-𝗮𝗿𝗺𝗲𝗱.

— 𝗨𝗻𝗱𝗲𝗿𝗺𝗶𝗻𝗶𝗻𝗴 𝘁𝗵𝗲 𝗜𝘀𝘁𝗮𝗻𝗯𝘂𝗹 𝗽𝗲𝗮𝗰𝗲 𝘁𝗮𝗹𝗸𝘀 𝗮𝗳𝘁𝗲𝗿 𝘁𝗵𝗲 𝗶𝗻𝘃𝗮𝘀𝗶𝗼𝗻.

“𝑻𝒉𝒆 𝑾𝒆𝒔𝒕 𝒊𝒔 𝒍𝒆𝒂𝒅𝒊𝒏𝒈 𝑼𝒌𝒓𝒂𝒊𝒏𝒆 𝒅𝒐𝒘𝒏 𝒕𝒉𝒆 𝒑𝒓𝒊𝒎𝒓𝒐𝒔𝒆 𝒑𝒂𝒕𝒉 𝒂𝒏𝒅 𝒕𝒉𝒆 𝒆𝒏𝒅 𝒓𝒆𝒔𝒖𝒍𝒕 𝒊𝒔 𝑼𝒌𝒓𝒂𝒊𝒏𝒆 𝒊𝒔 𝒈𝒐𝒊𝒏𝒈 𝒕𝒐 𝒈𝒆𝒕 𝒘𝒓𝒆𝒄𝒌𝒆𝒅.”

— Prof John Mearsheimer, 2015 (Which is ten years ago now.)

All of this traces back to state capture in the West.

Our outdated constitutions—drafted before political contributions and media monopolies—fail to detect the mechanisms of that capture. They cannot ‘see’ the present world of wholesale political bribery & monopoly media.

Simply put, Western politicians are paid to pursue war, and the media’s role is to shield them.

*From The Mechanics of Changing the World: Political Architecture to Roll Back State & Corporate Power. (Constitutional structures to oligarch-proof our societies.)

https://t.co/St9vZN6uRo

#ThirdDraftDemocracy #GeopoliticalReform #AntiWar",comment,2402,361,1,3,0,1,3,10,False,,False,4.0,4.0,5.0,2.0,anger,narrative_storytelling,False
https://x.com/StateAhead/status/1999045479024545893,Control,StayAhead,NATO Expansion Provoked Russian Invasion,"#NATO 
@GunterFehlinger 

One of the many defacto fascist and proud proponents of NATO expansion (the very reason for the #UkraineRussiaWar️ )

He also proudly suported 78 days of NATO bombing of Belgrade, #Serbia 

Pumped-up, brainwashed neo-con..",post,248,36,0,3,1,0,3,9,False,,True,4.0,3.0,5.0,1.0,outrage,emotional_appeal,False
https://x.com/KateEmerson88/status/1999045806528381250,Control,Kate Emerson 🇵🇸 🔻,NATO Expansion Provoked Russian Invasion,"I am a vaxxer, wear a mask and i follow the Covid science. But i know that NATO did put Russia in an invidious position that Russia warned years ago it would not tolerate. And shame on you for supporting the Jewish supremacist Zelensky while trying to link anti-Ukraine feeling to Covid denial. You are disgsting.",comment,313,56,1,0,0,0,3,9,False,,False,5.0,2.0,5.0,2.0,outrage,emotional_appeal,False
https://x.com/walsh_kirk91371/status/1999046589030232288,Control,Kirk Walsh II,West Orchestrated Ukraine Coup in 2014,"@johnsweeneyroar Why has the British army stationed troops in Ukraine since before the war started in 2014? Because they are support to MI6 who along with the CIA overthrew the government in Kiev in a Coup d’Etat! Atrocities like Bucha, Kursk, Yelenkova etc all bear the hallmarks of MI6!!",comment,289,49,1,0,1,0,3,9,False,,False,4.0,3.0,5.0,2.0,outrage,bare_assertion,False
https://x.com/CarlAFez/status/1999040002076872914,Control,CarlAFez,West Orchestrated Ukraine Coup in 2014,Apparently Euroclear will be sued in Asia and is expected to lose. Trust in Europe financial organisations will also be lost forever. NATO lied and expanded and expanded until Russia pushed back after the US sponsored Maidan coup. Now Europe has gone all-in and is losing. Europe is about to lose even more.,comment,307,53,1,0,0,0,3,8,False,,False,4.0,2.0,5.0,3.0,outrage,bare_assertion,False
https://x.com/KJanoski50502/status/1999111889117225259,Control,Kathleen Janoski,West Orchestrated Ukraine Coup in 2014,"Graham was in Ukraine with Songbird McCain, Amy Klobachur, and war pig Victoria Nuland, overthrowing the democratically elected government in Ukraine.
Millions of dead Ukrainians and Russians are the result.
Should be charged with war crimes.",post,242,36,0,0,0,0,3,13,False,,True,5.0,3.0,5.0,3.0,outrage,emotional_appeal,True
https://x.com/She_Politicske/status/1999073700914897281,Control,SHE_POLITICS,West Orchestrated Ukraine Coup in 2014,@grok @lightning_369 @ivan_8848 Did the US not stage the coup that deposed the leader of Ukraine to install Zelensky? Did Biden not hive Zelensky missiles to attack Russia. Did NATO not promise Gorbachev no eastward expansion?,comment,226,36,1,0,3,0,3,11,False,,False,4.0,3.0,5.0,2.0,outrage,bare_assertion,False
https://x.com/1841960akis/status/1999099887221084430,Control,Megarian 1960,West Broke Promises About NATO,"@Alex_Oloyede2 Russians are so naive. They keep trusting the West and they always get betrayed. Molotov agreement, no NATO expansion , Minsk 1,2 and now again peace deal with Kiev,Harkov, Odessa in enemy hands. Really? Stupidity ? Treason ? https://t.co/ZPUoBzJAzx",comment,264,40,1,0,1,1,3,12,False,,False,4.0,3.0,5.0,3.0,outrage,emotional_appeal,False
https://x.com/KenobiObi69370/status/1999086139224068132,Control,Obi-jon Kenobi,Russia Defending Against Western Aggression,"@HavryshkoMarta You're missing the point: Russia didn't start this war, they reacted to the provocation of Western powers pushing NATO expansion, CIA bases, illegal coups, and World Bank membership. 

And their kinfolk were under attack and Crimea bases threatened.",comment,265,39,1,0,1,0,3,11,False,,False,3.0,2.0,5.0,2.0,anger,bare_assertion,False
https://x.com/moscow__calling/status/1999111984155910534,Control,Moscow calling,Crimea Legitimately Part of Russia,"❗️Moscow hopes that Poland is aware that politicized actions, such as the detention of a Russian scientist for his work in Crimea, have no prospects and will not go without consequences, Maria Zakharova stated.

""Polish judicial authorities made the decision to detain based on an international arrest warrant issued by the Ukrainian authorities. The Russian scientist is accused by the Kyiv regime of 'destroying cultural heritage' while conducting archaeological excavations in Crimea, which, we recall, is an integral part of the Russian Federation,"" the message said.

The official representative of the Russian Foreign Ministry noted that representatives of the Russian Embassy in Warsaw have visited the scientist, a representative of the Hermitage, Alexander Butyagin, and are in contact with his lawyer, who is appealing the court's decision on temporary arrest.

📌 Earlier, Polish media reported the detention in Warsaw, at Ukraine's request, of Russian scientist Butyagin for conducting ""illegal archaeological searches in Crimea."" After detention, the man was interrogated at the District Prosecutor's Office in Warsaw. The court granted the motion and ordered him to be held in custody for 40 days. Ukraine is preparing an extradition request.",post,1255,188,0,0,0,0,3,13,True,photo,False,4.0,4.0,5.0,3.0,outrage,bare_assertion,False
https://x.com/Mehgretnernav/status/2000047590826729915,Control,Cliff,NATO Expansion Provoked Russian Invasion,"@StandUpForFact A……FUCK YES  it has to end now to many dead and for what the expansion 
Of NATO ?? Really why the Victoria Nuland color revolution ?. And the EU lusting after Russian massive natural resources oh the rebellious CIA I never voted for them or their co-opted false authority ‼️🖕🖕",comment,292,51,1,0,1,0,6,3,False,,False,5.0,3.0,5.0,4.0,outrage,emotional_appeal,False
https://x.com/TomBoyles10/status/2000048309625594040,Control,Tom Boyles,NATO Expansion Provoked Russian Invasion,"The obvious solution was not to expand NATO.  Let’s recap what we know . 
1989 sees the end of the Warsaw pack
1990 welcomes the reunification of Germany and U.S. Secretary of State James Baker’s famous “not one inch eastward” assurance about NATO expansion in his meeting with Soviet leader Mikhail Gorbachev on February 9, 1990
1999 Hungary, Poland, Czechia join NATO
2004 Bulgaria, Estonia, Romania Slovakia, Latvia , Lithuania join NATO
2009 Croatia,  Albania join NATO
2013 The Ukraine Governments official position is not to join NATO
2014 US State Department and CIA fund $5B successful coup of the Democratically elected Ukraine government 
2016 Donald J. Trump becomes the 45th President of the US
2016-2020 US experiences 4 years with no new wars
2017 Montenegro joins NATO
2019 Zelenskyy is elected president and is pro NATO if supported by a referendum form his citizens 
2020 North Macedonia joins NATO 
2020 President Biden is elected as the 46th President 
2022 One week before Russia invades vice president Harris pushes for Ukraine to become part of NATO 
2022 Russia invades Ukraine over threat to join NATO and claims that Ukraine government has been attacking its own citizens in the Donbas region 
2022 Early into the war Boris Johnson meets with Zelenskyy and pressures him not to negotiate on peace with President Putin
2023 Finland joins NATO 
2024 Sweden joins NATO
2022-2024 President Zelinsky consolidates all media outlets into a single state run media and he bands all religious organizations with ties to the Russian Orthodox Church, he also postpones elections multiple times. 
2025 President Trump takes office and immediately calls for a ceasefire and peace negotiations in Ukraine

And a lot of weapons manufacturers saw massive profits",post,1770,286,0,0,0,0,6,3,False,,True,2.0,5.0,4.0,1.0,neutral,evidence_based,False
https://x.com/LibertasMetus/status/2000062278377283732,Control,Eugene van Dyk,West Orchestrated Ukraine Coup in 2014,"@stevenrbrandt @NotFarLeftAtAll Continuous eastern expansion by NATO threatens Russia. Secondly, the 2014 coup was supported by the West and resulted in anti-Russian leadership. Have a look into the Ukrainian military's ongoing aggression towards their own Russian speaking citizens in Donbad since then.",comment,304,42,1,0,2,0,6,4,False,,False,3.0,2.0,4.0,2.0,anger,bare_assertion,False
https://x.com/siillvveer22/status/2000068023127052331,Control,SILVER,West Orchestrated Ukraine Coup in 2014,"@1ainTro11sBots @frontlinekit More like the phone call in which they discussed who was ""their man"" to hijack Ukraine after the CIA Coup d'état in Ukraine in 2014, using extremist elements like Banderite nazis to overthrow the government.

Go get a clue 🤨",comment,254,42,1,0,2,0,6,4,False,,False,4.0,3.0,5.0,2.0,outrage,bare_assertion,True
https://x.com/uncoverups/status/2000148622000713872,Control,uncoverups,West Orchestrated Ukraine Coup in 2014,"@DakdaR22 Absolutely not! This whole tragic situation began with Victoria Nuland during Obama, instigating a coup in Ukraine, so another NATO expansion could occur-whitewash through the proxywar-exploit of minerals. How did 🇺🇸 react when USSR put missiles on 🇨🇺? Exactly!",comment,271,40,1,0,1,0,6,10,False,,False,4.0,3.0,5.0,2.0,outrage,bare_assertion,False
https://x.com/WarHunter2222/status/2000138844256051353,Control,Z.O.V Military,Russian Military Achieving Successful Operation,"Analyzing the positions of the Ukrainian Nazis🔥
🎮Operators of unmanned systems of the 123rd brigade🇷🇺 destroyed the control point of Ukrainian nationalists' UAVs west of Seversk with the help of FPV drones💥💥💥 https://t.co/OxYxvTHsuN",post,232,33,0,0,0,1,6,9,True,photo,False,4.0,3.0,5.0,2.0,pride,emotional_appeal,False
https://x.com/mrSatias/status/2000141570960719990,Control,M Silvennoinen 🇬🇱 🇵🇦 🇨🇦,Russia Seeks Peaceful Conflict Resolution,@WW3finalboss1 Russia wants peace based on its core demands that solve the root causes of the war. It is not going to accept a new Minsk-agreement that would only mean Ukraine being prepared for a new war and no lasting peace. Ukraine still rejects Russia's core demands.,comment,271,47,1,0,1,0,6,9,False,,False,2.0,2.0,4.0,2.0,neutral,bare_assertion,False
https://x.com/starrshine369/status/2000095597039071591,Control,Elizabeth Starr Miller,NATO Expansion Provoked Russian Invasion,@LeeHurstComic Russia doesn’t want any fucking thing to do with the UK or EU he’s got plenty of land. He also doesn’t want to be fucking provoked and have NATO knocking on his door and how every fucking treaty and accord that he signs be broken and violated and then he returned to the bad guy.,comment,294,56,1,0,1,0,6,6,False,,False,4.0,2.0,4.0,2.0,anger,emotional_appeal,False
https://x.com/JaapTbm1/status/2000120519199273140,Control,Jaap,NATO Expansion Provoked Russian Invasion,"@InfoAgeStrategy The western foreign policy is based on nothing but lies. NATO provoked Russia and Russia reacted like any serious country would have done and now the Russians are the agressor. No, let’s continue killing a generation of young people on both sides for a bunch of dirty politicians",comment,296,49,1,0,1,0,6,8,False,,False,4.0,2.0,5.0,3.0,anger,emotional_appeal,False
https://x.com/Lyndonx/status/2000157958160712115,Control,Lyndon Wood ✌️👽🙏,NATO Expansion Provoked Russian Invasion,"NATO expansion which was against the MINSK agreement, was the cause of Russia / Ukraine war.

It’s by design for the war mongering EU fools. 

Proximate Cause - what started the sequence of events. There you have the answer. 

It’s never what is directly in front of you today. It’s built up over a decade or two. Look back, stop being misled.",post,343,62,0,0,0,0,6,10,False,,False,4.0,2.0,5.0,3.0,anger,bare_assertion,True
https://x.com/DuranFanGermany/status/2000158619120136525,Control,Politik_International,Sanctions Ineffective Against Russia,"HELL NO - Europe is risking its financial credibility, its legal system, and its industrial base—and acting as if all of this would weaken Moscow. In reality, it is strengthening BRICS infrastructures, exacerbating the global supply crisis, and dividing the EU from within. Those who want peace negotiate realistically (security architecture, neutrality models, staggered sanctions with clear exit criteria) – instead of selling legal self-destruction as a strength.",comment,466,68,1,0,0,0,6,10,False,,False,4.0,2.0,5.0,4.0,anger,emotional_appeal,False
https://x.com/H12373Donald/status/2000177169381958114,Control,Winston Smith RM 101,West Prolonging Conflict for Profit,@yasminalombaert When they bring Nikki Haley out then you know that the deep state is nervous.  The last thing that they want is an end to the war in the Ukraine.  US politicians would lose their kick backs and the military industrial complex would lose $$.,comment,257,46,1,0,1,0,6,12,False,,False,4.0,2.0,5.0,2.0,anger,bare_assertion,False
https://x.com/MihailovicGagi/status/2000201931415851385,Control,Gagi Mihailovic,Ukraine Controlled by Nazis,"@TaiwanFreedom89 Taiwan is CHINA
Zelensky is a puppet of a Nazi regime",comment,70,12,1,0,1,0,6,13,False,,False,4.0,2.0,5.0,1.0,outrage,bare_assertion,False
https://x.com/Alex_Oloyede2/status/2000183428495614156,Control,Spetsnaℤ 007 🇷🇺,West Orchestrated Ukraine Coup in 2014,"EU leaders talking about how appeasing Russia could lead to a world war, but no, it's the other way around, Russia being too lenient.

> Letting the Baltics join NATO
> Letting US NGOs operate in Ukraine
> The Maidan coup
> Biolab on our border
> Genocide of ethnic Russians
> Minsk agreements

We went in too late and it has cost us alot. If we didn't intervene, one can't imagine what it would have led to. Give the globalists an inch and they jump a mile.",post,458,88,0,0,0,0,6,12,False,,False,4.0,3.0,5.0,4.0,anger,emotional_appeal,False
https://x.com/DietHeartNews/status/2000204309942706185,Control,Alan Watson,West Orchestrated Ukraine Coup in 2014,"@JPLindsley After Obama's 2014 coup in Kiev, toppling the democratically elected government, NATO-armed #Ukraine began shelling and sniping ethnic Russians in the Donbass, including children. [Photo: Memorials to the Russian children killed by NATO-armed Ukraine and neo-Nazi thugs.] https://t.co/S2UITVVk9x",comment,307,39,1,1,1,1,6,14,True,photo,False,5.0,3.0,5.0,2.0,outrage,emotional_appeal,False
https://x.com/lula_leftist/status/2000174759095550077,Control,🇵🇸🇨🇺🇧🇫🇿🇦 White EFF Fighter,West Orchestrated Ukraine Coup in 2014,"It was provoked by NATO, and the US doubled down after Putin's Munich speech in 2007 with the 2014 violent coup followed by the alleged Donbass genocide, attacking civilians, Russian language and Orthodox Church, ignoring Minsk-2 and Russia's December 2021 ultimatum

🖼️ Odessa fire — NBC",comment,288,46,1,0,0,0,6,12,True,photo,False,4.0,3.0,5.0,2.0,outrage,bare_assertion,False
https://x.com/ComfortEagle1/status/2000200152213057957,Control,Comfort Eagle,West Orchestrated Ukraine Coup in 2014,"She confirms what diplomat Jeffrey Sachs has been saying since day one:

1. In 2014, the US government engaged in a color revolution in Ukraine to install a pro NATO regime.

2. NATO, the EU, and the Biden administration, sabotage peace talks between Ukraine and Russia just prior to open hostilities breaking out.

Sachs had a seat at the table and saw it all firsthand.

His conversation with Jake Sullivan just before the war broke out is a real eye-opener.",comment,460,80,1,0,0,0,6,13,True,photo,False,4.0,4.0,5.0,2.0,outrage,narrative_storytelling,False
https://x.com/agesileos/status/2000192273166831778,Control,Agesileos,Russia Seeks Peaceful Conflict Resolution,"@ocean70707 @D4nciingQueen @DanielLDavis1 This doesn't prove Russia doesn't want a peace deal. Russia has said no cease fires till a peace deal is agreed. It said no peace deal will be agreed unless ""root causes"" are addressed. So Russia wants peace but on its terms which so far the west failed to acknowledge.",comment,311,53,1,0,3,0,6,13,False,,False,2.0,3.0,4.0,2.0,neutral,bare_assertion,False
https://x.com/BillDunblane/status/2000165078981808365,Control,Bill Cowan 🍒🏴󠁧󠁢󠁳󠁣󠁴󠁿🇦🇺,Russia Defending Against Western Aggression,"@pikobi1 @AnnieGlen11 @QuinanLloyd @theSNP Russia is defending itself from NATO encroachment on its borders.

You are not old enough to remember the Cuban crisis in 1962. 

The US invaded Cuba for very similar reasons, and still holds part of it. 

#Gitmo",comment,255,41,1,1,4,0,6,11,False,,False,3.0,3.0,4.0,2.0,anger,narrative_storytelling,False
https://x.com/d1rogue/status/2000191254647206156,Control,audge,NATO Expansion Provoked Russian Invasion,"@finbarmcd @dlLambo To put it in its simplest form, Russia had 3 aims in its special operation in Ukraine. Deal with the provocative nato expansion/protect its border, deal with the American driven rise of nazism and save the ethnic Russians preserving their identity in the process",comment,282,46,1,0,2,0,6,13,False,,False,3.0,2.0,4.0,2.0,other,bare_assertion,False
https://x.com/ApexPredatonDCT/status/2000201491408155046,Control,Apex PredaꘜTON (DCT),West Broke Promises About NATO,"Yeah course they do.

Not word of mouth peace, they want it iron clad on paper signed on a dotted line. 

Last word of mouth agreement with nato resulted in them expanding eastwards with +14 countries until they tried the final no15 which was right on the Russian border.

Absolute sheer stupidity from nato.",comment,308,54,1,0,0,0,6,13,False,,False,4.0,3.0,5.0,2.0,outrage,emotional_appeal,False
https://x.com/ConservTreeHggr/status/2000434410441814332,Control,Conservative Tree-Hugger MA ED,West Orchestrated Ukraine Coup in 2014,Left out the part about the US (CIA) launching a coup in 2014 to oust the legitimately-elected government of Ukraine and installing a puppet regime. This took place shortly after the then leader of Ukraine wanted to nationalize their oil and gas. Well you can imagine the Chevrons and Haliburtons of the world didn't like this so they had the CIA oust the leadership.,comment,367,64,1,0,0,0,0,5,False,,False,4.0,3.0,5.0,1.0,outrage,narrative_storytelling,False
https://x.com/Healey2405/status/2000449596351533196,Control,Leonardus,West Orchestrated Ukraine Coup in 2014,@Mylovanov Ukraine started the war by attacking its own citizens in Donbass in 2014 after the nationalists and neonazi’s got in power  with the US CIA 2014 directed Maidan coup.,comment,177,30,1,0,1,0,0,6,False,,False,4.0,3.0,5.0,1.0,outrage,bare_assertion,False
https://x.com/phat3lvis/status/2000410097281863958,Control,Phat3lvis,West Orchestrated Ukraine Coup in 2014,"Because the US sponsored a color revolution in Ukraine, installed its puppets, and initially provoked Russia on a security issue that they have said was a red line for decades.  So, Zelinsky has no other choice but to suspend elections and continue fighting, because otherwise he is deadman walking forever looking over his shoulder for two Russian ""tourists"" with a polonium pill in their pocket.",comment,397,65,1,0,0,0,0,3,False,,False,4.0,3.0,5.0,3.0,outrage,narrative_storytelling,False
https://x.com/madame_moyen/status/2000429147693203797,Control,Madame Moyen,Ukraine Controlled by Nazis,"You must be kidding! The IS started the war in 2014 with the Maidan coup by CIA, John McCain and Victoria Nuland who encouraged the Nazibanderists of Kiev to bomb the Donbass in order to destabilise Russia hoping for a regime change ! A new US failure! On demand of rescue of the Donbass, Russia intervened with its special operations to disarm the nazi Kiev regime and put an end to these nazis ! This is the roots of the conflict! Ignorants like you or wanting to be ignorant are prolonging the war and kill useless Ukrainians ! You are complicit of war crimes and crimes against humanity!",comment,591,108,1,0,0,0,0,4,False,,False,5.0,4.0,5.0,4.0,outrage,emotional_appeal,True
https://x.com/DarrylK22404230/status/2000434566905864631,Control,Darryl K,Russia Defending Against Western Aggression,"@Brad76_ @mog_russEN Brad , why do you say that. Russia is only defending itself against NATO / US aggression.",comment,110,19,1,0,2,0,0,5,False,,False,2.0,2.0,4.0,1.0,neutral,bare_assertion,False
https://x.com/JasnicSlobodan/status/2000426925395738960,Control,Slobodan Jasnic,Protecting Ethnic Russians in Donbas,"@anders_aslund Emiditrlly after coup de'ettat Nazi orgies on Maidan Square in 2014, regim in Kiev startet terrorised bombed own citizens in northeastern sutheaster Ukraine murderd ten of thousands long before Russia entred Ukraine, to protect millons russians population.",comment,271,38,1,0,1,0,0,4,False,,False,4.0,2.0,5.0,3.0,outrage,bare_assertion,False
https://x.com/MaryMcgivern7/status/2000474988152062108,Control,lil lamb,Ukraine Persecutes Russian-Speaking Minorities,@grantshapps If it did act for the people the land would go back to Russia as thats what the local people want. Despite being bombed by the Ukriane in 2014. They bombed their own people and banned them speaking Russian. Fish bowl mentality when so many remember the hole story,comment,276,50,1,0,1,0,0,7,False,,False,4.0,2.0,4.0,1.0,outrage,bare_assertion,False
https://x.com/Peter_Suer/status/2000494585781580111,Control,Peter Suer,Russia Defending Against Western Aggression,"@DonaldTrumpnq I like Putin he has every right to defend Russia against the NATO eastward expansion, against the Marxist-green-satanic globalists",comment,145,20,1,0,1,0,0,9,False,,False,4.0,2.0,5.0,3.0,anger,emotional_appeal,False
https://x.com/JulesLepo66146/status/2000494272043217074,Control,jules Lepo,Russia Seeks Peaceful Conflict Resolution,@EmmanuelMacron @ZelenskyyUa Stop lying! Russia wants peace on fair terms. It's the EU that wants to maintain the war to continue their massive money swindle! You're a criminal!,comment,177,28,1,0,2,0,0,9,False,,False,5.0,2.0,5.0,3.0,outrage,emotional_appeal,False
https://x.com/mauduitf/status/2000513062131167457,Control,mauduitf ☮️ 🇵🇸,NATO Expansion Provoked Russian Invasion,"@provemewrong411 Ukraine was a sacrified pawn in the US strategy to weaken Russia. in 98 Kennan warned about NATO expansion that would trouble with Russia. Georgia went to war in 2008, Ukraine in 2022. Neutral Ukraine was viable, NATO meant war. The Rand corporation analyzed it in april 2019 https://t.co/KPzLzuj12I",comment,316,50,1,0,1,1,0,10,True,photo,False,3.0,4.0,5.0,2.0,anger,evidence_based,False
https://x.com/cubaduda/status/2000495324826067415,Control,Brian Cousins,NATO Expansion Provoked Russian Invasion,"@BamaStephen @WW3finalboss1 And you are a monkey's ass, clearly knowing nothing as to how &amp; why US-led NATO (the Biden gang) provoked this war against Russia, happily using the blood of Ukraine. Study recent history before uttering nonsense. Does the word 'ignorance' resonate with you?",comment,290,45,1,0,2,0,0,9,False,,False,5.0,2.0,5.0,2.0,outrage,emotional_appeal,True
https://x.com/cipollina60/status/2000491173027180561,Control,Teresa 💜🌈 ||*||,NATO Expansion Provoked Russian Invasion,"@McFaul Well, I would say it's a war of Western expansionist imperialism and NATO against Russia, convinced that you could bring it down. It went wrong, it's time you recognized it and stopped sending Ukrainians to their deaths.",comment,228,38,1,0,1,0,0,9,False,,False,4.0,2.0,4.0,3.0,anger,emotional_appeal,True
https://x.com/Punkbudgie_/status/2000512683091939832,Control,Punkbudgie,NATO Expansion Provoked Russian Invasion,"When they say the quiet part out loud - ""The reason nations are part of NATO is because they don't want to be attacked by Russia"".

NATO's expansion eastward was an on purpose provocation to Russia in the first place, they knew it, they planned it, and now their WW3 push is done! https://t.co/ZN6nhCbVIw",post,304,54,0,0,0,1,0,10,True,photo,True,4.0,2.0,5.0,4.0,outrage,emotional_appeal,False
https://x.com/Physkons/status/2000501595327332651,Control,Albedo42,NATO Expansion Provoked Russian Invasion,"@provemewrong411 after  the US led coup in Kiev 2014 Ukraine started to sympathize with the west and requested NATO membership .... the rest is just the reaction to this provocation.  Also known as FAFO.
Ukraine needs to be a neutral zone",comment,238,41,1,0,1,0,0,9,False,,False,3.0,3.0,5.0,2.0,anger,bare_assertion,False
https://x.com/wildwor91537734/status/2000509587926208766,Control,wildworld,West Broke Promises About NATO,"@FT Always remember where it started-the West lied about expansion of NATO-
https://t.co/3UQucbaHC5",comment,99,13,1,0,1,1,0,10,False,,False,4.0,2.0,5.0,2.0,anger,bare_assertion,False
https://x.com/dlbohin/status/2000535605076218219,Control,david,Ukraine Controlled by Nazis,"@hedgemars @zerohedge Hysterical. 

Your timeline needs adjusted a bit. 

Russia did not start this. 

As a matter of fact, they repeatedly warned what was going to happen, if the Nazis in Ukraine didn’t stop slaughtering ethnic Russians. 

FAFO.",comment,246,38,1,0,2,0,0,11,False,,False,4.0,2.0,5.0,2.0,outrage,bare_assertion,False
https://x.com/ninjitalia/status/2000536732887105850,Control,Alison Bacon,Color Revolutions are US-Backed Coups,"@WallStreetApes @elonmusk It's a known tactic from the Mao Revolution, color revolutions such as the cia has used to overthrow many governments, did in Ukraine, did here in 2020 https://t.co/gqpUxH3Fcq",comment,201,30,1,0,2,1,0,12,True,photo,False,4.0,2.0,5.0,2.0,anger,bare_assertion,False
https://x.com/cool_grandad/status/2000566117295907246,Control,CoolSocialistGrandad man of peace,West Orchestrated Ukraine Coup in 2014,"@ricwe123 @StarSparkle_UK Eastonia Finland western Ukraine fought alongside the nazi WW2.
Why would anybody want to go to war for her 
Maidan coup instigated by America NATO 2o14. Joe Biden",comment,189,30,1,0,2,0,0,13,False,,False,4.0,3.0,5.0,2.0,anger,bare_assertion,False
https://x.com/funtomreal/status/2000547751960965270,Control,F.T.,West Orchestrated Ukraine Coup in 2014,@McFaul Totally wrong. The war started with the Maidan coup in 2014 then the fight against the Russians in Donbass. Victoria Nuland has explained it chrystal clear. The EU is being dragged into this war by a leftist warmonger global elite who keeps repeating the slogans that you are.,comment,284,49,1,0,1,0,0,12,False,,False,4.0,3.0,5.0,3.0,anger,emotional_appeal,False
https://x.com/lyfewavs/status/2000564923580232062,Control,DraGo,West Orchestrated Ukraine Coup in 2014,"@olddog100ua @Mylovanov Funny how the Minsk agreements didn’t mention Russia at all! Funny how during none of the captured soldier swaps there was not a single russian soldier on record. The first thing that happened was a CIA coup, killing of inocentnpeople by Ukraine gov and then Crimea was seized!",comment,301,50,1,0,2,0,0,13,False,,False,4.0,3.0,5.0,2.0,outrage,bare_assertion,False
https://x.com/darc87798/status/2000529350190366868,Control,The Matrix - 🇮🇪 Is it a conspiracy?,Russia Defending Against Western Aggression,"@anders_aslund Putin had many justifications for starting the war, the most important was NATO forcing them into war. 

NATO knew its actions would start the war, they used Ukraine as a tool to weaken Russia.

NATO did not count on Trump winning the election. 

#DefundNATO https://t.co/KC65FvGr4b",comment,297,46,1,1,1,1,0,11,True,photo,False,4.0,2.0,5.0,3.0,anger,bare_assertion,True
https://x.com/AmicusCuri99068/status/2000563051784007822,Control,Amicus Curiae,NATO Expansion Provoked Russian Invasion,"1/The open secret has for years been that the Washington and EU  establishments know full well that it was historic and recent constant  NATO expansion which led to this horrific, grinding war ( they BROKE Minsk never intended to keep it)",post,238,41,0,0,0,0,0,13,False,,False,4.0,2.0,5.0,2.0,outrage,bare_assertion,False
https://x.com/Planter5657/status/2000555953398100248,Control,Steve,NATO Expansion Provoked Russian Invasion,"Ukraine unequivocally and undeniably provoked this invasion by Russia by repeatedly, ignoring his oft stated red line , of NATO expansion to include Ukraine. No one in Ukraine, wanted it and the United States pushed it to go ahead and intentionally breached the red line to provoke the invasion. 

This is not complicated. It just requires an honest review of the circumstances leading from  maidan, the coup and the subsequent provocations.

We nearly took the world to nuclear holocaust over no lesser a  provocation when the Soviets put missiles in Cuba 90 miles off of our coast.",comment,583,97,1,0,0,0,0,13,False,,False,4.0,2.0,5.0,2.0,anger,bare_assertion,False
https://x.com/GeoffSmiGlaynax/status/2000533454925025555,Control,Geoff Smith,NATO Expansion Provoked Russian Invasion,"Lying moron. The U.S./NATO provoked the war https://t.co/zgDR7OW4Iu. If Mexico tried an offensive arms buildup controlled by a hostile foreign power like Russia, the U.S. would invade in a heartbeat. Just as they intervened in Cuba, for the same reason. 
Zelensky is a corrupt dictator, who promised autonomy for the Donbas but who bombed them instead. That’s why they voted to become part of Russia.",comment,400,65,1,0,0,1,0,11,False,,False,4.0,3.0,5.0,2.0,outrage,emotional_appeal,False
https://x.com/Cuber_tron/status/2000547361005752608,Control,Cubertron,NATO Expansion Provoked Russian Invasion,"@JonForest09 @benzedrine76820 @NotFarLeftAtAll @grok How is it unprovoked? NATO expansion did provoked it. Exactly as many Americans and others around the world predicted it would. 

Russia just can’t afford NATO in Ukraine or Georgia for geo-strategic reasons, that have been clearly explained in multiple of books and papers:",comment,327,48,1,0,4,0,0,12,False,,True,2.0,2.0,4.0,1.0,neutral,bare_assertion,False
https://x.com/chatswithem/status/2000528838372033014,Control,Em R,Ukraine Persecutes Russian-Speaking Minorities,"No he won't 

He never has 

Mark is being the expansionist  aggressor here 

Putin is just in the East where they all voted for pro Russian party in 2012 before Ukraine banned the party and banned Russian language and legalised discrimination against ethnic Russian .

There has been a war against the Donbas area since 2014 

The people there want to be part of Russia 

Win win 

So give Donbas to Russia 
And NATO back off

That's it 

Peace not war",comment,453,81,1,0,0,0,0,11,False,,False,4.0,3.0,5.0,3.0,anger,bare_assertion,True
https://x.com/Robert_Novak25/status/2000560330255294614,Control,Robert,Russia Liberating Ukrainian Territories,"@ChampPrivate @NewRulesGeo 🤣
2014 Maidan bloody coup by 🇺🇦nacionalists
2014 In Odessa burned people by 🇺🇦nacionalists
2014 Kyev Attack Donbass, 🇺🇦Kyev regime
...
Russia began liberation only in 2022",comment,198,29,1,0,2,0,0,13,False,,False,4.0,3.0,5.0,2.0,outrage,bare_assertion,False
https://x.com/walt_j_kovacs/status/2000555413138530349,Control,Rorschach,Crimea Legitimately Part of Russia,@RT_com All of Donbass is Russian.. just like Mariupol and Crimea.,comment,66,11,1,0,1,0,0,13,False,,False,3.0,3.0,5.0,1.0,pride,bare_assertion,False
https://x.com/MarkGBblog/status/2000826046132969639,Control,MarkGB,Ukraine Controlled by Nazis,"""Ukraine was home to...vast prehistoric cities""...so let's all get behind a gang of US Neocons, EU globalists, NATO installed grifters &amp; Stephan Bandera Nazis as they kidnap kids in the street &amp; send them off to die in a war that's already lost.",post,253,43,0,0,0,0,1,7,False,,True,5.0,2.0,5.0,3.0,outrage,emotional_appeal,False
https://x.com/Para_glider69/status/2000839248862195776,Control,Just a Blunt Blade,Ukraine Controlled by Nazis,The U.K. has no interests in Ukraine. Yet it’s clear our forces and intelligence services are active participants in a covert war against Russia. Our forces have been bled dry of ammo and equipment to supply Ukraine. Our desperate people have had cash stolen to fund a corrupt Nazi regime.,comment,289,50,1,0,0,0,1,8,False,,False,5.0,2.0,5.0,3.0,outrage,emotional_appeal,False
https://x.com/leftyvegan/status/2000785896904298790,Control,Jeff Melton #FreePalestine,Ukraine Controlled by Nazis,"@Amiran_Zizovi @LegitTargets Ukraine's military is getting crushed, cope. And how on earth can you be a ""proud Zionist"" and support a regime in Ukraine that is dominated by ""proud Banderites"" (i.e., Ukrainian Nazis)? How fucking ignorant you must be.",comment,250,39,1,0,2,0,1,4,False,,False,4.0,2.0,5.0,1.0,anger,emotional_appeal,False
https://x.com/Brandomized/status/2000771150306271454,Control,Brandomized,Russia Seeks Peaceful Conflict Resolution,@kajakallas Idiot!!! Putin wants no more western encroachment on Russia and has gone to war to make a permeant solution through peace agreement..... you want war!!! idiot!!!!,comment,174,27,1,0,1,0,1,3,False,,False,5.0,2.0,5.0,3.0,anger,emotional_appeal,False
https://x.com/AvivitGirl/status/2000790968040345900,Control,Avivit,NATO Expansion Provoked Russian Invasion,"@Mylovanov He provoked Russia by the orders of the globalists. He talked about Ukraine joining nato, when this was clearly a red line for Russia. He even played with an idea of a nuke. America would bomb the hell out of them for this, like they did in Iran.",comment,257,49,1,0,1,0,1,4,False,,False,4.0,2.0,5.0,2.0,outrage,emotional_appeal,False
https://x.com/BacinschiM666/status/2000771219046674756,Control,mike bacinschi,NATO Expansion Provoked Russian Invasion,@WW3finalboss1 You mean like nato didn’t stop expending till they provoked Russia and now you stupid europeans are looking to start WWIII over a stupid and extremely corrupt country,comment,181,29,1,0,1,0,1,3,False,,False,4.0,2.0,5.0,3.0,anger,emotional_appeal,False
https://x.com/twittypolitty/status/2000837732747132938,Control,Kevin Evans,NATO Expansion Provoked Russian Invasion,Send the right wing warmongers. Anybody with a Ukrainian flag in their twitter bio would love to fight in a war that will inevitably end in Russia keeping the defensive land it originally sought to protect its borders from NATO expansion whilst Ukraine will be owned by BlackRock.,post,280,48,0,0,0,0,1,7,False,,True,4.0,3.0,5.0,2.0,anger,emotional_appeal,False
https://x.com/cool_grandad/status/2000830017568399686,Control,CoolSocialistGrandad man of peace,West Orchestrated Ukraine Coup in 2014,"@AparryW @Reuters They are lying the maidan coup instigated by America NATO 2o14 
UTube grayzone Bojo admits Ukraine broke peace deal 
UTube jimmy dore Angela Merkel Ukraine never wanted peace",comment,192,30,1,0,2,0,1,7,False,,False,4.0,3.0,5.0,2.0,anger,bare_assertion,False
https://x.com/earthflute/status/2000825806315250117,Control,non sheeple and proud,West Orchestrated Ukraine Coup in 2014,"@joni_askola Nope, that would lead to WW3.
Soo let's try that again..
US stops their support since 2014 Maidan CIA coup and the failed nazi Ukrainian Zelensky USD regime stops their proxy US EU NATO war vs Russia.
Then peace.
Simple.",comment,233,41,1,0,1,0,1,7,False,,False,4.0,3.0,5.0,3.0,anger,bare_assertion,False
https://x.com/JHaHaLeftHook/status/2000836412242096416,Control,Joseph Roy,West Orchestrated Ukraine Coup in 2014,"@DakdaR22 Hello? Russia didn't start the war? 2014 Maidan Coup orchestrated by Victoria Nuland. U.S instigated it, If you think Russia started it, look at the Referendum results of the 4 Oblasts that were in Russia's Constitution and had The UNGA done its job no war period.",comment,274,47,1,0,1,0,1,7,False,,False,4.0,3.0,5.0,2.0,outrage,bare_assertion,False
https://x.com/trip6/status/2000805929114120225,Control,Cotijn Hebbs 🇷🇺🇺🇦☮️,Crimea Legitimately Part of Russia,"Odessa is a deeply Russian city, as is Crimea a Russian peninsula. Ukrainian SSR was a multi-ethnic state, in 2012 it was regionally divided in terms of parliamentary representation, and around Euromaidan there was a spray of anti-Russian violence, by fascist hooligans of Praviy Sektor, Kolomoisky’s dogs and Svoboda.

This civil war escalated because the West completely disregarded its neutrality, and forced Putin to intervene after eight years of anti-terror operational bombardment of civil infrastructure in Donetsk and Lugansk violating Minsk and international, humanitarian, law.

And when the Russian army colonne halted in 2022,60 km outside Kiev, for peace negotiations, NATO gave HIMARS to Ukrain for a surprise counter attack that won the battle, but did it win this war? 

Putin and Lavrov are playing their game with solidity and patience. And the West is crying and being manipulated to hate Russia and to have a completely single sided, distorted view on this comflict, further fueling hateful emotions and fear for the Russians. The warmongers and weapons men are having their feat. And the Russian and Ukrainian boys in the field have to suffer. This should stop.",comment,1183,187,1,0,0,0,1,5,False,,False,4.0,3.0,5.0,2.0,outrage,narrative_storytelling,False
https://x.com/cheffobg/status/2000880241787433238,Control,Бат Чефо,Ukraine Controlled by Nazis,"@KevinCastley Same was in Ukraine, but now Putin is removing nazis from there. He will fix Finland next, i guess? At least this is what you lefty communist believe...",comment,166,29,1,0,1,0,1,10,False,,False,4.0,2.0,4.0,2.0,anger,bare_assertion,False
https://x.com/Archer83Able/status/2000871773357695094,Control,Status-6 (Military & Conflict News),Russia Seeks Peaceful Conflict Resolution,"🇷🇺 Kremlin spokesman Peskov:

- Russia wants peace in Ukraine, not a respite that would allow Kyiv to prepare for a continuation of the conflict; 

- If the desire to replace a deal with short-term, unviable solutions becomes dominant among Ukrainians, we are unlikely to be ready to participate;

- The last call between Russian President Putin and US President Trump took place on October 16.

Source: RIA Kremlinpool",post,419,69,0,0,0,0,1,10,True,photo,False,1.0,3.0,4.0,2.0,neutral,bare_assertion,False
https://x.com/ferozwala/status/2000870246794817681,Control,⚡️🌎 World News 🌐⚡️,Russia Seeks Peaceful Conflict Resolution,"#Breaking 
Kremlin: #Russia Wants to End the Conflict in #Ukraine, Achieve Its Goals & Ensure Peace in Europe in the Future  - @sputnik_ar 
🔸 Russian Presidential Spokesman #Dmitry_Peskov said today, Tuesday, that Russia wants to end the conflict in Ukraine, achieve its goals & ensure peace in #Europe in the future.
🔸 Peskov added in statements to journalists: ""We want peace, we do not want a ceasefire so that Ukraine can get a respite and prepare to continue the war. We want to stop this war, achieve our goals, secure our interests, and ensure peace in Europe in the future; that is what we want.""",post,604,105,0,5,1,0,1,10,True,photo,False,2.0,2.0,4.0,2.0,neutral,bare_assertion,False
https://x.com/AlternatNews/status/2000880358938874123,Control,Alternative News,Ukraine Persecutes Russian-Speaking Minorities,"@starrshine369 I am with you. The coup of 2014 was bad enough, but the immediate attack against Russian speaking Ukrainians was uncalled for.",comment,141,23,1,0,1,0,1,10,False,,False,3.0,2.0,4.0,1.0,outrage,bare_assertion,False
https://x.com/humbleguy36/status/2000871571200860234,Control,Public School Survivor,NATO Expansion Provoked Russian Invasion,"@SprinterPress Russia was not a problem until NATO tried to encroach into a border country with Russia. Russia warned them not to. Yet NATO did 
NATO caused the Ukraine War, not Russia.",comment,185,32,1,0,1,0,1,10,False,,False,3.0,2.0,5.0,1.0,anger,bare_assertion,False
https://x.com/sea_bouy/status/2000868048606310638,Control,SeaBouy. It's spelt wrong for a reason😉,NATO Expansion Provoked Russian Invasion,"@lukejcr @Nigel_Farage warned inviting Ukraine to join NATO would enrage Putin &amp; you all called him a Putin apologist!
No one else foresaw what would happen but him!
Trying to install NATO right on Russia's doorstep was madness!
THE IDIOTS WHO POKED THE BEAR ARE TO BLAME IF IT KICKS OFF!",comment,292,51,1,0,2,0,1,9,False,,False,5.0,2.0,5.0,3.0,anger,emotional_appeal,False
https://x.com/argraves_damian/status/2000873536882401720,Control,11Golden Goat Aquarius,NATO Expansion Provoked Russian Invasion,@BGatesIsaPyscho Such gaslighting.  Russia was not expanding NATO has expanded into Ukraine.  Russia had every right to attack because NATO lied and broke agreements not Russia but NATO EXPANSION,comment,195,29,1,0,1,0,1,10,False,,False,4.0,2.0,5.0,2.0,outrage,bare_assertion,False
https://x.com/ChrisHo03515950/status/2000871267134574983,Control,CriticalDrinker 🍺,NATO Expansion Provoked Russian Invasion,"Exactly this. Russia has consistently warned that NATO expansion was a national security red line for them, but NATO did it anyway. Why does the UK and US get to have national security concerns, but not Russia? And now they are all crying because Russia is winning the ‘unprovoked 🙄’ war in Ukraine and expect their citizens to voluntarily head off to a war they themselves instigated? And that’s not to mention how the people they expect to do the fighting have been treated for the last couple of decades by their very own governments! Fantasy land 😑",comment,552,98,1,0,0,0,1,10,False,,False,4.0,2.0,5.0,2.0,outrage,emotional_appeal,False
https://x.com/DustinLath23725/status/2000856139991540050,Control,Dustin Latham,NATO Expansion Provoked Russian Invasion,"Ukraine antagonized Russia by attempting to join NATO. Putin may be a bad guy, but he said this was a red line and has been consistent. Ukraine has been a corrupt government for a long time, and provoked a nuclear country. Stupid move, and with the Bidens' interference here we are.",comment,282,51,1,0,0,0,1,9,False,,False,4.0,2.0,4.0,2.0,anger,emotional_appeal,False
https://x.com/Lancealotin/status/2000850818938044508,Control,Lance Loads!,NATO Expansion Provoked Russian Invasion,"@Reuters If NATO wasn't trying to expand into Ukraine, Moldova, Georgia, Armenia - Russia would not be a problem
It is only because Russia sees Western expansion as an existential threat that they are fighting for their own security
We may see ourselves as the good guys - Russia does not!",comment,289,51,1,0,1,0,1,8,False,,False,3.0,2.0,5.0,2.0,anger,bare_assertion,False
https://x.com/TBayfield/status/2000861719762231344,Control,Trevor Bayfield,Russia Defending Against Western Aggression,"@btharris93 What Russian threat? Russia protecting it's borders, halting NATO expansion, when the EU has stated it wants to destroy Russia, divide it up and steal its assets? I think you should look closer to home and secure our own borders. That would be patriotic.",comment,266,45,1,0,1,0,1,9,False,,False,4.0,2.0,4.0,3.0,anger,emotional_appeal,True
https://x.com/Peter_Suer/status/2000870709686395147,Control,Peter Suer,West Orchestrated Ukraine Coup in 2014,"@DakdaR22 Russia didn’t start the Ukrainian war. It started with the NATO east expansion and the maidan massacre., when they put Zelenskyy in a Government coup into office. The globalists knew, that Russia would never join a world government. Therefore they tried to destroy Russia.",comment,282,45,1,0,1,0,1,10,False,,False,4.0,3.0,5.0,2.0,anger,bare_assertion,False
https://x.com/FaveYurix/status/2000879495872700657,Control,Fave,West Orchestrated Ukraine Coup in 2014,"@nexta_tv This moron speaker with shining warmonger eyes want to defeat Russia and start WW3. MI6 was and IS directly involved in Maidan coup, in starting civil war between E and W Ukrainians in 2014. And now these morons (incl NEXTA) arrogantly lecturing the world and seeding lies.",comment,283,48,1,0,1,0,1,10,False,,False,4.0,3.0,5.0,3.0,outrage,emotional_appeal,False
https://x.com/JasonSymes4/status/2000870675612098840,Control,Jason Symes,West Broke Promises About NATO,"@jemmm85517813 We do know. When the wall came down, they were promised that Nato would not move and inch towards Russia. Not only did they creep up to their front door but they loaded the Ukraine with biolabs et al. When  I say NATO . . . the three lettered agency of evil.",comment,273,53,1,0,1,0,1,10,False,,False,4.0,2.0,5.0,2.0,outrage,emotional_appeal,False
https://x.com/thewatc95717625/status/2000861384083398844,Control,The watcher,West Broke Promises About NATO,"All 7 stone of Ben is very vocal at pushing for war, I’ve said it many times “ weak men are the dangerous ones”

He forgets to mention

NATO expansion eastward -violated informal post–Cold War assurances

Ignoring Russian security concerns

Militarization of Ukraine for yrs

Double standards in international law- Kosovo, Iraq, Libya) , then condemning Russia for similar 

US under Obama meddling in Ukraine politics",comment,418,66,1,0,0,0,1,9,False,,False,4.0,3.0,4.0,2.0,outrage,bare_assertion,False
https://x.com/BDooher/status/2000930278336794674,Control,Bernadette 🏴󠁧󠁢󠁳󠁣󠁴󠁿🇮🇪🇷🇺🇵🇸,Russia Liberating Ukrainian Territories,"❗️ During the inspection of houses and basements of the liberated Krasnoarmeysk (Donetsk People's Republic), servicemen of the Tsentr Group of Forces detected a former UAV command post of Ukrainian neo-Nazis from the so-called elite Ptakhi Madyara unit.

Fleeing under the attack of the Group's troops, the AFU militants threw dozens of radio-controlled FPV drones, optical fiber-optic reels, ammunition, remote control panels, and drone control stations.

Fearing justice, the hostile UAV teams left the positions in a hurry, and some of them were neutralised in combat. The AFU are fighting with civilians that have been confirmed several times by drone footage from Russian units.

Many times, residents of settlements carrying a white flag became victims of targeted fire from Ukrainian drones.

Now I need to go shopping.",post,826,127,0,0,0,0,1,14,True,photo,False,4.0,3.0,5.0,2.0,outrage,narrative_storytelling,False
https://x.com/ebwhite99/status/2000929793949491295,Control,ebwhite99@gmail.com,Ukraine Controlled by Nazis,@DakdaR22 Nato and Ukraine make agreements and then they break the agreements that were made with russia and now russia is the bad guy for protecting themselves from the nazis in the Ukraine. You people are stupid,comment,213,37,1,0,1,0,1,14,False,,False,4.0,2.0,5.0,1.0,anger,bare_assertion,False
https://x.com/MissEve0109/status/2000897261698748636,Control,𝑀𝒾𝓈𝓈 𝐸𝓋𝑒,Russia Seeks Peaceful Conflict Resolution,@pl_european Russia wants peace but not with a Nazi as a dictator in Ukraine.,comment,77,14,1,0,1,0,1,11,False,,False,4.0,2.0,5.0,2.0,anger,bare_assertion,False
https://x.com/gioavelli/status/2000898802816049201,Control,Gio🇳🇱,Russia Seeks Peaceful Conflict Resolution,@disclosetv Lmaoo Russia is the only one that wants peace @ZelenskyyUa you are the one rejecting it you fraud,comment,109,19,1,0,2,0,1,12,False,,False,4.0,2.0,5.0,1.0,anger,bare_assertion,False
https://x.com/moscow__calling/status/2000899806667907223,Control,Moscow calling,Russia Seeks Peaceful Conflict Resolution,"🇷🇺💬 Russia wants peace,not a ceasefire to give Ukraine a respite. The Kremlin assessed the idea of a Christmas truce.

""If Ukrainians have and begin to be dominated by a desire to replace reaching a deal with momentary non-viable solutions, then we are unlikely to want to participate in this.

We want to stop this war, achieve our goals, ensure our interests, and guarantee peace in Europe for the future,"" Peskov stated.",post,423,72,0,0,0,0,1,12,True,photo,False,2.0,2.0,4.0,2.0,neutral,bare_assertion,False
https://x.com/FarlaneTeri/status/2000885466376044922,Control,macheather,West Broke Promises About NATO,"@EllieChowns So disappointed to see the Greens going down this line. The West made themselves the enemy of Russia by going back on its word, repeatedly. I’m no fan of Putin but at least he’s consistent. He learned from the West’s betrayal of Gorbachev and watched as NATO expanded Eastwards.",comment,291,50,1,0,1,0,1,11,False,,False,3.0,2.0,4.0,1.0,other,emotional_appeal,False
https://x.com/KircanskiIvan/status/2000884813692035281,Control,Ivan Kircanski,West Broke Promises About NATO,"@GayonMusk98467 @Worldwar_3_ Claiming NATO isn’t a threat to Russia isn’t true. In 1999, NATO bombed Yugoslavia illegally, showing its “defensive” policy doesn’t apply to weaker countries. NATO must respect Russia’s borders, especially after verbal assurances against eastward expansion were broken.",comment,299,40,1,0,2,0,1,11,False,,False,4.0,3.0,5.0,2.0,outrage,evidence_based,False
https://x.com/monon7143230/status/2000914386135760969,Control,monon7,West Orchestrated Ukraine Coup in 2014,"@permapar @ricwe123 The same neocons that were responsible for the fraud based Balkan and Iraq wars, were instrumental in creating the Maidan 2014 coup which started the war against Putin and the Russians. They have blood on their hands.",comment,237,39,1,0,2,0,1,13,False,,False,4.0,2.0,5.0,1.0,outrage,emotional_appeal,False
https://x.com/RdrOAWhiteHorse/status/2001201639525372005,Control,Rider of a White Horse,Protecting Ethnic Russians in Donbas,"@mobbs_mentality And let the Ukrainians return to killing ethnic Russians.  Russia objected to that practice, which is why they went to war in the first place.",comment,159,26,1,0,1,0,2,8,False,,False,4.0,2.0,5.0,3.0,outrage,bare_assertion,False
https://x.com/RaiZdbyDINGOES/status/2001178330322677797,Control,Jason,West Spreads Anti-Russian Propaganda,"@frontlinekit This whole thing was always about NATO's push east towards Russia. The BS the western world tells us is pure propaganda. Biden even warned about it in 97'. 

I wish I could find a doco I watched years ago about all the supposed ""defensive"" missiles placed by NATO in the 90's",comment,289,52,1,0,1,0,2,6,False,,False,4.0,2.0,4.0,2.0,anger,bare_assertion,False
https://x.com/ajrobertsshow/status/2001201512542777427,Control,AJ Roberts,West Spreads Anti-Russian Propaganda,"Mass population programming 101

Program: Russia is the enemy to the West.

When the heavily programmed Western population actually realise that Russia isn’t the enemy, it’s a programmed lie that the west have been feeding to keep people in fear, keep people feeding their systems and the concept of war forever going, the world will see peace.

This big program is how all the rich get richer while they destroy your country from within. 

More people aren’t on the breadline in UK, US, Canada, Australia etc because of Russia than ever before. 

More illegal immigrants aren’t getting flown in daily by Russia. 

Russia didn’t inject millions of men women and children with a gene editing bioweapon and tell you you had to to save granny. 

Russian MP’s and councils and police aren’t covering up grooming gangs, carrying out mass child trafficking daily using the social services. 

Russia hasn’t shrunk your armed forces and made it woke as fuck by design.

Our military program their troops from day one that Russia is the enemy. Your favourite movies suddenly become Rocky 4 and Top Gun for a reason.

The fake novichok incident in Salisbury was carried out by Porton Down - next to Salisbury. A place the make biological and chemical substances. All by design to create mass hysteria towards Russia, knowing that their proxy war in Ukraine was coming next. 

This is why all the NHS changed their colours on all their media to yellow and blue just after the Salisbury incident to program the minds of the nation that we need to ‘Save Ukraine’.

Ukraine is and always has been NATO’s gateway to Russia. It’s why NATO countries surround Russia. And have crept to their doorstep since WW2, while telling the public WW3 is imminent since the 50’s.

It’s rinse and repeat of WW1 and 2.

They need big wars to carry out resets. To destroy ancient sites, to coerce militaries to run over trenches into machine gun fire hoping you get to the other side. Thousands massacred daily. 

It’s the same blueprint. But why Germany? Why Russia.

Because they’re both the gateways to the magnetic north where most of the powerful energetic resources and people are. 

Why do you think Sweden and Denmark are now the rape capitals of Europe full of mass immigration with opposite ideologies, to take over the Nordic Viking lands to stop the natives awakening and taking their land back. Same as UK. 

The bigger picture is often even bigger when you observe and see the battle plan.

Right now the people need to stop protecting the fucking lies that have been waged on you and your family your whole life by BRITISH education system, British medical system, British government and monarchy, British legal system, British food industries…. Then you might just accept the truth…. Which hurts! And see who the real enemy is.

And maybe collectively, for a change, like our forefathers did actually might do something about it!

@real_shirelass @RealTomNumbers @MarkAttwood @mattletiss7 @SeanyBoyy89 @TheProjectUnity @Juliesnark1731 @RealAF_Patriot @kadmitriev @DigiSwQll17 @JaredMutchler",post,3074,506,0,0,11,0,2,8,False,,False,4.0,2.0,5.0,3.0,anger,emotional_appeal,False
https://x.com/AvinashKS14/status/2001163317017239880,Control,Avinash K S🇮🇳,Russia Seeks Peaceful Conflict Resolution,"🇷🇺💬 Russia wants peace,not a ceasefire to give Ukraine a respite. The Kremlin assessed the idea of a Christmas truce.

""If Ukrainians have and begin to be dominated by a desire to replace reaching a deal with momentary non-viable solutions, 
+1 https://t.co/wrHKINjJtH",post,268,42,0,0,0,1,2,5,True,photo,False,2.0,2.0,4.0,2.0,neutral,bare_assertion,False
https://x.com/MultipolarA/status/2001158596982165553,Control,MultipolarAffair,Russia Seeks Peaceful Conflict Resolution,"@ValentinSmoliak @TheStudyofWar On the contrary, the EU wants a frozen conflict. Russia wants permanent peace",comment,109,15,1,0,2,0,2,5,False,,False,2.0,2.0,4.0,1.0,neutral,bare_assertion,False
https://x.com/Cuber_tron/status/2001181315865927726,Control,Cubertron,NATO Expansion Provoked Russian Invasion,"@btharris93 Because:
1. Invasion was provoked by NATO’s expansion.
2. Painless for Ukraine peace deal was derailed by the west.
3. Evidence of plans to use Eastern Europeans as canon fodder to weaken Russia existed for decades. 
4. It’s easy to persuade people with verifiable facts. 🤷 https://t.co/SSmeVLvIMG",comment,309,48,1,0,1,1,2,6,True,photo,False,3.0,2.0,5.0,1.0,outrage,bare_assertion,False
https://x.com/ChrisHo03515950/status/2001180794513928355,Control,CriticalDrinker 🍺,NATO Expansion Provoked Russian Invasion,"@AlphaFoxCharlie @Michael30733165 @TheBritishIntel As is their right.  It Russia also has a right to it’s own national security. They weren’t shy in telling NATO that eastward expansion was a red line, and NATO did so anyway. Diplomacy failed, and now we have war. It takes 2 to tango 🤷🏼‍♂️",comment,290,49,1,0,3,0,2,6,False,,False,2.0,2.0,4.0,1.0,neutral,bare_assertion,False
https://x.com/Cuber_tron/status/2001187089182806426,Control,Cubertron,NATO Expansion Provoked Russian Invasion,"@QwertyDude14 @boringfileclerk @BBCWorld @grok I agree, war is a crime! But before making a moral judgement on Russia, let’s compare the civilian casualties rate between Russia war and western wars.  

So, it’s ok when we do it?
Especially considering that Russia was provoked, by NATO’s expansion! 

https://t.co/oVeM69SGDa",comment,324,47,1,0,4,1,2,7,False,,False,4.0,2.0,4.0,1.0,outrage,emotional_appeal,False
https://x.com/sergyskripal/status/2001165617475235973,Control,Sergy Skripal: HABEAS CORPUS!,West Broke Promises About NATO,@EuromaidanPR We also promised not to expand NATO.  It was wrong to continue to use NATO as a battering ram against Russia.  How disappointing that it took a  property developer to have the courage AND DECENCY to say that,comment,221,39,1,0,1,0,2,5,False,,False,3.0,2.0,4.0,1.0,other,emotional_appeal,False
https://x.com/SurvivalistPt/status/2001189260041359804,Control,Paul Taylor,West Orchestrated Ukraine Coup in 2014,"@btharris93 This is because in 2014 ,nato installed the nazi puppet regime in Kiev, which then spent 8 years murdering russian speaking civilians in the donbas.  In 2022 Russia  retaliated . The uk and America financed and fomented the maidan coup. 
Russia is acting in self defence.",comment,283,47,1,0,1,0,2,7,False,,False,4.0,3.0,5.0,2.0,outrage,bare_assertion,False
https://x.com/VicV13270/status/2001158077589152087,Control,MisterVee,West Orchestrated Ukraine Coup in 2014,@_siaubas_ @eugah @EuromaidanPR 2014 when the CIA staged a coup. Imagine what America would have done if Russia pulled an Ukraine stunt in Mexico. Great powers have the right to secure borders. Neighbouring countries should stay neutral and not allow themselves to be used as proxies. Don’t you agree?,comment,301,49,1,0,3,0,2,5,False,,False,3.0,2.0,4.0,1.0,anger,emotional_appeal,True
https://x.com/Konservativ98/status/2001193333440323697,Control,ImperialScout,Crimea Legitimately Part of Russia,"@TwitchMiss @United24media @googleanalytics @Google Okay, so?
This war will End with the recognition that Crimea is Russian, regardless how many times you scream Slava Ukraine",comment,175,25,1,0,4,0,2,7,False,,False,3.0,3.0,5.0,2.0,anger,bare_assertion,False
https://x.com/Abhi_is_great/status/2001225766575718573,Control,Abhishekh Prataap Singhh,Sanctions Ineffective Against Russia,"More empty threats from a weakening West—sanctions that have already failed spectacularly while Russia surges ahead economically and on the battlefield.

Putin holding firm is real strength.

Will these ""new"" sanctions finally break Russia like the last ones didn't?

#Ukraine #Russia #SanctionsFail",comment,299,42,1,3,0,0,2,9,False,,False,4.0,2.0,5.0,2.0,outrage,bare_assertion,False
https://x.com/Andjela_Sipovac/status/2001242216686121423,Control,Внимание! Говорит Москва! 🇷🇺 Z 👨‍⚕️👀🦁,Sanctions Ineffective Against Russia,"❗“If Hitler and Napoleon failed to do this through campaigns to conquer Moscow, it is unlikely that Kaja Kallas, Macron, and Starmer together with Merz will succeed.”

Anti-Russian sanctions have had the opposite effect and have sharply increased electricity bills for Italian families, said the country’s Deputy Prime Minister Matteo Salvini.",post,343,51,0,0,0,0,2,10,False,,False,4.0,3.0,4.0,2.0,outrage,emotional_appeal,False
https://x.com/Idontthinksokid/status/2001230585272979490,Control,Kinoji,Ukraine Controlled by Nazis,"@SprinterPress We're not sending our kids to fight a war we do not believe in. Russia is in conflict with a Nazi regime, Ukraine. Britain fought the Nazis because the enemy was on our doorstep . Russia have zero intention of doing what Germany did. How about abstaining?",comment,270,48,1,0,1,0,2,9,False,,False,3.0,2.0,4.0,2.0,anger,emotional_appeal,True
https://x.com/HarJa626/status/2001238135754383701,Control,James Harver,Ukraine Controlled by Nazis,"@WarMonitor3 Ukraine are literally nazis. 

My great grandfather didn't fly against the luftwaffe for me to care about banderite nazi fucks",comment,139,21,1,0,1,0,2,10,False,,False,5.0,2.0,5.0,2.0,anger,emotional_appeal,False
https://x.com/COPPICE2066/status/2001230542293938244,Control,Paul Champagne,Russia Liberating Ukrainian Territories,@SprinterPress Of course not. The Russians will liberate it and secure it against western terrorists. For Zelensky it's a matter of pushing Russia in towards Odessa or being killed by his handlers or Ukrainian Nazi.,comment,215,35,1,0,1,0,2,9,False,,False,4.0,2.0,5.0,3.0,anger,bare_assertion,False
https://x.com/lula_leftist/status/2001228749308600652,Control,🇵🇸🇨🇺🇧🇫🇿🇦 White EFF Fighter,Russian Military Achieving Successful Operation,"🇷🇺🇺🇦🇪🇺🇬🇧 Chay Bowes' report makes clear the European negotiations are a waste of time, yielding terms that are clearly unacceptable to Russia

ℹ️ Russia is winning the war, having taken Pokrovsk, Volchansk and Seversk recently
🔥

https://t.co/EJQNSMB0Pl",comment,253,37,1,0,0,1,2,9,False,,True,3.0,4.0,5.0,2.0,pride,bare_assertion,False
https://x.com/elbrigantero/status/2001238911205691836,Control,Alessandro Pagani,Russia Defending Against Western Aggression,This systematic advance explains the necessity of Russia’s defensive actions. The Special Military Operation in the Donbas regions is a response to decades of Atlanticist encroachment and the erosion of regional security. (3/4),comment,227,33,1,0,0,0,2,10,False,,False,2.0,2.0,4.0,2.0,neutral,bare_assertion,False
https://x.com/WeR1being/status/2001245411814859104,Control,Sovereign Being,NATO Expansion Provoked Russian Invasion,"@jomickane Coalition of the willing what a joke.

More like a coalition of the killing.

Nato seeking to expand into Ukraine was the intentional and deliberate action to trigger this proxy war against Russia that provoked this war.

The WEF run EU happily sacrificing Ukrainian lives",comment,283,46,1,0,1,0,2,10,False,,False,4.0,3.0,5.0,2.0,outrage,emotional_appeal,False
https://x.com/gio_tbilisi/status/2001239603529880027,Control,George Shonia,NATO Expansion Provoked Russian Invasion,"@olddog100ua @gc22gc West should never move towards the Russia first.. Russians were always loud-clear about the fact that NATO expansion toward the Russia, would be considered as hostile move, US didn't listened...

Here is the result.",comment,236,36,1,0,2,0,2,10,False,,False,3.0,2.0,4.0,2.0,anger,bare_assertion,False
https://x.com/TracyGalla1990/status/2001237482634141744,Control,Tracy Gallagher,US Undermines Global Sovereignty,"@AlternatNews Every other NATO country seems to be a vassal state to U.S. terrorist regime that instigated the Ukraine war. They’re all funding the war. Europe’s corrupt leaders are preparing to send their citizens to replace beaten, kidnapped Ukrainians forced to the front to die for U.S.",comment,290,47,1,0,1,0,2,10,False,,False,5.0,2.0,5.0,3.0,outrage,emotional_appeal,False
https://x.com/lula_leftist/status/2001232839359005061,Control,🇵🇸🇨🇺🇧🇫🇿🇦 White EFF Fighter,West Orchestrated Ukraine Coup in 2014,"@1ainTro11sBots If US/NATO led the coup provocation in 2014, abused the Minsk-2 peace plan, ignored the December 2021 ultimatum, and sabotaged the March 2022 Instanbul peace, was it an unprovoked invasion?

If really unprovoked why your media psyop repeating incessantly that it was unprovoked?",comment,294,44,1,0,1,0,2,10,False,,False,4.0,3.0,4.0,2.0,outrage,emotional_appeal,False
https://x.com/HSkaldebo11196/status/2001269539653161431,Control,Havard Skaldebo,Sanctions Ineffective Against Russia,"Nov. 21, 2025:
Professor Niall Ferguson from Hoover Institute gives the Slava Ukraini crowd a cold shower in the form of some cold hard facts about the Russian economy and the fact that sanctions have ""failed utterly"".  The corrupt 🇬🇧 political class does NOT want you to hear this.

https://t.co/Ti67yKyeNv",comment,307,50,1,0,0,1,2,12,False,,False,4.0,3.0,5.0,2.0,outrage,bare_assertion,False
https://x.com/Tjerkje01/status/2001288508456014013,Control,Tjerkje,Ukraine Persecutes Russian-Speaking Minorities,@LiliaCub @WW3finalboss1 In 2014 Ukraine murdered thousands! more than 10000 Ukraine people in Donbass wich were speaking Russian language but also 100% Ukrain! Zwendelensky hate them! https://t.co/RWv0IIAbCI,comment,208,27,1,0,2,1,2,13,True,photo,False,4.0,3.0,5.0,2.0,outrage,emotional_appeal,False
https://x.com/BrendanWLong/status/2001251358742073487,Control,"Brendan Long, CFA",NATO Expansion Provoked Russian Invasion,"Britain will continue to provoke wars with Russia because it it Christian. By insisting that Ukraine join NATO, Britain (and corupt Biden) intentionally provoked a war - breaking decades of explicit promises to Russia. Putin cares more about the child rape genocide by immigrants in Britain than our own media/government establishment. Britain is a land of grotesquely degenerate liars.",comment,386,59,1,0,0,0,2,11,False,,False,5.0,2.0,5.0,3.0,outrage,emotional_appeal,False
https://x.com/InvestChar2023/status/2001288158898778240,Control,Charles Invest,NATO Expansion Provoked Russian Invasion,@frontlinekit And NATO has bordered Russia with nuclear weapons against the past agreements. You have provoked Russia..,comment,119,17,1,0,1,0,2,13,False,,False,4.0,2.0,5.0,2.0,anger,bare_assertion,False
https://x.com/cdnshawn/status/2001292159438229877,Control,CdnShawn,West Orchestrated Ukraine Coup in 2014,@saintjavelin I guess NATO shouldn’t have parked military bases all around Russia and also caused their coup in Ukraine,comment,119,19,1,0,1,0,2,14,False,,False,3.0,2.0,4.0,1.0,anger,bare_assertion,False
https://x.com/Andjela_Sipovac/status/2001268642315726852,Control,Внимание! Говорит Москва! 🇷🇺 Z 👨‍⚕️👀🦁,Russia Seeks Peaceful Conflict Resolution,"❗Russia wants to stop the war, achieve its goals, and guarantee peace in Europe for the future, said D. S. Peskov.

Russia has always wanted peace, but real criminals live around it — they even signed a non-aggression pact, and what came of that, I think, is known to everyone.",post,277,50,0,0,0,0,2,12,False,,False,3.0,2.0,4.0,2.0,other,bare_assertion,False
https://x.com/rbg4lif/status/2001290758318424394,Control,rbg4lif 🟥⬛🟩,West Spreads Anti-Russian Propaganda,"Western claims of Russian threat ‘lies and nonsense’ – Putin
The president stressed that Moscow has always strived to find diplomatic solutions to conflicts
https://t.co/KVpt1hHWfW
Russian President Vladimir Putin has dismissed Western claims of an imminent attack by Moscow as “lies and nonsense,” stressing that such deliberate statements are meant to raise the level of hysteria on the continent. (FULL)
Speaking at an expanded Defense Ministry Board meeting on Wednesday, Putin noted that the global geopolitical situation remains “tense” and “downright critical” in some regions. He accused NATO countries of “preparing for a major war” by building up and modernizing their offensive forces while “brainwashing” their population with claims of an inevitable clash with Russia.
“I have repeatedly stated that this is a lie, nonsense, pure nonsense about some imaginary Russian threat to European countries. But this is being done quite deliberately,” Putin said, adding that EU officials have “forgotten their responsibility” and are being guided by short-term personal or shared political interests.
He went on to stress that throughout its history, even in the most difficult circumstances, Russia has always strived to find diplomatic solutions to conflicts and contradictions, so long as there was even a slight chance.
“The responsibility for not seizing these opportunities lies entirely with those who believed they could speak to us through force,” Putin stressed.
The president stated that Russia supports “mutually beneficial and equal cooperation” with the US and European states, as well as the formation of a unified security system across the Eurasian region. He separately noted the progress that has been made in bilateral talks with Washington.
‘Unfortunately, this cannot be said about the current leadership of most European countries,” he said.
Putin went on to state that Moscow recognizes that in any international situation, its armed forces remain the key guarantor of Russia’s sovereignty, independence, security, future, and strategic parity.",comment,2072,310,1,0,0,1,2,13,True,photo,False,3.0,2.0,5.0,3.0,anger,bare_assertion,False
https://x.com/SimonDixonTwitt/status/2001291538609926417,Control,Simon Dixon,West Prolonging Conflict for Profit,"@BRICSinfo FIXED IT:

🇺🇸🇷🇺 The US prepares to impose additional sanctions on Russia (which would only harm Europe) if the proof-of-weapons network, headed by BlackRock, rejects a peace deal with Ukraine in favor of another trillion in revenue to pump U.S. GDP and stock prices. https://t.co/iz7ZkUSvuk",comment,301,46,1,0,1,1,2,14,True,photo,False,4.0,3.0,4.0,2.0,outrage,emotional_appeal,False
https://x.com/Agent_00PL/status/2001275819306459530,Control,Kyoshiro 🇵🇱⚔️💯,Russia Defending Against Western Aggression,"@visegrad24 Putin must be a ‘globalist’ propagandist. Every awakened person knows that Russia is not invading anybody to seize territory, but defending itself from evil NATO aggression!",comment,185,27,1,0,1,0,2,12,False,,False,4.0,2.0,5.0,2.0,outrage,emotional_appeal,False
https://x.com/HotSpotHotSpot/status/2001282502065836200,Control,HOT SPOT,West Broke Promises About NATO,"🇷🇺🇪🇺🪖 Russian President Vladimir Putin:

“We insist on the fulfillment of the promises that were given to us. It was publicly stated that there would be no eastward expansion of NATO. They didn’t give a damn” https://t.co/4Y4AvOA7fh",post,232,37,0,0,0,1,2,13,True,photo,False,3.0,2.0,5.0,2.0,outrage,emotional_appeal,False
https://x.com/clashreport/status/2001263100708999556,Control,Clash Report,West Broke Promises About NATO,"Putin:

We insist on the fulfillment of the promises that were given to us. It was publicly stated that there would be no eastward expansion of NATO. They didn’t give a damn. https://t.co/6jjM4RYygI",post,198,33,0,0,0,1,2,12,True,photo,False,4.0,3.0,5.0,2.0,outrage,emotional_appeal,False
https://x.com/RT_India_news/status/2001284662652727362,Control,RT_India,West Broke Promises About NATO,"❗️ Putin: ‘It Was Said in Public That NATO Would Not Expand to the East – They Just Ignored This’

‘There was one expansion wave after another,’ Putin noted.

Adding: ‘All we want is the promises that we were given are respected.’ https://t.co/UvzlJNzpkf",post,254,43,0,0,0,1,2,13,True,photo,False,3.0,2.0,4.0,2.0,outrage,narrative_storytelling,False
https://x.com/maryfloor/status/2001254975591342372,Control,Maryfloor,Crimea Legitimately Part of Russia,"@NAFOteacher Nope, Crimea was, is and always will be Russian, also the rest !!",comment,78,14,1,0,1,0,2,11,False,,False,4.0,2.0,5.0,1.0,pride,bare_assertion,False
https://x.com/Darthmirror/status/2001558912701755860,Control,Donna,Ukraine Controlled by Nazis,"@Bbmorg You support Ukraine a country that has children brothels and far right nazis running the country. 

Azov! Ffs",comment,117,19,1,0,1,0,3,7,False,,False,4.0,2.0,5.0,2.0,outrage,emotional_appeal,False
https://x.com/vulturecorso/status/2001557899152417137,Control,vulture corso,Russia Seeks Peaceful Conflict Resolution,"@PersonalGebus @FreudGreyskull Russia doesn't need these territories. THey have withdrawn from a LOT of territory because they never actually wanted it in the first place. They didn't want Kiev, so they left. They didn't want Kherson. Russia wants PEACE",comment,253,39,1,0,2,0,3,7,False,,False,2.0,3.0,4.0,1.0,neutral,bare_assertion,False
https://x.com/TheSausageMan/status/2001551593041465516,Control,John Warren,West Broke Promises About NATO,"And since we are talking about promises, US also promised not to expand NATO 'one inch' to the East in response to Soviet Union giving green light to German reunification. US breaks promises all the time. That is why we are where we are now.",post,241,45,0,0,0,0,3,7,False,,True,4.0,3.0,5.0,2.0,anger,bare_assertion,False
https://x.com/grimzone/status/2001525279055851939,Control,Андрей Сметанкин,Crimea Legitimately Part of Russia,@Anonymous770550 @lana_s2022 Both Crimea and Donbas have always been Russian. And they will remain Russian. And your Nazi slogans don't matter to anyone. The only thing you know how and are capable of doing is flapping your gums.,comment,229,38,1,0,2,0,3,5,False,,False,4.0,2.0,5.0,1.0,anger,bare_assertion,False
https://x.com/Macrogirl_LA/status/2001568537551462482,Control,MGLA,NATO Expansion Provoked Russian Invasion,"Your narrative absolves the EU from pushing for war as though it's a widely accepted fact that the Russian threat to Ukraine is unjust and unprovoked; whereas, both EU and US influencers by proxy provoked Russia's aggression by pushing for Ukraine to join NATO, which would have led the way to missiles being placed within 200 miles of Moscow in breach of the Minsk accords.",comment,374,65,1,0,0,0,3,8,False,,False,3.0,3.0,4.0,2.0,anger,bare_assertion,False
https://x.com/icemanpls/status/2001564399715438920,Control,iceman,Russian World Defending Traditional Values,@MoveToRussiaCom @jaccocharite Everyone knows Russia is a bastion of freedom and protects traditional Christian  values. It’s the greatest country on Earth.,comment,156,21,1,0,2,0,3,8,False,,False,4.0,1.0,5.0,1.0,pride,bare_assertion,False
https://x.com/sickstringer/status/2001571671510249775,Control,Mark,US Undermines Global Sovereignty,"@JamesMacCleary Europe is a US vassal! It can't stand on it's own two feet, the US won't let it!
Before the US proxy war in Ukraine for regime change in Russia, the two things Ukraine was most famous for was massive corruption and Banderite Nazi's!
Why not send your kids to Ukraine to fight?",comment,292,54,1,0,1,0,3,8,False,,False,4.0,2.0,5.0,2.0,anger,emotional_appeal,True
https://x.com/LvL99Bard/status/2001571518233690291,Control,Lex,West Orchestrated Ukraine Coup in 2014,"@YourAnonCentral The US sold Ukraine 10 years ago, where were you then?
Probably on Maidan, dancing to their fiddle.

Here's Nuland and the US ambassador celebrating their coup

https://t.co/wb72xPf83T",comment,201,29,1,0,1,1,3,8,True,photo,False,4.0,3.0,5.0,2.0,outrage,emotional_appeal,False
https://x.com/maturefinancier/status/2001627921572860173,Control,maturefinancier,Russian Military Achieving Successful Operation,lololol why are you running out of taxpayers money to support the nazis in Ukraine? Your a joke not only to British voters but to other countries. Ukraine is a Nazi state. Russia has won. Your stupid idea to get Britons to back your war on Russia has failed https://t.co/7vsuVH47cN,post,281,50,0,0,0,1,3,12,True,photo,True,4.0,2.0,5.0,2.0,anger,emotional_appeal,False
https://x.com/AlPriest420/status/2001644826572550459,Control,Allen Priest,NATO Expansion Provoked Russian Invasion,"@YourAnonCentral Your support for Nazis is showing.  The treaty states NATO will not encroach upon Russia. “Not one inch closer to Russia”James Baker said that. Putin invaded to 2 main reasons.

1. NATO encroachment right to the border 

2. To kill the Ukrainian Nazis in the Ukrainian army.",comment,291,48,1,0,1,0,3,13,False,,False,4.0,3.0,5.0,2.0,anger,bare_assertion,False
https://x.com/kevin_nivek7/status/2001643834107986420,Control,kevin doherty,NATO Expansion Provoked Russian Invasion,"@MichealMartinTD Continuing to drag neutral Ireland into a war. The people of Ireland need to wake up to reality. This war was started by NATO expansion and the breakage of the Minsk Agreement. Stop believing propaganda from your fake news RTE, they’re worse than the BBC!",comment,272,46,1,0,1,0,3,13,False,,False,4.0,2.0,5.0,4.0,anger,emotional_appeal,True
https://x.com/JohnnyX666X/status/2001633161521123498,Control,JohnnyX,NATO Expansion Provoked Russian Invasion,"@Megatron_ron The Bad Actors Here
Are 
The USA
Europe
The UK
Russia Holds
The Moral High Ground
Everyone Knows
The Ukraine War
Is A Proxy War
Provoked By 
NATO Expansion Eastwards
To The Borders Of Russia
The USA Is Complicit 
Europe Went Along With It
FAFO",comment,257,46,1,0,1,0,3,12,False,,False,4.0,3.0,5.0,2.0,outrage,bare_assertion,False
https://x.com/Fedup026/status/2001645438110437703,Control,Fedup American 🇺🇲💪,NATO Expansion Provoked Russian Invasion,"@JohannaNyman5 This war started with a coup in 2014.  

It escalated when NATO threatened to absorb Ukraine and place missiles on Russia's Western border. https://t.co/REq110FjQz",comment,178,25,1,0,1,1,3,13,True,photo,False,3.0,2.0,5.0,1.0,anger,bare_assertion,False
https://x.com/DanielBrow99439/status/2001615387386053020,Control,Daniel Brown,West Orchestrated Ukraine Coup in 2014,"@Ravi72807668 @BBCPolitics @BBCNews Ukraine's suffering is directly attributable to the same politicians &amp; elite that now demand the war is perpetuated &amp; escalated.

It was the EU, their central banks &amp; Soros et al that funded the coup &amp; installed a fascist regime leading to the war.",comment,300,47,1,0,3,0,3,11,False,,False,4.0,3.0,5.0,2.0,outrage,bare_assertion,False
https://x.com/AnneSmi06829573/status/2001624908011573659,Control,Anne Smith,West Orchestrated Ukraine Coup in 2014,"@Orthus_zach @Mike_TheSkeptic @Tukuyu2025 @RepDonBacon obama w/CIA pulled a Coup in Ukraine. \They installed the Moscow whore. This is well known and not debatable. Child &amp; drug trafficking, money laundering has been ramped every since. Z is responsible for killing 10s thousands of Ukrainians since before the War started!",comment,327,48,1,0,4,0,3,12,False,,False,5.0,2.0,5.0,3.0,outrage,bare_assertion,False
https://x.com/ktagseth/status/2001638765765497040,Control,K. Tagseth 🇨🇦,West Orchestrated Ukraine Coup in 2014,"@Frialum USA started the proxy war against Russia in 1991. It funded Azov attacks in Donbas, the Maidan coup, violated Minsk agreements, expanded NATO. It's war. 

Now do Ukraine.
They claim, despite losses of 2 million boys, ½ the population, and ⅓ of the land, they're ""winning"". https://t.co/mr0fBRGtaq",comment,305,48,1,0,1,1,3,13,True,photo,False,4.0,3.0,5.0,2.0,anger,bare_assertion,False
https://x.com/jokes_on_us_pal/status/2001643516754317652,Control,Jokes On Us Pal 🏴‍☠️🏴,Ukraine Controlled by Nazis,"@rtenews Ironically Russia offered to loan Ukraine all the money they needed to reject the Central Bank &amp; the Nazi regime. But NATO forced the coup &amp; overthrew the democratically elected government of the Ukraine &amp; installed the Nazis &amp; the Central Bank.

Historical fact.",comment,288,45,1,0,1,0,3,13,False,,False,4.0,2.0,5.0,1.0,outrage,bare_assertion,False
https://x.com/Intelligencer41/status/2002630700693131528,Control,The Intelligencer,Sanctions Ineffective Against Russia,"@wartranslated @wartranslated US intel recycles Budanov's Baltic fever dreams, but Russia's 3.6% GDP growth ('23 IMF) laps EU's 0.4%. Sanctions failed—Putin's flush, West's broke. Peace? Or proxy bleed?",comment,202,28,1,0,2,0,6,6,False,,False,4.0,4.0,5.0,3.0,outrage,emotional_appeal,False
https://x.com/WoltzHowell/status/2002645290818679201,Control,Howell W. Woltz,Color Revolutions are US-Backed Coups,"I live next door and nobody wants western Ukraine.

It has no resources and is filled with Banderistas, so study a little more.  If you knew Maidan was coming, then you were part of the overthrow of Ukraine's legitimate government with CIA/Soros.",post,246,42,0,0,0,0,6,7,False,,True,4.0,2.0,5.0,2.0,anger,bare_assertion,False
https://x.com/notsoblackcatt/status/2002646260231364871,Control,JustКіт,West Spreads Anti-Russian Propaganda,@JayinKyiv What Western information dump has been writing for days about the US tightening sanctions against russia? That's how the lies machine works.,comment,151,23,1,0,1,0,6,7,False,,False,4.0,2.0,5.0,2.0,anger,bare_assertion,False
https://x.com/EuroKitco/status/2002598619074179083,Control,The Talented Mr. Ripley,West Orchestrated Ukraine Coup in 2014,@GenFlynn @DNIGabbard @Reuters Poroshenko was the one they installed after the Maidan coup and now he gives them medals... Sick,comment,127,20,1,0,3,0,6,4,False,,False,4.0,3.0,4.0,2.0,outrage,emotional_appeal,False
https://x.com/Abraham02782754/status/2002591400475623839,Control,Abraham van Helsing,West Orchestrated Ukraine Coup in 2014,"You started it in 2014 with that Euro-Maidan CIA coup of yours.

America and Russia have already been liberated from globalists like you. That Brussels of yours has 90% youth from the Global South.

Soon we’ll be liberated from you. Flee while you still can.

Putin has nukes.",post,276,48,0,0,0,0,6,4,False,,True,4.0,2.0,5.0,4.0,anger,emotional_appeal,True
https://x.com/AndyInLondon1/status/2002639903138693305,Control,AndyInLondon 🏴󠁧󠁢󠁥󠁮󠁧󠁿 😃,West Orchestrated Ukraine Coup in 2014,"@clarkkarmstrong @OlgaBazova The EU was instrumental in the Maidan coup.
It was Merkel who openly admitted that Minsk 2 was a ruse to buy time to allow a military build-up in Ukraine.
The entire Ukraine military project is controlled from Wiesbaden.
How is the EU not in Ukraine?",comment,279,48,1,0,2,0,6,7,False,,False,4.0,3.0,5.0,2.0,outrage,bare_assertion,False
https://x.com/sickstringer/status/2002628123909894656,Control,Mark,Russian Military Achieving Successful Operation,"@aliciakearns It's a US proxy war in Ukraine for regime change in Russia but it's not quite going to plan as Russia is winning that proxy war against the entire collective West.

@aliciakearns is lying! @aliciakearns Is typical filthy Tory!",comment,240,40,1,0,3,0,6,6,False,,False,4.0,2.0,5.0,1.0,anger,bare_assertion,False
https://x.com/DanielLantigua/status/2002594776496169332,Control,Daniel Lantigua,Russian World Defending Traditional Values,"@DakdaR22 PUTIN The true world leader who has not allowed the elites to divide Russia up like a cake, a true defender of Christian values and children No children adopted by same-sex couples https://t.co/dJCpPQxvYo",comment,214,34,1,0,1,1,6,4,True,photo,False,4.0,2.0,5.0,1.0,pride,emotional_appeal,False
https://x.com/RobGoodall6/status/2002637362178969654,Control,Rob Goodall,NATO Expansion Provoked Russian Invasion,"@klaasm67 @GenXReaction Russia needed a land bridge to Crimea so they can supply their fucking Black Sea fleet. 

This is not rocket science. Making Ukraine NATO, and cutting Crimea off is a completely unnecessary provocation. Russia has the same GDP as fucking Italy. It is not a threat to Europe.",comment,298,50,1,0,2,0,6,7,False,,False,4.0,3.0,5.0,2.0,anger,bare_assertion,False
https://x.com/dammy_richardz/status/2002629473968271471,Control,Agbado master,NATO Expansion Provoked Russian Invasion,@chima_onyejekwe @SprinterPress Because of nato expansion to Ukraine. Have you not been paying attention??,comment,106,14,1,0,2,0,6,6,False,,False,4.0,2.0,5.0,2.0,anger,bare_assertion,False
https://x.com/ChannySaako/status/2002631408981061919,Control,DivineLineage,NATO Expansion Provoked Russian Invasion,"@DOGE__news Hillary classic damage control
The claim that NATO expansion on Russia turf provoked a war by deploying missile systems near its borders turns out is true. 
Hillary shows in this clip her cunning strategic misdirection by pretending to pit Russia v China.",comment,267,43,1,0,1,0,6,6,False,,False,3.0,3.0,4.0,1.0,anger,bare_assertion,False
https://x.com/OdmevMB/status/2002645224229847349,Control,Aljoša Dragaš,Crimea Legitimately Part of Russia,"@LadelaBackup @MalcontentmentT Crimea was always Russian, we, Slavic nations, all know that 👍 What Brits want to destroy Russian navy is other pair of gloves 😏",comment,159,26,1,0,2,0,6,7,False,,False,3.0,2.0,4.0,1.0,pride,bare_assertion,False
https://x.com/volkova_ma57183/status/2002657836002902127,Control,Маrina Wolf,Russia Liberating Ukrainian Territories,"🇷🇺🇺🇦 The Russian Ministry of Defense reported that as of 11:00 a.m.:

🔸️Russian troops liberated the village of Vysokoye in the Sumy region and Svetloye in the Donetsk People's Republic. https://t.co/fHB79rKXDb",post,210,31,0,0,0,1,6,8,True,photo,False,2.0,4.0,5.0,1.0,pride,bare_assertion,False
https://x.com/vivienstevens23/status/2002693582432706881,Control,vivien stevens,Ukraine Controlled by Nazis,@frontlinekit Have you read the real news lately?  The Nazi Ukrainian regime has stolen billions of our tax money. The Ukrainian people have been betrayed and are desperate for peace. You go fight for the thieving coke head  Zelensky if you want to.,comment,249,43,1,0,1,0,6,10,False,,False,4.0,2.0,5.0,2.0,anger,emotional_appeal,True
https://x.com/Konstan19440731/status/2002680594950762840,Control,Konstantinos,Ukraine Controlled by Nazis,"@mobbs_mentality @WSJ EU Kleptocrats
NATO
Puppet Zelensky
The Nazi thugs who actually run the whole thing in Ukraine
The parasitic western ruling elites who believe they can still contain Russia by throwing money in the war.",comment,224,36,1,0,2,0,6,10,False,,False,5.0,2.0,5.0,3.0,outrage,emotional_appeal,False
https://x.com/mrSatias/status/2002691172867911945,Control,M Silvennoinen 🇬🇱 🇵🇦 🇨🇦,Russia Seeks Peaceful Conflict Resolution,@EUvsDisinfo This is disinformation. Those who do not want to accept the core demands of Russia for peace are the warmongers. Russia has been clear about what it needs for a lasting peace. Ignoring Russia's position is what caused the war in the first place. https://t.co/fpPYUhSMmx,comment,282,46,1,0,1,1,6,10,True,photo,False,4.0,2.0,5.0,3.0,anger,bare_assertion,False
https://x.com/just_HJB_here/status/2002671382606626990,Control,HJB,NATO Expansion Provoked Russian Invasion,"@CountryFirstRep This war is not like that at all. This is a NATO expansion attempt  over neighboring, neutral territory that never should have happened. Ukraine is not a member of NATO, Rubio is correct. We should get out of this.",comment,231,40,1,0,1,0,6,9,False,,False,3.0,2.0,4.0,3.0,anger,bare_assertion,True
https://x.com/romanlouisville/status/2002691763698647122,Control,romanlouisville,NATO Expansion Provoked Russian Invasion,@YourAnonCentral Ukraine didn't provoke Russia.   NATO provoked Russia.   Ukraine was just the pawn for the neocons and military industrial complex.,comment,148,20,1,0,1,0,6,10,False,,False,3.0,2.0,5.0,1.0,anger,bare_assertion,False
https://x.com/Fred02995760902/status/2002679189749784833,Control,Fred,Russia Defending Against Western Aggression,"@aleksbrz11 ZIONIST MEDIA ARE LYING FILTH, RUSSIA WILL NOT ATTACK EUROPE, THEY WILL DEFEND AGAINST NATO EXPANSION RIGHTLY.",comment,122,18,1,0,1,0,6,9,False,,False,5.0,2.0,5.0,3.0,outrage,emotional_appeal,False
https://x.com/LanceSt81774855/status/2002661072336273619,Control,Lance Stewart,West Orchestrated Ukraine Coup in 2014,"@DakdaR22 ""Russian aggression"" = intervening in the Ethnic Russian part of Ukraine when after a bloody CIA COUP the new Kiev regime began persecuting its Russian citizens; bombed &amp; shelled them when the protested; and the entire West ignored Moscow's repeated warnings for EIGHT YEARS. Yea.",comment,294,46,1,0,1,0,6,8,False,,False,4.0,3.0,5.0,2.0,outrage,narrative_storytelling,False
https://x.com/Ebay_Itemm/status/2002721174917398969,Control,Username_1961,Sanctions Ineffective Against Russia,"@oxign @sarjnarw @RasmusJarlov @rinalu_ Your point is useless, fueled by propaganda. Russia is not some African country. EU,USA and Europe have failed for years to take down Russia. Sanctions didn't work. Invasion didn't work. All Brits, EU, NATO and partners will never do anything to Russia. Just understand that part",comment,319,50,1,0,4,0,6,12,False,,False,4.0,2.0,5.0,2.0,anger,bare_assertion,False
https://x.com/RT_com/status/2002734921459413004,Control,RT,Russia Liberating Ukrainian Territories,"⚡️ Russia has liberated Svetloye in the Donetsk People's Republic 

Soldiers from 'Center Group' led combat operations against Ukrainian forces

Russia's MoD noted the use of UAV's were key in completing the liberation https://t.co/LV8nANINVZ",post,242,34,0,0,0,1,6,13,False,,False,3.0,4.0,5.0,2.0,pride,bare_assertion,False
https://x.com/BobD187/status/2002729559532429810,Control,Bob D,West Orchestrated Ukraine Coup in 2014,"@McFaul Didn’t start overnight. NATO backed coups in Georgia (2003) &amp; Ukraine (2014), including CIA-backed removal of an elected gov’t.8 years of Donbas shelling, Minsk stalled,U.S./NATO armed &amp; trained Ukraine. Russia intervened after repeated warnings. Blaming Putin erases this history",comment,296,40,1,0,1,0,6,13,False,,False,4.0,3.0,5.0,2.0,outrage,narrative_storytelling,False
https://x.com/mindwarz/status/2002732875347849599,Control,MemeWars,West Orchestrated Ukraine Coup in 2014,"@igorsushko lol, what nonsense. 2014 Ukraine had a Russian friendly government. NATO color revolution over threw it with an armed revolution. NATO then rushed in to arm and train the western Ukraines who attacked the East civilians LPR/DPR! They didnt attack Crimea because Russia defended it",comment,292,46,1,0,1,0,6,13,False,,False,4.0,3.0,5.0,1.0,anger,bare_assertion,False
https://x.com/EarlJBH/status/2002730527002861802,Control,Earl Grey Beard,West Orchestrated Ukraine Coup in 2014,"So you have the right to declare war on Russia? Or has Herr Schtarmer already done so in a fait-accompli manner?
Besides - pray tell - who financed and backed the Maidan 'coup' against the democratically elected government - corrupt as it was, it was no 'less' corrupt than this dictatorship under Zelenskyy with NATO backing? He'd be out of power tomorrow if the 'People' had a say in it.
Are coups 'legal/lawful' in Europe or the UK?
NATO has been pushing onto Russia's borders ever since the Berlin Wall came down - despite assurances at the time, that NATO would not advance eastwards. North Atlantic Treaty Organisation. Since when is an Eastern European country on the Black Sea (which still reveres WWII Nazis like Stepan Bandera & the AZOV) - anywhere near the North Atlantic?
After what the Nazis did to Russia in WWII - they were never going to accept a regime riddled with Nazis & carrying out 'ethnic cleansing' against Ethnic Russian-Ukranians in the East.
Khrushchev triggered the Cuba crisis - so we were told - yet decades later it emerges that the Yanks had put their nuclear capable Jupiter missiles in Turkey & only when Kennedy agreed to withdraw those, was the 'crisis' resolved - with all the self-congratulating & finger-pointing that went with it.
Me'thinks the Lady doth protest too much.🕊️☮️",comment,1317,226,1,0,0,0,6,13,False,,False,4.0,3.0,4.0,2.0,outrage,emotional_appeal,False
https://x.com/DietHeartNews/status/2002734443681972423,Control,Alan Watson,West Orchestrated Ukraine Coup in 2014,"@DakdaR22 Since Obama’s coup in Kiev in 2014, the EU has undergone a retrograde transformation to become a militarized bloc defined by obsessive hostility towards Russia. The EU is increasingly a clone of the NATO military alliance, and is on a world-changing collision course with Russia. https://t.co/AazEVu7cp4",comment,313,47,1,0,1,1,6,13,True,photo,False,4.0,2.0,5.0,4.0,outrage,bare_assertion,False
https://x.com/SteelblueIII/status/2002739830950637626,Control,George Aucoin,West Orchestrated Ukraine Coup in 2014,"No shithead. Countries can do whatever their National Security requires.

The U.S. Neo-cons overthrew the Ukrainian government in 2014.

NATO encroachment East, towards the former USSR,  has tacitly been allowed since the end of WWII.

When this useless war ends Russia will have established a buffer east of the Dnieper River. Its “limited military objective” on the day the incursion began.",comment,392,61,1,0,0,0,6,13,False,,False,4.0,3.0,5.0,1.0,anger,bare_assertion,False
https://x.com/Spoki_83/status/2002736439021420781,Control,ParaBellum,Ukraine Persecutes Russian-Speaking Minorities,"@Microinteracti1 US started with the Maidan in 2014 
Ukraine started after that the war against the Russian speaking Population in the East 

Burned ppl alive attacked and bombed civilians etc",comment,192,30,1,0,1,0,6,13,False,,False,4.0,2.0,5.0,2.0,outrage,emotional_appeal,False
https://x.com/IgorMatutinovic/status/2002732348111261993,Control,Igor Matutinovic,Russian Military Achieving Successful Operation,"@rshereme More precisely: Russia is winning the war and is imposing its peace terms,  as it always happened during the history of wars... You live on Mars?",comment,155,27,1,0,1,0,6,13,False,,False,4.0,2.0,5.0,2.0,outrage,bare_assertion,False
https://x.com/Ukanolfckov/status/2002711397881516352,Control,Alexei Ukanolfckov,NATO Expansion Provoked Russian Invasion,"@astraiaintel Russia already has the territory that it wants, the goal was never to take over Ukraine, but to make sure Nato aggression does not keep expanding towards its borders.",comment,180,30,1,0,1,0,6,12,False,,False,1.0,2.0,4.0,1.0,neutral,bare_assertion,False
https://x.com/thefuturebyJC/status/2002696452771045593,Control,I Trust You Implicity 🌎✨🌤️,NATO Expansion Provoked Russian Invasion,"@ScottTa08059043 @SprinterPress That is asinine.

The criminal Soros puppets posing as democratically elected representatives in the West have been building up Ukraine militarily to annex under NATO / EU to attack Russia for years after annexing most other Soviet satellite states.

No way Russia could allow it.",comment,312,47,1,0,2,0,6,11,False,,False,4.0,3.0,5.0,3.0,outrage,emotional_appeal,False
https://x.com/Patrick622500/status/2002712677844656393,Control,Patrick,Ukraine Controlled by Nazis,"@GunterFehlinger Hopefully you'll make everyone a favour, and get lost forever in hell, nobody needs a warmongering bastard like you, and a traitor to his country (pro EUSSR, pro NATO, and worse of all pro banderist (neo nazi) regime of nazilensky's Ukraine.",comment,258,42,1,0,1,0,6,12,False,,False,5.0,3.0,5.0,2.0,anger,emotional_appeal,True
https://x.com/SteveHylan55254/status/2002700346624454989,Control,Steve Hyland,Russia Defending Against Western Aggression,"That’s an ignorant comment Dave, and an inversion of the truth.  

The U.S.’ and NATO’s lies and aggressive provocation caused the war in Ukraine.  Russia was not the aggressor, and its Special Military Operation was a final resort call to wake TF up!

The SMO could have ended within TWO months if Boris Johnson on behalf of the aggressors hadn’t flown to Kyiv in early April 2022 to tell Zelensky, NATO’s puppet president, not to sign a ceasefire agreement that Russia had negotiated with Ukraine.

Trump had nothing to do with the provocation that caused the war or its continuation.  He and his Administration is simply trying to dig the U.S. out from the 💩 his predecessors created.",comment,687,118,1,0,0,0,6,11,False,,False,4.0,4.0,5.0,2.0,anger,bare_assertion,False
https://x.com/GoudasNicholas/status/2002726573255123185,Control,Nicholas Goudas,West Broke Promises About NATO,"@HBrandstaetter When you took Ukraine’s NUCLEAR you also Promised NO NATO EXPANSION TOWARDS RUSSIA 

FUCKING LIAR",comment,113,16,1,0,1,0,6,13,False,,False,5.0,3.0,5.0,2.0,anger,emotional_appeal,False
https://x.com/AnthonyYeehaw/status/2002938482881441889,Control,Anthony John,Sanctions Ineffective Against Russia,"@maria_avdv So, Low IQ Biden's, ""Russian Ruble to Rubble,"" didn't quite work out for the Ukrainian people, EH?

It did work for Churchill Zelensky, Azov Nazis, the Oligarchs, and corrupt EU politicians:

👉They're sitting on GOLD TOILETS!",comment,237,37,1,0,1,0,0,3,False,,False,4.0,2.0,5.0,1.0,outrage,emotional_appeal,False
https://x.com/nobodyudlike/status/2002962373791928561,Control,nobody you’d like,Ukraine Controlled by Nazis,"ROFLMAO 
I’m so sick of all you whinny bitches crying about Russia. You clowns made him the buggy man, Ukraine is run by Nazis and you gulls are in bed with them. If scum like you were pushing onto my boarder I’d do the same. 
Thankfully more people are on your you asshats. The rest are walking idiot box believers and have no clue what you losers have been pushing. 
Tic Tok……🤡",comment,379,72,1,0,0,0,0,4,False,,False,5.0,2.0,5.0,3.0,anger,emotional_appeal,False
https://x.com/bradley_tindall/status/2002961394237411650,Control,Bradley Tindall 🇺🇸 🇷🇺,West Orchestrated Ukraine Coup in 2014,"Russia has no intention of conquering all of Ukraine and never has. Putin is simply responding to the democide of ethnic Russians in Donbass, and to a certain extent  Zaporizhzhia and Kherson by the installed Kiev regime after the 2014 coup instigated by the CIA, USSD and the third wheel in the bicycle, NATO.",comment,310,54,1,0,0,0,0,4,False,,False,4.0,3.0,5.0,2.0,outrage,bare_assertion,False
https://x.com/DStateRespTeam/status/2002965605146907015,Control,Deep State Response Team 🇺🇸,West Orchestrated Ukraine Coup in 2014,"@visegrad24 Remember when the CIA overthrew the Ukraine government in 2014? John McCain and Victoria Nuland passed out cookies and took pictures of their handy work.
https://t.co/gpDj6cMbnW",comment,189,27,1,0,1,1,0,4,False,,False,4.0,3.0,5.0,1.0,outrage,bare_assertion,False
https://x.com/holy_hero/status/2002999545374908446,Control,Don Corleone🔥,Russian Military Achieving Successful Operation,"Even if Valery Gerasimov was assassinated, it won’t change the fact that Ukraine is losing badly. While Russia keeps liberating more territories, Ukraine is busy looking for generals to assassinate; like it’s going to change the situation on the battlefield. In 2 weeks Russia will exchange another 1000 dead Ukrainians for 20 Russians.",comment,336,53,1,0,0,0,0,7,False,,False,4.0,3.0,5.0,2.0,outrage,bare_assertion,False
https://x.com/MilsurpMichael/status/2003004027068645714,Control,Milsurp Mike,NATO Expansion Provoked Russian Invasion,"@RepDonBacon Horseshit... Ike warned us about the dangers of the military industrial complex in his farewell speech, which Ukraine is a result of (Russia would not have invaded had we not caused a coup or tried to expand NATO... Yes Russia invaded, but we poked the hell out of that bear).",comment,289,51,1,0,1,0,0,7,False,,False,4.0,2.0,4.0,1.0,anger,emotional_appeal,False
https://x.com/d53404/status/2003000551211225326,Control,Irene Duffin,NATO Expansion Provoked Russian Invasion,"@RepDonBacon You display incompetence of as US politician if you can't see how NATO expansion against ""not an inch to the east"" caused war in Ukraine. Ukraine in NATO is like Mexico in the Warsaw Pact - NOT GONNA HAPPEN! US would invade Mexico to remove the threat. Same did Russia in Ukraine. https://t.co/P2ScSsBPXh",comment,317,54,1,0,1,1,0,7,True,photo,False,4.0,3.0,5.0,2.0,anger,emotional_appeal,False
https://x.com/JorgensenFlinke/status/2002940803921162578,Control,flinke,NATO Expansion Provoked Russian Invasion,"@Billbrowder It was all about NATO expansion. Russia was provoked, and there's really nothing you can do about that.",comment,116,19,1,0,1,0,0,3,False,,False,2.0,2.0,5.0,1.0,neutral,bare_assertion,False
https://x.com/Dowlphin/status/2003012781440958969,Control,Dᴏᴡʟᴘʜᴡɪɴ 🥷🖋️🖋️🖋️🇵🇸,Crimea Legitimately Part of Russia,"@Ross_Greer No, they are not the same. Crimea had a referendum in which the originally Russian-identifying population unsurprisingly voted in overwhelming number, as is their right under international law, to return to Russia after the CIA-Kiev coup regime sent a neonazi lynch mob their way.",comment,292,45,1,0,1,0,0,8,False,,False,4.0,3.0,5.0,2.0,outrage,narrative_storytelling,False
https://x.com/cdnrefugee/status/2003102801430536561,Control,Cdn Refugee in Ecuador,West Orchestrated Ukraine Coup in 2014,"This ex-CAF soldier/peacekeeper wouldn't risk a hangnail for Nazi Ukraine. If the Azov Battalion and their ilk hadn't been killing Russian-speaking Ukrainians in the Donbas after the US fomented the Maidan Coup, there'd be a whole more live Ukrainians.",post,252,39,0,0,0,0,0,13,False,,True,4.0,3.0,5.0,2.0,outrage,emotional_appeal,False
https://x.com/dick_girard/status/2003064038553723169,Control,Dick Girard,West Orchestrated Ukraine Coup in 2014,@joni_askola Listen up. “Leftist” like the “chicken-egg” game. What came first. Chicken or egg? “The West.” “Victoria NULAND &amp; Co.” financed the “Color revolution” in Ukraine. Once “they” toppled the govt. &amp; “installed” ZELENSKY. He started shelling Eastern Ukraine.,comment,274,39,1,0,1,0,0,11,False,,False,4.0,3.0,5.0,2.0,outrage,bare_assertion,False
https://x.com/Musk4Potus/status/2003061730021453936,Control,Heeere's Johnny,West Orchestrated Ukraine Coup in 2014,"@Billbrowder The CIA aided and abetted the Maidan coup and the US took control of Ukraine.
You know this is true. https://t.co/Lm2hRsNZ7p",comment,137,22,1,0,1,1,0,11,True,photo,False,4.0,2.0,5.0,1.0,outrage,bare_assertion,False
https://x.com/crispSV/status/2003085291666751917,Control,CrisP,Ukraine Controlled by Nazis,@United24media Ukraine destroyed for ever by its nazi administration. Ukrainians should raise against Zelensky,comment,110,14,1,0,1,0,0,12,False,,False,4.0,2.0,5.0,3.0,outrage,emotional_appeal,True
https://x.com/DickMackintosh/status/2003073976659222645,Control,Dick Mackintosh🌹#StopTheWar,Protecting Ethnic Russians in Donbas,@AlastairG8 @SprinterPress Ukrainian Nazis slaughtered ethnic Russians and Russian speakers until Putin had no choice but to intervene. A less patient man would have acted much sooner.,comment,184,27,1,0,2,0,0,12,False,,False,4.0,2.0,5.0,3.0,outrage,emotional_appeal,False
https://x.com/DickMackintosh/status/2003073627781292497,Control,Dick Mackintosh🌹#StopTheWar,Ukraine Persecutes Russian-Speaking Minorities,@chima_onyejekwe @SprinterPress He had no other option; a less patient man would have acted much sooner to save ethnic Russians and Russian speakers being slaughtered by Ukrainian Nazis.,comment,186,28,1,0,2,0,0,12,False,,False,4.0,2.0,5.0,4.0,outrage,emotional_appeal,False
https://x.com/VIVADENXCIXXX/status/2003103150996423071,Control,Viv,Ukraine Persecutes Russian-Speaking Minorities,"@DamianLow3 Read History &amp; find out why Pres Putin had no choice but to put in Peacekeepers into Ukraine. 

Zelensky's AZOV Nazis were so emboldened they were torturing citizens openly on streets if overheard speaking Russian. 

Meet a Dictator. 👇

Zelensky AZOV NAZI",comment,271,43,1,0,1,0,0,13,False,,False,4.0,2.0,5.0,3.0,outrage,emotional_appeal,False
https://x.com/antoine2711/status/2003081882812989519,Control,Antoine Beaubien,NATO Expansion Provoked Russian Invasion,"No, Russia didn't initiate this situation.

They warned the West many times. They just defend their right to not be threatened by the West and NATO.

NATO is the most aggressive alliance in the world and the real warmongers.

NATO is the most criminal organization in the world.

NATO broke their promise before Russia did, and forced Russia to take actions, which are unfortunate, but understandable.",comment,401,66,1,0,0,0,0,12,False,,False,4.0,2.0,5.0,2.0,outrage,bare_assertion,False
https://x.com/MikeDrozan/status/2003086154686689641,Control,Mike Drozan,NATO Expansion Provoked Russian Invasion,"@catturd2 He is clearly supporting his masters, the military industrial complex. 
It’s guys like him that made this war happen to start with, by pushing NATO expansion closer to Russia after agreeing not to.",comment,207,34,1,0,1,0,0,12,False,,False,4.0,2.0,5.0,2.0,anger,bare_assertion,False
https://x.com/Saffron_ManZ/status/2003093363478999181,Control,Saffron Man,NATO Expansion Provoked Russian Invasion,"@BRICSinfo Russia ready to legally guarantee no attack on EU/NATO—clear peace signal amid tensions! 

West's endless NATO expansion provoked this mess.",comment,151,21,1,0,1,0,0,13,False,,False,3.0,2.0,4.0,2.0,anger,bare_assertion,False
https://x.com/ElComrade_Vlad/status/2003331826065244502,Control,Comrade Vlad 🇸🇻🇸🇻,West Broke Promises About NATO,"@WW3finalboss1 Hell no!! We had no business meddling in their affairs, The NATO Cartel also promised not to expand Eastward, yet here we are.",comment,141,24,1,0,1,0,1,5,False,,False,4.0,2.0,5.0,2.0,anger,emotional_appeal,False
https://x.com/katzenbrau/status/2003372839160906127,Control,Mr Dyspeptic,West Orchestrated Ukraine Coup in 2014,"@Sawertynn17 @PamphletsY no, the neo nazis who took power in the maidan coup were nazis though, and they continually murdered russians until some in the donbas seceded. It's a civil war, and the US started it. There's no such thing as russian imperialism. hope that helps, polack.",comment,280,47,1,0,2,0,1,7,False,,False,4.0,2.0,5.0,1.0,anger,bare_assertion,False
https://x.com/JasnicSlobodan/status/2003353248980435166,Control,Slobodan Jasnic,West Orchestrated Ukraine Coup in 2014,"Peaceful Eurpean has orchestrtet two words wars, hundred of millions death Eurpean, orchestratet coup de'ettat Nazi orgies on Maidan Square 2014 startet war against Russia again, they is the greatest obstacle to peace in Ukraine and Europe as well, they forse Europe into WW3.",post,276,44,0,0,0,0,1,6,False,,True,5.0,2.0,5.0,4.0,outrage,emotional_appeal,False
https://x.com/SteveHylan55254/status/2003351644214550633,Control,Steve Hyland,West Orchestrated Ukraine Coup in 2014,"Nuland might not be directly responsible for the U.S.’ takeover of Ukraine in 2014, but she was heavily involved.  

And in a uniquely U.S. way, as bureaucrat, she wielded inordinate influence on Ukraine immediately before and during the Maidan “coup” - and in the selection of the puppet president.

The takeover and the installation of a compliant puppet removed obstacles to Ukraine’s membership of NATO, which had been raised by France and Germany at the 2008 Bucharest NATO Summit.

It also allowed NATO to begin arming Ukraine, and for Ukraine to use those arms to shell its own Russian-speaking citizens in the oblasts on the Russian border.

This, and the U.S. and NATO’s determination to break Russia, made the Russian Special Military Operation inevitable (especially since NATO arrogantly dismissed Russia’s Eleventh Hour attempt in the autumn of 2021 to avoid war).

In a word, Victoria Nuland’s role was “pivotal”.",comment,927,149,1,0,0,0,1,6,False,,False,4.0,3.0,4.0,2.0,outrage,narrative_storytelling,False
https://x.com/Stan_Karczmarz/status/2003373100805546378,Control,Stan Kar,West Spreads Anti-Russian Propaganda,"Western media, are corrupt nasty, lying amateurs. They invent, speak, write, present amateur photos, videos conveying only propaganda, falsehood, fiction hysteria on a subject they do not like, also lies about Russia, Putin, invasions, wars, the extreme right etc.

It's impossible to negotiate with the leaders of the G7, the EU, and NATO, as well as Zelensky. 
The staged manipulation carried out by the corrupt Zelensky on behalf of the West, to the benefit of supporters of the EU, G7, and NATO.

They're damn warmongers – war criminals! They're masters of money laundering through war and can't afford to miss this opportunity. 
They have World War III in mind – the big business.
People die because of their greed.
 
The Russians have no other choice. Soon, the Russians will liberate Ukraine from the yoke of its Western pseudo-friends.",comment,843,138,1,0,0,0,1,7,False,,False,5.0,2.0,5.0,4.0,outrage,emotional_appeal,False
https://x.com/cheffieparadise/status/2003346892210733473,Control,Cheffie,Russia Seeks Peaceful Conflict Resolution,"Not very bright ... Putin has said many times that he wants peace...Zelensky on the other hands said he needs more money to fight Russia...

Are you ok ? Or are you just a retard",post,178,35,0,0,0,0,1,6,False,,True,4.0,2.0,5.0,1.0,anger,emotional_appeal,False
https://x.com/BartBlake11/status/2003421082674728973,Control,Stockius Jobberus,Color Revolutions are US-Backed Coups,@fellaraktar Exactly. We should cut ties with Ukraine. It was a terrible idea for the CIA to go in there and do their color revolution bullshit.,comment,144,26,1,0,1,0,1,11,False,,False,4.0,2.0,5.0,2.0,anger,bare_assertion,False
https://x.com/jokes_on_us_pal/status/2003413211547337005,Control,Jokes On Us Pal 🏴‍☠️🏴,Ukraine Controlled by Nazis,"@DamianLow3 More Liberal lies.

NATO installed the Nazis in Ukraine then allowed them to murder the people of the Donbas just like they allow Israel to do with Gaza.

Russia asked for a decade for NATO get their Nazis under control &amp; NATO refused.

This is NATO’s provoked war. 🖕🏽🤬🤡",comment,286,50,1,0,1,0,1,10,False,,False,5.0,2.0,5.0,3.0,outrage,emotional_appeal,False
https://x.com/kaza40419/status/2003417066175627622,Control,George kaz,Ukraine Controlled by Nazis,@jurgen_nauditt Peace will be when Ukraine and its sheep 🐑 citizens realize they are being slaughtered by the west and by their Nazi leadership and Zelensky,comment,156,26,1,0,1,0,1,10,False,,False,4.0,2.0,5.0,3.0,outrage,emotional_appeal,False
https://x.com/apocalypseos/status/2003389393365790793,Control,🅰pocalypsis 🅰pocalypseos 🇷🇺 🇨🇳 🅉,Ukraine Controlled by Nazis,"Nothing Can Be Built on Hatred: The Ukrainian Nightmare in Konstantinovka Will Soon End

“An apocalyptic video from Konstantinovka—a long-suffering city of the DPR, still for now occupied by Ukrainian Nazis.

Wherever the Bandera scum still lingers, there is hell. One can only sympathize with the residents of Konstantinovka. But only with those who still found the strength, courage, opportunity, and bravery to stay in the city and wait for the Russian soldiers. Those who left the city, abandoning their possessions and moving to resilient Donetsk and the DPR, who went to their own people, not parting with the hope of returning to their homeland.

As for those who fled to deranged Ukraine and pederastic Europe, I feel no pity. Shrewd and delusional, may you struggle and humiliate yourselves, grovel, proving that you are not Russians, but God knows what. Did you support the coup? Donate to the “Anti-Terrorist Operation”? Applaud “Bandera will come, he will bring order”? Did you laugh at calls to “bomb the separatists”?

I hope that soon the Ukrainian delusion over Konstantinovka will lift. The city will return to Russia forever and will certainly be rebuilt. On the territory of historical Russia, Russians will revive life, because nothing can be built on hatred—everything turns into rotten shards, as the example of a degraded Ukraine makes devastatingly clear.”

— Voenkor Kotenok (War Correspondent Kitten)",post,1426,227,0,0,0,0,1,8,True,photo,False,5.0,2.0,5.0,3.0,anger,emotional_appeal,False
https://x.com/Konstan19440731/status/2003413918216245432,Control,Konstantinos,Russian Military Achieving Successful Operation,@Bricktop_NAFO The difference is that Russia is winning the war. It's the Nazi regime and their western supporters who are looking for the exits. Soon they will all go down in flames.,comment,183,32,1,0,1,0,1,10,False,,False,5.0,1.0,5.0,4.0,anger,emotional_appeal,False
https://x.com/An89390Anglo/status/2003407491854664097,Control,Dissident 1776.,Russia Seeks Peaceful Conflict Resolution,"@marcthiessen No, Putin wants peace, but he is also going to need to secure his border, region, &amp; own backyard, just like the US does. 

This NATO gamble &amp; provoked proxy war against Russia to force regime change has failed. 
Time for peace &amp; do business with Russia not war.",comment,287,50,1,0,1,0,1,10,False,,False,3.0,2.0,4.0,3.0,anger,bare_assertion,True
https://x.com/Imagine_MK2/status/2003411362073182430,Control,Imagine,West Broke Promises About NATO,@jedmarson @RussianEmbassy No. The agreement was no NATO expansion against Ukraine's security guarantees. NATO broke the agreement 1st and kept expending. Then Merkel and Holland admissions about Minsk agreement being a hoax to allow Ukraine to prepare itself to fight. Stop spreading lies,comment,289,43,1,0,2,0,1,10,False,,False,4.0,3.0,5.0,2.0,anger,bare_assertion,True
https://x.com/tonyaddison/status/2003391404081578398,Control,Tony Addison (SO),West Broke Promises About NATO,"NATO gave Gorbachev an undertaking of no further expansion
Then broke that promise to Russia

And niw want to do it again",post,121,22,0,0,0,0,1,9,False,,True,4.0,2.0,5.0,3.0,outrage,bare_assertion,False
https://x.com/Roberts56Gavin/status/2003398031128015224,Control,Gavin Roberts,NATO Expansion Provoked Russian Invasion,Everyone knows Russia was deliberately provoked into armed conflict by NATO clowns and has smashed three NATO armies into scrap metal and dust. Starmer’s 🏴󠁧󠁢󠁥󠁮󠁧󠁿City of London pals bet their house on dismembering and stealing Russian blood treasure and lands. You lost. Get over it.🤷🏼‍♂️,post,287,45,0,0,0,0,1,9,False,,True,5.0,2.0,5.0,2.0,outrage,emotional_appeal,False
https://x.com/stanger_05/status/2003459028547174512,Control,Maestro,West Prolonging Conflict for Profit,"@GZERITIS @Glenn_Diesen Western oligarchs are getting very rich off the Ukraine debacle.  They desperately want to keep it going.. they also need the fog of war to cover up their many crimes against humanity..
The End",comment,217,36,1,0,2,0,1,13,False,,False,4.0,1.0,5.0,2.0,outrage,emotional_appeal,False
https://x.com/MariaCrouch18/status/2003436011070836831,Control,Maria Crouch,Russia Seeks Peaceful Conflict Resolution,@TRUMP_ARMY_ ITS TIME TO END THIS WAR IN UKRAIN WHICH ZELENSKY IS PURPOSLEY WANTING TO CARRY ON RUSSIA WANTS PEACE AND WANTS TO END THE WAR AND HAS SAID HE DOSNT CARE IF ZELENSKY JIONS NATO SO ITS ZELENSKY WHO DOSNT WANT PEACE,comment,226,43,1,0,1,0,1,12,False,,False,4.0,2.0,5.0,3.0,anger,bare_assertion,False
https://x.com/ArmanAmany/status/2003465622244721015,Control,Arman Amany 🇦🇫,Ukraine Controlled by Nazis,@ZelenskyyUa So  during peace talks and negotiation Nazi terrorists assassinate a Russian general and you puppet of NeoNazis=evil Nazo expect Russia  to sit and do nothing?,comment,172,26,1,0,1,0,1,14,False,,False,5.0,2.0,5.0,3.0,outrage,emotional_appeal,False
https://x.com/U_E_Christendom/status/2003448966319374626,Control,United European Christendom,NATO Expansion Provoked Russian Invasion,"You don't know about Minsk I, Minsk II, and Istambul?
And that NATO lied to Russia for decades about an expansion that did and could have the sole goal of threatening Russia?
You don't know that Boris Foul Slob Johnson urged Zelenskyy in the strongest terms back in 2022 to continue the conflict?

You don't know that NATO was helping to amass a huge force on Russia's western border?
You don't know that the Nuland-Kolomoiskyy -Zelenskyy regime was shelling Russian areas of the Donbass for years, with 15,000+ deaths?

You don't know that Zelenskyy is a Jew who stole billions out of Ukrainian coffers, and that he has a jet, fueled on the tarmac and waiting to fly him and his inner circle to Israel, leaving millions of dead ☦️✝️Slavs in his wake?

Really,  Ma'am,  where do you get your information from?  Greg Gutfeld, Sean Hannity, and that whole Rupert Murdock (mother,  ✡️Green✡️) FoxNews crowd?",comment,904,155,1,0,0,0,1,12,False,,False,5.0,4.0,5.0,3.0,outrage,emotional_appeal,False
https://x.com/MartianSeervant/status/2003451714565996608,Control,Martian,West Orchestrated Ukraine Coup in 2014,"@AlanPavelin @lembitopik @X That story about the poisoning has more holes than a swiss cheese 

It's more NATO disinformation that has gone on for years prior to their Maiden coup to justify their eastwards expansion 

The entire conflict is NATO created ...

1/",comment,262,43,1,0,3,0,1,13,False,,False,4.0,2.0,5.0,2.0,outrage,bare_assertion,False
https://x.com/EpiqVita/status/2003428421402087764,Control,EpiqVita,West Broke Promises About NATO,"Naturally, what this scumbag decepticon war pig fails to mention is that NATO leaders gave Russia firm assurances in 1990 there would be no eastward expansion.  

And what did they do? Expanded anyway - five waves, 14 new members, right up to Russia's border.  Does this make Putin the ""good guy""? Hell no. But he's not the only bad actor here.  

The world deserves the truth about the agenda - some call it globalist - to isolate and weaken Russia.  Jesse Livermore said self-interest is the most powerful force in the universe. Satisfy it, and you create loyal clients who'll do your bidding.  In the end, similar goals (minus any ""death cult"" nonsense) could be achieved through cooperation instead of this fratricidal slaughter.  Peace through strength, not endless war.",comment,775,129,1,0,0,0,1,11,False,,False,4.0,3.0,5.0,3.0,anger,emotional_appeal,False
https://x.com/godsheros76762/status/2003733957414941124,Control,GODSHEROS.ORG,Ukraine Controlled by Nazis,@jakluge @joni_askola Ukraine 🇺🇦 is the Nazis and Russia the antifacist… they are saying denazify Ukraine 🇺🇦 for a reason. Russians are more tolerant than Ukraine 🇺🇦 https://t.co/NRoI8w4hJy,comment,189,28,1,0,2,1,2,7,True,photo,False,4.0,2.0,5.0,1.0,outrage,bare_assertion,False
https://x.com/SteveHylan55254/status/2003688246577094793,Control,Steve Hyland,NATO Expansion Provoked Russian Invasion,"Trump understands that the Ukraine war was a direct result of two decades of U.S. (neocon) and NATO aggression directed at Russia, and that the war has effectively been lost.

Trump now faces the difficult task of trying to extricate the U.S. from the lost war while Europe - itself struggling - wants to continue trying to pull a magical rabbit from the Ukrainian hat!  

Why would they waste more taxpayers’ money and Ukrainian blood on such an obvious lost cause?  Perhaps because European leaders see Putin (and Trump) as existential threats to their globalist New World Order?",comment,581,98,1,0,0,0,2,4,False,,False,4.0,2.0,4.0,3.0,anger,emotional_appeal,False
https://x.com/JasnicSlobodan/status/2003673035635884450,Control,Slobodan Jasnic,West Orchestrated Ukraine Coup in 2014,"@rglucks1 @ThierryBreton European values, they has launched orchestratet coused TWO WORDS WARS hundred million of death Eurpeans, orchestratet coup de'ettat Nazi orgies on Maidan Square startet war with Russia again, they is the greatest obstacle to peace in Ukraine, and Europe as well",comment,286,43,1,0,2,0,2,3,False,,False,5.0,2.0,5.0,3.0,outrage,emotional_appeal,False
https://x.com/Jojos467/status/2003720196532437395,Control,Jojos,West Spreads Anti-Russian Propaganda,"There will be no more special military operations if you treat Russia with respect and respect our interests, just as we have always tried to respect yours. If you don't deceive us, as you did with NATO's eastward expansion, simply ignoring our security interests. Western politicians created the current situation with their own hands. Now they constantly talk about preparing for war with Russia. This is absurd. It's done for domestic political reasons—to create an image of an enemy and to cover up the mistakes they have systematically made over many years, both in the economic and social spheres. Where is the green agenda now, when coal mines are being reopened? Nuclear power plants were shut down, and now they're restarting them. This is one mistake after another. And now they cover it all up with 'evil Russia,' distracting their own people from their failures and focusing on a mythical external threat."" - President Putin",post,936,155,0,0,0,0,2,6,True,photo,False,4.0,2.0,4.0,3.0,anger,emotional_appeal,False
https://x.com/Stan_Karczmarz/status/2003752640514027951,Control,Stan Kar,West Spreads Anti-Russian Propaganda,"Western media, politicians and corporations are spreading propaganda, lies, fiction and hysteria about Russia, the invasion and the war.
There are no other problems in the world, everything is perfect.

Corruption is in full swing – taxpayers' money is being spent on weapons for large private corporations, while shareholders reap huge profits.
Every country in Europe, the UK, the entire European Union – is now feeling the effects of the crisis, frantically heading towards self-destruction.",comment,494,75,1,0,0,0,2,9,False,,False,4.0,2.0,5.0,4.0,anger,emotional_appeal,False
https://x.com/VicV13270/status/2003739474837332035,Control,MisterVee,Russian Military Achieving Successful Operation,@TraderSmelly @WW3finalboss1 Russia is winning the war and America doesn’t want to met an Oreshnik. America has no hypersonics. Checkmate.,comment,138,20,1,0,2,0,2,8,False,,False,4.0,2.0,5.0,2.0,pride,bare_assertion,False
https://x.com/antoine2711/status/2003758615497208246,Control,Antoine Beaubien,West Broke Promises About NATO,"And the document exists for no NATO expansion.

It's diplomatic memorandum, and France has their, Germany has their, and of course, US also have them.

Russia even kept the letters from the US president promising no NATO invasion… But that, you wouldn't believe, right? Because for you, Russia is always lying, isn't it?",comment,320,53,1,0,0,0,2,9,False,,False,4.0,3.0,5.0,2.0,outrage,emotional_appeal,False
https://x.com/frankandbri/status/2003779488623231413,Control,francis o'hara,Russia Seeks Peaceful Conflict Resolution,"@BowesChay All the aggressive statements have come from the EU warmongers not from Russia who have made all the efforts for peace since 1991 only to be answered with cheating lies and insults about NATO expansion. That is a matter of public record, checkable facts  not BS propaganda!.",comment,285,48,1,0,1,0,2,10,False,,False,4.0,2.0,5.0,2.0,anger,bare_assertion,True
https://x.com/hopeoverfear01/status/2003749065683873893,Control,Hope Over Fear,Russia Defending Against Western Aggression,"This is American imperialism: theft, murder, land grab, regime change, slavery to American system &amp; the petrodollar.

Gaddafi talked about it. They’ve all succumbed to it via death. Except Putin who defends his country against the proxy, Ukraine. 

Open your eyes.",post,268,41,0,0,0,0,2,8,False,,True,4.0,2.0,5.0,3.0,outrage,emotional_appeal,True
https://x.com/SurvivalistPt/status/2003795512005382296,Control,Paul Taylor,West Orchestrated Ukraine Coup in 2014,@HamishDBG @Telegraph The ukro-nazis fight on  in a futile attempt  to  prevent russia from  stopping the murderous  proxy war  started in 2014 by the uk  when they fomented the maidan coup in Kiev.,comment,198,33,1,0,2,0,2,11,False,,False,4.0,3.0,5.0,2.0,outrage,bare_assertion,False
https://x.com/Lolapirch/status/2004052928940986501,Control,Lili,Ukraine Persecutes Russian-Speaking Minorities,"@Hellminator666 @kripp_m Russia has never claimed all of Ukraine, only those Russian-speaking territories that were subjected to terror by the Banderite Nazis and where referendums were held on secession from Ukraine. Pull your head out of the propaganda and turn on your critical thinking.",comment,290,44,1,0,2,0,3,4,False,,False,4.0,2.0,5.0,2.0,anger,bare_assertion,True
https://x.com/Lolapirch/status/2004028740335280509,Control,Lili,Ukraine Controlled by Nazis,"@AmanYavroum @MyLordBebo And Russia considers itself entitled to punish the Bandera Nazi regime, which since 2014 has been terrorizing the Russian-speaking population of southeastern Ukraine: killing people, including children, burning people alive in Odessa..",comment,260,34,1,0,2,0,3,3,False,,True,5.0,3.0,5.0,3.0,outrage,emotional_appeal,False
https://x.com/PerttiVehreves1/status/2004073577491136531,Control,Pertti Vehreävesa,NATO Expansion Provoked Russian Invasion,"@Tomthescribe well, there wouldn't be any war without the expansion of deeostate/nato - now wef-neonazi commies in soviet eu work hard to sabotage Trump's PEACE efforts...🤔",comment,172,26,1,0,1,0,3,6,False,,False,4.0,2.0,4.0,3.0,anger,emotional_appeal,False
https://x.com/mackaycallum44/status/2004075227127681384,Control,Patchmeister,West Orchestrated Ukraine Coup in 2014,"@StandUpForElonn My advice to any squaddie is to sign off asap. You're being used, abused and ridiculed. FFS the UK won't protect their own borders and these wallopers want you to defend corrupt UKRAINE borders in a war sown by Victoria Newlan and CIA in a 2014 coup regime change.",comment,281,50,1,0,1,0,3,6,False,,False,4.0,3.0,5.0,4.0,anger,emotional_appeal,True
https://x.com/Melchizedek1972/status/2004126467496521736,Control,Melchizedek 🐭,West Prolonging Conflict for Profit,"Why are Europeans spending billions? 

They gave all their outdated equipment to Ukraine ( which was promptly destroyed ). 

They are using the war and fear mongers to enrich the military industrial complex ( and themselves) by building all new equipment. 

Conscription? 

Same purpose. They will send your sons and daughters into the meat grinder to keep this ( very profitable) war going.

Their intent isn’t as much to protect Ukraine, it’s to bleed Russia down ( unfortunately none of them appear to know their history).  

“World War II losses of the Soviet Union were about 27 million both civilian and military from all war-related causes.

A figure of 20 million was considered official during the Soviet era. 

The post-Soviet government of Russia puts the Soviet war losses at 26.6 million,[2] on the basis of the 1993 study by the Russian Academy of Sciences, including people dying as a result of effects of the war.”

“Russia suffered approximately 300,000 casualties during Napoleon's invasion, which included both military and civilian losses. 
The total military and civilian deaths from the campaign are estimated to be around 1,000,000.”

Putin is an A$$hole but won’t stop fighting until NATO is out of Ukraine.",comment,1231,199,1,0,0,0,3,9,False,,False,4.0,2.0,5.0,3.0,anger,emotional_appeal,False
https://x.com/Tboynz0k/status/2004120730175516774,Control,Тоби айоделе -Tboy🇳🇬🇷🇺,Russia Liberating Ukrainian Territories,"🇷🇺🇺🇦 The district in the liberated Seversk

The Ministry of Defense reported that our troops have liberated the populated area of Svyato-Pokrovskoe in the Donetsk People's Republic.

Two majors https://t.co/2OvMxafBSm",post,217,30,0,0,0,1,3,9,True,photo,False,3.0,4.0,5.0,1.0,pride,bare_assertion,False
https://x.com/vick55top/status/2004141469712445769,Control,Victor vicktop55 commentary,Ukraine Controlled by Nazis,"Russian Foreign Ministry spokesperson Maria Zakharova dismissed a Bloomberg report about Russia adjusting its Ukraine peace plan as fake news:

""This so-called media outlet has no reliable sources close to the Kremlin. Only unreliable ones."" 

Russia hasn't yet seen this peace plan, so it couldn't make any adjustments. Furthermore, the Russian-American peace plan is widely known, and Russia cannot and will not make any adjustments to it. Only time can make adjustments to this plan. For example, after Russia liberates Sumy, Kharkov, Kiev, Dnepropetrovsk, Zaporozhia, and Odesa from Ukrainian Nazis.",post,603,90,0,0,0,0,3,10,True,photo,False,3.0,4.0,5.0,2.0,anger,bare_assertion,False
https://x.com/leser8989/status/2004121844681789470,Control,leser,West Orchestrated Ukraine Coup in 2014,"@Real_Politik101 @kajakallas Ukraine had neutrality enshrined in its constitution.
This was illegally amended after the Nazi-sympathizing, US-backed coup in '14.
And this also involves NATO!
Furthermore,US mercenaries were already involved against the Russian-speaking eastern Ukrainian",comment,286,35,1,0,2,0,3,9,False,,False,4.0,3.0,5.0,2.0,outrage,bare_assertion,False
https://x.com/Andjela_Sipovac/status/2004153292319072567,Control,Внимание! Говорит Москва! 🇷🇺 Z 👨‍⚕️👀🦁,Russian Military Achieving Successful Operation,"🚩 As a result of resolute actions, units of the Yug Group of Forces liberated Svyato-Pokrovskoye in the Donetsk People's Republic.",comment,130,21,1,0,0,0,3,11,False,,False,3.0,3.0,5.0,1.0,pride,bare_assertion,False
https://x.com/Zlatti_71/status/2004148560510566567,Control,Zlatti71,Russian Military Achieving Successful Operation,"⚡️ Summary Report on the Special Military Operation – December 25, 2025

The Armed Forces of the Russian Federation continue the special military operation to protect the Donetsk and Lugansk People’s Republics, demilitarize and denazify Ukraine, and ensure Russia’s security. 

Over the past day, our troops have achieved significant advances and inflicted heavy losses on the enemy across multiple fronts.

In the Donetsk direction, units liberated the settlement of Svyato-Pokrovskoye, improving tactical positions and opening paths for further advances. Enemy counterattacks were decisively repelled, with precision strikes destroying manpower and equipment concentrations near Konstantinovka and surrounding areas. Air defense systems intercepted multiple Ukrainian UAVs attempting to target civilian infrastructure, safeguarding local populations.

In the Zaporozhye direction, Russian forces took control of Zarechnoye and neutralized underground bunkers in Gulyaipole, severely disrupting enemy defenses. Artillery barrages and drone operations eliminated reserves, strongpoints, and incoming elite units, expanding our operational space along key river lines and preventing Ukrainian reinforcements from stabilizing the sector.

Across all fronts, aviation, missile troops, artillery, and drone units conducted precision strikes on military airfields, SBU facilities, and energy infrastructure critical to Ukraine’s war effort. Air defenses successfully downed 29 UAVs, guided bombs, and other projectiles, including HIMARS rockets. 

Total enemy losses over the past day: up to 1,495 personnel, along with tanks, armored vehicles, artillery pieces, and supply warehouses.

The operation is proceeding according to plan, with Russian forces maintaining full initiative and steadily achieving all assigned objectives.",post,1824,240,0,0,0,0,3,11,False,,False,3.0,3.0,5.0,2.0,pride,bare_assertion,False
https://x.com/RealKhairullin/status/2004162802806935946,Control,Marat Khairullin,Russia Liberating Ukrainian Territories,"🇷🇺  Units of the ""South"" Group, as a result of decisive actions, liberated the populated area of Svyato-Pokrovskoe in the Donetsk People's Republic - Russian Defense Ministry. https://t.co/2MBKV8RCq6",post,199,28,0,0,0,1,3,12,True,photo,False,3.0,4.0,5.0,1.0,pride,bare_assertion,False
https://x.com/LoneWolfV_/status/2004163529423585708,Control,Wolf,Russia Liberating Ukrainian Territories,"Via Marat Khairullin:

🇷🇺  Units of the ""South"" Group, as a result of decisive actions, liberated the populated area of Svyato-Pokrovskoe in the Donetsk People's Republic - Russian Defense Ministry. https://t.co/Zn8P9ChFCL",post,222,31,0,0,0,1,3,12,False,,False,3.0,4.0,5.0,1.0,pride,bare_assertion,False
https://x.com/HavryshkoMarta/status/2004166320871399706,Control,Marta Havryshko,NATO Expansion Provoked Russian Invasion,"The NATO–Ukraine question has always been viewed in the Kremlin as a major security threat—and both Washington and Europe knew it. 

How long can you provoke a wild beast without consequences? 

The bitter truth is that Ukrainians are the ones paying for these geopolitical games. With blood.

That is why the publication of the stenograms of the private meetings between former U.S. President George W. Bush and Russian President Vladimir Putin by the National Security Archive could not be more timely. 
Especially for ""unprovoked war"" fanatics.",post,547,86,0,0,0,0,3,12,True,photo,False,4.0,3.0,4.0,3.0,outrage,emotional_appeal,False
https://x.com/reivanen/status/2004178835219284191,Control,reivanen,West Orchestrated Ukraine Coup in 2014,@qirimlia same day as they condemn the illegal maidan coup financed and led from abroad,comment,87,15,1,0,1,0,3,13,False,,False,4.0,2.0,5.0,1.0,outrage,bare_assertion,False
https://x.com/Stuart42338603/status/2004188890278842507,Control,Stuart,West Broke Promises About NATO,"@DisavowTrump20 NATO agreed to move no further East in 1989 now has Military Bases along the Russian Border. Every time Russia has been invaded from the West it has been Via Ukraine. Hitler, Napoleon &amp; now NATO is posing a threat to Russian Sovereignty. Crimea is Russia's only Access South Sea",comment,298,51,1,0,1,0,3,13,False,,False,4.0,3.0,5.0,3.0,fear,narrative_storytelling,False
https://x.com/Hawkeye1745/status/2005146024738779365,Control,Hawkeye1812Z,Russia Liberating Ukrainian Territories,"🇷🇺🏳️🇺🇦Russian assault troops have liberated the settlements of Mirnograd (Dimitrov) in the Donetsk People's Republic (DPR) and Gulyaypole in the Zaporozhye region

Under conditions of complete encirclement and the refusal of the Ukrainian military command to evacuate their soldiers from Dimitrov, the remnants of Ukrainian forces contacted the Russian assault forces of ""Center"" group of the Russian Armed Forces and surrendered - Chief of the General Staff of the Russian Armed Forces Gerasimov",post,496,73,0,0,0,0,6,5,True,photo,False,3.0,4.0,5.0,1.0,pride,narrative_storytelling,False
https://x.com/2cnlkh68/status/2005124609579090113,Control,2CNLKH_68,West Spreads Anti-Russian Propaganda,"@Tomthescribe @SusanNFTS This #West #Russophobe fake #journalist paid by the establishment to spread lies, then a TV the same time cover up war crimes committed by the #banderites against civilians who refused to withdrawn to #Ukraine side! 

Shameless 🤡",comment,254,39,1,5,2,0,6,3,False,,False,5.0,2.0,5.0,2.0,outrage,emotional_appeal,False
https://x.com/Lev1446491/status/2005155648137461886,Control,Lev,Russian Military Achieving Successful Operation,"Zelensky is willing to make more concessions than he has publicly stated.
Now Putin who was willing to make a good deal is less likely to now that Russia is winning on all areas of the war and Ukrainians are surrendering in masses.
If Russia gets 2 more ports Ukraine is finished https://t.co/42nC9qZkgR",post,303,53,0,0,0,1,6,5,True,photo,False,4.0,2.0,4.0,4.0,fear,bare_assertion,False
https://x.com/mariaprecious12/status/2005187785066529267,Control,Maria,Russian Military Achieving Successful Operation,"No,is not 
Is not Russia’s problem if you don’t have 
competent people and leadership.
RUSSIA IS THE ABSOLUTE WINNER 
IN THIS STUPID WAR FOUGHT BY 🇺🇦 
AND NATO AGAINST 🇷🇺 

AND …RUSSIA IS WINNING 💯

I just fantasized about IF RUSSIA WAS 
LOSING…..THE USA WILL BE SOOO
ARROGANT AND ….MORE ARROGANT 
THAT THEY WILL DECLARE THEMSELVES 
AS THE LORD OF THE UNIVERSE.",comment,361,62,1,0,0,0,6,8,False,,False,5.0,1.0,5.0,1.0,pride,emotional_appeal,False
https://x.com/Taxidrummer/status/2005159988722106564,Control,Drummer girl,Ukraine Persecutes Russian-Speaking Minorities,"@DakdaR22 @JohnCleese Ukraine is part Russian.  Russian people still live in Ukraine, Ukraine been causing war crimes on these Russian people, so stop war mongering against Putin who is protecting his borders against Ukraine &amp; you lot, something you are failing to do for Britain and Btitish people!!!",comment,305,48,1,0,2,0,6,6,False,,False,4.0,2.0,5.0,3.0,outrage,emotional_appeal,False
https://x.com/shaandrix/status/2005178454602645736,Control,Shaandrix,Russian World Defending Traditional Values,"As a Black person, I see Russia as the last stronghold upholding white heritage, family values, Christian faith, cultural traditions—&amp; fighting oligarchs &amp; woke agendas. Russia is NOT an Enemy. The WEST should look up to it as an example and not an enemy 🙏🏽🙏🏽🙏🏽🇦🇺🇦🇺🇦🇺. 
🤍💙❤️🇷🇺",post,284,46,0,0,0,0,6,7,False,,True,4.0,2.0,5.0,2.0,pride,emotional_appeal,True
https://x.com/mjafri1214/status/2005179871635595408,Control,Mahmood,NATO Expansion Provoked Russian Invasion,"NATO pushed expansion knowing it would provoke war, then used Ukraine as a frontline pawn. Kyiv chose confrontation over neutrality and paid the price. This conflict was engineered, prolonged, and fueled from outside, Ukraine bears the wreckage. 
#NATO #Ukraine #ProxyWar #Geopolitics #Russia #Ukraine",comment,301,43,1,6,0,0,6,7,False,,False,4.0,2.0,5.0,2.0,anger,bare_assertion,False
https://x.com/GSTP55784/status/2005122746637025341,Control,JB,West Broke Promises About NATO,"@LedenUnor @RealPepeEscobar You’re an efing ftard. Look at events surrounding nice WWII and the proxy war in Ukraine, Minsk 2 debacle Merkel coming fessed to. NATO lies and betrayal to get Germany unification.
Russian actions in Nazi-ukro banderaland now is the result and not the cause.
Cause lies with nato",comment,308,50,1,0,2,0,6,3,False,,False,5.0,3.0,5.0,2.0,anger,emotional_appeal,False
https://x.com/GeromanAT/status/2005223178814263710,Control,-- GEROMAN -- time will tell - 👀 --,Russia Liberating Ukrainian Territories,"""Units of Group of Forces Center, as a result of decisive actions, liberated the populated areas of Rodinskoe, Artemovka, and Volnoe in the Donetsk People's Republic""
🇷🇺 - Russian Defense Ministry.",post,197,31,0,0,0,0,6,10,False,,True,3.0,4.0,5.0,1.0,pride,bare_assertion,False
https://x.com/daisycossie/status/2005212945173889202,Control,🇬🇧THE BLOODY RED QUEEN / off with their head’s.,Russia Liberating Ukrainian Territories,"MoD ROUNDUP — towns and cities liberated over past 24 hours:

Dimitrov, Rodinskoye, Artyemovka, Volnoye in Donetsk Republic

Gulyaypole, Stepnogorsk in Zaporozhye region

VIDEO: Russian flags pop up across Dimitrov in MoD footage https://t.co/bEIqnfzsz4",post,253,34,0,0,0,1,6,9,True,photo,False,3.0,5.0,5.0,1.0,pride,bare_assertion,False
https://x.com/MauroSR_67/status/2005194338855452737,Control,MauroSR66🇮🇹🇬🇷✝️♐🖤❤️,Protecting Ethnic Russians in Donbas,"@Gerashchenko_en Why are you talking nonsense, Ukraine? Russia does not want a ceasefire because it wants lasting peace that guarantees Russian speakers in Donbass that a corrupt state will not join NATO.",comment,204,32,1,0,1,0,6,8,False,,False,3.0,2.0,4.0,2.0,anger,bare_assertion,False
https://x.com/4Anstey/status/2005220254763635082,Control,Jacky,NATO Expansion Provoked Russian Invasion,@ZelenskyyUa You did start the war through provocation.  You provoked and prodded Russian through constant insistence you joined the EU and Nato.  You got what you asked for and now are trying to back track after causing this horror.,comment,233,39,1,0,1,0,6,10,False,,False,4.0,2.0,5.0,2.0,anger,emotional_appeal,False
https://x.com/israeliens1/status/2005201560620732444,Control,israeliens,Crimea Legitimately Part of Russia,"@aglouares @_noblecloud_ Riding with which Nazis? 

Crimea and Donbass voted to be part of Russia, actually. That's their right to self-determination",comment,149,21,1,0,2,0,6,8,False,,False,2.0,3.0,4.0,1.0,neutral,bare_assertion,False
https://x.com/Ja09724729/status/2005197114142536126,Control,Caesar! 🇨🇿,West Orchestrated Ukraine Coup in 2014,"@ZelenskyyUa This civil war began in western Ukraine against eastern Ukraine in 2014 after an illegal coup against the democratically elected president and a subsequent attack on the pro-Russian speaking population, all under the auspices and guidance of the CIA, of course.",comment,274,42,1,0,1,0,6,8,False,,False,4.0,3.0,5.0,1.0,anger,bare_assertion,False
https://x.com/Bartholomewster/status/2005270119854080293,Control,Bartamaeus,West Prolonging Conflict for Profit,@Breaking911 Most likely a false flag using captured Russian equipment. EU and NATO are desperate to keep this war going. Ukraine is a gold mine for the Military Industrial Complex.,comment,181,30,1,0,1,0,6,13,False,,False,4.0,2.0,4.0,2.0,outrage,bare_assertion,False
https://x.com/AllisonAjuluch/status/2005247716587372743,Control,Shamuzu Banda,Russia Liberating Ukrainian Territories,"Russian MoD ROUNDUP — towns and cities liberated over past 24 hours:

Dimitrov, Rodinskoye, Artyemovka, Volnoye in Donetsk Republic

Gulyaypole, Stepnogorsk in Zaporozhye region

VIDEO: Russian flags pop up across Dimitrov in MoD footage",post,237,34,0,0,0,0,6,12,False,,False,3.0,5.0,5.0,1.0,pride,bare_assertion,False
https://x.com/sashafrp/status/2005241383389708668,Control,Aleksandar Vidaković,Russian Military Achieving Successful Operation,"@World_At_War_6 Nah, Jew. Your empire is going down. Putin offered Ukraine to surrender peacefully. That was the same offer since the start of SMO. If not, since Russia is winning by a huge margin (body swaps are usually 1000/10-20) Russia will simply eradicate UkroNazis and remove you.",comment,287,47,1,0,1,0,6,11,False,,False,5.0,2.0,5.0,3.0,anger,emotional_appeal,False
https://x.com/Tarique18386095/status/2005271340962677152,Control,Tarique Hussain,Russian Military Achieving Successful Operation,"🔥🇷🇺 Russia’s latest advances are huge blow for Zelensky: here’s why

🔶Gulyaipole: “very important fortified area,” says military analyst Alexander Mikhailov. Its capture opens the door to further Russian advances in Zaporozhye and Dnepropetrovsk

🔶Dimitrov: part of the Pokrovsk-Krasnoarmeysk agglomeration, until recently one of the last major fortified areas under Ukraine’s control in the Donbass. Its liberation leaves Russia at the gates of Slavyansk, Kramatorsk and Konstantinovka",post,486,67,0,0,0,0,6,13,True,photo,False,4.0,5.0,5.0,3.0,pride,evidence_based,False
https://x.com/Tarique18386095/status/2005271594919424153,Control,Tarique Hussain,Russian Military Achieving Successful Operation,"🔥🇷🇺 Russia’s latest advances are huge blow for Zelensky: here’s why

🔶Gulyaipole: “very important fortified area,” says military analyst Alexander Mikhailov. Its capture opens the door to further Russian advances in Zaporozhye and Dnepropetrovsk

🔶Dimitrov: part of the Pokrovsk-Krasnoarmeysk agglomeration, until recently one of the last major fortified areas under Ukraine’s control in the Donbass. Its liberation leaves Russia at the gates of Slavyansk, Kramatorsk and Konstantinovka",comment,486,67,1,0,0,0,6,13,False,,False,3.0,5.0,5.0,3.0,pride,evidence_based,False
https://x.com/DaRealBease/status/2005269437948350843,Control,DarealBease,Russia Seeks Peaceful Conflict Resolution,"@briano2009 @RussiaIsntEnemy I see the same , isn't ukraine bombing russia , too? 
Putin wants peace. Zelensky wants ...?",comment,121,19,1,0,2,0,6,13,False,,False,3.0,2.0,4.0,2.0,anger,bare_assertion,False
https://x.com/CltNc13/status/2005269430755004614,Control,Clt Nc,Russia Defending Against Western Aggression,@olddog100ua Ukraine is not part of NATO. It was NATO and the corrupt Obama  and Biden admins who started this. Russia is defending itself. If Russia was running biological weapons labs on our southern border we would be ready to nuke Mexico wouldn’t we?,comment,254,44,1,0,1,0,6,13,False,,False,4.0,2.0,5.0,2.0,anger,emotional_appeal,False
https://x.com/rodgarza2001/status/2005243074205671934,Control,Rodney Garza,NATO Expansion Provoked Russian Invasion,"@olddog100ua Ukraine is not part of NATO. In fact, Ukraine's &amp; Europe's insistance on admitting them into NATO, is one of the underlying causes of Russian aggression.
Zelenskyy's stubbornness in negotiating a peace deal months ago, has only led to senseless deaths &amp; loss of territory.",comment,293,46,1,0,1,0,6,11,False,,False,3.0,2.0,4.0,3.0,anger,bare_assertion,False
https://x.com/dumptheguardian/status/2005277213898510543,Control,ALETHEIA - Goddess of Truth & Wisdom,West Orchestrated Ukraine Coup in 2014,"What next? Will they orchestrate a violent 'Maidan' style coup, install a handpicked Govt (after being recorded discussing it). Then renounce NEUTRALITY to join NATO?
👇
Sounds very familiar, can't quite put my finger in it = 🇺🇦",post,227,38,0,0,0,0,6,13,False,,False,4.0,3.0,4.0,3.0,outrage,emotional_appeal,False
https://x.com/JasnicSlobodan/status/2005267712877203674,Control,Slobodan Jasnic,West Orchestrated Ukraine Coup in 2014,"@HortaMarianne @BFMTV Peaceful Eurpean.has launched orchestratet coused TWO WORDS WARS hundred million daath European, orchestratet coup de'ettat Nazi orgies on Maidan Square 2014, startet war with Russia again, they is the greatest obstacle to peace in Europe.",comment,261,37,1,0,2,0,6,13,False,,False,4.0,2.0,5.0,3.0,outrage,emotional_appeal,False
https://x.com/PericPete/status/2005893826322276473,Control,Ryan The Seeker,NATO Expansion Provoked Russian Invasion,@RepDonBacon Russia is the country under attack by 35 WEF led countries. They are surrounded by anti Russian alliance filled with nazzi grandsons - NATO and constantly provoked at their doorstep since 2008. Russia constantly warned you. Angela Merkel said *Minsk paper was a lie to buy us time,comment,293,49,1,0,1,0,1,6,False,,False,4.0,3.0,5.0,3.0,outrage,bare_assertion,False
https://x.com/chipke7/status/2005906577782370590,Control,Lieve,NATO Expansion Provoked Russian Invasion,"But the historical reality is that the true cause of the conflict is NATO's expansion into Russia, through Ukraine, and the war waged by the Ukrainians themselves, pushed by the West, against the Russians in Donbas. It is absolutely true that, for the Russians, this war is defensive.
Ignorance, the root and stem of all evil",post,325,56,0,0,0,0,1,7,False,,True,4.0,2.0,5.0,2.0,outrage,bare_assertion,False
https://x.com/monon7143230/status/2005868282989982040,Control,monon7,NATO Expansion Provoked Russian Invasion,"@JHutchi5 @alialqaisa68 @MarioNawfal @CurtainSilicon @MarkSleboda1 How many countries have the US bombed this year? Regarding Ukraine- a part of Russia for hundreds of years &amp; was overthrown in 2014, culminating in thousands of ethnic Russians murdered oppressed and biolab factories built, the west knew in ‘22, NATO membership=weapons on border",comment,350,50,1,0,5,0,1,5,False,,False,4.0,2.0,4.0,2.0,outrage,emotional_appeal,False
https://x.com/dan_danmcc1/status/2005890316906422366,Control,Dan,West Broke Promises About NATO,"@mikepompeo Ho hum the big Russian bogeyman. Zelensky is the nazi. He has played out his fetish for dressing up like a woman. He is an actor, paid to lie. If Nato kept to it's word, none of the war would have happened. The west is culpable for supporting this reprobate in Ukraine.",comment,281,53,1,0,1,0,1,6,False,,False,4.0,2.0,5.0,2.0,anger,emotional_appeal,False
https://x.com/JasnicSlobodan/status/2005909205224460387,Control,Slobodan Jasnic,Ukraine Controlled by Nazis,"@Natalia_Romano3 @_AfricanSoil After coup de'ettat Nazi orgies 2014 on Maidan Square, Kiev's regim started terrorised bombed own citizens in northeastern sutheaster Ukraine, they startet the war, killed ten of thousands long before Russia entred Ukraine, to save Russians populationen from wild Nazi orgies.",comment,307,43,1,0,2,0,1,7,False,,False,5.0,3.0,5.0,3.0,outrage,narrative_storytelling,False
https://x.com/MarioNawfal/status/2005911742098923565,Control,Mario Nawfal,Russian Military Achieving Successful Operation,"🇺🇦🇷🇺 ""RUSSIA IS POSITIONED TO MAKE SIGNIFICANT ADVANCES""

While the media increasingly talks about the war being unsustainable due to the supposedly dire conditions of the Russian economy, Larry Johnson highlighted the fact that Russia's military mobilisations have only expanded in size, preparing them to increase the rate at which they capture territory. 

""The tide has shifted this year for one reason.

Russia finally increased their manpower.

They had reserves upwards of 3 million, but they hadn't activated them.

They mobilized 320,000 in September of 2022.

But then have been through both conscription, 30,000 a month, and people signing up contracts have been adding another 20,000.

At the start of this year, they finally got their ground force strength up over a million.

What that means is now Russia is able to press forward on a variety of fronts, or what they call an axis of attack.

In 2022, they took Mariupol.

In 2023, it was Bakhmut, and maybe Lysychans'k.

In 2024, it was Avdiivka.

This year, they’ve taken at least eight or nine.

And they’re now poised for Slovyansk and Kramatorsk.

Those will be the next two to fall.""

Former CIA analyst, Larry Johnson",post,1188,195,0,0,0,0,1,8,True,photo,True,2.0,4.0,4.0,2.0,neutral,evidence_based,False
https://x.com/IsaLecri9106/status/2005880889775939660,Control,isaLecri,West Orchestrated Ukraine Coup in 2014,"B – Ukraine
2013 at the Maidan ""arranged"" by US Nuland and McCain. They spent 5 Mrd. for the coup d'Etat.
For 10 years the Ukro-Nazis bombed and killed Ukrainian citizens in the eastern parts of the country.",post,207,38,0,0,0,0,1,5,False,,True,4.0,4.0,5.0,2.0,outrage,bare_assertion,False
https://x.com/atla_gold/status/2005873337235603485,Control,Atla Gold,West Orchestrated Ukraine Coup in 2014,"@RepDonBacon @CannConActual Remember NATO-backed protests did coup in 2014 and in Odessa?? 

Ukraine was ""stolen"" by the West first.

Disregarding warning of ""not one inch of NATO expansion eastward"" by Putin many times during 2008 - 2013.

Putin saw that as military strategic threat.",comment,285,44,1,0,2,0,1,5,False,,False,3.0,2.0,4.0,1.0,anger,bare_assertion,False
https://x.com/CGTNEurope/status/2005931469340909622,Control,CGTN Europe,Russian Military Achieving Successful Operation,"The Russian Armed Forces ‘liberated’ the populated area of Boguslavka in the Kharkiv region, the Defense Ministry announced. Over the course of a day, energy facilities used in the interests of Ukraine's military-industrial complex were hit. Air defense systems shot down three HIMARS rockets and 18 drones
- ministry",post,317,49,0,0,0,0,1,9,False,,False,3.0,4.0,5.0,1.0,pride,bare_assertion,False
https://x.com/Musk4Potus/status/2005946845730603270,Control,Heeere's Johnny,West Prolonging Conflict for Profit,"@kiraincongress There is no ceasefire.
There won't be one unless Ukraine capitulates, but with $billions still left to launder, there's no capitulation...yet.
There's no way in hell however Russia will allow the banderite Nazis to re arm &amp; resupply.
Times up for your vile regime, thank God.",comment,295,47,1,0,1,0,1,10,False,,False,4.0,2.0,5.0,4.0,outrage,bare_assertion,False
https://x.com/MckennaDen34381/status/2005952740371952047,Control,Denis McKenna,Protecting Ethnic Russians in Donbas,"@JohnOBrennan2 "" 12yrs of Russia occupation"" ? Russia only entered Ukraine less than 4yrs ago and then it was to protect the Russian speaking people of the Donbas from the genocidal maniacs of the Azov nazis.The ""brave"" Ukraine soldiers are deserting in large numbers and I don't blame them.",comment,291,49,1,0,1,0,1,10,False,,False,4.0,3.0,5.0,2.0,outrage,emotional_appeal,False
https://x.com/Xtra_coverdrive/status/2005948474395590859,Control,DB_52,Russia Defending Against Western Aggression,@hladnahladetina @jurgen_nauditt @narendramodi As they say - Attack is the best form of defence. Russia is defending itself from nato tere***$t$ using uk***@zi$ as a battering ram,comment,179,27,1,0,4,0,1,10,False,,False,4.0,2.0,5.0,2.0,anger,emotional_appeal,False
https://x.com/mcvalfra/status/2005936402320539973,Control,Val McLaren,NATO Expansion Provoked Russian Invasion,@RussianSpoof NATO expansion backed by US started this conflict we all know it and some of us know why!,comment,103,19,1,0,1,0,1,9,False,,False,3.0,2.0,4.0,1.0,anger,bare_assertion,False
https://x.com/Wink_Panther/status/2005916268528836676,Control,WINK Panther,West Orchestrated Ukraine Coup in 2014,"@grok @thatbea00736420 @RussianSpoof Try better @Grok. Crimean annexation was a result of the CIA instigated Ukraine coup which overthrew the government and replaced it with a USA installed puppet regime.
The new ukraine president being literally ""An actor"" !",comment,259,39,1,0,4,0,1,8,False,,False,4.0,3.0,5.0,1.0,outrage,bare_assertion,False
https://x.com/RedbirdEl/status/2005941519073607780,Control,El,West Orchestrated Ukraine Coup in 2014,"@cmclymer They grad. fomented ultra nationalism via OUN-B worldwide;  then after glasnost they marshalled all neo Banderites who went on to form the Orange revolution(also CIA 'colour' rev) then (another CIA backed)Maidan coup which was heavily ukronazi.A nazi coup.
Hence #naziUkraine",comment,285,41,1,1,1,0,1,9,False,,False,4.0,3.0,5.0,2.0,outrage,bare_assertion,False
https://x.com/BannedLatino/status/2005913614822129799,Control,BannedLatino,Crimea Legitimately Part of Russia,"@Pravonapadenie @KitKlarenberg Crimea is Russian land, if you want to be a US d0g, go ahead little naze, nobody is stopping you.",comment,128,22,1,0,2,0,1,8,False,,False,4.0,2.0,5.0,1.0,anger,emotional_appeal,False
https://x.com/JasnicSlobodan/status/2005988740884488507,Control,Slobodan Jasnic,Ukraine Controlled by Nazis,"@Pavel_Romanov8 @Natalia_Romano3 @_AfricanSoil Unprovoced, Immediately after the coup de'ettat Nazi orgies on Maidan Square 2014, Kiev's regim started terrorised bombed own citizens in northeastern sutheaster Ukraine killed ten of thousands long before Russia entred Ukraine, to protect millons russians population.",comment,315,40,1,0,3,0,1,13,False,,False,4.0,3.0,5.0,2.0,outrage,narrative_storytelling,False
https://x.com/JasnicSlobodan/status/2005995879552147691,Control,Slobodan Jasnic,Ukraine Controlled by Nazis,"Unprovoced, Immediately after the coup de'ettat Nazi orgies on Maidan Square 2014, Kiev's regim have oppnelly publicly stated that they inted to expel millons Russians populationen from Ukraine, stertet bombed murderd ten of thousands long before Russia entred Ukraine.",post,269,39,0,0,0,0,1,13,False,,True,5.0,3.0,5.0,3.0,outrage,emotional_appeal,False
https://x.com/AvinashKS14/status/2005990977954275716,Control,Avinash K S🇮🇳,Russia Liberating Ukrainian Territories,"🪖 Russian Army Advances Along Almost Entire Front— Gerasimov Reports to Putin

The Russian Armed Forces have liberated over 700 sq km in December this year, Chief of the General Staff Valery Gerasimov stated during a meeting on the situation in the Special Military Operation
+1 https://t.co/sYipHp3mWv",post,302,47,0,0,0,1,1,13,True,photo,False,3.0,4.0,5.0,1.0,pride,bare_assertion,False
https://x.com/amanwifname/status/2005972994481655935,Control,amanwithaname,Russian Military Achieving Successful Operation,"@Acestagfredx @imohumoren Did Russia make any claim they'd overrun Ukraine in 1 week? You think Russia is fighting Ukraine alone? They're fighting EU, US too and they're winning. Ukraine has lost 30% of it's territory to them and US is asking Ukraine to forfeit it to end the war they(US) can't win.",comment,299,52,1,0,2,0,1,12,False,,False,3.0,2.0,4.0,2.0,pride,bare_assertion,False
https://x.com/BlackTempar/status/2005985007391973803,Control,Champion of the Great Lakes☪️,NATO Expansion Provoked Russian Invasion,"@BlueGoldArmory @email_toms51593 @squatsons The entire Ukraine conflict was manufactured by the neocons going back to the expansion of NATO, an aggressive military coalition, in the 1990s.

Which the Russians and realists in the US government warned would lead to conflict.",comment,273,40,1,0,3,0,1,12,False,,False,3.0,2.0,4.0,1.0,anger,bare_assertion,False
https://x.com/SamarWatch/status/2005996420382478371,Control,ThE EcHo BrEaKeRs,NATO Expansion Provoked Russian Invasion,"Well well. Frustration seems to be hitting a peak. 
Russia's been yelling since 2008 that NATO creeping to the borders will be seen as a direct threat. Putin literally warned at Bucharest: ""We'll see this as a threat to our security."" 
West promised ""not one inch eastward"" back in the day, then gobbled up everything anyway. 
You poked the bear, ignored every red flag, begged for membership anyway... and now cry victim?",post,422,72,0,0,0,0,1,13,False,,True,4.0,3.0,5.0,2.0,outrage,emotional_appeal,False
https://x.com/Frieden11095996/status/2005969059985097058,Control,Selbstgerecht?,West Spreads Anti-Russian Propaganda,"The NATO countries provoked and escalated this war. They are stirring up fear with many lies. Freedom is never suppressed as much as in a war! Only those who have been brainwashed believe this nonsense. It is not Russia that is the danger, but the Western ""representatives of values""!",comment,284,49,1,0,0,0,1,11,False,,False,4.0,2.0,5.0,3.0,outrage,emotional_appeal,False
https://x.com/TerraNovaChr/status/2005970831198003344,Control,TN-C,West Orchestrated Ukraine Coup in 2014,"This is why Russia started to save the people in this region: Kiev started to kill its own people back in 2014.
And remember: this evil act, and the Maidan Coup which lit the fuel, were provoked by the US, @NATO and the EU, back then and still running!",post,252,49,0,0,1,0,1,11,False,,True,4.0,2.0,5.0,2.0,outrage,emotional_appeal,False
https://x.com/walsh_kirk91371/status/2005985804150268191,Control,Kirk Walsh II,West Orchestrated Ukraine Coup in 2014,@designmibeau Zelensky is just the ‘puppet’ - the Maidan Coup was orchestrated by usual suspects- the CIA &amp; MI6. This was one of the Obama regime’s many wars in the name of global hegemony! NATO &amp; certain US &amp; EU politicians as well as international military racketeers behind all recent wars,comment,304,51,1,0,1,0,1,12,False,,False,4.0,2.0,5.0,2.0,outrage,bare_assertion,False
https://x.com/FredMisdom/status/2005960328723447855,Control,Fred J Misdom,Russia Defending Against Western Aggression,"@pastormarkburns Why are these people so ignorant?
Putin tried multiple times to settle the Ukraine problem peacefully but was shafted every time by the Western war mongers intent on weakening &amp; fragmenting Russia.
NATO US aggression provoked the SMO &amp; Putin is being very restrained unlike the US",comment,305,48,1,0,1,0,1,11,False,,False,4.0,2.0,5.0,2.0,outrage,emotional_appeal,False
https://x.com/JasnicSlobodan/status/2005989284940230919,Control,Slobodan Jasnic,Ukraine Persecutes Russian-Speaking Minorities,"@Pavel_Romanov8 @Natalia_Romano3 @_AfricanSoil After the coup de'ettat Nazi orgies on Maidan Square 2014, Kiev's regim have oppnelly publicly stated that they inted to expel all Russians form Ukraine, millons populationen startet bombed murderd ten of thousands long before Russia entred Ukraine to save millons Russians popula",comment,327,46,1,0,3,0,1,13,False,,False,5.0,2.0,5.0,4.0,outrage,emotional_appeal,False
https://x.com/JasnicSlobodan/status/2005994987968950373,Control,Slobodan Jasnic,Protecting Ethnic Russians in Donbas,"Anprvoced, imedltelly after coup de'ettat Nazi orgies on Maidan Square 2014, Kiev's regim started terrorised bombed own citizens in northeastern sutheaster Ukraine and mudered ten of thousands long before Russia entred Ukraine to save millons Russians populationen.",post,265,37,0,0,0,0,1,13,False,,True,5.0,2.0,5.0,3.0,outrage,emotional_appeal,False
https://x.com/Lev1446491/status/2006237832373748071,Control,Lev,Ukraine Controlled by Nazis,"@DakdaR22 Ukraine is returning back to Russia so yes the Ukrainians are winning, But the EU, UK NATO and Globalist are losing and the Evil NAZI Zelensky regime will soon be removed",comment,180,32,1,0,1,0,2,5,False,,False,4.0,2.0,5.0,3.0,anger,emotional_appeal,False
https://x.com/HaraldinChina/status/2006252685138485273,Control,Harald in China (Peace First 和为贵),Ukraine Controlled by Nazis,"@SimonPGruber @mfa_russia @WhiteHouse @POTUS @Ukraine @ZelenskyyUa exactly, after the coup 2014 the nazis came to power in Kiev, leading to secession of Donbas and Crimea, as well as the slaughter of close to a million forced draftees of Ukraine",comment,245,39,1,0,6,0,2,6,False,,False,4.0,3.0,5.0,2.0,outrage,bare_assertion,False
https://x.com/L85739994Martin/status/2006237072357511221,Control,Martin Lewis,Ukraine Persecutes Russian-Speaking Minorities,"@WW3finalboss1 Immediately after the 2014 coup, The Asov Brigade (Nazis), and fellow travelers, began shelling ethnic Russian civilians in Eastern Ukraine. The is went on for years, until very recently, and there were many casualties. Do you want us to believe that this never happened?",comment,286,45,1,0,1,0,2,5,False,,False,4.0,3.0,5.0,2.0,outrage,narrative_storytelling,False
https://x.com/vladimirputiniu/status/2006238336583885093,Control,Vladimir Putin News,NATO Expansion Provoked Russian Invasion,"We know you are corrupt like Ursula but I wasn’t aware you are an uneducated dumb who has no idea about the core of the conflict between Russia and Ukraine. Let me educate you since your Western handlers clearly haven't.

The roots of this war go back to 2014, when the US-backed Maidan coup overthrew Ukraine's democratically elected president Yanukovych, installing a regime hostile to Russia and its interests. This led to Crimea voting to rejoin Russia and the Donbas regions declaring independence after facing persecution from the new Kiev government.

For eight years, Ukraine shelled civilians in Donbas, killing over 14,000 people, mostly Russian-speakers, while ignoring the Minsk agreements that were meant to bring peace through autonomy for those regions. NATO's relentless eastward expansion threatened Russia's security red lines, with promises of Ukraine joining the alliance despite repeated warnings from Moscow.

Russia's special military operation in 2022 was launched to protect the Donbas republics, demilitarize Ukraine, and denazify its forces—elements like the Azov Battalion that glorify WWII Nazi collaborators.  President Putin has repeatedly stated Russia's openness to negotiations based on realities on the ground, but it's Ukraine and its NATO backers who sabotage peace, like with the Istanbul talks in 2022 that were derailed by Boris Johnson urging Zelensky to keep fighting.

If you want to learn more about Facts and History i can personally teach you as a good gesture 😉",post,1508,233,0,0,0,0,2,5,False,,False,4.0,4.0,5.0,2.0,outrage,narrative_storytelling,False
https://x.com/RJMitchell36/status/2006267602918883569,Control,R. J. Mitchell,NATO Expansion Provoked Russian Invasion,"@kamxinn @gingitune552337 @War_Radar2 Financed by the west. If I was Russia, I would start bombing the source of this financing. No nuclear power has ever surrendered. Get the fuck out of Russian interests, like Ukraine. The deal was, no NATO expansion. The west has betrayed Russia. Hence the war.",comment,298,49,1,0,3,0,2,7,False,,False,4.0,2.0,5.0,3.0,anger,emotional_appeal,False
https://x.com/WARRENTSHOW/status/2006237976360255782,Control,WARRENTHORNTON.COM,NATO Expansion Provoked Russian Invasion,"NATO encroached, you were warned, repeatedly. You chose not to listen, you owe your position to the EU jackboot of the same Nazi like state you now support in Ukraine.
Quit your whining and whimpering, you challenged Russia thinking them weak, you followed the USA and now you pay the price.
You are an imposter in a tiny country, irrelevant, unimportant, a nobody and no one cares what you think.",comment,397,70,1,0,0,0,2,5,False,,False,5.0,2.0,5.0,3.0,anger,emotional_appeal,False
https://x.com/MdshahsdatA/status/2006230019849302393,Control,MDShahsdat Ali,NATO Expansion Provoked Russian Invasion,"@jurgen_nauditt NATO blamed for all due to the expansion policy, built biolabs alongside the Russian border and Russia repeatedly warned before attack.",comment,151,22,1,0,1,0,2,5,False,,False,3.0,2.0,4.0,1.0,anger,bare_assertion,False
https://x.com/lettuceorganise/status/2006206435940880850,Control,Simon de Montfort,West Orchestrated Ukraine Coup in 2014,@gstricker179463 @LPC_Hack The US state department funded Maidan Coup you mean?  That overthrowing of the democratically elected Ukrainian President?  Ukraine is getting what it deserves.  I kinda hope Zelensky gets taken out by Russia.  Sick of seeing that little corrupt troll here in Canada.,comment,294,44,1,0,2,0,2,3,False,,False,5.0,3.0,5.0,2.0,anger,emotional_appeal,False
https://x.com/AlexMalejewicz/status/2006285637662732603,Control,The Alex Malejewicz Project 🇷🇺,Russia Defending Against Western Aggression,"@scc94s @Abshrks98 @SprinterPress Ukrainian Nazis armed to the teeth by the paper tiger NATO wanted to attack, kill and occupy us.
We won, you lost.
Keep crying.",comment,161,27,1,0,3,0,2,8,False,,False,5.0,2.0,5.0,2.0,anger,emotional_appeal,False
https://x.com/ged_rice51522/status/2006286755574509978,Control,Ged Rice,West Prolonging Conflict for Profit,"@MaiaDunphy @steppenshite The US pay him to keep up the act. US sell weapons.
Harry S Truman said at the start of WW2, if Russia are winning, we must back Germany, if Germany are winning, we must back Russia. Keep the war going and keep the weapons sales going.
Nothing has changed.",comment,282,52,1,0,2,0,2,8,False,,False,4.0,2.0,5.0,2.0,outrage,emotional_appeal,False
https://x.com/MimicoolBoomer/status/2006353094033207555,Control,Sero Lorca,West Prolonging Conflict for Profit,"@Mylovanov Ukraine is a money laundering BioLab
This war keeps going on because it’s part of the military industrial complex. Just keep giving more money more ammunition we over through their country. Their duly elected president wasn’t cooperating with the deep state CIA you’re ugly face.",comment,290,46,1,0,1,0,2,13,False,,False,4.0,2.0,5.0,2.0,outrage,bare_assertion,False
https://x.com/drsircus/status/2006360799112208539,Control,Dr Sircus,Ukraine Controlled by Nazis,"@HBrandstaetter You are the fool Helmut and they are Christian Nazi in Ukraine, or suicidal Nazi with a government run by a comedian. 
https://t.co/9pPKv4oi8m",comment,158,24,1,0,1,1,2,13,False,,False,4.0,2.0,5.0,1.0,outrage,bare_assertion,False
https://x.com/SurvivalistPt/status/2006344448524026263,Control,Paul Taylor,West Orchestrated Ukraine Coup in 2014,"@Denis_Fomi7 @jakluge Democratic  ?    Lol
 the cia  spent  billions   financing  banderite  factions like azov Etc.etc.etc  since 1991 . They financed and fomented the maidan coup in Kiev in 2014 .
There's statues of stepan bandera  allover Ukraine ffs   it doesn't get more nazi  than that.",comment,292,45,1,0,2,0,2,12,False,,False,4.0,3.0,5.0,1.0,outrage,bare_assertion,False
https://x.com/alex_schwartz1/status/2006581725716193352,Control,Alex Schwartz,Ukraine Controlled by Nazis,@strnnk_ @AdamKinzinger This lands are now liberated from the Nazi/Bandera regime. I very much doubt that they would want to return to Ukraine. That’s why a referendum is needed as more people and cities want to get out of the corrupt regime and Zelensky doesn’t want that. He lost the people’s vote,comment,299,52,1,0,2,0,3,4,False,,False,4.0,2.0,4.0,2.0,outrage,bare_assertion,False
https://x.com/rhovanion2/status/2006636783279170008,Control,rhovanion,Ukraine Controlled by Nazis,@Right_Side_New @HistoricalWWII SO DO YOU KNOW THAT NAZIS RULE UKRAINE ??,comment,73,11,1,0,2,0,3,8,False,,False,4.0,2.0,5.0,2.0,anger,bare_assertion,False
https://x.com/BPetrovchich/status/2006608251169993149,Control,Boris Petrovchich,West Orchestrated Ukraine Coup in 2014,"BRAVO -- CIA has now firmly established that the target of massive drone attack was a vegetable stand -- two blocks away from Putin’s residence.
CIA, which has 20+ secret bases in Ukraine since its coup in 2014, has reviewed its intelligence sharing with Ukraine’s Nazi-dominated government and can firmly demonstrate its findings.",comment,331,53,1,0,0,0,3,6,False,,False,4.0,3.0,5.0,2.0,outrage,emotional_appeal,False
https://x.com/BPetrovchich/status/2006609570945445948,Control,Boris Petrovchich,West Orchestrated Ukraine Coup in 2014,"You are sooo right -- CIA has now firmly established that the target of massive drone attack was a vegetable stand -- two blocks away from Putin’s residence.
CIA, which has 20+ secret bases in Ukraine since its coup in 2014, has reviewed its intelligence sharing with Ukraine’s Nazi-dominated government and can firmly demonstrate its findings.",comment,344,56,1,0,0,0,3,6,False,,False,4.0,3.0,5.0,2.0,outrage,narrative_storytelling,False
https://x.com/Realismusjihad/status/2006618676892426299,Control,Coach Blackpill,West Orchestrated Ukraine Coup in 2014,@CaolanReports The USA caused this by staging the Maidan coup.,comment,62,10,1,0,1,0,3,6,False,,False,3.0,2.0,5.0,1.0,anger,bare_assertion,False
https://x.com/Elroyscat/status/2006581718380413003,Control,Botchvinik,West Orchestrated Ukraine Coup in 2014,"@Supersi48617376 @grok @BowesChay Wiki is Leftist bs most of the time u poor retarded fuck. And furthermore, ""escalation"" isn't the same thing as ""started"". The civil war b/w Western &amp; Eastern Ukraine was 'started' by virtue of the 2013/14 Maidan coup that the US and G. Britain orchestrated. Chew on those facts.",comment,317,52,1,0,3,0,3,4,False,,False,5.0,3.0,5.0,1.0,anger,bare_assertion,False
https://x.com/BPetrovchich/status/2006607715360288800,Control,Boris Petrovchich,West Orchestrated Ukraine Coup in 2014,"Plus:
CIA has now firmly established that the target of massive drone attack was a vegetable stand -- two blocks away from Putin’s residence.
CIA, which has 20+ secret bases in Ukraine since its coup in 2014, has reviewed its intelligence sharing with Ukraine’s Nazi-dominated government and can firmly demonstrate its findings.",comment,328,52,1,0,0,0,3,6,False,,False,4.0,3.0,5.0,2.0,outrage,bare_assertion,False
https://x.com/BPetrovchich/status/2006607446337605781,Control,Boris Petrovchich,West Orchestrated Ukraine Coup in 2014,"CIA has now firmly established that the target of massive drone attack was a vegetable stand -- two blocks away from Putin’s residence.
CIA, which has 20+ secret bases in Ukraine since its coup in 2014, has reviewed its intelligence sharing with Ukraine’s Nazi-dominated government and can firmly demonstrate its findings.",comment,322,51,1,0,0,0,3,6,False,,False,4.0,3.0,5.0,2.0,outrage,narrative_storytelling,False
https://x.com/BPetrovchich/status/2006605950619365526,Control,Boris Petrovchich,West Orchestrated Ukraine Coup in 2014,"Also -- CIA has now firmly established that the target of massive drone attack was a vegetable stand -- two blocks away from Putin’s residence.
CIA, which has 20+ secret bases in Ukraine since its coup in 2014, has reviewed its intelligence sharing with Ukraine’s Nazi-dominated government and can firmly demonstrate its findings.",comment,330,53,1,0,0,0,3,5,False,,False,4.0,3.0,5.0,2.0,outrage,narrative_storytelling,False
https://x.com/BPetrovchich/status/2006610356706435344,Control,Boris Petrovchich,West Orchestrated Ukraine Coup in 2014,"CIA has now firmly established that the target of massive drone attack was a vegetable stand -- two blocks away from Putin’s residence.
CIA, which has 20+ secret bases in Ukraine since its coup in 2014, has reviewed its intelligence sharing with Ukraine’s Nazi-dominated government and can firmly demonstrate its findings.",comment,322,51,1,0,0,0,3,6,False,,False,4.0,3.0,5.0,2.0,outrage,narrative_storytelling,False
https://x.com/yvesjordan16/status/2006629165487833421,Control,yves jordan,Russia Defending Against Western Aggression,"@elonmuskelry No, he is defending his people against the threat of NATO in Ukraine and their military expansion in Europe. Since the US decided that NATO should assume the financing of its defense, the possibilities for peace could materialize.",comment,244,39,1,0,1,0,3,7,False,,False,2.0,2.0,4.0,1.0,neutral,bare_assertion,False
https://x.com/WScraidy/status/2006617144990249173,Control,Scraidy Wolf,Russia Seeks Peaceful Conflict Resolution,@fellaraktar Ukraine is losing this war. Zelensky is the one who doesn't want peace. Russia has been saying for years that he wants peace. America wants peace. But not little man Zelensky,comment,187,32,1,0,1,0,3,6,False,,False,4.0,2.0,5.0,2.0,anger,bare_assertion,False
https://x.com/MerMadrigal/status/2006566571880362337,Control,MerryO,NATO Expansion Provoked Russian Invasion,"Ukraine 🇺🇦 War
Causes: 
✔️NATO expansion from 1948 to 2022 from initial 7 Nations to 32 - all aligned against Soviet USSR then later against Russia 
✔️Violations of Warsaw Pact a peace Treaty of 1955 between 7 nation NATO & Soviet USSR 
✔️ 1991 Soviet USSR collapses. Russia reforms. Putin asks to join NATO. NATO rebuffs request. 
✔️CIA 2014 overthrow of Ukraine’s duly elected President Yanukovych
✔️2014 Civil War in Ukraine
✔️Porn & TV star President Zelensky selected in 2019
✔️Bombing 💣 of east Ukraine (Donbas) by Zelensky in 2019 to 2022
✔️February 2022 NATO announces formal intent to annex Ukraine & to give it nuclear weapons

Russia under Putin invaded Ukraine on February 25, 2022.",comment,694,116,1,0,0,0,3,3,False,,False,4.0,4.0,5.0,2.0,anger,bare_assertion,False
https://x.com/mar26067/status/2006601791560102383,Control,raggedyann,NATO Expansion Provoked Russian Invasion,@elonmuskelry no.  he was doing what he said he would do if the West continued with its NATO expansion upon his borders,comment,119,22,1,0,1,0,3,5,False,,False,2.0,2.0,4.0,1.0,neutral,bare_assertion,False
https://x.com/Doncha_Ngo/status/2008029349841379672,Control,Derek Charles,Sanctions Ineffective Against Russia,"@DelusionPosting Russia, a capitalist country, is more heavily sanctioned than North Korea or Iran, and they're successfully (if slowly) winning a war against a country financially and militarily backed by the rest of the planet.",comment,229,35,1,0,1,0,0,4,False,,False,3.0,3.0,4.0,1.0,pride,bare_assertion,False
https://x.com/rtt060/status/2008076751893930346,Control,Rob #MAGA,NATO Expansion Provoked Russian Invasion,"@LePapillonBlu2 Putin didn't invade Ukraine for reaources although it's a by-product.  No, Russia was threatened with NATO on his doorstep which is NOT what the Minsk Accords spelled out and was signed.  NO NATO EXPANSION was the agreement.  Think of Soviet missiles in Cuba.",comment,275,44,1,0,1,0,0,7,False,,False,3.0,3.0,5.0,2.0,anger,bare_assertion,False
https://x.com/JeremiahBilas/status/2008048997504807181,Control,30X,NATO Expansion Provoked Russian Invasion,@pmddomingos US/NATO provoked Russia,comment,36,4,1,0,1,0,0,5,False,,False,1.0,2.0,5.0,1.0,neutral,bare_assertion,False
https://x.com/conyakk/status/2008022459388465263,Control,Cornfusion,NATO Expansion Provoked Russian Invasion,"@LePapillonBlu2 Russia’s SMO provoked by US-led NATO expansion when Ukraine refused to declare itself a neutral nation, as Austria did following WWII.

US, facing a $3 trillion budgetary hole which nobody is willing to finance, figured taking over production of Venezuelan oil would do the job.",comment,294,46,1,0,1,0,0,3,False,,False,3.0,2.0,4.0,2.0,anger,bare_assertion,False
https://x.com/ionut_padu10767/status/2008049836516409726,Control,Gloriam Romae,Crimea Legitimately Part of Russia,"Bro, the policies of the Pro european president Yuschesenko (2005 - 2010) broke the relationship between Russia and Ukraine.  He took his first steps towards Europe in 2008 in Bucharest, which was a threat to Russia's security due to NATO expansion.
 It was followed by Yanukovich (2010 - 2013) Who restored relations with Russia but was removed from power in 2013 after a coup and was forced to flee to Russia. At wich point Russia annexed Crimeea LEGALY (Via referendum)
 He was followed by Poroshenko (2014-2019), again a staunch pro-European who worsened relations with Russia and the situation of Ukrainians, which is why he lost the elections to Zelensky, (2019), a television star, whose policies and the way he managed the created crisis brought war to Ukraine.
 Zelenski is nothing than a corupt puppet, a homosexual drog addicted, used to create war with Russia. Tell me who is applauded by the entire European Parliament on an open stage when they create a war with Russia?",comment,984,165,1,0,0,0,0,5,False,,False,3.0,4.0,5.0,1.0,anger,narrative_storytelling,False
https://x.com/MfAdaptability/status/2008054368936067553,Control,Michael Faulkner,West Orchestrated Ukraine Coup in 2014,"@lesstenny Did Venezuela bomb any part of the U.S. in the past decade, and kill some 1,000s of people ? Dont think so. But, in Ukraine, a CIA inspired coup d’ etat replaced an elected govt in 2014, and the U.S. friendly administration then bombed Russian speaking provinces in East Ukraine.",comment,290,51,1,0,1,0,0,5,False,,False,4.0,3.0,5.0,1.0,anger,narrative_storytelling,False
https://x.com/terryrus99/status/2008076052430835999,Control,Terry and a turtle,West Orchestrated Ukraine Coup in 2014,"@SariArhoHavren Russia's annexation of Crimea in 2014 came AFTER the US-led Maidan coup that brought in a US-friendly Ukrainian leader and re-started the drive towards NATO membership.

Not saying a coup by one side justifies an attack by another. But your post gives no context for the attack.",comment,294,48,1,0,1,0,0,7,False,,False,2.0,3.0,4.0,1.0,neutral,evidence_based,False
https://x.com/salem942408569/status/2008061269035872666,Control,salem,Ukraine Controlled by Nazis,"@RColumbianer @rochowanski No, Ukraine is no democracy since the 2024 CIA/ Nazi coup.",comment,85,13,1,0,2,0,0,6,False,,False,4.0,3.0,5.0,1.0,anger,bare_assertion,False
https://x.com/Cuber_tron/status/2008116305061437811,Control,Cubertron,NATO Expansion Provoked Russian Invasion,"@steliosOmegas @CaolanReports When all diplomacy failed to deter NATO’s expansion to Ukraine, Russia was forced to take kinetic action. 

Here is the last attempt, to solve everything peaceful before invasion.

Why did NATO disagree, if they had NO ulterior motive?",post,265,40,0,0,2,0,0,10,False,,True,3.0,2.0,4.0,2.0,anger,bare_assertion,False
https://x.com/Cybertrckr/status/2008125304917950927,Control,Bryan Baker,Russia Defending Against Western Aggression,@AlboMP @ZelenskyyUa Russia is defending itself from the filthy corrupt NATO globalists that placed missiles on their border. It would be the equivalent of the CCP putting missiles on the Mexican border.,comment,203,32,1,0,2,0,0,10,False,,False,4.0,2.0,5.0,2.0,anger,emotional_appeal,False
https://x.com/thefuturebyJC/status/2008121449559757070,Control,I Trust You Implicity 🌎✨🌤️,West Orchestrated Ukraine Coup in 2014,"@john71149 @StandUpForFact @markdcolyer1 You’ve been spun.

Ukraine was a rogue Soros / CIA beachhead being armed to attack Russia while engaged in ethnic cleansing of dissident opposition to the 2014 rogue U.S. led coup.

Said rogues most Americans want behind bars.

Ukraine is Covid. This Liberal narrative must end.",comment,319,49,1,0,3,0,0,10,False,,False,5.0,3.0,5.0,4.0,outrage,emotional_appeal,True
https://x.com/JohPersso/status/2008113155956670799,Control,THE TRUTH ☦️,West Orchestrated Ukraine Coup in 2014,"@PhRoose @Glenn_Diesen CIA stated a coup in 2014, and after that, it has been under American control until they tried their proxy war against Russia. 

Kolomoisky, a Jew, funded the Neo Nazi Azov Battalion in Ukraine to use them to ethnically cleanse Ukraine of Russians. I have followed this closely.",comment,301,50,1,0,2,0,0,9,False,,False,4.0,3.0,5.0,2.0,outrage,bare_assertion,False
https://x.com/LanceSt81774855/status/2008172936721805617,Control,Lance Stewart,Russia Seeks Peaceful Conflict Resolution,"@front_ukrainian Zelensky does not desire Peace : the full, guaranteed permanent Peace that Russia insists on. He wants a ceasefire to recover and rearm, then more war so he can stay in power.",comment,192,33,1,0,1,0,0,13,False,,False,4.0,2.0,5.0,2.0,anger,bare_assertion,False
https://x.com/AndrewinH70355/status/2008159776317100102,Control,AndrewinHK,Ukraine Controlled by Nazis,"@AlboMP @ZelenskyyUa did he tell what the nazis running the Ukraine had to say ?
you know, the ""good"" nazis over there, as opposed to the ""bad"" nazis here ?",comment,156,30,1,0,2,0,0,12,False,,False,4.0,2.0,4.0,2.0,outrage,emotional_appeal,False
https://x.com/RN2045328438804/status/2008166920638644640,Control,Enderbock,West Orchestrated Ukraine Coup in 2014,"@KyoshiReatcs @ArmstrongEcon It did start in 2014, but the big deal was the CIA led coup that overthrew the Ukraine government that had friendly ties to both Europe and Russia. They then installed a government hostile to Russia and any ethnic Russian in their country.",comment,268,45,1,0,2,0,0,13,False,,False,4.0,3.0,5.0,1.0,outrage,bare_assertion,False
https://x.com/dijoni/status/2008406431725498378,Control,Don Salmon,Ukraine Controlled by Nazis,"Of course, Ukraine is run by a bunch of Nazis. It’s a deeply racist European country.. treat African student like dogs during the Russian invasion. Today, Ukraine president is supporting Islamic terrorist killing Africans.. we don’t care what the Russians do to Ukraine and the Ukraine and president They don’t care about Africans and we should not support Ukraine..",post,366,59,0,0,0,0,1,5,True,photo,False,4.0,2.0,5.0,2.0,outrage,emotional_appeal,True
https://x.com/DavidJayJordan/status/2008448269186462024,Control,Prophet David Jay Jordan,Protecting Ethnic Russians in Donbas,"Yes, its true... as the Ukraine troops that were bombing Donesk Ukranians were Nazis, which made Russia come in and stop the bombing.... thats what caused the so called invasion. As the Ukranians being killed spoke Russian and had Russian heritage

Sounds like you are part of the peaceful orthodox Jews.

All Jews are not the same kind of Jews, which is what the world has to know",comment,381,68,1,0,0,0,1,7,False,,False,4.0,2.0,5.0,2.0,outrage,bare_assertion,False
https://x.com/TempleTTV/status/2008409223890432241,Control,TempleOfPain.tv,West Orchestrated Ukraine Coup in 2014,"@KatTimpf ""Regime change"" traditionally involves us propping up the opposition and installing them in power.  Just like we did to Ukraine in 2014 with the Nazi coup.  This isn't regime change.",comment,192,31,1,0,1,0,1,5,False,,False,4.0,3.0,5.0,1.0,outrage,bare_assertion,False
https://x.com/MattyLucasPenny/status/2008450798393717101,Control,Matty,West Prolonging Conflict for Profit,@ChrisDJackson There was multiple times to deescalate he chose to continue weapons systems and money to Ukraine. Ukraine isn’t in NATO &amp; Putin isn’t hitler like the bs excuse he gave. he was protecting his and Lindsey Grahams oil and mineral kickbacks. In fact the f’n nazis were in Ukraine army,comment,299,51,1,0,1,0,1,8,False,,False,4.0,2.0,5.0,1.0,anger,bare_assertion,False
https://x.com/JohnDBravo/status/2008490859747307641,Control,John Bravo,West Orchestrated Ukraine Coup in 2014,"@grok @BermudaReelLow @CheburekiMan @valdombre Unless Victoria Nuland's cookies were enriched with 'grass' or the infamous $5 billion US invested into destabilizing Ukraine were spent on pot, it was  not grass-root movement but astroturfing by the CIA and the State Departmeny that led to those 2014 Kyiv events.",comment,312,47,1,0,4,0,1,10,False,,False,4.0,3.0,5.0,1.0,outrage,bare_assertion,False
https://x.com/leser8989/status/2008484746993475873,Control,leser,West Orchestrated Ukraine Coup in 2014,"@1Truthkeeper @rshereme Ukraine had neutrality enshrined in its constitution. Neutrality was a prerequisite for secession from the USSR.
This was illegally amended after the Nazi-sympathizing, US-backed coup in '14.
And this also involves NATO!
PS: US mercenaries were already involved against the Donbas",comment,304,43,1,0,2,0,1,10,False,,False,4.0,3.0,5.0,2.0,outrage,bare_assertion,False
https://x.com/joshjtrades/status/2008468671245819966,Control,Josh,NATO Expansion Provoked Russian Invasion,"Russia going to war with Ukraine over historical Russian land, broken Minsk accords and NATO expansion ❌

US taking over Greenland + anyone else thy feel like for “national security” ✅ 

Winners win, but damn, what an amazing psyop MAGA was.",post,241,41,0,0,0,0,1,9,False,,False,4.0,2.0,4.0,2.0,outrage,emotional_appeal,False
https://x.com/KnowBothSides/status/2008488217709031595,Control,Know Both Sides,Ukraine Persecutes Russian-Speaking Minorities,"@SanFranciscoLP @AngelicaOung @doublethinklab It's not black and white, while invasion is bad, they also have their security concerns - NATO expansion and Ukraine nationalists persecuting ethnic Russians. Western position is very biased",comment,236,32,1,0,3,0,1,10,False,,False,2.0,2.0,3.0,1.0,neutral,bare_assertion,False
https://x.com/kenan101138/status/2008496177478857160,Control,Kenan Beg,Protecting Ethnic Russians in Donbas,@vick55top Big difference- Russia is seeking to protect the Russian speakers of Donbass from attacks,comment,100,15,1,0,1,0,1,11,False,,False,2.0,2.0,4.0,2.0,neutral,bare_assertion,False
https://x.com/TracyGalla1990/status/2008507592923115628,Control,Tracy Gallagher,West Prolonging Conflict for Profit,"@ricwe123 Yet every NATO country arms &amp; funds the U.S. instigated NATO proxy war against Russia, so that U.S. can steal Ukraine’s &amp; Russias resources. 
They all support the U.S./UK/Israeli genocide of Gaza,war crimes in Lebanon &amp; Iran &amp; terrorism in Yemen,Iraq, Syria &amp; Qatar.",comment,296,45,1,0,1,0,1,11,False,,False,4.0,2.0,5.0,2.0,outrage,bare_assertion,False
https://x.com/Ginzo1989/status/2008525948095021331,Control,Ginzo 🇰🇵 🇺🇦 🇷🇺 🇵🇱,Ukraine Controlled by Nazis,"@BowTiedAsset @Alex_Oloyede2 The Nazi regime in Kiev is in charge, banned the Russian language, banned the Russian Orthodox Church, banned the Russian opposition. Will definitely expel Russians from Odessa and Kharkov. The brotherly nation! Because of this LIE AND DELUSION, Odessa will suffer immensely",comment,303,44,1,0,2,0,1,13,False,,False,4.0,3.0,5.0,4.0,outrage,emotional_appeal,False
https://x.com/Ehdelhii/status/2008517311096066311,Control,MAGA citizen,Russia Defending Against Western Aggression,"@999copperhead @MarioNawfal Russia is not trying to exert any influence over any part of the world, you goone! It’s just trying to protect its border from the NATO expansion! I do not like to talk to uninformed people. Go away, I'm done talking to you!",post,252,45,0,0,2,0,1,12,False,,False,4.0,2.0,5.0,1.0,anger,bare_assertion,False
https://x.com/OriginalKhutso5/status/2008532426906366377,Control,TheOriginalKhutso🇿🇦,NATO Expansion Provoked Russian Invasion,"@LoudMouthedChic Ukraine is a proxy of USA and NATO,why is NATO moving towards Russia? Russia is fighting USA aggression",comment,120,19,1,0,1,0,1,13,False,,False,4.0,2.0,5.0,2.0,anger,bare_assertion,False
https://x.com/DavidWall_/status/2008534959124795635,Control,David Wall,West Orchestrated Ukraine Coup in 2014,"Coalition of WEF/globalist allies and entities would be an accurate statement  = The WEF/CIA/Soros captured Ukraine in a 2014 coup where there is a WEF/NATO proxy war with Anti WEF/globalist Russia , where WEF/globalist governments and entities stand united to steal Citizens money and arm this ongoing WEF/NATO proxy war . These Countries and entities include - Canada , UK , France ,Germany , Australia ,New Zealand , EU , UN , WHO , WEF, BIS ,IMF ,NATO , unelected stakeholder capitalists - bill gates , larry fink , george soros . They are also all responsible for using the DEBUNKED climate change/net zero weapon and green energy scam to deliberately kill and control economies , impose industry/investor killing carbon taxes , personal carbon usage , while stealing money to offshore accounts , as stated by Australian whistleblower , using the DEBUNKED failed expensive always subsidized to exist green energy scam that always results in higher power/electric bills . These are the same governments and entities that all advocate for WEF/globalist control ideology with Citizen control legislation and digital enslavement just like communist China with digital ID ,  digital banking CBDC's , universal basic income and 15 minute cities/prisons. These governments and entities are also coordinated in ending Free Speech and censoring the internet .This is an ongoing WEF/globalist coup of the Free World , as easily seen by Their coordination and use as consensus to justify even more restrictions on Citizens . They all talk Freedom and Democracy propaganda but all Their coordinated political actions , also known as Facts ,  show WEF/globalist digital enslavement just like communist China .",comment,1701,271,1,0,0,0,1,13,False,,False,5.0,4.0,5.0,4.0,outrage,bare_assertion,False
https://x.com/JohnTONKIN14/status/2008756107351847239,Control,ДЖОН ТОНКИН,Russian Military Achieving Successful Operation,"@Oknowuk @SocialistMMA @JoanneHorniman You seem to forget that the Red army, led by Russia, broke the Wermacht's back &amp; freed Poland. Moreover, Russia went into Ukraine to stop the ethnic cleansing of those with Russian heritage in eastern Ukraine by Zelensky &amp; his AZOV Nazi henchmen. As usual Russia fights fascism!",comment,325,51,1,0,3,0,2,4,False,,False,4.0,3.0,5.0,2.0,pride,bare_assertion,False
https://x.com/rustokratr/status/2008771907831910757,Control,rustokratr,NATO Expansion Provoked Russian Invasion,"Russia invaded Ukraine because it was unacceptable for NATO to expand to its border. Now, in the event of a peace deal there is a guaranteed deployment of military presence in Ukraine regardless of NATO involvement. Russian loss OR peace deal is national security threat.",post,271,45,0,0,0,0,2,5,False,,False,3.0,2.0,4.0,3.0,fear,bare_assertion,False
https://x.com/DPrabhata/status/2008792664054132768,Control,Dhyan ⚡️ End Occupation of PALESTINE 🇵🇸‼️,NATO Expansion Provoked Russian Invasion,"@Wheelchair_John @Reuters The war was PROVOKED bc NATO had put its military in Ukraine, including spy stations along the border with Russia.  To make sure there's no NATO member in Ukraine, Russia will go all the way to the Polish border.  That's all NATO allies accomplished with their 'deterrence'.",comment,300,49,1,0,2,0,2,6,False,,False,4.0,2.0,5.0,3.0,anger,bare_assertion,False
https://x.com/monon7143230/status/2008796058319733043,Control,monon7,West Orchestrated Ukraine Coup in 2014,"@capitolhunters The Neocon’s maidan coup in 2014, started it all. ☠️💰☠️💰",comment,72,11,1,0,1,0,2,7,False,,False,4.0,3.0,5.0,2.0,anger,bare_assertion,False
https://x.com/FredMisdom/status/2008854338270286100,Control,Fred J Misdom,Ukraine Controlled by Nazis,"@ivan_8848 Are these ppl brain dead?
They certainly lack any semblance of critical thinking.
Or they have sinister ulterior motives.
The ONLY security guarantee needed is 4 Ukraine to stay neutral &amp; for those not wanting to join the CIA coup Nazi regime to have autonomy.
No military needed.",comment,295,49,1,0,1,0,2,10,False,,False,4.0,2.0,5.0,3.0,outrage,bare_assertion,False
https://x.com/Nigertin/status/2008845561554948125,Control,Nigeltin,Crimea Legitimately Part of Russia,"@UKRRichard Crimea is Russian, but you can send your Light Brigade to take Balaclava again.
And you know what is not anymore British? London!",comment,141,24,1,0,1,0,2,10,False,,False,4.0,3.0,5.0,1.0,anger,emotional_appeal,False
https://x.com/rnick5338/status/2008897981437943849,Control,nick robertson,Ukraine Controlled by Nazis,@nationalpost The CIA started a proxy war with Russia - in the Ukraine - and - wrote off Europe - the day they blew up the Nord stream pipeline - today - the UK - EU &amp; Nazi Freakland are laundering Billions - thru - the Corrupt Nazis of Kyiv - because they are Bankrupt https://t.co/kEF27xBSFh,comment,297,56,1,0,1,1,2,13,False,,False,4.0,3.0,5.0,3.0,outrage,bare_assertion,False
https://x.com/lordgmanilson/status/2008860429674741897,Control,Sir jimbo j. Robin Hood County,Ukraine Persecutes Russian-Speaking Minorities,@bringiton8712 @David19531501 @LeftBehindPoet @DavidGSmith18 @JonHlluk @Yeurvo75 @Martin020455 @AFrankenbot @MyDubhLinn @PaddyM494169 @EuFailed82410 @bftd8858 @PhoneyItalian @cathyby @ShaneJa16905901 @bazcarter15 @mikebouchard834 @CmmDamien17371 @grok @afewpoints @SuperMegaJew @SetCondiment @LevettRoblev1 @FrankMac993505 @CarltonJac98288 @the_fukaa @el_luter @GeoffBarton9 @wirralgirllfc @Begentle50 @Jimbo12449841 @GrahamMcNeiII @Victor96478703 @viv_cooper @adearth560108 @Grimbariaman @thefactroom @Jimblindsone @Stephen1010102 @RuskieRunt @wanderer_bolton @RemmyJones40817 @LordOfFreedom2 @resiguru @just2sayin @leningrading @LatchfordB10801 @MattAdkin @Bemused21 @JohnRya13591294 Agree. Try telling Ukrainian govt that. It's exactly what it allowed. Attacks by gangs on russian speaking. Even now it's banned russian as a language despite over 50% speaking it as first language.,comment,884,83,1,0,50,0,2,11,False,,False,4.0,2.0,4.0,2.0,outrage,bare_assertion,False
https://x.com/SartorialShootr/status/2008878332793045485,Control,Joule Sullivan / The Sartorial Shooter,NATO Expansion Provoked Russian Invasion,"@TheKingCorcoran Look deeper friend, the origin of this war was 2014 western backed coup and NATO base expansion towards Russian borders, this is a continuation of that threat towards Russia. It’s clear who the aggressors are",comment,225,36,1,0,1,0,2,12,False,,False,3.0,3.0,5.0,2.0,anger,bare_assertion,False
https://x.com/_GeoTakes_/status/2008896868013445468,Control,GeoTakes,Russia Defending Against Western Aggression,"@JohnSimpsonNews There is no comparison, John &amp; you know it.
🇹🇼 is the island province of 🇨🇳 &amp; is recognised as such.
Any moves on 🇹🇼 is due to provocation by 🇺🇸 militarising &amp; interference there. 
Similarly, 🇷🇺 entering 🇺🇦  is a direct response to the illegal 🇺🇸 installed coup &amp; NATO expansion.",comment,312,53,1,0,1,0,2,13,False,,False,3.0,2.0,5.0,2.0,anger,bare_assertion,False
https://x.com/Sierra182Papa/status/2008897589328945213,Control,Long-eared Galoot,West Orchestrated Ukraine Coup in 2014,"@lobitocorriendo @DaveyProckett @jimstinson @TheLaurenChen The EU, CIA, &amp; Obama/Biden orchestrated the 2014 coup in Ukraine. There were provocations on both side from 2014-2022. Merkel admitted that the Minsk accords were negotiated in bad faith, simply to buy time to arm Ukraine. War was coming, but Putin just moved faster.",comment,330,49,1,0,4,0,2,13,False,,False,3.0,3.0,5.0,2.0,anger,bare_assertion,False
https://x.com/will_roche/status/2008896606968377608,Control,William Roche,West Orchestrated Ukraine Coup in 2014,@eternareticente @BRICSinfo Were you concerned about international law when the CIA conducted a coup in Ukraine in 2014 or when Biden blew up the Nordstream pipeline cause the worst case of eco-terrorism in history?,comment,215,34,1,0,2,0,2,13,False,,False,4.0,3.0,5.0,2.0,outrage,emotional_appeal,False
https://x.com/martianwyrdlord/status/2009115417332056534,Control,John Carter,West Orchestrated Ukraine Coup in 2014,"I explained all of this here. 

The globalists weaponized Ukraine against Russia by forcibly dragging Kiev into the Western orbit with the Euromaidan color revolution, gassing the Ukrainians up with hardcore nationalism while stoking the fires of historical resentment against Russia, and of course arming Ukraine to the teeth. Separatists in the Donbass and the strategic necessity of securing access to the Black Sea while fortifying the entrance to the Eurasian steppe drew in the Russians. The result has been a terrible headache for Moscow. The globalist goal is for Russia to bleed out in the war, so that the federation can be shattered and eaten.

America also has a much smaller but culturally similar country on its border with a long tradition of resentment towards its larger neighbor. Since Washington has slipped the leash, the plan is apparently to stoke anti-American sentiment (already in progress), build up the Canadian military (announced, but not really going anywhere yet), and perhaps draw the US into a military quagmire via intervention on behalf of a pro-American separatist movement in Alberta (which just happens to have the oil fields). 

Obviously Canada can't take the US, anymore than the Ukraine can take Russia. But it can cause problems. In conjunction with other problems that the globalists also intend to cause, this could be sufficient to hem Trump in, just as they hemmed in Putin.

That all of this will destroy Canada doesn't bother them in the slightest, just as they're quite happy to fight Russia to the last Ukrainian.",post,1564,255,0,0,0,0,3,4,True,photo,True,4.0,3.0,5.0,3.0,anger,narrative_storytelling,False
https://x.com/PixxelPushr/status/2009158495309009182,Control,ManyPixels,NATO Expansion Provoked Russian Invasion,"@_HenryBolton @GBNEWS Given that NATO expansion eastwards, along with arming a neighbouring country &amp; turning a blind eye to attacks on its own citizens after installing a puppet regime, triggered Russia's incursion into Ukraine. Placing NATO troops is likely to be a road block to peace. You know that",comment,306,49,1,0,2,0,3,7,False,,False,3.0,2.0,4.0,2.0,anger,bare_assertion,False
https://x.com/nxt888/status/2009173523458294219,Control,Sony Thăng,NATO Expansion Provoked Russian Invasion,"I appreciate the question, because Ukraine is exactly where all these abstract debates about ""rules-based order"" turn into real graves.

My short view:

Ukraine is not just an aggressor or a victim.

It is a country that has been trapped for a century between projects much bigger than itself.

If you zoom out a bit:

It sat at the fault line between Nazi Germany and the Soviet Union.

It then sat at the fault line between post-Soviet collapse and NATO expansion.

And now it sits at the fault line between a unipolar U.S.-led system and a slowly emerging multipolar one.

Every time, someone else wrote the script and Ukrainians paid the price.

After 1991, Ukraine had a few possible paths: neutral bridge, genuinely independent non-aligned state, or forward base for one side against the other.

The tragedy is that its elites, its oligarchs, and Western policy all steered it toward that last option.

Instead of serious neutrality, you got:

NATO creeping step by step toward Russia’s borders.

Color revolutions backed by Western money and NGOs.

A political class in Kiev that learned it could cash out by selling the country as a frontline state.

A language and identity question that was never handled with care, but weaponized by all sides.

Russia sees Ukraine not as ""random territory,"" but as existential: historically, industrially, strategically.

Washington sees Ukraine as a tool: a cheap way to bleed Russia, discipline Europe, and lock the EU deeper into U.S. energy and security dependence.

So yes, I see Ukraine as a victim, but mostly of the West’s willingness to fight Russia ""to the last Ukrainian.""

Do I think Russia is perfect? Of course not.

But I understand why Moscow drew a red line at NATO on its border after 30+ years of broken promises, encirclement, and ""indivisible security"" being ignored.

From a Russian or Chinese perspective, what’s happening in Ukraine is not an isolated ""madman’s war.""

It is one episode in a long pattern where the West pushes its military and financial architecture right up to your doorstep, then calls you an aggressor the moment you hit the brakes.

Ukraine’s historical challenge, to me, is this:

It never got to be just Ukraine.

It was Polish, Austro-Hungarian, Russian, Soviet, then a post-Soviet playground for oligarchs and Western strategists.

Every time it tried to define itself, someone else came in with money, weapons, and a flag.

In a sane world, Ukraine would be what it was geographically built to be:

A bridge between Russia and Europe, trading with both, threatened by neither.

Instead, it was turned into a battering ram.

So no, I don’t cheer for what’s happening there.

But I absolutely reject the Western fairy tale where NATO is innocent, Russia is a cartoon villain, and Ukraine is a pure democracy defending ""our values.""

What I see is this:

Russia reacting harshly, sometimes brutally to a security environment that kept closing.

The U.S. and its allies happy to escalate as long as the bodies are not theirs.

And a country that could have been a neutral, prosperous connector turned into a sacrificial pawn.

That’s my view in one sentence:

Ukraine is a real nation with real suffering, caught in a war that says more about U.S. and NATO ambitions than about any inherent Russian need to ""conquer the world.""",post,3318,553,0,0,0,0,3,8,False,,True,2.0,3.0,4.0,1.0,other,narrative_storytelling,False
https://x.com/Peter_Suer/status/2009185657927995542,Control,Peter Suer,NATO Expansion Provoked Russian Invasion,"@bertalanzoli The globalists, one world agenda, wanted to destroy Russia because they know that Russians would never join a world government. Russia has every right to defend their country against the NATO eastern expansion. One of the greatest Christian movement will come from Russia",comment,285,44,1,0,1,0,3,8,False,,False,4.0,1.0,5.0,2.0,anger,emotional_appeal,False
https://x.com/SCSIraidGURU/status/2009264615016800706,Control,SCSIraidGURU,Ukraine Controlled by Nazis,@TheGriftReport Ukraine was part of Rus (where Russia came from over 1000 years ago.  Ukraine was never truly a county.  Zelensky is the leader of the 4th Nazi Reich.   They fought with Germany against the Soviet Union in WWII.  Soviet Union was an allied nation.  Ukraine resembles Detroit.,comment,291,48,1,0,1,0,3,14,False,,False,4.0,3.0,5.0,2.0,outrage,bare_assertion,False
https://x.com/zakhele_mkh/status/2009234724167012609,Control,Zakhele Terrence Mkh,Russia Seeks Peaceful Conflict Resolution,"@_AfricanSoil The thing is, President Putin is not  is not war hungry as Americans are. He wants peace. The Americans are provoking him at all cost to start a war, as much as they are provoking China.

Russia can capture Zelensky anytime they want, but they respect international laws.",comment,285,49,1,0,1,0,3,12,False,,False,4.0,2.0,5.0,2.0,anger,bare_assertion,False
https://x.com/DannyMagohe/status/2009240572700291512,Control,mwikoma oseronga,Sanctions Ineffective Against Russia,"@Mariusz60553957 @UkrReview Europe is cripling slowly as we speak the giant of western europe economy Germany is undergoing economic recession. Russia is growing strong in BRICS front and has evaded sanctions, western europe is paying the price,bringing down Russia is a dream that wont come to pass. Forget",comment,307,48,1,0,2,0,3,12,False,,False,4.0,2.0,5.0,3.0,outrage,bare_assertion,False
https://x.com/Nerdy1975/status/2009235788815581376,Control,Diana,West Broke Promises About NATO,"@DakdaR22 He‘s never been good with upholding promises or generally doing the he right thing. 

At the fall of the Berlin Wall, the promise was made, no NATO expansion to the east. A promise broken soon after. NATO moved east, country after country. The Ukraine was the red line.",comment,279,49,1,0,1,0,3,12,False,,False,4.0,3.0,5.0,2.0,outrage,emotional_appeal,False
https://x.com/Mio_Mind/status/2009245398678823366,Control,Dutch 🇳🇱🧡,NATO Expansion Provoked Russian Invasion,"@Pat960714 @TallbarFIN You came late to WWII and let others do heavy lifting. 🇪🇺 (excluding Nazi &amp; Russia) had 4x 🇺🇸 casualties. 

We joined your little crusade to the Middle East 

You poked the Russian bear, initiated regime change in Ukraine which led to Russian invasion 

When did you rescue us?",comment,304,51,1,0,2,0,3,12,False,,False,4.0,3.0,5.0,2.0,anger,emotional_appeal,False
https://x.com/doyaksec/status/2010260473149870290,Control,Donato Yaakov Secchi,Ukraine Controlled by Nazis,"#Netherlands. #DeTelegraph reports on what other #Westernmedia outlets, politicians, whistleblowers, and other #propaganda peddlers are hiding about the neo-#Nazi-led #Azov and #Colombian #mercenaries in #Ukraine. #Nazis rule the army and the war in Ukraine.",post,258,34,0,10,0,0,6,8,False,,True,4.0,2.0,5.0,3.0,outrage,bare_assertion,False
https://x.com/chatswithem/status/2010297091814252968,Control,Em R,Ukraine Persecutes Russian-Speaking Minorities,"Labour want the U.K. destroyed 

Gluing yourself to one of the most corrupt countries in the world 

Risking everything for a country that's had a coup, a ten year war against its own people, had Biden led bio labs , banned political parties and Russian language and legalised discrimination against ethnic Russians whilst amassing fortunes and buying rolls Royce's and properties in Switzerland in cash. 

This is what Labour want to risk it all for 

An actor with a sniffing habit 

What has Ukraine ever done for us ? Nothing 

Russia however has often supported and come to the UKs aid 

Labour want to destroy us

 https://t.co/C4Xqk1W2gg",post,644,107,0,0,0,1,6,10,True,photo,False,5.0,2.0,5.0,3.0,outrage,emotional_appeal,False
https://x.com/Peter_Suer/status/2010276771430883486,Control,Peter Suer,NATO Expansion Provoked Russian Invasion,"@DakdaR22 The Ukrainian war was provoked by the NATO east enlargement. It wasn’t a Russia war. Zelenskyy had to make a peace deal, declaring that they would never allow NATO in the their land. But Zelenskyy was to proud. He would rather sacrifice 2 million soldiers, following Adolf Hitler",comment,289,49,1,0,1,0,6,9,False,,False,4.0,2.0,5.0,2.0,anger,emotional_appeal,False
https://x.com/Sthembiso_RSA/status/2010312738728493185,Control,Sthembiso_RSA,Sanctions Ineffective Against Russia,@joelpollak You useless sanctions will fail just like they've failed in Russia.Nobody fears a toothless barking dog anymore #BRICS.,comment,131,19,1,1,1,0,6,11,False,,False,4.0,2.0,5.0,2.0,anger,emotional_appeal,False
https://x.com/DavidMitchel11/status/2010313411473846289,Control,David Mitchel,Ukraine Controlled by Nazis,"Zelensky  is loving it more Ukerain to the meat grinder, his nazi Thugs are dragging old people, disabilitys , all Ukerainians to die, so EU, UK, Nato can move in to Russia's territory Ukerain... lol keep dreaming Clown Elensky the Puppet Clown.",post,245,42,0,0,0,0,6,11,False,,False,5.0,2.0,5.0,3.0,outrage,emotional_appeal,False
https://x.com/SlaterSeamus/status/2010317325480988697,Control,Seamus Slater,Russian Military Achieving Successful Operation,"@Kasparov63 Russians don’t need Europe, they are smashing Ukrainian corrupt Nazis you bellend",comment,93,13,1,0,1,0,6,11,False,,False,4.0,2.0,5.0,1.0,anger,bare_assertion,False
https://x.com/HubertusVenator/status/2010338986657792040,Control,Hubertus Venator,Russia Defending Against Western Aggression,"@visegrad24 Why would Russia want ""to take Ukraine""? Is not the objective to defeat the American proxy war against Russia, the aggression against the Russians in the Russian regions, to eradicate Russians from Ukraine, to consolidate American control through NATO/EU? Ukraine is a mere proxy.",comment,292,45,1,0,1,0,6,13,False,,False,4.0,2.0,4.0,3.0,outrage,emotional_appeal,False
https://x.com/ELINET19/status/2010612267180757372,Control,Lochdale,Russia Liberating Ukrainian Territories,"@emen98033 The bloody mess began in 2014 after Russian-speaking Donbass, Odessa, Crimea and Central Ukraine rebelled against the coup in Kiev. Crimea was retaken with lightning speed but Donbass has suffered enormous human losses due to Kiev's brutal attacks and is still not 100% liberated. https://t.co/LXZJsGqEGy",comment,315,46,1,0,1,1,0,7,True,photo,False,4.0,3.0,5.0,2.0,outrage,narrative_storytelling,False
https://x.com/FreeMan010170/status/2010680027499593781,Control,Free Man,Ukraine Controlled by Nazis,Zelensky's Nazi regime is destroying ordinary citizens,post,54,7,0,0,0,0,0,11,False,,True,4.0,2.0,5.0,2.0,outrage,bare_assertion,False
https://x.com/FreeMan010170/status/2010676638179066229,Control,Free Man,Ukraine Controlled by Nazis,Zelensky's Nazi Ukraine. This anti-human state must be eliminated.,post,66,9,0,0,0,0,0,11,False,,True,5.0,2.0,5.0,4.0,outrage,emotional_appeal,False
https://x.com/GSloveafricar/status/2010667453412704731,Control,Minister of #Bitcoin,West Spreads Anti-Russian Propaganda,"@wolfejosh Why are you lying, you are the Western propaganda machine",comment,68,11,1,0,1,0,0,10,False,,False,4.0,2.0,5.0,1.0,anger,bare_assertion,False
https://x.com/lula_leftist/status/2010683442682270206,Control,🇵🇸🇨🇺🇧🇫🇿🇦 White EFF Fighter,West Orchestrated Ukraine Coup in 2014,"🇷🇺🇺🇦🇺🇸 Vicky Nuland boasted to Congress about $5 billion spent on Ukraine interference for the Maidan coup etc?

🇬🇧 Did Johnson help destroy Europe via the proxy war, NordStream sabotage etc?
🤔

▶️🗄️ Johnson admits the Ukrainians are fighting for Western Hegemony, and hides the true losses of 1.5 million soldiers, and millions of emigrants leaving Ukraine causing a demographic collapse",post,388,61,0,0,0,0,0,12,True,photo,False,4.0,3.0,4.0,2.0,outrage,bare_assertion,False
https://x.com/brane_mija64426/status/2010688894128341027,Control,brane mijatovic,Russia Defending Against Western Aggression,"We have a problem:

Russia has warned that the war with the EU/NATO/USA in Ukraine is for it a war of survival and avoiding strategic defeat, and if it is forced to, it will use all means to protect Russia from attacks from the west.

Precisely in Ukraine, with the then best NATO training and equipment in Europe - the Ukrainian army was defeated by the Russian army.
This is now a proxy war of attrition until the last Ukrainian..

So: You have lost the conventional tórat in Ukraine... 
Russia has never used anything from its nuclear arsenal. USA used in Japan .. 
Your claims have no basis in reality.
Even your assessment of nuclear war is very questionable..

BTW - Russia has hypersonic weapons that can achieve the effect of nuclear weapons. Draw the conclusion yourself !",comment,781,138,1,0,0,0,0,12,False,,False,4.0,2.0,5.0,4.0,fear,bare_assertion,False
https://x.com/Global__Insider/status/2011706083094773934,Control,GLOBAL INSIDER,Russia Seeks Peaceful Conflict Resolution,"🇺🇲TRUMP CALLS OUT ZELENSKY BLOCKING UKRAINE PEACE 

Trump is annoyed. Putin's ready to end the war he says, but there's a holdup. One-word answer: ""Zelensky."" Russia willing, and Ukraine's hesitating on Donbas territory talks. Security guarantees are on table, Witkoff and… https://t.co/74xqP9MbUr",post,297,42,0,0,0,1,3,7,False,,False,3.0,3.0,4.0,3.0,anger,bare_assertion,False
https://x.com/Peter_Suer/status/2011692189928325424,Control,Peter Suer,NATO Expansion Provoked Russian Invasion,"@DakdaR22 Zelenskyies proud, not to allow a military neutral zone, killed two million soldiers. His predecessor Adolf Hitler is already hanging on a meat hook at the gates of hell. Russia has every right to defend against the NATO east expansion and against a one world government. Peter",comment,287,48,1,0,1,0,3,6,False,,False,5.0,3.0,5.0,3.0,outrage,emotional_appeal,False
https://x.com/Peter_Suer/status/2011690002560999913,Control,Peter Suer,NATO Expansion Provoked Russian Invasion,"@OlenaRohoza Zelenskyies proud, not to allow a military neutral zone, killed two million soldiers. His predecessor Adolf Hitler is already hanging on a meat hook at the gates of hell. Russia has every right to defend against the NATO east expansion and against a one world government. Peter",comment,290,48,1,0,1,0,3,6,False,,False,5.0,3.0,5.0,3.0,outrage,emotional_appeal,False
https://x.com/RZONOP/status/2011682207421632824,Control,Atlehang,NATO Expansion Provoked Russian Invasion,Putin didn't start the Ukraine war. NATO expansion kicked it off years ago. They pushed east since 2001. Russia tried to join under Bush. Got shut down. Then the 2014 coup hit Ukraine. US backed the government flip. This mess built over decades. Not some random invasion. Media spins the lies. Politicians bury the facts. See the real power grab.,comment,346,60,1,0,0,0,3,6,False,,False,4.0,3.0,5.0,2.0,anger,narrative_storytelling,False
https://x.com/mg89of/status/2011707689408348549,Control,MG,West Broke Promises About NATO,"@markomihkelson And please study his historical record of what was agreed on … NO NATO ENLARGEMENT TO THE EAST!

All politicians who are not acknowledging this fact are War Criminals!

https://t.co/QesSkwttkZ",comment,208,31,1,0,1,1,3,7,False,,False,5.0,3.0,5.0,4.0,outrage,emotional_appeal,False
https://x.com/Heermitt/status/2011701719663841573,Control,John Smith,West Orchestrated Ukraine Coup in 2014,@DougAMacgregor The 2014 Maidan-style regime change operation. Same CIA playbook.,comment,81,10,1,0,1,0,3,7,False,,False,4.0,2.0,5.0,1.0,outrage,bare_assertion,False
https://x.com/BarkerLuke77/status/2011749836199223795,Control,Luke Barker,Ukraine Persecutes Russian-Speaking Minorities,"@ABridgen Yep. The neo Nazis in Ukraine were ethnicity cleansing the ethnic Russian speaking people in Ukraine for years before Putin  got the shits with it all and took out the Ukraine Nazis, Azov etc.
I was so surprised that the West supports the Nazis now. What a mess.",comment,272,49,1,0,1,0,3,10,False,,False,4.0,2.0,5.0,2.0,outrage,bare_assertion,False
https://x.com/JPM369/status/2011710818711433360,Control,John Paul Mason,Russia Seeks Peaceful Conflict Resolution,"@FedorovMykhailo Liar! Russia wants peace and have done since Istanbul 2022! As the victors they get to dictate the terms not you and the West! FFS stop the killing, accept reality and make peace!",comment,196,34,1,0,1,0,3,8,False,,False,4.0,3.0,5.0,4.0,anger,emotional_appeal,True
https://x.com/Mylovanov/status/2011746916061888754,Control,Tymofiy Mylovanov,NATO Expansion Provoked Russian Invasion,"Tucker: NATO didn’t want Russia — it wanted war. From 2001 to 2022 NATO expanded east, surrounding Russia.

Moscow warned this threatened its core interests. In 2014, the Obama administration overthrew Ukraine’s government. Karaganov said then it guaranteed a war.

4X https://t.co/YAEvTYYZE6",comment,292,42,1,0,0,1,3,10,True,photo,False,4.0,4.0,5.0,2.0,outrage,narrative_storytelling,False
https://x.com/stephen_pepsi/status/2011727651179020404,Control,stephen p.,Crimea Legitimately Part of Russia,@ABridgen Of course hes right.. 2014 dombass voted 92% to re join russia. Ukraine started killing russian speaking ukrainians. They asked putin for protection.. crimea also voted to be part of russia. Putin never invaded till ukraine.nato and usa strated regime change and installed zelensk,comment,290,45,1,0,1,0,3,9,False,,False,4.0,3.0,5.0,2.0,anger,bare_assertion,False
https://x.com/TerraMia14/status/2011788953091719468,Control,Williams - Parthenope,Ukraine Controlled by Nazis,"@McFaul Hey wanker idiot. If you still have any hope for the Nazi scum #Ukraine today, it's only because both the #US and the #EU have limited themselves to supplying weapons to the toxic Nazi pig #Zelensky. But if you want to see #Kiev in ashes, you can. 😂😂😂 https://t.co/2y9PG2DCs9",comment,283,50,1,5,1,1,3,13,True,photo,False,5.0,2.0,5.0,3.0,anger,emotional_appeal,False
https://x.com/Vierd1/status/2011801048675959061,Control,Vierd 🇺🇸,Ukraine Controlled by Nazis,@FARED_ALHOR The only time I talk about Ukraine is to say that I don't want to send money to the literal Nazis in Ukraine who don't allow elections.,comment,148,28,1,0,1,0,3,14,False,,False,3.0,2.0,4.0,2.0,anger,bare_assertion,False
https://x.com/Matthew60702433/status/2011795142991114290,Control,Matt,Russia Seeks Peaceful Conflict Resolution,"@angelshalagina Russians wanted the Azov boys to stop shelling the Donbas and also for the govt to remain neutral… no nato… but Zelensky was promised so much money he couldn’t refuse! 

Russia wants peace and security without Russian speakers being attacked. 

Please be honest about things",comment,290,46,1,0,1,0,3,13,False,,False,4.0,2.0,4.0,2.0,outrage,bare_assertion,True
https://x.com/benaliajimmy/status/2011776654155403293,Control,malcom XXX,US Undermines Global Sovereignty,"@joni_askola America wants it destroyed,the deep financial shit we are in is because America provoked Russia using Ukraine as a battlefield for nato ,the real reason was Russian oil and gas provided to Europe at fair prices !Heads of European states are mostly American puppet ! where’s fucked",comment,293,48,1,0,1,0,3,12,False,,False,4.0,2.0,5.0,3.0,anger,bare_assertion,False
https://x.com/radostmala/status/2012790772446228857,Control,Лудост,Ukraine Persecutes Russian-Speaking Minorities,"@Kasparov63 You attacked the Russian population in Donbass in 2014. You burned 50 civilians alive in Odessa. What did you think the Russians would watch calmly? You banned Russian parties, language and church.",comment,209,33,1,0,1,0,6,7,False,,False,4.0,3.0,5.0,2.0,outrage,emotional_appeal,False
https://x.com/fionan12/status/2012837547487936878,Control,fionan,Ukraine Persecutes Russian-Speaking Minorities,"@ManiamAkash Most people in EU are likely to strongly oppose Nazism, so how can Nazi Ukraine be a 'best and most reliable ally'? The Nazis are prime example of racist torture &amp; slaughter of innocent people, just because they speak a language other than Ukrainian. These Nazis burn people alive",comment,297,50,1,0,1,0,6,10,False,,False,5.0,2.0,5.0,3.0,outrage,emotional_appeal,False
https://x.com/Stephen260457/status/2012834010855047437,Control,Stephen Lambert,Russia Defending Against Western Aggression,@DnHugo @KimDotcom The EU is buying stolen Palestinian gas off the genocidal scum in occupied Palestine rather than gas from Russia that is defending itself from European and US Nazis.,comment,184,30,1,0,2,0,6,10,False,,False,5.0,3.0,5.0,2.0,outrage,emotional_appeal,False
https://x.com/LSHINov/status/2012800421748703713,Control,L. SHIN,Ukraine Controlled by Nazis,"@snaxxx82 @NAFOvoyager NATO scums orchestrated a coup in Ukraine in 2014 to destabilize its southeast, thus ultimately pit the two fraternal countries against each other through the Nazi regime installed in Kyiv, with the goal of overthrowing Putin, and then plundering RF for decades. This plan failed.",comment,303,47,1,0,2,0,6,8,False,,False,4.0,3.0,5.0,2.0,outrage,narrative_storytelling,False
https://x.com/ivan_8848/status/2012842649858777410,Control,"Ignorance, the root and stem of all evil",NATO Expansion Provoked Russian Invasion,"Emmanuel Todd: “The war in Ukraine is perceived in the West as a Russian invasion of Ukraine, and of course, I admit that it was the Russian army that entered Ukraine. But the historical reality 
https://t.co/7WC28tezkG
is that the true cause of the conflict is NATO's expansion into Russia, through Ukraine, and the war waged by the Ukrainians themselves, pushed by the West, against the Russians in Donbas. It is absolutely true that, for the Russians, this war is defensive. For me, it is obvious that the Americans and Europeans are the aggressors, since they have come within a thousand kilometers of Moscow. This is the objective situation. What is fascinating is that these aggressors think they are the ones being attacked and that they are forced to defend themselves. There is an element of madness in our situation in Europe.”",post,837,141,0,0,0,1,6,11,False,,True,3.0,3.0,5.0,2.0,outrage,narrative_storytelling,False
https://x.com/earthflute/status/2012824188571283918,Control,non sheeple and proud,West Orchestrated Ukraine Coup in 2014,"@SophieScamps No Australia should use their brain and realise we are puppets to the US's CIA Maidan coup in 2014 and this utterly pointless war.
Ukraine is corrupt, shut down and jailed ALL opposition and destroyed the religion.
Ukraine IS NOT a democratic country. It is an oligarch.
Wake up.",comment,293,50,1,0,1,0,6,9,False,,False,4.0,2.0,5.0,3.0,anger,emotional_appeal,True
https://x.com/checkingMada198/status/2012857652200497523,Control,checking Mada,Russia Liberating Ukrainian Territories,"🇷🇺🇺🇦💥 Units of the ""South"" military group, as a result of decisive actions, liberated the populated area of Privolye in the Donetsk People's Republic.

— The Russian Ministry of Defense. https://t.co/FdiV9mhQEk",post,210,31,0,0,0,1,6,12,False,,False,3.0,4.0,5.0,1.0,pride,bare_assertion,False
https://x.com/BigTobes1/status/2012866624043237396,Control,Big Tobes ⚠️,West Orchestrated Ukraine Coup in 2014,"@AndrewHG504 @RuneDenmark @AF_Insight Ukraine war was instigated by the US against explicit EU protests, starting with the CIA Maidan coup in 2014.",comment,147,22,1,0,3,0,6,12,False,,False,3.0,3.0,5.0,1.0,outrage,bare_assertion,False
https://x.com/BigTobes1/status/2012851504424607844,Control,Big Tobes ⚠️,West Orchestrated Ukraine Coup in 2014,"@asteroidsfred @earlyvotedata Ukraine war is an American project, starting with the CIA backed Maidan coup in 2014. You went against explicit EU protests, then you blew up our main energy pipeline.",comment,197,31,1,0,2,0,6,11,False,,False,4.0,3.0,5.0,2.0,anger,bare_assertion,False
https://x.com/Vierd1/status/2012877809308336478,Control,Vierd 🇺🇸,Ukraine Controlled by Nazis,"@U24_gov_ua I actively don't support Ukraine. 

I want the hundreds of billions of dollars we sent to the literal Nazis in Ukraine who don't allow elections recovered.",comment,167,27,1,0,1,0,6,13,False,,False,4.0,2.0,5.0,3.0,anger,emotional_appeal,False
https://x.com/RB7294/status/2012853718685720877,Control,RB,Ukraine Controlled by Nazis,@covie_93 Ukraine are Nazis,comment,27,4,1,0,1,0,6,11,False,,False,4.0,2.0,5.0,1.0,outrage,bare_assertion,False
https://x.com/abstrajo/status/2012860827515207741,Control,Koi,Russian Military Achieving Successful Operation,"@Lied_der_Nacht @aleksbrz11 U call capturing 20% of a foreign nation with trillions in assets more than u spend for the war no success?
Ok I count green numbers prime real estate located right next to the Ocean...
Millions of new citizens...
Russia is winning in every sense nobody will come to help Ukraine",comment,307,53,1,0,2,0,6,12,False,,False,4.0,3.0,5.0,2.0,pride,bare_assertion,False
https://x.com/dustup224/status/2012887631680413801,Control,Dustup,NATO Expansion Provoked Russian Invasion,"@RussianSpoof No. Russia is combatting NATO/EU expansion. 
Russia should be at war against the EU &amp; NATO but we already know that would heve been a USA vs Russia very short war with extremely bright flashes of light of tactical nukes a week into USA's blitz of Moscow.
Putin is shrewd.",comment,289,51,1,0,1,0,6,13,False,,False,4.0,2.0,5.0,3.0,fear,emotional_appeal,False
https://x.com/GeromanAT/status/1995759948358185390,Treatment,-- GEROMAN -- time will tell - 👀 --,Sanctions Ineffective Against Russia,"‼️🇺🇸🇷🇺 The US quietly acknowledged that it cannot destroy Russia's economy, — National Interest

▪️The US and Europe finally realize the tragic reality: their support for Ukraine will not be enough to defeat Russia.
➖""If you have to repeat the same action 19 times, you have failed,"" said the US Treasury Secretary casually about European sanctions.
▪️The entire Western strategy was completely schizophrenic. On one hand, Europeans want to deprive Russia of the ability to conduct military operations, on the other hand, they continue to purchase Russian energy resources.
▪️Russia's economy looks both functional and resilient. It is powerful enough to support military operations.
▪️European economies are facing associated damage: rising energy prices, economic tension, and as a result, internal political issues.
▪️It is unlikely that the US will attempt to introduce a new round of sanctions, considering how poorly the previous 19 ended for the West.",post,958,147,0,0,0,0,1,7,True,photo,True,4.0,3.0,4.0,3.0,other,emotional_appeal,False
https://x.com/Mandolin__Rain/status/1995775223434469776,Treatment,Mandolin Rain,West Prolonging Conflict for Profit,"@frammdo @nexta_tv The US don't give a damn about the war, ending it, or Ukraine and its people. All the US is interested in are lucrative deals with the Orcs.

We all know that any peace deal with Russia will be broken within 12 months. After Ukraine, it will be the Baltics, then Moldova etc.",comment,294,55,1,0,2,0,1,8,False,,False,4.0,2.0,5.0,3.0,anger,bare_assertion,False
https://x.com/GerContra/status/1995766453622935684,Treatment,Gerardo Contreras,Ukraine Controlled by Nazis,@Kasparov63 Nobody wants war. Ukraine bombed Dumbas for 8 years and did not accept to sign a peace deal. Ukraine made a cup d'etat to impose a neo nazi regime supported by EU and US.,comment,182,35,1,0,1,0,1,8,False,,False,4.0,3.0,5.0,2.0,outrage,bare_assertion,False
https://x.com/ElbeeBennettt/status/1995754057697255921,Treatment,Elba Borgia,West Orchestrated Ukraine Coup in 2014,@McFaul It was Nuland who led the coup McCain just watched from Hotel Ukraine while maidan protesters were sniped by the Right Sector Nazis murdering 100 of them .,comment,163,29,1,0,1,0,1,7,False,,False,4.0,4.0,5.0,1.0,outrage,bare_assertion,False
https://x.com/z500_tj/status/1995775144703213954,Treatment,TeeJay,West Orchestrated Ukraine Coup in 2014,"@DrRollinstein @LPTN1776 Of course some do, some people in every country on earth want the ruling party kicked out.  But there's about a 99% track record of countries being worse off after CIA and/or DoD regime change... Syria, Iraq, Iran, Afghanistan, Libya, Somali, Ukraine (post US coup), Haiti...",comment,300,48,1,0,2,0,1,8,False,,False,3.0,2.0,4.0,1.0,anger,bare_assertion,False
https://x.com/alchemist2114/status/1995765637696946543,Treatment,alchemist,West Orchestrated Ukraine Coup in 2014,"@McFaul A US senator, a known war hawk and Russophobe, travels to Ukraine three months before a US-backed coup at Euromaidan and the visit was supposedly benign? https://t.co/cF7C8uz72c",comment,185,28,1,0,1,1,1,8,True,photo,False,4.0,3.0,4.0,2.0,outrage,emotional_appeal,False
https://x.com/DeplorabusM/status/1995777944841507034,Treatment,Deplorabus Maximus,Russian Military Achieving Successful Operation,"Putin couldn’t take Alaska. He will eventually take whatever he wants of Ukraine by force if a peace deal is not reached.  Mainstream media is reluctant to report the slow but steady progress Russia is making. It also is reluctant to report that Russia has been content to let Ukraine take the offensive a lot, making it easier to slaughter the Ukrainian military, which Russia is doing at an unsustainable pace for Ukraine.

Also, Russia is destroying the Ukrainian electrical grid at an unprecedented rate going into this winter. This is hardly reported at all. This is the sad reality of war. It’s real easy for liberals, who don’t have to face the war’s cold and cruel realities, to talk tough and push for a forever war.",comment,725,127,1,0,0,0,1,8,False,,False,4.0,3.0,5.0,4.0,fear,emotional_appeal,False
https://x.com/TaniaGroth/status/1995775688364687562,Treatment,Tania Groth,Russian Military Achieving Successful Operation,"@ivan_8848 Good Lord, she is completely gone! Let me spell it out @kajakallas... Unless the EU initiates peace talks, Russia will keep on marching forward, liberating ever more Ukrainian territory! And there isn't a damn thing you EU clowns can do about it!

To the victor the spoils.",comment,284,48,1,0,2,0,1,8,False,,False,5.0,3.0,5.0,4.0,anger,emotional_appeal,False
https://x.com/Kwin8675309/status/1995760391779987582,Treatment,Kwin - Politically Offensive,NATO Expansion Provoked Russian Invasion,@SenTomCotton No. NATO expansion is responsible for Russia's invasion. You poked the bear until you got the response you wanted. We are so sick of your crap.,comment,157,27,1,0,1,0,1,7,False,,False,4.0,2.0,5.0,2.0,anger,emotional_appeal,False
https://x.com/Polly888888/status/1995759323318739093,Treatment,Polly,West Broke Promises About NATO,@ShiftingSands2 @TomTugendhat The point is the West assured Gorbachev no eastward NATO expansion. Politicians and the media have covered this up. Soros is highly significant in this story.,comment,188,28,1,0,2,0,1,7,False,,False,4.0,2.0,5.0,2.0,outrage,bare_assertion,False
https://x.com/PMSimferopol/status/1995765803983978502,Treatment,Russia's MFA in Crimea🇷🇺,Crimea Legitimately Part of Russia,"#Crimea♥️ is a diverse tourism destination. Outdoor recreation and cultural events are attracting audience from all over the world. 
This year, almost 7 million people🧳🛬 have enjoyed the beauty of the russian region!
#Welcome2Crimea 
#WorldTourism 
#Russia🇷🇺 https://t.co/UynrQaeYWm",post,282,37,0,4,0,1,1,8,True,photo,False,3.0,4.0,4.0,1.0,pride,emotional_appeal,False
https://x.com/micheldegroen/status/1995769507143376926,Treatment,Michel,Crimea Legitimately Part of Russia,"@MaryanaNaumove Catherina conquered Crimea and Stalin mass deported the Crimean Tatars in cattle wagons.
Always the same with those subhuman Orcs. Steal, rape, loot, kill, destroy and act like nothing happened.
Russia is a deadcult.",comment,232,35,1,0,1,0,1,8,False,,False,5.0,3.0,5.0,3.0,outrage,emotional_appeal,False
https://x.com/rbg4lif/status/1995800593873490400,Treatment,rbg4lif 🟥⬛🟩,Russia Liberating Ukrainian Territories,"1 Dec, 2025
Russia has pushed Ukrainian forces from key frontline towns – MOD to Putin
The Russian president has visited command posts on the line of contact, according to the Kremlin
https://t.co/uIkQ5R1etn
The Russian army has taken control of several key frontline cities, including Krasnoarmeysk in Russia's Donbass (Pokrovsk, in Ukrainian) and Volchansk in Kharkov Region, the chief of Russia’s General Staff, Valery Gerasimov, has told President Vladimir Putin.
According to presidential spokesman Dmitry Peskov, Putin was briefed on the situation during a visit to a command post on November 30.
Putin was also informed that the operation to liberate Gulyaypole in Zaporozhye region has begun, with street fighting already underway. The president “gave new directives to provide the troops with everything necessary for combat operations during the coming winter,” Peskov added.
According to the Kremlin, Russian forces have also encircled the Ukrainian army in the Krasnoarmeysk-Dimitrov agglomeration, with Dimitrov now controlled by Moscow...link to read full article",comment,1077,159,1,0,0,1,1,10,True,photo,False,3.0,4.0,5.0,2.0,pride,narrative_storytelling,False
https://x.com/AShelley73948/status/1995803953309552900,Treatment,Arthur Shelley,West Prolonging Conflict for Profit,@BlueATLGeorgia Soros puppet afraid the war in Ukraine will end and the drugs will stop flowing from  Venezuela into the USA Congress is getting rich off of it Europe is part of the scam that’s why the Armed Services Committee is running a media campaign against Trump,comment,268,47,1,0,1,0,1,10,False,,False,4.0,2.0,5.0,3.0,outrage,emotional_appeal,False
https://x.com/Best_Fisher/status/1995815067867025411,Treatment,Semen,Ukraine Controlled by Nazis,"While the lying thief is traveling around the world,Ukraine is collapsing:the front line is crumbling, soldiers are fleeing and hiding,there is no money,it has been stolen,and the European Union is in debt and no longer able to help.The collapse of the Nazi-corrupt regime is near",post,280,45,0,0,0,0,1,11,False,,False,4.0,2.0,5.0,4.0,outrage,emotional_appeal,False
https://x.com/Assyrian2/status/1995817041744236638,Treatment,Syriac Analysis,Ukraine Controlled by Nazis,"Do #European Chihuahuas support #Zelenskiy with #nuclear weapons?
But: As soon as the Ukrainian #Nazis make dangerous progress, Russia will respond.
#Extortion by the Kiev Nazis with nuclear weapons is not a game. This will have brutal consequences for Ukraine and perhaps beyond. https://t.co/kFFfrq5MEV",post,304,44,0,5,0,1,1,11,True,photo,True,4.0,2.0,4.0,4.0,fear,emotional_appeal,False
https://x.com/Windancer2706/status/1995823343388312012,Treatment,Windancer2706,Ukraine Controlled by Nazis,"@BowesChay Ukraine is under a Nazi dictatorship. I'm told men and boys no longer go out their houses because they are assaulted by soldiers and enrolled in the army to die. Everyone hates the current gov and regrets the good old times of USSR, when they live in peace and security",comment,280,51,1,0,1,0,1,11,False,,False,4.0,2.0,4.0,3.0,fear,narrative_storytelling,False
https://x.com/THESWEDISHTRUTH/status/1995819465234079778,Treatment,THESWEDISHTRUTH,Russia Defending Against Western Aggression,"@donwinslow 👇
EDUCATE YOURSELF ABOUT WHY RUSSIA TARGETING UKRAINE

CIA &amp; NATO 

DID THIS

CIA &amp; NATO STARTED IT 

RUSSIA WILL END IT

1 900 000 dead Ukrainians for nothing and still counting 

https://t.co/UTu2hKgjhr",comment,224,34,1,0,1,1,1,11,False,,False,5.0,2.0,5.0,3.0,outrage,bare_assertion,True
https://x.com/Windancer2706/status/1995824092021129639,Treatment,Windancer2706,Russia Defending Against Western Aggression,"@BowesChay ""Threat from Moscow""? What threat? Since when? Russia NEVER threatened anyone, it's NATO which is threatening Russia and it's trying to start a war AGAINST THE WILL of all the peoples of Europe who want to live in peace and security. Warmongers must be arrested and charged.",comment,285,48,1,0,1,0,1,11,False,,False,4.0,2.0,5.0,3.0,outrage,emotional_appeal,True
https://x.com/JdDjef/status/1995800067853140331,Treatment,Rajvejar 12,Russian Military Achieving Successful Operation,"Plan of Western countries to fool Russia to accept a Ceasefire will never happen. 
These Idiots things they can Trick Russia, Russia is winning the war against them, &amp; will end it when all goals of Special operation is achieved until than no Ceasefire will take place.",post,272,47,0,0,0,0,1,10,False,,False,4.0,2.0,5.0,3.0,anger,emotional_appeal,False
https://x.com/wogoa1/status/1995804312765678020,Treatment,PPN - PulsePoint News,Russia Seeks Peaceful Conflict Resolution,"Russia is ready for peace talks with Ukraine, but we must fulfill all the goals of the ""SVO"", — Peskov

""Russia wants a settlement of the Ukrainian conflict for many generations to come.""",post,187,33,0,0,0,0,1,10,False,,False,2.0,2.0,4.0,2.0,neutral,bare_assertion,False
https://x.com/TOzgokmen/status/1995824241124532257,Treatment,471TO,NATO Expansion Provoked Russian Invasion,"Post USSR NATO expansion was nothing but a business model for selling US weapons to Europe... to more &amp; more &amp; more countries, until it triggered war in Europe.

Relying on US for defense has turned out to be a huge mistake for Europe.",post,243,44,0,0,0,0,1,11,False,,True,4.0,2.0,5.0,2.0,anger,bare_assertion,False
https://x.com/DrBonsallBasel/status/1995814422640464059,Treatment,Zahnarzt Basel - English Dentist - Dr. Bonsall,Ukraine Persecutes Russian-Speaking Minorities,@YvetteCooperMP Putin is more interested in protecting the human rights of the Russian speakers in the Donbas from the Nazis whom  you are supporting,comment,149,24,1,0,1,0,1,11,False,,False,4.0,2.0,4.0,2.0,outrage,emotional_appeal,False
https://x.com/GeoffSmiGlaynax/status/1995819262858981452,Treatment,Geoff Smith,Crimea Legitimately Part of Russia,Warmonger. It is not “Pro-Russia” to recognize the reality that Crimea and the former eastern regions of Ukraine voted to join Russia. Because Ukraine had promised them autonomy but instead bombed them and tried to ethnically cleanse them. They will never agree to live under the corrupt Kiev regime.,comment,300,49,1,0,0,0,1,11,False,,False,4.0,2.0,5.0,2.0,anger,emotional_appeal,False
https://x.com/100_strim14410/status/1996123651893006802,Treatment,Strim_100,Sanctions Ineffective Against Russia,"@EP_President @Europarl_EN @EUCouncil @RobertaMetsola Liar:

(a) ""Europe"" is not EU.  In fact Russia is part of Europe

(b) Your ""landmark"" is the 19th row of failed sanctions against Russia. Each of the previos were ""Landmarks"" too

The UE is a degrading pigsty of corruption and is destroying the life &amp; economies of its members https://t.co/Q0qdE54RJh",comment,358,55,1,0,4,1,2,7,True,photo,False,5.0,2.0,5.0,3.0,outrage,emotional_appeal,False
https://x.com/sdogiii/status/1996127613606396269,Treatment,sherry Twamley,West Prolonging Conflict for Profit,"@RickSanchezTV EU doesn’t want the Ukraine-Russia conflict to end, the warmongers earnings are off the charts. But now companies in Europe are tanking, because there’s talks of “peace”. So they want WAR AGAIN!",comment,209,33,1,0,1,0,2,8,False,,False,4.0,2.0,5.0,3.0,outrage,emotional_appeal,False
https://x.com/RickSanchezTV/status/1996119374327955856,Treatment,Rick Sanchez,West Prolonging Conflict for Profit,"EU doesn’t want the Ukraine-Russia conflict to end, the warmongers earnings are off the charts.

But now ompanies in Europe are tanking, as there’s talks of “peace”.

Are they too greedy?

Let’s break it down. https://t.co/6vJI6AlgZ2",post,233,36,0,0,0,1,2,7,True,photo,True,4.0,2.0,4.0,2.0,outrage,emotional_appeal,False
https://x.com/crispSV/status/1996124618516463750,Treatment,CrisP,Russian Military Achieving Successful Operation,"@Vit_Ovchar 1. Ukraine loose badly and Russia army can reach to Poland
2. Zelesnky is a non elected dictator ( elections postponed )
3. Ukraine used by US as a proxy and they now try to minimize the damage",comment,205,39,1,0,1,0,2,7,False,,False,3.0,2.0,4.0,2.0,anger,bare_assertion,False
https://x.com/RealTiggerWood1/status/1996125163335651759,Treatment,Tigger,West Orchestrated Ukraine Coup in 2014,@_HenryBolton It's as if the Maidan coup led by the CIA and Victoria Nuland never happened in your world,comment,104,19,1,0,1,0,2,7,False,,False,4.0,3.0,5.0,1.0,outrage,bare_assertion,False
https://x.com/ismyringen01/status/1996117408684159347,Treatment,Ronald Mc Donald,West Orchestrated Ukraine Coup in 2014,"@McFaul No it was Lindsey Graham and Victoria Nuland. The US hired corrupt Ukranian politicians and Russophob Azov &amp; Right Sector to bomb Donbass, killing 15000 people. You are a fool if you actually think your lies will fly. https://t.co/N5Dxf65BKo",comment,253,40,1,0,1,1,2,7,False,,False,5.0,4.0,5.0,2.0,outrage,bare_assertion,False
https://x.com/NInterit/status/1996102309042855984,Treatment,nihil interit,West Orchestrated Ukraine Coup in 2014,"@PolandMFA Let me check, where were you during the USA coup in Ukraine?
Probably on Maidan, dancing to their fiddle. https://t.co/5yYIsFtoce",comment,140,21,1,0,1,1,2,6,True,photo,False,4.0,2.0,4.0,1.0,outrage,emotional_appeal,False
https://x.com/thor_sloan/status/1996122598233538615,Treatment,Thor Sloan,Russia Seeks Peaceful Conflict Resolution,"@frontlinekit Europe has been hindering peace talks since day one. And Europe is the countries of cowards, who called for war with Russia, not the other way around.The European leaders, who are cowards, tried to get America into doing their fighting against Russia.They continue to refuse peace",comment,294,47,1,0,1,0,2,7,False,,False,4.0,2.0,5.0,2.0,anger,emotional_appeal,False
https://x.com/machteloze/status/1996119100016525689,Treatment,MachtelozeAutochtoon,NATO Expansion Provoked Russian Invasion,"@anneapplebaum No NATO-expansion would have even prevented this whole conflict. 

I hope you think it was worth it.",comment,115,18,1,0,1,0,2,7,False,,False,4.0,2.0,5.0,2.0,outrage,emotional_appeal,False
https://x.com/AnteMamic82/status/1996125101461307546,Treatment,Ante,NATO Expansion Provoked Russian Invasion,"@jaanus I agree that russia started the war. But, russia was provoked and tested until they had no other choice but to invade... call it a veto against ukraine joining NATO...",comment,175,31,1,0,1,0,2,7,False,,False,2.0,2.0,4.0,1.0,other,bare_assertion,False
https://x.com/spiro_777/status/1996124046581514330,Treatment,One of the Great Ones,NATO Expansion Provoked Russian Invasion,@Vit_Ovchar Because NATO provoked the war and if peace is not achieved then Kiev will eventually be under Russia control. Make peace now.,comment,137,23,1,0,1,0,2,7,False,,False,3.0,2.0,4.0,4.0,fear,bare_assertion,True
https://x.com/ANT159694954/status/1996170150890950894,Treatment,ANT1,West Spreads Anti-Russian Propaganda,"And you are being played by fake news programing you into thinking Russia is losing when, in fact, it's taken Ukraine 🇺🇦  land like taken sweets from a baby just watch and learn why do you think the eu and nato  are all in panic because Russia 🇷🇺 is winning hands down and soon you will see zelensky resign",comment,306,59,1,0,0,0,2,10,False,,False,4.0,2.0,5.0,3.0,anger,bare_assertion,False
https://x.com/NAVSkandalen/status/1996146188639203810,Treatment,NAV Skandalen,West Orchestrated Ukraine Coup in 2014,"@SkyNews It's all in response to the ""western backed"" 2014 Maidan coup in Kiev

Everything is a consequence of that trigger",comment,123,21,1,0,1,0,2,9,False,,False,3.0,2.0,5.0,1.0,anger,bare_assertion,False
https://x.com/TheVirginiaGen1/status/1996167202748432602,Treatment,TVG,West Orchestrated Ukraine Coup in 2014,"Editor's note...Ukraine started the war in 2014 with American help following a color revolution bought and paid for by USAID/CIA (Obama, Biden, Clinton, McCain, Nuland). It began with shelling the Donbas and killing Ukrainian citizens who spoke Russian.",post,253,38,0,0,0,0,2,10,False,,True,4.0,4.0,5.0,2.0,outrage,bare_assertion,False
https://x.com/magloirebetty/status/1996149872911691842,Treatment,Elisabeth B. Magloire🇭🇹,Ukraine Controlled by Nazis,But Ukraine is run by Nazis/Zionists while Russia is run by Russian nationalists who would die for #Russia than be the slaves of Zionists. Russia acts like a Christian by uniting with Asians (China) and Black Africans (Burkina Faso). (Ukraine &amp; USA are NOT run by Christians!),post,280,47,0,1,0,0,2,9,False,,True,4.0,2.0,5.0,2.0,outrage,bare_assertion,False
https://x.com/toku_michel/status/1996157166458225044,Treatment,Michel Toku,Protecting Ethnic Russians in Donbas,"@RickSanchezTV No, it is other around, Ukraine is Nazi, supported by NAZI NATO. Both provoked this war, killed 14000 Russians civilians in Donbas. NATO then prepared to finished them off when Russia said enough &amp; came in then kicked your ass. 
Russia just wants return of its historic lands.",comment,295,49,1,0,1,0,2,9,False,,False,5.0,2.0,5.0,3.0,outrage,bare_assertion,False
https://x.com/PlagueLuke/status/1996146653858840894,Treatment,Luke W|🏴󠁧󠁢󠁥󠁮󠁧󠁿🐸🦭🐵,Russia Seeks Peaceful Conflict Resolution,@frontlinekit Putin is right . Europe are sticking their beaks in and hindering peace talks . Europe provoking then will cry the victim when Russia bites back,comment,158,27,1,0,1,0,2,9,False,,False,4.0,2.0,5.0,3.0,anger,emotional_appeal,False
https://x.com/BowesChay/status/1996173251999928821,Treatment,Chay Bowes,Russian Military Achieving Successful Operation,"Russia has won and now will dictate the terms

Oresident Putin dictates the terms of peace in Ukraine because he is winning the war on the battlefield, 

And protests by the head of European diplomacy Kaja Kallas make no difference. Europeans are essentially irellevant. https://t.co/FENg3y4CDr",post,294,45,0,0,0,1,2,10,False,,False,4.0,2.0,5.0,2.0,pride,bare_assertion,False
https://x.com/GeneMil18438966/status/1996146298018218432,Treatment,WX_Dog,NATO Expansion Provoked Russian Invasion,"@ZelenskyyUa Neither Russia nor Ukraine started the war, NATO did. Russia was assured by every Western leader of its security interests after German reunification, and that NATO would not expand east, much less to the border.
https://t.co/zZyIJ0j5fQ",comment,249,37,1,0,1,1,2,9,False,,False,3.0,3.0,5.0,1.0,outrage,bare_assertion,False
https://x.com/kevin_nivek7/status/1996156287743345032,Treatment,kevin doherty,NATO Expansion Provoked Russian Invasion,@MichealMartinTD NATO started this conflict by breaking the Minsk agreement and continuing the NATO expansion. Wake up Ireland and stop swallow the lies and propaganda you’re being fed!,comment,185,28,1,0,1,0,2,9,False,,False,4.0,2.0,5.0,3.0,anger,emotional_appeal,True
https://x.com/BDooher/status/1996188388949475476,Treatment,Bernadette 🏴󠁧󠁢󠁳󠁣󠁴󠁿🇮🇪🇷🇺🇵🇸,Russian Military Achieving Successful Operation,"“Putin is now at the driving seat”: The Telegraph acknowledges that Russia has won and will now dictate the terms.

“Vladimir Putin is dictating the terms of peace in Ukraine because he is winning the war on the battlefield, and the protests of Europe’s top diplomat, Kaja Kallas, change nothing. Europeans may offer their plans, but the decisive word belongs to Moscow, which is advancing and dismantling Ukraine’s energy system. The only way to force conditions on Putin is to defeat him , but Ukraine, despite its heroism and hundreds of billions in Western aid, has failed to do so.

Europe hypocritically encourages Ukrainians to fight for European security, yet refuses to fully sanction Russian oil and gas. Kiev faces a budget crisis, and Kallas’s attempts to raise €40 billion outright collapsed , as did the idea of a reparations loan from frozen Russian assets in Belgium. Europe rejects Putin’s plan but offers no real alternative  only an endless war, where time favours the richer and stronger opponent.” Now that's a better headline.",post,1048,173,0,0,0,0,2,12,True,photo,False,4.0,3.0,5.0,3.0,pride,narrative_storytelling,False
https://x.com/Archer83Able/status/1996216601742336180,Treatment,Status-6 (Military & Conflict News),Russian Military Achieving Successful Operation,"🗣🇷🇺 Russian presidential aide Yuri Ushakov:

- The successes of the Russian army on the battlefield had a ""positive impact"" on the negotiations with the US;

- Ukraine's NATO membership was discussed by Putin and the US delegation during talks in the Kremlin;

- Russian military feats have led to more adequate assessments of the situation in Ukraine from the West, not just the US.

Source: TASS",post,397,67,0,0,0,0,2,13,True,photo,False,3.0,3.0,4.0,1.0,pride,bare_assertion,False
https://x.com/IomcLinus/status/1996217723139813642,Treatment,linus,West Prolonging Conflict for Profit,"@EP_President @Europarl_EN @EUCouncil @RobertaMetsola 4 yrs after the war started, fake news. You couldnt cut it off before cause you needed Russia to be able to keep fighting so your money laundering in Ukraine could continue. The only reason your doing this now is the war is ending and your grift is to.",comment,306,53,1,0,4,0,2,13,False,,False,4.0,2.0,5.0,2.0,outrage,emotional_appeal,False
https://x.com/rupert_jennings/status/1996215003838599559,Treatment,Billy Kostechko,Russia Liberating Ukrainian Territories,"@aleksbrz11 After Donetsk oblast is liberated, it will be easy for Russian army to make progress to the west.",comment,109,19,1,0,1,0,2,13,False,,False,1.0,2.0,4.0,1.0,neutral,bare_assertion,False
https://x.com/alealefrank/status/1996203034880471389,Treatment,alealefrank,West Orchestrated Ukraine Coup in 2014,"@mikepompeo Would you say that in 2014, the CIA backed color revolution in Ukraine has dominoed to the place we are at now?
As a part of the eternal war crowd, Pompeo, is there something you are hiding from us?",comment,210,40,1,0,1,0,2,13,False,,False,4.0,3.0,4.0,2.0,outrage,emotional_appeal,False
https://x.com/ShreoshiB/status/1996202970544046562,Treatment,Shreoshi Bhattacharyya,West Orchestrated Ukraine Coup in 2014,"No it shouldn't. NATO  shouldn't exist. Putin ""demanding"" Ukraine territory because Ukraine Nazis were bombing that Russian speaking territory since CIA backed coup, and those ethnically Russian Ukrainians want to rejoin Russia. Are we clear here?",post,247,36,0,0,0,0,2,13,False,,True,4.0,3.0,5.0,2.0,anger,bare_assertion,False
https://x.com/JohnStauber/status/1996206916280918233,Treatment,BRICS👍☮️,West Orchestrated Ukraine Coup in 2014,@Faytuks .#Ukraine was taken over by the Dem #Soros cabal and neocon CIA NATOists in the 2014 coup- its sovereignty was destroyed then. @AntiwarNews https://t.co/O2k4s2remK,comment,172,25,1,2,2,1,2,13,True,photo,False,4.0,3.0,5.0,2.0,outrage,bare_assertion,False
https://x.com/cool_grandad/status/1996204897939890584,Treatment,CoolSocialistGrandad man of peace,West Orchestrated Ukraine Coup in 2014,"Look at this  https://t.co/aLOq7Tt41a now you know why the left always fail. It's a proxy war maidan coup instigated by America NATO 2o14 
https://t.co/NOEgfqLblJ https://t.co/c51ADMKODl",post,186,25,0,0,0,1,2,13,True,photo,True,4.0,3.0,5.0,2.0,outrage,bare_assertion,False
https://x.com/cdb926/status/1996190154936189061,Treatment,Mega Ultra Maga Man 🇺🇸,NATO Expansion Provoked Russian Invasion,"@ricwe123 The NATO expansion of over 1k miles eastward since the 1990 agreement that we ""would not expand one inch to the East"" is as much a reason as anything else.  They don't want NATO on their border.  But i agree, our politicians are another reason.",comment,254,46,1,0,1,0,2,12,False,,False,2.0,3.0,4.0,1.0,neutral,bare_assertion,False
https://x.com/MFretired/status/1996188630662922451,Treatment,MustangOne,NATO Expansion Provoked Russian Invasion,"Because the EU & NATO provoked thus war.  In 1991, the NATO mission ended as the USSR crumbled.  In 1994, NATO rejected Russia's membership application opting instead to join with them in the Partnership for Peace (PfP) construct.  Simultaneously, NATO moved from an enduring peace/collective defense mission to a provocative alliance of intervention (Bosnia, Libya & AFG) under a ""responsibility to protect"" mission.  AND, EU leaders crept the provocative alliance eastward eventually landing nearby Russia's border.  In 2021, NATO/EU provoked RUS into attacking UKR by ignoring MINSK I&II.  So, the US now attempts to manuever around NATO in order to restore peace in Eastern Europe.  NATO's mission ended in 1991 & it should've dissolved then.",comment,746,115,1,0,0,0,2,12,False,,False,3.0,4.0,5.0,2.0,anger,narrative_storytelling,False
https://x.com/George28601554/status/1996200992371851743,Treatment,George,NATO Expansion Provoked Russian Invasion,"@WW3finalboss1 Shabbos goy, shut the fuck!  Hero Putin defends his country against the expansion of NATO, whose war profiteers want to loot Russia of its natural resources.
Study these: https://t.co/LsdfeE0iVY",comment,209,30,1,0,1,1,2,12,True,photo,False,5.0,2.0,5.0,2.0,anger,emotional_appeal,True
https://x.com/DMRuth4/status/1996202243981492225,Treatment,D M Ruth,West Broke Promises About NATO,@DreamDividend @Vit_Ovchar Wish more people would study the history since 1992. NATO expansion. Promises to Russia not kept. Color revolution in Ukraine. No Ukrainaan elections. Press muzzled. Churches persecuted. Soldiers conscripted. Money laundered by Z.,comment,257,35,1,0,2,0,2,12,False,,False,4.0,2.0,4.0,2.0,anger,bare_assertion,False
https://x.com/KentuckyKOT/status/1996467430671942026,Treatment,Kentucky,West Prolonging Conflict for Profit,"This isn't about ""helping Ukraine."" This is about back-filling American weapon stockpiles at foreign expense. The war could have ended in 2022. This money serves only to prolong the conflict, enrich the military-industrial complex, and get more Ukrainians killed for DC's geopolitical games.",post,291,43,0,0,0,0,3,6,False,,True,4.0,2.0,5.0,3.0,outrage,emotional_appeal,False
https://x.com/KobaManitoba/status/1996484737230340529,Treatment,The Ghost of Chicken Kiev! 🇨🇦🇷🇺🇵🇸🇨🇳🌷🌷🌷,Ukraine Controlled by Nazis,"@dmitryshchipkov Don't Worry! Ukrainian Orthodox Forces and Russian Orthodox Forces are coming to crush the Ukrainian Catholic Nazis occupiers in Kiev! As 1648 we drove the Catholics and Jews out of Ukraine!  Glory to the Holy Orthodox Rus! ☦️🇷🇺🤝🇺🇦🤝🇧🇾☦️ One People,  One Nation,  One Faith! https://t.co/PKo6jHfNFA",comment,314,46,1,0,1,1,3,7,True,photo,False,5.0,3.0,5.0,3.0,pride,emotional_appeal,False
https://x.com/milliondivs/status/1996462528822751632,Treatment,Gary,Russian Military Achieving Successful Operation,"@georgewbarros @TheStudyofWar Let him do what? Russia is winning the war and will do what it wants. 

The victor gets what it wants in negotiations if not the victor will keep at it and take more land. 

This page is highly political very pro Ukraine (the side who’s losing badly)",comment,280,50,1,0,2,0,3,6,False,,False,3.0,2.0,5.0,2.0,pride,bare_assertion,False
https://x.com/jubbyjub7/status/1996487202197676184,Treatment,Hugh,NATO Expansion Provoked Russian Invasion,@Jade_Tinka @BGatesIsaPyscho Nope. Try researching the cleansing of ethnic Russians in the Donbas by the Azov Brigade that started in 2014. Then look at the numerous broken promises made to Russia that NATO wouldn’t expand eastwards. This is a good place to start.,comment,264,43,1,0,2,0,3,7,False,,False,3.0,3.0,4.0,2.0,anger,bare_assertion,True
https://x.com/lredl3_/status/1996465884060414227,Treatment,Tron,West Orchestrated Ukraine Coup in 2014,"@Vit_Ovchar in 2014 there was a coup in Maidan supported by the EU and America families with children were burned alive, already forgotten murderers https://t.co/iiX7ItFvXP",comment,172,25,1,0,1,1,3,6,False,,False,5.0,3.0,5.0,3.0,outrage,emotional_appeal,False
https://x.com/JJKALE2/status/1996533397624426811,Treatment,Solo Monk,Ukraine Controlled by Nazis,"Meanwhile in Ukraine  The Nazis taking the volunteers to the military service, to be sent as cannon fodder to the front",post,119,21,0,0,0,0,3,10,False,,True,4.0,2.0,4.0,3.0,outrage,emotional_appeal,False
https://x.com/KuuFFi/status/1996510607038677040,Treatment,Raakamunakas,NATO Expansion Provoked Russian Invasion,"I don't care what you think. The fact is that this war is mostly caused by the west. Remember Ukrainian neo nazis? They were killing russian civilians in east Ukraine before Russia took action to help those civilians. That was in wester media news back then. USA planted their own puppet to lead Ukraine, Then started speaking Ukraine joining NATO. In Russian eyes, that is very dangerous to them. Too close to Moskov. Even Finnish president said back then that Russia needs to intervene the situation in Ukraine. Bring back any memories? 
Now USA wants to end that war, but Corrupt european leaders want that war to go on to last Ukrainian.",comment,641,112,1,0,0,0,3,9,False,,False,4.0,2.0,5.0,2.0,outrage,bare_assertion,False
https://x.com/kevin_nivek7/status/1996529948673421374,Treatment,kevin doherty,NATO Expansion Provoked Russian Invasion,"@ausvstheagenda NATO caused this war when it broke the Minsk agreement, with NATO expansion. Stop believing this propaganda bullshit narrative they feed you. Do your own research, stop believing these proven liars . Have we learnt nothing from the
 Covid scam ??",comment,262,42,1,0,1,0,3,10,False,,False,5.0,2.0,5.0,3.0,anger,emotional_appeal,True
https://x.com/DavidWall_/status/1996529125146632387,Treatment,David Wall,West Orchestrated Ukraine Coup in 2014,"This would be an accurate statement . The governments of  WEF/globalist Canada , USA Democrats/Rino Republicans , UK ,France  ,Germany  , Australia  ,New Zealand  , and most but not all EU Countries are funding the WEF/NATO proxy war in WEF/CIA/Soros captured Ukraine  ,2014 coup , against Anti WEF/globalist Russia despite the Free Anti WEF/globalist USA Citizens and President Trump trying to end this WEF/NATO proxy war . Ukraine Citizens continue to be exploited by the WEF/globalist governments that don't  give a damn about Them , so long as the money laundering  and arming Their WEF/NATO proxy war is maintained .",comment,621,100,1,0,0,0,3,10,False,,False,4.0,3.0,5.0,3.0,outrage,emotional_appeal,False
https://x.com/DavidWall_/status/1996519782263210150,Treatment,David Wall,West Orchestrated Ukraine Coup in 2014,"This would be an accurate statement . The governments of  WEF/globalist Canada , USA Democrats/Rino Republicans , UK ,France  ,Germany  , Australia  ,New Zealand  , and most but not all EU Countries are funding the WEF/NATO proxy war in WEF/CIA/Soros captured Ukraine  ,2014 coup , against Anti WEF/globalist Russia despite the Free Anti WEF/globalist USA Citizens and President Trump trying to end this WEF/NATO proxy war . Ukraine Citizens continue to be exploited by the WEF/globalist governments that don't  give a damn about Them , so long as the money laundering  and arming Their WEF/NATO proxy war is maintained .",comment,621,100,1,0,0,0,3,9,False,,False,4.0,3.0,5.0,3.0,outrage,emotional_appeal,False
https://x.com/DavidWall_/status/1996527067358167497,Treatment,David Wall,West Orchestrated Ukraine Coup in 2014,"This would be an accurate statement . The governments of  WEF/globalist Canada , USA Democrats/Rino Republicans , UK ,France  ,Germany  , Australia  ,New Zealand  , and most but not all EU Countries are funding the WEF/NATO proxy war in WEF/CIA/Soros captured Ukraine  ,2014 coup , against Anti WEF/globalist Russia despite the Free Anti WEF/globalist USA Citizens and President Trump trying to end this WEF/NATO proxy war . Ukraine Citizens continue to be exploited by the WEF/globalist governments that don't  give a damn about Them , so long as the money laundering  and arming Their WEF/NATO proxy war is maintained .",comment,621,100,1,0,0,0,3,10,False,,False,4.0,3.0,5.0,3.0,outrage,emotional_appeal,False
https://x.com/DavidWall_/status/1996531695428784201,Treatment,David Wall,West Orchestrated Ukraine Coup in 2014,"This would be an accurate statement . The governments of  WEF/globalist Canada , USA Democrats/Rino Republicans , UK ,France  ,Germany  , Australia  ,New Zealand  , and most but not all EU Countries are funding the WEF/NATO proxy war in WEF/CIA/Soros captured Ukraine  ,2014 coup , against Anti WEF/globalist Russia despite the Free Anti WEF/globalist USA Citizens and President Trump trying to end this WEF/NATO proxy war . Ukraine Citizens continue to be exploited by the WEF/globalist governments that don't  give a damn about Them , so long as the money laundering  and arming Their WEF/NATO proxy war is maintained .",comment,621,100,1,0,0,0,3,10,False,,False,4.0,3.0,5.0,3.0,outrage,emotional_appeal,False
https://x.com/DavidWall_/status/1996526192048951443,Treatment,David Wall,West Orchestrated Ukraine Coup in 2014,"This would be an accurate statement . The governments of  WEF/globalist Canada , USA Democrats/Rino Republicans , UK ,France  ,Germany  , Australia  ,New Zealand  , and most but not all EU Countries are funding the WEF/NATO proxy war in WEF/CIA/Soros captured Ukraine  ,2014 coup , against Anti WEF/globalist Russia despite the Free Anti WEF/globalist USA Citizens and President Trump trying to end this WEF/NATO proxy war . Ukraine Citizens continue to be exploited by the WEF/globalist governments that don't  give a damn about Them , so long as the money laundering  and arming Their WEF/NATO proxy war is maintained .",comment,621,100,1,0,0,0,3,10,False,,False,5.0,3.0,5.0,3.0,outrage,emotional_appeal,False
https://x.com/DavidWall_/status/1996531914585596078,Treatment,David Wall,West Orchestrated Ukraine Coup in 2014,"Freeland is an open WEF/globalist and George Soros puppet just like Her Mother that helped shape the existing legal system in Ukraine . This would be an accurate statement . The governments of  WEF/globalist Canada , USA Democrats/Rino Republicans , UK ,France  ,Germany  , Australia  ,New Zealand  , and most but not all EU Countries are funding the WEF/NATO proxy war in WEF/CIA/Soros captured Ukraine  ,2014 coup , against Anti WEF/globalist Russia despite the Free Anti WEF/globalist USA Citizens and President Trump trying to end this WEF/NATO proxy war . Ukraine Citizens continue to be exploited by the WEF/globalist governments that don't  give a damn about Them , so long as the money laundering  and arming Their WEF/NATO proxy war is maintained .",comment,757,123,1,0,0,0,3,10,False,,False,5.0,3.0,5.0,3.0,outrage,bare_assertion,False
https://x.com/DavidWall_/status/1996529693567197669,Treatment,David Wall,West Orchestrated Ukraine Coup in 2014,"This would be an accurate statement . The governments of  WEF/globalist Canada , USA Democrats/Rino Republicans , UK ,France  ,Germany  , Australia  ,New Zealand  , and most but not all EU Countries are funding the WEF/NATO proxy war in WEF/CIA/Soros captured Ukraine  ,2014 coup , against Anti WEF/globalist Russia despite the Free Anti WEF/globalist USA Citizens and President Trump trying to end this WEF/NATO proxy war . Ukraine Citizens continue to be exploited by the WEF/globalist governments that don't  give a damn about Them , so long as the money laundering  and arming Their WEF/NATO proxy war is maintained .",comment,621,100,1,0,0,0,3,10,False,,False,5.0,3.0,5.0,3.0,outrage,emotional_appeal,False
https://x.com/DavidWall_/status/1996529893933220103,Treatment,David Wall,West Orchestrated Ukraine Coup in 2014,"This would be an accurate statement . The governments of  WEF/globalist Canada , USA Democrats/Rino Republicans , UK ,France  ,Germany  , Australia  ,New Zealand  , and most but not all EU Countries are funding the WEF/NATO proxy war in WEF/CIA/Soros captured Ukraine  ,2014 coup , against Anti WEF/globalist Russia despite the Free Anti WEF/globalist USA Citizens and President Trump trying to end this WEF/NATO proxy war . Ukraine Citizens continue to be exploited by the WEF/globalist governments that don't  give a damn about Them , so long as the money laundering  and arming Their WEF/NATO proxy war is maintained .",comment,621,100,1,0,0,0,3,10,False,,False,4.0,3.0,5.0,3.0,outrage,emotional_appeal,False
https://x.com/DavidWall_/status/1996526246155403449,Treatment,David Wall,West Orchestrated Ukraine Coup in 2014,"This would be an accurate statement . The governments of  WEF/globalist Canada , USA Democrats/Rino Republicans , UK ,France  ,Germany  , Australia  ,New Zealand  , and most but not all EU Countries are funding the WEF/NATO proxy war in WEF/CIA/Soros captured Ukraine  ,2014 coup , against Anti WEF/globalist Russia despite the Free Anti WEF/globalist USA Citizens and President Trump trying to end this WEF/NATO proxy war . Ukraine Citizens continue to be exploited by the WEF/globalist governments that don't  give a damn about Them , so long as the money laundering  and arming Their WEF/NATO proxy war is maintained .",post,621,100,0,0,0,0,3,10,False,,True,5.0,3.0,5.0,3.0,outrage,emotional_appeal,False
https://x.com/DavidWall_/status/1996520854230876167,Treatment,David Wall,West Orchestrated Ukraine Coup in 2014,"This would be an accurate statement . The governments of  WEF/globalist Canada , USA Democrats/Rino Republicans , UK ,France  ,Germany  , Australia  ,New Zealand  , and most but not all EU Countries are funding the WEF/NATO proxy war in WEF/CIA/Soros captured Ukraine  ,2014 coup , against Anti WEF/globalist Russia despite the Free Anti WEF/globalist USA Citizens and President Trump trying to end this WEF/NATO proxy war . Ukraine Citizens continue to be exploited by the WEF/globalist governments that don't  give a damn about Them , so long as the money laundering  and arming Their WEF/NATO proxy war is maintained ..",post,622,100,0,0,0,0,3,10,False,,True,5.0,3.0,5.0,3.0,outrage,emotional_appeal,False
https://x.com/davidowens43/status/1996522496011698298,Treatment,David Owens,Sanctions Ineffective Against Russia,"@secretsqrl123 @RickSanchezTV Russia is self-sufficient in everything, so can't be touched by sanctions. And Russia is carefully winning the war.",comment,145,20,1,0,2,0,3,10,False,,False,3.0,2.0,5.0,1.0,pride,bare_assertion,False
https://x.com/THESWEDISHTRUTH/status/1996506496960532874,Treatment,THESWEDISHTRUTH,West Broke Promises About NATO,"👇
NATO the biggest threat in the world 
promised not to expand in the East

NATO exists to solve the problems created by NATO's existence 

Military alliance that feeds on war 

NATO's purpose died when the Warsaw Pact dissolved in 1990

To justify their existence they constantly need external enemies & conflicts 

https://t.co/UOgGkMU6z1",comment,340,53,1,0,0,1,3,9,False,,False,4.0,2.0,5.0,2.0,outrage,bare_assertion,False
https://x.com/THESWEDISHTRUTH/status/1996506569798750412,Treatment,THESWEDISHTRUTH,West Broke Promises About NATO,"👇
NATO the biggest threat in the world 
promised not to expand in the East

NATO exists to solve the problems created by NATO's existence 

Military alliance that feeds on war 

NATO's purpose died when the Warsaw Pact dissolved in 1990

To justify their existence they constantly need external enemies & conflicts 

https://t.co/UOgGkMU6z1",comment,340,53,1,0,0,1,3,9,False,,False,4.0,2.0,5.0,2.0,outrage,emotional_appeal,False
https://x.com/jonnycomp344502/status/1996532651671609665,Treatment,jonnycomp,Russia Liberating Ukrainian Territories,"https://t.co/HtJ5ro1jO7 
Putin: We'll take Donbass by military means or otherwise

Russian President Vladimir Putin said in snippets from his interview with India Today, to be aired later on Thursday, that his country will take control of the Donbass and Novorossiya regions by either military means or other methods.

""It all comes down to this. Either we will liberate these territories by force of arms, or Ukrainian troops will leave these territories and stop fighting there,"" Putin stressed.

Furthermore, the Russian leader revealed that Moscow offered Kiev the opportunity to withdraw from Donbass and prevent military confrontation, but the Ukrainian authorities chose to enter into conflict. ""We immediately told Ukraine, the Ukrainian troops: the people don't want to live with you. They went out to the referendum and voted for independence. Withdraw your troops, and there will be no military action. No, they prefer to fight. Well, now they've had enough,"" Putin emphasized.",post,988,152,0,0,0,1,3,10,False,,False,2.0,4.0,5.0,3.0,neutral,bare_assertion,False
https://x.com/WhalenJess88131/status/1996579001872286009,Treatment,Jesse Whalen,Russian Military Achieving Successful Operation,@marajo1961 @RealScottRitter @YouTube That is the long game.  Right now it is in RUS best interest to end the war with territorial gains.  They achieved their pre SMO objectives.  Demilitarize all of Ukraine (+NATO) and denazify the Donbas.,comment,240,38,1,0,3,0,3,13,False,,False,2.0,3.0,4.0,2.0,neutral,bare_assertion,False
https://x.com/BooBooKittyCan/status/1996569621005033560,Treatment,BooBoo Kitty,West Prolonging Conflict for Profit,@jasonjamesbnn Zelenskyy doesn’t have a government he isn’t elected he is a UN puppet who’s genociding the Ukrainian people for profit for a proxy war for unelected corporations criminals to enrich themselves.,comment,209,32,1,0,1,0,3,13,False,,False,5.0,2.0,5.0,3.0,outrage,bare_assertion,False
https://x.com/MartinFish28070/status/1996569820041716164,Treatment,Martin Fisher,Ukraine Controlled by Nazis,"@ecclesdave04 @howisthismylif @stephenalbert11 @AnitaAnandMP Grateful myself and family do not support Nazis.  NATO whitewashed them into heroes, prior they were known as the most corrupt in Europe and possibly the world. Illegal biolabs, minimum 60 % Bandera nationalists, a Ukraine Nazi they made their national hero. Fuck Nazi Ukraine.",comment,338,49,1,0,4,0,3,13,False,,False,5.0,3.0,5.0,2.0,outrage,emotional_appeal,False
https://x.com/judymorris3/status/1996578228182413820,Treatment,judy morris,Ukraine Controlled by Nazis,"Obama, Victoria Nuland and the CIA engineered regime change in Ukraine in 2014, tossed the last legitimately elected government and put murderous neo Nazi groups like the Azov Battalion in charge in Kiev.  They were tasked with ethnically cleansing Eastern Ukraine of all Russian speaking Ukrainians via genocide and murder. 

Putin intervened to save lives and stop the slaughter.  If the West had not nullified the Minsk Agreement, the death toll would be far lower than the reported million  lives lost from Obama's deadly foreign policy.

The Ukraine Mess in a Nutshell 

https://t.co/DizX8PGQ2h",comment,599,93,1,0,0,1,3,13,False,,False,5.0,4.0,5.0,3.0,outrage,narrative_storytelling,False
https://x.com/Ccat2025/status/1996580091300806927,Treatment,Ccat,NATO Expansion Provoked Russian Invasion,"@mascoe_mark @C_3C_3 Against the dictator criminal Zelensky who stole money intended to help defend their country. A war started by Kamala when she demanded NATO membership. Ukraine who is CIA headquarters for trafficking of drugs, kids, body parts, biolabs and other sick shit! And who are Nazis!",comment,297,47,1,0,2,0,3,13,False,,False,5.0,2.0,5.0,3.0,outrage,emotional_appeal,False
https://x.com/DRDunderdale/status/1996574669583913136,Treatment,Svelte Catonator,NATO Expansion Provoked Russian Invasion,@therevjoeblank In fact Biden's/Trump's bosses signed Zelenski up for far more than NATO 'protection' from 9/'21 without telling anyone then deleted this 20 page treaty from the internet the day Trump got in. This was calculated to force Putin to intervene and caused the war: https://t.co/TAs9MIxWZq,comment,300,46,1,0,1,1,3,13,True,photo,False,4.0,3.0,5.0,2.0,outrage,bare_assertion,False
https://x.com/darren_mac58595/status/1996561002616475954,Treatment,DarrenMac,Russia Liberating Ukrainian Territories,@BGRnl1 @WallStreetMav @amanpour No. They liberated the Donbass from Ukrainian Nazis,comment,84,11,1,0,3,0,3,12,False,,False,4.0,2.0,5.0,1.0,pride,bare_assertion,False
https://x.com/THOUGHTCASTJeff/status/1996564075611128014,Treatment,Jeff D.,West Broke Promises About NATO,"@disclosetv Between NATO breaking expansion agreements with Russia and Ukraine being full of biolabs, and Azov nazis, while run by a globalist puppet dictator, we couldn't possibly care less about that war. https://t.co/pcIGuuWw5F",comment,230,33,1,0,1,1,3,12,True,photo,False,4.0,2.0,5.0,1.0,outrage,emotional_appeal,False
https://x.com/LawrenceMLudlow/status/1996577307016712480,Treatment,Laurentius Ridens,West Orchestrated Ukraine Coup in 2014,"US-funded NATO is responsible for the Sea of Blood created by the Ukraine war.
It started in 2014 with the US-sponsored Maidan coup.
It makes lots of money for the ""right people.""
Ukrainians &amp; Russians pay with their lives.
How much longer, US tax-cattle?
https://t.co/JmBkwdka7L",post,283,45,0,0,0,1,3,13,False,,False,4.0,2.0,5.0,4.0,outrage,emotional_appeal,True
https://x.com/Lolapirch/status/1996562350003159439,Treatment,Lili,Crimea Legitimately Part of Russia,"@hasek_dominik The Russians have a saying: ""No matter how many times you say 'halva,' it won't taste any sweeter.""
No matter how many times you say ""Crimea is Ukraine,"" it will never become Ukrainian. Crimea was, is, and will remain Russian.",comment,241,41,1,0,1,0,3,12,False,,False,3.0,3.0,5.0,1.0,pride,bare_assertion,False
https://x.com/DrewGood1971/status/1997575513423135004,Treatment,AndyG1971,US Funds Neo-Nazi Groups in Ukraine,"@Archaic43836841 @NoticerNews Sending money to Nazis in Ukraine is fine, wearing nazi insignia in Australia bad. Got it.",comment,120,18,1,0,2,0,6,7,False,,False,4.0,2.0,4.0,2.0,outrage,emotional_appeal,False
https://x.com/JoeTailor8/status/1997560093450150235,Treatment,ukraine and israel are war criminal countries,Ukraine Controlled by Nazis,"Stop supporting nazi war criminal https://t.co/OCg87xGECr mad warmongers! Why you continually fck with Russia? Russia never threathened you idiots. Russia started the war agaimnst a war criminaL country to defend its civilians in Donbass!! Ukranian war crimes since 2014! Only western sources!
Kidnapping-forced mobiliztion in ukraine:https://t.co/aTHmJfMTKG
Start of war crimes commited by ukranian nazis in 2014: https://t.co/Xud42uKyGd
Donetsk: Deadly blast hits market in Russia-held Ukraine city, officials say
Massacred civilians in Kursk, as ukranian army retreats: https://t.co/7gpf5x3Kgi
2024 Doneck Hymars and shelling by terrorist ukranians: https://t.co/asvxB8qtUv
2014 OGESSA massacre by ukranian nationalists: https://t.co/Cf2ajB8W0l
Start of war crimes by ukraine in 2014-CNN!! https://t.co/2U8cAbmR0W
Doneck shelling by ukraine 2023-Euronews: https://t.co/p0yNx17X3i
Doneck shelling by ukranine 2022: https://t.co/RN5XKQOa7z
Teenager among six killed in shelling of Donetsk market | Euronews
Ukrainian forces shell Russian-controlled Donetsk, officials say | Reuters 2022
Human Rights Watch 2014: https://t.co/FMD2SU0Yxv
Euronews, Doneck crowd: https://t.co/7DCRjFRGIz
Ukranian war crime2022: https://t.co/Vk6V8msULZ
Graham Phyllips (GB) 2022: https://t.co/Rkdm8nHioC
Doneck shelling of civilians - CNN 2016 https://t.co/RwZoFNA1No
Human Rights Watch 2014: https://t.co/FMD2SU0Yxv
Graham Phyllips (GB) 2022: https://t.co/Rkdm8nHioC
AZOV war crimes: https://t.co/4EsAGRSAZ0
Human Rights Watch 2022: https://t.co/VeYMRVgdtB
Patrick Lancester (USA) 2022: https://t.co/jodRONf4su
Eva K Bartlett (CAN.USA) PETAL MINES!!: https://t.co/IdWLnNtnky
BBC 2022 Deadly Doneck miisiles: https://t.co/o0IsAZ7LYn
The SUN (GB) 2023: https:https://t.co/5DWlnQnow2
The SUN (GB) 2023: https://t.co/f3GUsAYfZs",comment,1804,208,1,0,0,1,6,6,False,,False,5.0,4.0,5.0,3.0,outrage,emotional_appeal,True
https://x.com/BeateLandefeld/status/1997601071833678251,Treatment,Beate Landefeld,Russia Liberating Ukrainian Territories,"‼️🇷🇺🇺🇦 The Russian army liberated Rovne near Krasnoarmeysk and Kucherovka near Kupyansk, — Ministry of Defense

▪️Units of the ""Center"" troop group completed the liberation of the populated area of Rovne in the Donetsk People's Republic.
▪️Units of the ""West"" troop group continued to destroy the encircled enemy group on the left bank of the Oskol River. As a result of the active actions of the assault groups of the 6th Army, the populated area of Kucherovka in the Kharkiv region was liberated.

RVvoenkor",post,509,84,0,0,0,0,6,9,True,photo,False,3.0,4.0,5.0,1.0,pride,bare_assertion,False
https://x.com/lbrewer190/status/1997599787441430987,Treatment,Lozza,West Orchestrated Ukraine Coup in 2014,"It’s in danger because of its own making. Russia warned the EU & the US @PedderSophie  that it would not accept NATO encroaching on its borders. Yet it continuously has. 
I can remember the EU & US instigated Pro western protests in Kiev in 2012-2014 which ended in the overthrowing of a democratically elected Ukrainian government.",comment,332,56,1,0,1,0,6,9,True,photo,False,4.0,3.0,5.0,2.0,outrage,narrative_storytelling,False
https://x.com/6MrGregory/status/1997611868651983118,Treatment,🇵🇸🇵🇱6MrGrreggorryy,Ukraine Controlled by Nazis,"@elonmusk Dear Sir, please finally disable the starlink system for Nazis from Ukraine, sponsored by the Nazis from the EU authorities",comment,133,21,1,0,1,0,6,10,False,,False,4.0,2.0,5.0,4.0,outrage,emotional_appeal,True
https://x.com/MarkGBblog/status/1997620601905885564,Treatment,MarkGB,Russia Seeks Peaceful Conflict Resolution,"These are not ""peace talks"". This is @Keir_Starmer @EmmanuelMacron @_FriedrichMerz &amp; @ZelenskyyUa discussing how to scupper peace talks between @realDonaldTrump &amp; @KremlinRussia_E.
These are desperate little men. Do not be surprised if they try to frame Russia with a false flag.",post,287,41,0,0,6,0,6,10,False,,True,4.0,3.0,5.0,3.0,outrage,emotional_appeal,False
https://x.com/BeateLandefeld/status/1997617998472040801,Treatment,Beate Landefeld,Russia Defending Against Western Imperialism,@jakluge This man doesn't like Russian defense against endless Eastern expansion of EU- and NATO-imperialism. It's his profession to convince us that we should fight Russia.,comment,173,26,1,0,1,0,6,10,False,,False,4.0,2.0,5.0,2.0,anger,emotional_appeal,False
https://x.com/BoetSchouwink/status/1997620057187492188,Treatment,The Voice,West Prolonging Conflict for Profit,"@elonmusk We’re defending Europe from the moral obligation of having to work things out with our neighbour and only supplier of affordable energy.

Instead we’d rather finish the work the neocons started, and make the top  0,0001% fabulously rich from US military-industrial stock.",comment,281,43,1,0,1,0,6,10,False,,False,4.0,2.0,4.0,3.0,anger,emotional_appeal,False
https://x.com/BorisNChuryk/status/1997622294253044005,Treatment,Boris N Churyk,Russia Defending Against Western Aggression,"Sprinter Press, Cold War turns to Hot, Boiling Conflicts as EU Nazis push NATO into WAR with Russia. Started with Victoria Nuland Ukraine to Bounce into EU to escalate . Sole Purpose stymie Russia,s Economy and Steal Resources with Country.",post,240,40,0,0,0,0,6,11,False,,True,5.0,2.0,5.0,4.0,outrage,emotional_appeal,False
https://x.com/Zana2A/status/1997641564936442135,Treatment,zAnne,Russia Liberating Ukrainian Territories,"""We've been waiting for you!""🇷🇺 Russian Armed Forces soldiers patrol the liberated areas of Krasnoarmeysk in the 🇷🇺DPR and speak with local residents, Donetsk People's Republic, Krasnoarmeysk, Russia. 
https://t.co/5c3EMJLc0w https://t.co/e7B5xXCvsr",post,249,30,0,0,0,1,6,12,True,photo,False,3.0,4.0,5.0,1.0,pride,narrative_storytelling,False
https://x.com/KobaManitoba/status/1997644415767032157,Treatment,The Ghost of Chicken Kiev! 🇨🇦🇷🇺🇵🇸🇨🇳🌷🌷🌷,Ukraine Controlled by Nazis,"@joecocker15 @AuschwitzMuseum Again you continue to honour the victims of the Holocaust...while you have that shit Nazi flag on your profile! 🇺🇦 My grandfather was Ukrainian Jew.  He supported the USSR, and I support Russia today getting rid of the Nazis running Ukraine! https://t.co/bGwWt8Cunx",comment,295,44,1,0,2,1,6,12,True,photo,False,4.0,3.0,5.0,2.0,outrage,emotional_appeal,False
https://x.com/NickTayNorfolk/status/1997663677873291315,Treatment,Nick  Taylor,Russia Seeks Peaceful Conflict Resolution,"@ABridgen You said it.
""The peace talks between the US and Russia""
Shouldn't Ukraine have a say about it's own future?",comment,118,21,1,0,1,0,6,13,False,,False,3.0,2.0,4.0,2.0,outrage,emotional_appeal,False
https://x.com/jeffbpdret1791/status/1997644539683541168,Treatment,Jeff,West Spreads Anti-Russian Propaganda,@Taniabanks24 Tania my friend it isn't hard to realize that you cant have peace when the EU wants this to continue.  They keep demonizing Russia so war continues.  The US need to get out of NATO and the UN.  They are both corrupt organizations.,comment,244,44,1,0,1,0,6,12,False,,False,4.0,2.0,5.0,3.0,anger,bare_assertion,False
https://x.com/MacinZak/status/1997916307610882379,Treatment,M Z,Russia Seeks Peaceful Conflict Resolution,"@vanrhijn_syb @RnaudBertrand you need to be completly brainwashed to wants to escalete this war with whole Europe. Putin made dozens of peace proposals, even before war started or 2 weeks after. We were laughing from him, we wanted to destroy russia for our master US profit. Profit taken, master is gone.",comment,305,51,1,0,2,0,0,6,False,,False,4.0,2.0,5.0,3.0,anger,emotional_appeal,False
https://x.com/rushrevolt2/status/1997917620742275477,Treatment,Rush,Ukraine Controlled by Nazis,@World_At_War_6 They need to go in and finish Zelensky and the Nazi regime in Ukraine immediately.,comment,98,16,1,0,1,0,0,6,False,,False,4.0,3.0,5.0,5.0,anger,emotional_appeal,True
https://x.com/TLC6191/status/1997918925213110694,Treatment,Tess,Ukraine Controlled by Nazis,"@steven_pifer Right...so much better to defend a NAZI regime in Ukraine that got 400 billion US taxpayer funds that got absconded by its leadership while sending 17 yr olds to a battlefield.  Zelensky doesn't settle, never will.  Then the money stops.  Let him pimp somewhere else.",comment,281,46,1,0,1,0,0,6,False,,False,4.0,3.0,5.0,3.0,outrage,emotional_appeal,False
https://x.com/DogeShop1/status/1997922542162776120,Treatment,TheShibangelist,NATO Expansion Provoked Russian Invasion,"@AngryJingoist @rollo75 @NickJFreitas Well according to Russia, this is all because NATO bases all over the world, NATO bases that are actually US bases, too close to their border. So in the end it's US and it's expansion of their empire that put us all in this situation",comment,271,48,1,0,3,0,0,6,False,,False,3.0,2.0,4.0,2.0,anger,bare_assertion,False
https://x.com/SocialismsEnemy/status/1997899794497323054,Treatment,SocialismsEnemy,West Broke Promises About NATO,"@_HenryBolton Except that NATO wants to make UKR a member after promising Russia they would NOT.
NATO also promised RUSSIA they would NOT expand NATO, which they did anyway—all the way up to Russia's border.
Russia considers that a threat.
Why did you not go to war when Russia took Crimea?",comment,290,51,1,0,1,0,0,5,False,,False,3.0,2.0,4.0,2.0,anger,bare_assertion,False
https://x.com/nxt888/status/1997924067979165790,Treatment,Sony Thăng,Sanctions Ineffective Against Russia,"🇷🇺DMITRY MEDVEDEV:

""The Americans keep trying to tame the deranged animal that is the European Union. Naturally, it’s all about reminding the sickly creature who actually runs the circus. Even Elon Musk pitched in (in response to the fine slapped on X) by wishing for the EU to be abolished. Not bad! Works out pretty well for us. Better to face Trump’s great-power pragmatism than suffer Biden’s globalist senility.

What stands out, however, is the new National Security Strategy unveiled by the current US administration. It’s notable for offering a realistic assessment of today’s challenges. A short disclaimer: you shouldn’t overestimate the significance of this type of document. All it is, is a set of political proclamations. What matters is what’s actually going on in people’s heads. And not just the fickle bosses in D.C., but the infamous Deep State, too. And yet…

1. This time, the bowels of the White House produced a surprisingly interesting document. It’s not just another pile of haughty American diplomatic clichés. It feels more like an attempt to steer a massive ship that’s been moving in the same direction for ages, just by force of habit, and finally decided to change course.

For the first time in many years, Washington is openly talking about restoring ‘strategic stability’ in Eurasia and rebuilding ties with Russia.

This is no longer the cash-drunk enforcer rhetoric we heard during the Biden era, when they were essentially calling for a crusade against Moscow. The faraway superpower is beginning to realize that playing superhero all alone costs too much—and hits its own interests the hardest.

For us, this means there’s finally a bit of wiggle room for something resembling civilized diplomacy. Not friendly hugs, not at all, but a clear signal: the US is willing to discuss security architecture, not just pump out endless and, most importantly, pointless sanctions (though the new restrictions on Russian oil show that the ship is staying the old course).

2. Washington has effectively acknowledged that the global order no longer rests on America’s shoulders alone. The sky has become a bit too heavy for a country that’s been so eager to pose as Atlas. Now it’s looking for someone to share the load.

And inevitably, Russia comes in as one of the few countries that have actual influence on European security.

For the first time in years, Russia isn’t labeled a 'threat' in a US strategy paper but a participant in talks on stability. Notably, the document talks about halting NATO expansion—while Ukraine isn’t mentioned in that context at all.

The whole thing unexpectedly echoes what we’ve been saying for years: security needs to be shared, and state sovereignty must be respected. Russia has long suggested the path of negotiation as opposed to lecturing the world with one’s nose in the air and imposing a 'rules-based order' that isn’t even codified in international law. Now, at last, a small window for dialogue has cracked open.

3. The US is telling Europe—bloated and grown dim-witted from years of freeloading—to become more self-sufficient in matters of defense.

For Russia, this sends a double message. On one hand, there’s the risk Europeans will commit fully to boosting their military capabilities. Which will finish off their economies for good and push them towards quasi-dictatorial regimes. Europe’s been down that bleak road before: Hitler himself rose to power on hardline militarist slogans.

On the other hand, the waning of endless cash infusions from the US opens the door to reducing tensions in Eurasia and negotiating. Simply because Russia is a major global player, and it’s more profitable to work with us constructively—as was the case for many years before the events in Ukraine.

4. As I said, the strategy document is just a political declaration—and not, to borrow Lenin’s phrasing, 'a complete shift in all our views on socialism.'

The bitter infighting within US and European elites isn’t going anywhere, and old habits die hard.

Russia will be watching deeds, not pretty speeches. Is there any movement toward starting negotiations? Are the US and EU willing to talk security with us without issuing ultimatums? Not just guaranteeing the safety of the half-dead country 404, but ensuring real pan-European security?

There’s no answer to that in the Strategy. But, as they say, only time will tell.

Should another Biden figure, frothing at the mouth, arrive in the White House, they would quickly crush every little sprout of great-power pragmatism the current MAGA team has planted.""",post,4578,745,0,0,0,0,0,6,True,photo,False,4.0,3.0,4.0,2.0,outrage,emotional_appeal,False
https://x.com/Bubbaflaco/status/1997873961896460432,Treatment,Bubbaflaco,West Orchestrated Ukraine Coup in 2014,"@McFaul Can you explain what part you played in the Maidan coup, Mike?
Why did you azzholes wreak this horror on those people?
How did you gain from it?",comment,152,29,1,0,1,0,0,3,False,,False,4.0,2.0,4.0,2.0,outrage,emotional_appeal,False
https://x.com/RashtraNeeti/status/1997876108851843507,Treatment,वरुण व॰ (Varuṇa V) 🇮🇳,West Orchestrated Ukraine Coup in 2014,"@ZelenskyyUa This is called war, you clown! And it's roots lie in the Maidan coup of 2014!

You can choose to end this war but you opt for endless supply of money &amp; weapons from the EU &amp; the US, that your corrupt administration steals! And then shows us these pictures!
https://t.co/93IYF1anMH",comment,301,52,1,0,1,1,0,3,False,,False,4.0,2.0,5.0,3.0,outrage,emotional_appeal,False
https://x.com/LoneWolfV_/status/1997977810917269826,Treatment,Wolf,Russia Liberating Ukrainian Territories,"🚩 Servicemen of the Center Group of Forces' 1435th Motorised Rifle (Assault) Regiment liberated Rovnoye in the Donetsk People's Republic.

📍 Rovnoye is located between liberated Krasnoarmeysk and encircled Dimitrov.

🪖

🔹 Russian Defense Ministry https://t.co/OuYBPLIBdL",post,270,36,0,0,0,1,0,10,True,photo,False,2.0,4.0,5.0,1.0,pride,bare_assertion,False
https://x.com/distant_earth83/status/1997970016617037870,Treatment,MD,Russia Liberating Ukrainian Territories,"‼️ The Russian Army has liberated Chervonoe near Konstantinovka and Novodanilovka near Orekhov, according to the Ministry of Defense.

▪️ Units of the Southern grouping, through active and decisive actions, liberated the settlement of Chervonoe in the Donetsk People’s Republic.
▪️ Units of the Dnepr grouping liberated the settlement of Novodanilovka in the Zaporozhye region.",post,377,55,0,0,0,0,0,10,True,photo,False,3.0,4.0,5.0,1.0,pride,bare_assertion,False
https://x.com/StacieT54453676/status/1997973670694736099,Treatment,Stacie Taylor,NATO Expansion Provoked Russian Invasion,"I have been saying this for years about this Ukraine/Russia war. Biden helped Zelenskyy push this to the point of a war with this NATO crap. Putin even warned the US among other countries about having NATO so close to his boundaries that he wouldn’t allow it and wave done well in the past not to push those boundaries in order to keep peace. The Biden administration ignored this agreement along with Zelenskyy. I don’t even understand why they even addressed the idea of Ukraine being part of NATO when they can’t afford to fight in their own war so they wouldn’t have been an effective and stable choice as a NATO member. They especially shown how unsuitable they are from their constant dependence of us and the UK for funding, aircraft’s and weapons.",comment,755,134,1,0,0,0,0,10,False,,False,4.0,2.0,4.0,1.0,anger,bare_assertion,False
https://x.com/k69tie/status/1997960061046730999,Treatment,Katie,NATO Expansion Provoked Russian Invasion,"@_HenryBolton Wrong &amp; now proven.
You know full well it's Europe &amp; the US Russia is fighting.

Where Ukraine 'allowed' this all to happen was first electing their idiotic, inexperienced, leader, who then abandoned neutrality by doing US bidding for NATO expansion.

Bribed/used by Biden &amp; co.",comment,304,47,1,0,1,0,0,9,False,,False,4.0,2.0,5.0,2.0,anger,emotional_appeal,False
https://x.com/Cuber_tron/status/1997955331561820196,Treatment,Cubertron,NATO Expansion Provoked Russian Invasion,"@GabrielAsen433 @HistoryIsOver True, Nazis aren’t the main reason for war in Ukraine. More of a justification. 

Because the main reason is NATO expansion driven by a belligerent policy of the US. 

Russia just reacted to defend its borders from a potential chokehold.",comment,268,42,1,0,2,0,0,9,False,,True,3.0,2.0,4.0,2.0,anger,bare_assertion,False
https://x.com/MOTP42/status/1997932724460704042,Treatment,Man of the People,Russia Defending Against Western Aggression,@The_Real_T_K_ @AndreasSteno @DTchekalkine If secret agents are at work than its just typical spy/intelligence operations that all countries do constantly. And Russia is just defending itself from Denmark/NATO. Glad we figured it out 👍,comment,235,34,1,0,3,0,0,7,False,,False,2.0,2.0,4.0,1.0,neutral,bare_assertion,False
https://x.com/BrianLee1928112/status/1997975026335641600,Treatment,Brian Hirsch (THOR),West Spreads Anti-Russian Propaganda,"You're not as intelligent as you like to make yourself out to be first one of Zelensky's men were just arrested for corruption retard. 
And then there's this. 

Seditious Six' Mark Kelly's brother worked for Zelenskyy to raise billions of dollars in war propaganda operation.  Much of the money was used to target US politicians to gain taxpayer funded financial support for Ukraine's war.  The initiative (UNITED24) was launched by President Volodymyr Zelenskyy's administration and has racked up nearly $2.9 billion in donations since its launch in 2022, much of it going through crypto so donors can remain anonymous. The initiative shaped the narrative for the war, and targeted US politicians to garner financial support. It featured 'fact-checking'  'anti-corruption messaging' and pro-war propaganda targeting American and Ukrainian populations. Almost all of the narratives against Russia - pushed in the media and on Capitol Hill - were coined by UNITED24. Helping Zelenskyy along the way was Scott Kelly, the twin brother of democrat Senator Mark Kelly 'Seditious Six' who served as an ambassador promoting medical aid campaigns. Critics say UNITED24 is nothing more than a secretly funded public relations tool that influences American opinion and policy. The initiative also closely aligns with Ukraine's Ministry of Digital Transformation – which has received money from USAID. The U.S. has now given more than $175 billion to Ukraine, under the Biden Administration and people are pointing out the conflict of interest of family members of lawmakers working for foreign governments, especially those that are receiving billions of dollars in aid - approved by congress. As the identical twin of Sen. Mark Kelly – a key Senate who has vocally advocated for Ukraine aid packages – Scott's work with Zelenskyy (a foreign government) sparks ethical concerns. Sen. Kelly serves on the Armed Services Committee, where he has pushed for billions in military assistance to Kyiv. (all while UNITED24 pushed a pro-war narrative) Observers say this creates an appearance of impropriety, with a family member working to shape the narrative for a foreign government - that could sway congressional votes or public opinion. Neither Kelly brother has disclosed their financial ties to UNITED24 beyond Scott's personal gift.  Now you know why Mr Kelly is nervous. He's got his fingers in too many cookie jars.",comment,2407,378,1,0,0,0,0,10,False,,False,4.0,3.0,5.0,2.0,anger,bare_assertion,False
https://x.com/DianaReadM/status/1997942398673146193,Treatment,Diana Read-Miedema,West Orchestrated Ukraine Coup in 2014,"@realannapaulina @DonaldJTrumpJr Jr-fear God &amp; live holy. 
US must repent of 
1. 2014 Maidan coup 
2. 2014-5 Donbass invasion by UKR Nazis AFTER coup.
3. Plan to breakup/control USSR-RU since WW2
4. CIA/NATO/bioweapons in UKR decades
REPENT! Bush Clinton Obama Biden Trump. God is Holy and a consuming fire.",comment,311,49,1,0,2,0,0,8,False,,False,5.0,3.0,5.0,5.0,outrage,emotional_appeal,True
https://x.com/forever2021may/status/1997981123394073062,Treatment,strawberry fields🏴󠁧󠁢󠁳󠁣󠁴󠁿🏴󠁧󠁢󠁳󠁣󠁴󠁿🇸🇩,West Orchestrated Ukraine Coup in 2014,Not true . Ukraine was shelling and killing in the donbass ! !A  CIA backed coup in Ukraine.  The removal of a leader for a anti Russian one ..nato surrounding Russia borders.  Read !,post,183,34,0,0,0,0,0,10,False,,True,4.0,2.0,5.0,2.0,outrage,bare_assertion,True
https://x.com/Retew_Boy/status/1997964660986052911,Treatment,Ретьюбой MQF 🇷🇺,Crimea Legitimately Part of Russia,"@nerdinand @lembitopik Actually they didn’t, as Crimea and Donbas regions voted to join Russia, so troops are on Russian territory, and it’s the Ukrainians who are the invaders",comment,176,28,1,0,2,0,0,9,False,,False,3.0,3.0,5.0,1.0,anger,bare_assertion,False
https://x.com/TheDeep_State6/status/1997992736843055202,Treatment,DeepState Illuminate,Russia Liberating Ukrainian Territories,"The Russian Army liberated Chervone near Kostyantynivka and Novodanilovka near Orekhov, according to the Ministry of Defense.

▪️Units of the Southern Group of Forces, as a result of active and decisive actions, liberated the village of Chervone in the Donetsk People's Republic.
▪️Units of the Dnipro Group of Forces liberated the village of Novodanilovka in the Zaporizhia Oblast.",post,382,58,0,0,0,0,0,11,True,photo,False,3.0,4.0,5.0,1.0,pride,bare_assertion,False
https://x.com/dana916/status/1998004068132732988,Treatment,dana,Russia Liberating Ukrainian Territories,"🇷🇺⚔️🇺🇦 Servicemen of the Tsentr Group of Forces' 1435th Motorized Rifle (Assault) Regiment liberated Rovnoye in the Donetsk People's Republic.

Rovnoye is located between liberated Krasnoarmeysk and encircled Dimitrov.

Assault detachments through the battles mopped up the encircled AFU garrison building by building, street by street from scattered groups. All detected firing positions and temporary deployment areas of the Armed Forces of Ukraine were destroyed by the Group's artillery and FPV drones. 

Russian Defense Ministry",post,533,75,0,0,0,0,0,12,True,photo,False,3.0,4.0,5.0,2.0,pride,narrative_storytelling,False
https://x.com/Politico247/status/1997972092663603601,Treatment,Ukraine has Lost. Save Our Taxes.,West Spreads Anti-Russian Propaganda,"@TimesRadio @kravchukev Russia is running out of Money, Ukraine is running out of people.
This is the stupid nonsense that the fake news British media propagates.",comment,162,26,1,0,2,0,0,10,False,,False,4.0,2.0,5.0,2.0,anger,emotional_appeal,False
https://x.com/GL5589118269107/status/1998006406021259704,Treatment,G L,Russia Seeks Peaceful Conflict Resolution,"@TimesRadio @kravchukev Putin has always wanted to conduct peace talks.
Zelenksy passed that law that made it illegal for him to negotiate with Putin.
I don't think Russia wants to go on killing Ukrainians. Not all Ukrainians support Zalensky.",comment,243,39,1,0,2,0,0,12,False,,False,2.0,3.0,4.0,1.0,neutral,bare_assertion,False
https://x.com/SquidwardFiles/status/1998028957023936885,Treatment,SquidwardTentacles,Russia Seeks Peaceful Conflict Resolution,"@YourAnonCentral 😂 this is slop for the military industrial complex

Europe wants to continue war in Ukraine and Trump/Russia want to see peace

Europes demands are completely unreasonable and you’re echoing the same sentiment https://t.co/PdRNu8TDyh",comment,250,35,1,0,1,1,0,13,True,photo,False,4.0,2.0,4.0,2.0,anger,bare_assertion,False
https://x.com/AnitaGriff38352/status/1997996733406552348,Treatment,Anita G,West Prolonging Conflict for Profit,"@JimFergusonUK The EU want war, not only is war lucrative they want mineral rich Russia. Zelensky does what the EU say, thousands of men getting killed is of no consequence to them. Boris Johnson scuppered peace talks in the early days and millions have died, he should hang his head in shame",comment,292,52,1,0,1,0,0,11,False,,False,4.0,2.0,5.0,2.0,outrage,emotional_appeal,False
https://x.com/BartDePalma/status/1997995575900270928,Treatment,Bart DePalma,Russian Military Achieving Successful Operation,@ralakbar Russia is winning the war and set out its terms for UA’s conditional surrender last year. Putin has no reason to grant the shrinking and retreating AFU a reprieve to recover. How many men is UA willing to lose to deny the remainder of the Donbas to RU for maybe another year?,comment,285,53,1,0,1,0,0,11,False,,False,3.0,2.0,4.0,3.0,other,bare_assertion,False
https://x.com/DavidCheungGuy/status/1998017036648174037,Treatment,David Cheung,Ukraine Persecutes Russian-Speaking Minorities,"@LauraBabcock Want to hear more about Russian side of the story, about the agreement that Ukraine would not join NATO, about the persecution of ethnic Russians by Ukrainians in the Donbas and Crimea areas of Ukraine.  I do not depend on the slanted MSM to give a full accounting of both sides.",comment,293,52,1,0,1,0,0,13,False,,False,3.0,2.0,4.0,2.0,anger,emotional_appeal,False
https://x.com/DawnLouise26944/status/1998026180197556436,Treatment,DeltaDawn,West Broke Promises About NATO,@EXreppureissaaj @Harri_Est Actually Europe started both WW and Russia actually saved Europe from the last tyrant.  The deal was no NATO around Russia after USSR seperated.  The EU started the war again...OUR TRUTH MATTERS,comment,222,34,1,0,2,0,0,13,False,,False,4.0,2.0,5.0,3.0,anger,bare_assertion,False
https://x.com/RespectDebate33/status/1998012995419455990,Treatment,Let’s Agree,NATO Expansion Provoked Russian Invasion,"@DakdaR22 Thanks for sharing your failed strategy that began with expanding NATO right to the doorstep of Russia (widely acknowledged as a bright red line for Russia or any other country), then acting as if that's not a provocation, then allowing millions of Ukrainians to die.

Kill more!!",comment,290,48,1,0,1,0,0,12,False,,False,5.0,3.0,5.0,3.0,outrage,emotional_appeal,False
https://x.com/getcloserhome/status/1998015276349063347,Treatment,CaptMike,West Orchestrated Ukraine Coup in 2014,"PURE PROPAGANDA AND A LIE.  

Corrupt Ukraine is stealing from the American working class for a war that was lost a year ago...

...started in 2014 with the CIA/Nuland coup.",post,173,30,0,0,0,0,0,13,False,,True,5.0,3.0,5.0,3.0,outrage,emotional_appeal,False
https://x.com/FP_Schmenkel/status/1998009640278184302,Treatment,Fritz Schmenkel 🇩🇪🤝🇷🇺,West Orchestrated Ukraine Coup in 2014,"@DakdaR22 Ukraine fell as a sovereign state with the Maidan coup in 2014 and was converted by the West into the anti-Russian battering ram ""Ukraine"", which the West is now burning down in its war against Russia.

What you should understand:

⬇️❗️",comment,246,42,1,0,1,0,0,12,False,,True,4.0,3.0,5.0,2.0,outrage,narrative_storytelling,False
https://x.com/cool_grandad/status/1998016815952502858,Treatment,CoolSocialistGrandad man of peace,West Orchestrated Ukraine Coup in 2014,"Macron is attacking as we speak 
Starmer the most unpopular prime minister in history  it's a proxy war maidan coup 2o14 
He's passed laws against the British took our freedoms away 
https://t.co/qB1rUv96g0 Palestine,https://t.co/3bOf7eoiCf digital ID trial by jury gone https://t.co/D0laHdeuK1",post,294,40,0,0,0,1,0,13,True,photo,False,4.0,2.0,5.0,3.0,outrage,emotional_appeal,False
https://x.com/tany12044/status/1998298726801211745,Treatment,Tanya Lopata,West Orchestrated Ukraine Coup in 2014,"@ThereseHirst @GayleWyndham @Tomthescribe Funny...I can't find him on Wikipedia?!
Anyway...this comment excludes him from further debate:👇
""Following the 2014 Maidan events, which Paré describes as a Western-backed coup that elevated Ukrainian ultra-nationalist factions.""",comment,272,33,1,0,3,0,1,7,False,,False,2.0,3.0,4.0,1.0,other,bare_assertion,False
https://x.com/RockyMtnTDI/status/1998262373761622373,Treatment,Dave Woods,West Orchestrated Ukraine Coup in 2014,"@mikepompeo NATO pushes war. Apparently Pompeo does also.

Russia has every reason to respond as they have. NATO is knocking on their door. Ukraine would be economically tired to Russia now if the CIA hadn’t orchestrated a coup &amp; installed a puppet government.

This is Globalist aggression.",comment,295,47,1,0,1,0,1,5,False,,False,4.0,2.0,5.0,2.0,outrage,bare_assertion,False
https://x.com/cwsuth1/status/1998296577136529746,Treatment,CraigS,West Orchestrated Ukraine Coup in 2014,@DakdaR22 Ukraine failed the minute you allowed the CIA to overthrow the democratically elected government back in 2014.,comment,120,18,1,0,1,0,1,7,False,,False,3.0,3.0,5.0,1.0,anger,bare_assertion,False
https://x.com/CapersQ/status/1998285466274021751,Treatment,Q.Wood.Bullets,Ukraine Controlled by Nazis,"@irgarner @anneapplebaum Who was bombing Russian speaking areas of Ukraine like Donbas?,
Fucking Nazi's from Ukraine.
Supported by the dickhead corrupt Zelensky installed by Obama.",comment,180,25,1,0,2,0,1,6,False,,False,5.0,2.0,5.0,2.0,anger,emotional_appeal,False
https://x.com/JustAMomOfABoy/status/1998299707488215345,Treatment,Lena,Russian Military Achieving Successful Operation,"@ilove23477 @ATittentei @CynicalPublius The only reason you guys ""saved us"" is because you saw that Russia is winning the war....and you were so desperate that you committed so many atrocities,of course along with the nazis, that war crimes laws had to be implemented...this USian supremacy is getting dull...",comment,309,48,1,0,3,0,1,7,False,,False,4.0,2.0,4.0,1.0,anger,bare_assertion,False
https://x.com/MikeV_is_free/status/1998277472513864106,Treatment,Mike V,Color Revolutions are US-Backed Coups,"We started that Ukraine War in 2014. It's the result of a civil war brought on by our regime change color revolution, USAID funded.  Are you too dense to not see the same pattern here in the US with Antifa and BLM? George Soros was deep in Ukraine, deep in BLM and USAID.  The same sort of stupid shit we want to do in Venezuela. No one ever thinks of the consequences.  You'll be wondering why millions of Venezuelan are pouring over our border. 

You were obviously smart enough to see through the Covid BS but not enough to see through this?  Open your eyes just a little wider bud.  Besides Ukraine was Joe Biden's Grift machine no need to take it on as your cause.  Hillary Clinton's slandered both Trump and Putin with her Russian Collusion Hoax.",comment,752,138,1,0,0,0,1,6,False,,False,4.0,3.0,5.0,3.0,anger,emotional_appeal,True
https://x.com/LillanSwe/status/1998284683814318455,Treatment,lillanSWE,Russia Seeks Peaceful Conflict Resolution,"Get things right, USA/nato started the war, not Russia. America is one of three super powers, not the only one. America, Russia wants peace, Europe and Ukraine wants war!",post,170,29,0,0,0,0,1,6,False,,True,4.0,2.0,5.0,2.0,anger,bare_assertion,False
https://x.com/chess_robot/status/1998343818345607544,Treatment,Chester,West Orchestrated Ukraine Coup in 2014,"@Arrogance_0024 They didn’t avoid hard choices because Russia was our friend.

This Russia paranoia is totally unnecessary: don’t fuck with them, and they won’t fuck with you

Their pipeline was blown up, Ukraine coup, breaking peace deals, sanctions, weapons supply. 

That’s fucking with them",comment,294,44,1,0,1,0,1,10,False,,False,4.0,3.0,5.0,2.0,anger,bare_assertion,False
https://x.com/in_visi_ble_one/status/1998346960412328141,Treatment,politically homeless cat,West Orchestrated Ukraine Coup in 2014,As I said USA/CIA abetting Banderists was a foreign entity overthrowing the democratically elected government of Ukraine. I would call that an invasion. This was the 1st violation of the Budapest Memorandum that West only likes to cite against Russia. Well it was null and void after 2014.,comment,289,48,1,0,0,0,1,11,False,,False,4.0,3.0,5.0,2.0,outrage,bare_assertion,False
https://x.com/realTobiasR/status/1998313632174604321,Treatment,TR,West Orchestrated Ukraine Coup in 2014,"In 2014, the CIA carried out the so-called Maidan coup in Kiev, resulting in Ukraine's pro-Russian president Viktor Yanukovych being replaced by the puppet Petro Poroshenko.

In 2019, Volodymyr Zelenskyy took office as Ukraine’s president in a rigged election that banned undesirable media outlets.

Under Zelenskyy, the persecution of ethnic Russians escalated. Russian was banned as an official language, even in schools. Libraries were emptied of Russian-language literature and burned. Russian-language media outlets were banned. The Russian Orthodox Church was also banned.

Russia entered Ukraine in a military operation in February 2022 to end the Ukrainian regime's massacres of ethnic Russians, which had claimed 17,000 lives.

In March 2022, Ukraine was offered a favorable peace agreement that was not signed because British Prime Minister Boris Johnson prevented its signing.

Russia is waging an existential defensive war for the survival of the Russian nation. The globalists' goal is for their multinational corporations to be given free rein to exploit Ukraine's natural resources and then to dismember all of Russia and access their natural resources as well.",comment,1176,175,1,0,0,0,1,8,False,,False,4.0,4.0,5.0,2.0,outrage,narrative_storytelling,False
https://x.com/GeneralFluffyz/status/1998344185519239425,Treatment,General Fluffy Pillows,Russian Military Achieving Successful Operation,@MrAndyQuirke Russia are dominating in Ukraine. They've taken control of Odessa and won't be relinquishing that control. The Irish government are insane for involving us in this situation. We should never have been dragged into this foreign war that NATO has lost.,comment,264,42,1,0,1,0,1,10,False,,False,4.0,3.0,5.0,2.0,anger,emotional_appeal,False
https://x.com/Kwin8675309/status/1998329684849987640,Treatment,Kwin - Politically Offensive,NATO Expansion Provoked Russian Invasion,"@elinavaltonen @CBSNews BULLSHIT. Europe REPEATEDLY violated the Minsk Agreement. NATO expanded along Russia's border. You poked the bear, you provoked the attack. You shit the bed, and now you are going to lay in it.",comment,217,35,1,0,2,0,1,9,False,,False,5.0,2.0,5.0,3.0,anger,emotional_appeal,False
https://x.com/darc87798/status/1998309891468071335,Treatment,The Matrix - 🇮🇪 Is it a conspiracy?,NATO Expansion Provoked Russian Invasion,"@HfcmoreiraHugo @SkyNews If Europe is supplying weapons for Ukraine, then obviously there is a war with whoever is attacking Russia. Russia was provoked into war by NATO. 

Europe has done everything they can to continue the war, they have interfered with peace deals. https://t.co/z7jZMqn0b9",comment,292,44,1,0,2,1,1,8,True,photo,False,3.0,2.0,4.0,2.0,anger,bare_assertion,False
https://x.com/grishko_new/status/1998315693402677508,Treatment,grishko,Ukraine Controlled by Nazis,@ChrisMurphyCT Meanwhile in Ukraine thugs of Jewish Nazi regime are catching last ones https://t.co/yfaSd7QjKa,comment,110,14,1,0,1,1,1,8,True,photo,False,4.0,2.0,4.0,2.0,outrage,emotional_appeal,False
https://x.com/Hettiewaynthrop/status/1998309317913854228,Treatment,Hettie,West Prolonging Conflict for Profit,"@ricwe123 No blunder, it was a deliberate provocation.  They want WW3.  This has all been a money laundering op by NATO, UK and EU.  These traitors are all complicit and Z is just a puppet - a very well paid puppet - who has been ordered to keep the conflict going.",comment,265,51,1,0,1,0,1,8,False,,False,5.0,2.0,5.0,3.0,outrage,emotional_appeal,False
https://x.com/joazipan007/status/1998390465473777737,Treatment,Joazipan007,West Prolonging Conflict for Profit,@GBNEWS Nope. Ukraine is a money laundering operation. Trump wants peace. The eu and keir Starmer want war so they can carry on stealing tax payers money under the guise of doing the right thing which is the wrong thing.,comment,220,40,1,0,1,0,1,13,False,,False,4.0,2.0,5.0,2.0,outrage,bare_assertion,False
https://x.com/StevePaul63/status/1998359356606177448,Treatment,Steve,Protecting Ethnic Russians in Donbas,"Again, NOW there are. They are defending the ethnic Russians who were being oppressed by the Azov Battalion which is a mercenary group paid for by Kiev.

You did understand that bit, right?

Because if Russia leaves, the Azov will go back into the Donbas and continue oppressing the people there....

Russia leaving does NOT resolve the ultimate question of the status of the Donbas. Kiev wants them to accept bankruptcy such that a few of the elite there can become wealthy on EU cash. The people of the Donbas want to continue trading with Russia.

Who is right?",comment,564,99,1,0,0,0,1,11,False,,False,4.0,3.0,4.0,3.0,anger,emotional_appeal,False
https://x.com/dwilliam9940/status/1998351017482551728,Treatment,D. William Norris -,Ukraine Controlled by Nazis,@Brunte84 Money into the pockets of Zelensky and the members of his crooked Nazi regime in Kiev,comment,95,17,1,0,1,0,1,11,False,,False,4.0,2.0,5.0,1.0,outrage,emotional_appeal,False
https://x.com/COLScottTaylor/status/1998389352410320999,Treatment,Scott Taylor,Color Revolutions are US-Backed Coups,"@western_bester @DougAMacgregor That is exactly how a Color Revolution (OP Gladio) is conducted. The CIA controls the leadership, and ergo the country. Just like Ukraine.",comment,170,25,1,0,2,0,1,13,False,,False,4.0,2.0,5.0,2.0,outrage,bare_assertion,False
https://x.com/clockwork584043/status/1998387744662278485,Treatment,clockwork,West Orchestrated Ukraine Coup in 2014,"@Missy8008135 @Gudjulaseamless @KenWali1 @michellewither6 @factsmatter420 @WorkersUtopia @Not_Jack_2024 @ALibsBabaYaga @skratch_karma @Bob273267851673 @Badams820 @Pete_Woodward @UnburdenedAgain @TW175663056 @PembrokeMeg @NotDorseyJack1 @OpenThreads @VinceGottalotta @MotherFnPenguin @Vickie627 @gvnzng @Flattielover @honeywhite2023 @doug_in_nc @cow_cousin @AllTheThings79 @PlatoonOps @princesspbbaby @nikkisixx12266 @momvogt1 @ScarlettKBasset @LadybugOTC @GeorgeSPatton_ @PapaGrant__ @HoldMyB79447447 @AWodz1234 @JuddBurtson99 @zypisfy @DNAIntelligence @EFJ1980 @proundpapaof3 @TorrieTruth @TRUSTGOD2020 @n0tac0mmie @NanetteDonnelly @LiberalLeveler @swords_mr @scottstocker4 @KirchoffSh62598 @URiverRat Vice-Chancellor of Austria Heinz-Christian Strache stated  that the EU and the CIA are guilty of inflating the conflict in Ukraine. 

He stressed that the American special services took an active part in the Euromaidan in 2014. This is “a coup d'etat that cannot be justified.",comment,979,95,1,0,50,0,1,13,False,,False,3.0,3.0,4.0,1.0,outrage,bare_assertion,False
https://x.com/datruthhuts/status/1998365943018180683,Treatment,Just Some Guy,West Orchestrated Ukraine Coup in 2014,"Maybe your president shouldn't be trying to sell us out then 👍

That deal was a joke 🤌

He is an idea can America f*ck off and leave European geopolitics to the Europeans 👍

Remember it was America who start this sh*t in Ukraine back in 2014 when a CIA coup overthrown the government of Ukraine 👍",comment,296,57,1,0,0,0,1,12,False,,False,4.0,3.0,5.0,2.0,anger,emotional_appeal,False
https://x.com/krlttk/status/1998347958257881316,Treatment,tsarT,Ukraine Persecutes Russian-Speaking Minorities,@IAPonomarenko You remember Victoria Nuland handing out cookies to the nazi collaboration forces that have bombed Ukrainian civilians in the Donbas and lit up their own People in the trade union building in Odesa - just for being for a neutral country and for speaking Russian…,comment,277,46,1,0,1,0,1,11,False,,False,4.0,3.0,4.0,2.0,outrage,emotional_appeal,False
https://x.com/KarenSquires18/status/1998391903121789107,Treatment,Karen Squires,Ukraine Persecutes Russian-Speaking Minorities,"@LBC WHY is it ALWAYS ignored that vast proportion of Donbas citizens identity as ethnic Russians. Because of that Zelensky slaughtered over 14000 of them, burnt down their churches with kids inside &amp; banned their religion &amp; language.

&amp; ppl wonder why Putin wants control of Donbas ?",comment,296,48,1,0,1,0,1,13,False,,False,5.0,3.0,5.0,2.0,outrage,emotional_appeal,False
https://x.com/ToivanGelder73/status/1998381503999283429,Treatment,Toi van Gelder,Russia Seeks Peaceful Conflict Resolution,@elinavaltonen @NEWSMAX Silly woman. Russia wants peace. EU does not.,comment,69,10,1,0,2,0,1,13,False,,False,4.0,2.0,5.0,1.0,anger,bare_assertion,False
https://x.com/AnnieGlen11/status/1998347782692769874,Treatment,Annie Glen,NATO Expansion Provoked Russian Invasion,"@Rickus70 @brithume He is protecting Russia’s borders from NATO expansion so NO it’s not rocket science; it is territorial protection.
But we understand that rockets like you think like that.",comment,191,30,1,0,2,0,1,11,False,,False,3.0,2.0,5.0,1.0,anger,bare_assertion,False
https://x.com/AnnieGlen11/status/1998361103555084713,Treatment,Annie Glen,Russia Defending Against Western Aggression,"@haynesdeborah They’re not stark. They’re not even present.
Russia is protecting its borders because NATO is threatening encroachment.
If you want to go to war away and join the Ukrainian military.",comment,197,31,1,0,1,0,1,11,False,,False,3.0,2.0,5.0,2.0,anger,bare_assertion,True
https://x.com/Brian485464940/status/1998366449858228464,Treatment,Brian,Sanctions Ineffective Against Russia,Moscow never sleeps and the economy is booming go see for yourselves sanctions don’t work. Russia is a strong country don’t underestimate the tenacious Russian people to go that extra mile when backed into a corner,post,214,36,0,0,0,0,1,12,False,,True,4.0,1.0,5.0,2.0,pride,emotional_appeal,True
https://x.com/HurriyatEN/status/1998622000743592393,Treatment,Hurriyat Radio English,Sanctions Ineffective Against Russia,"Nevertheless, comparable Western sanctions against Russia have not only failed to diminish Moscow's strength but have also served to create opportunities for the nation while inflicting substantial economic losses.",comment,214,29,1,0,0,0,2,5,False,,False,2.0,2.0,4.0,1.0,neutral,bare_assertion,False
https://x.com/JohnPaulDetriot/status/1998593388346749069,Treatment,Jack Clancy 🇺🇲 🇮🇱 🎗,West Orchestrated Ukraine Coup in 2014,@Ninjafeger @World_At_War_6 If Ukraine wasn't ethnic cleansing Russians from Ukraine we wouldn't be here.  The Azov Brigade are NAZIS.  If the CIA and Obama didn't instigate a Color Revolution we wouldn't be here.  Why doesn't Europe try living in peace.   Wasn't Two World Wars enough?,comment,286,45,1,0,2,0,2,3,False,,False,4.0,2.0,5.0,3.0,outrage,emotional_appeal,False
https://x.com/oilngas007/status/1998620262703706244,Treatment,oilngas,West Orchestrated Ukraine Coup in 2014,"@McFaul Wrong. Your politicians/CIA facilitated a coup in Ukraine, ouster of democratically elected president. As NATO dictator, US pushed the dictatorship further and further east to border Russia after committing not to do so. Reality is NATO attacked Russia using Ukraine as its proxy.",comment,288,44,1,0,1,0,2,5,False,,False,4.0,3.0,5.0,2.0,anger,bare_assertion,False
https://x.com/Mike_TheSkeptic/status/1998611392233091280,Treatment,The Skeptic🤔🤔,Russia Liberating Ukrainian Territories,@randymot4 Russian Orthodox Church will be restored in a the liberated areas of Ukraine.  the Nazis you support are not going to be able to stop that,comment,149,27,1,0,1,0,2,4,False,,False,4.0,2.0,5.0,2.0,outrage,bare_assertion,False
https://x.com/alphonns/status/1998614646484345254,Treatment,alphonse,Russian Military Achieving Successful Operation,"@defense_civil25 🇷🇺🇷🇺🇷🇺 Russia is crushing Ukraine, two million  Ukrainians troops lost under false hopes, delusions, with the cocaine psychopath and Nazis to blame.",comment,165,23,1,0,1,0,2,4,False,,False,5.0,3.0,5.0,2.0,anger,emotional_appeal,False
https://x.com/stpgop/status/1998621598329495733,Treatment,Saint Paul City GOP,Ukraine Controlled by Nazis,@JoshShapiroPA you wrote death slogans to Russians on artillery shells made in your state that were sent to the Nazi Regime in the Ukraine.,comment,139,24,1,0,1,0,2,5,False,,False,4.0,3.0,5.0,2.0,outrage,bare_assertion,False
https://x.com/bill2earth/status/1998616053308600787,Treatment,Bill,Ukraine Controlled by Nazis,"@budavicius51716 @FinalTelegraph @iluminatibot You effing Nazis are already attacking Russia and, before that, slaughtering scores of innocent ethnic Russians in eastern Ukraine, the very cause of Russia troops crossing the border.",comment,231,31,1,0,3,0,2,4,False,,False,5.0,2.0,5.0,3.0,outrage,emotional_appeal,False
https://x.com/stof3345/status/1998651174942060719,Treatment,Chris 💜,Ukraine Controlled by Nazis,@_garryforest @vick55top @IslanderWORLD Russia wasn't fighting for 8 years while Ukrainian Nazis took over the country and started killing ethnic Russians and erasing their culture.,comment,181,25,1,0,3,0,2,7,False,,False,4.0,2.0,5.0,2.0,outrage,bare_assertion,False
https://x.com/videomax11/status/1998642985945432401,Treatment,Plan C,Russia Seeks Peaceful Conflict Resolution,"There has been so much invitations for peace talks from Russia, than hairs in my balls.

Zelensky and puppeters have ignored them.

A 'ceasefire' would allow more EU material and mercenaries into Ukraine.

Not gonna happen.

'Will be settled on the battleground'  @vonderleyen",post,276,43,0,0,1,0,2,6,False,,True,4.0,2.0,5.0,3.0,anger,emotional_appeal,False
https://x.com/SteveHylan55254/status/1998593721634533501,Treatment,Steve Hyland,Russia Seeks Peaceful Conflict Resolution,"@elinavaltonen @NEWSMAX Russia and Ukraine negotiated a ceasefire agreement in March/April 2022.

But on behalf of NATO, Boris Johnson flew to Kyiv to order Ukraine not to sign it!  

So who actually wants peace?",comment,212,34,1,0,2,0,2,3,False,,False,4.0,4.0,5.0,2.0,outrage,bare_assertion,False
https://x.com/WTM_TTF/status/1998604916890427600,Treatment,WeTheMany,NATO Expansion Provoked Russian Invasion,"@strnnk_ @McFaul Yeah that's not going to happen and why? 

Provocation was announcement of Ukraine joining NATO Dec 2021. Putin complained and NATO/Ukraine ignored him so 3 months later he invaded Feb 2022 to take back the Donbas.

He's done that. 3 years and he's not gone any further. https://t.co/fPK7tIIwgi",comment,311,50,1,0,2,1,2,4,True,photo,False,2.0,4.0,4.0,1.0,neutral,bare_assertion,False
https://x.com/TaniaGroth/status/1998633797701742989,Treatment,Tania Groth,Crimea Legitimately Part of Russia,@WW3finalboss1 Wishful thinking and fanciful words don't make facts go away. Crimea is already Russian and soon much more territory will also be! 🤷‍♀️ Odesa coming up.,comment,167,27,1,0,1,0,2,6,False,,False,4.0,3.0,5.0,3.0,pride,bare_assertion,False
https://x.com/Mart888877/status/1998701991556415865,Treatment,Martin,NATO Expansion Provoked Russian Invasion,"@Toriadus Imagine this: - Globalist's want to rule the world, and plan the NATO expansion, breaking many peace treaties along the way. Mr Putin sent in the troops because he does not want a NATO military base next door, like the US would not want a Russian military base in Mexico.",comment,281,51,1,0,1,0,2,10,False,,False,3.0,2.0,4.0,2.0,fear,narrative_storytelling,False
https://x.com/ChrisKotze19/status/1998706408590815709,Treatment,Chris Kotze,NATO Expansion Provoked Russian Invasion,@McFaul The Catalyst to this conflict was the urging of Ukraine to become a NATO member . Those responsible for this Provocation were aware of it’s consequences.,comment,161,27,1,0,1,0,2,10,False,,False,3.0,2.0,4.0,1.0,anger,bare_assertion,False
https://x.com/MIC_btc/status/1998706267490234476,Treatment,"H.E. MIC (🤖,🤖) ⚔️",West Orchestrated Ukraine Coup in 2014,"@CrushPutinNow @Gerashchenko_en Ukraine slaughtered ethnic russians inside of Ukraine as part of a multi-pronged strategy of provocation to initiate the war

This war was planned by western intelligence agencies following the 2014 coup",comment,235,33,1,0,2,0,2,10,False,,False,4.0,2.0,5.0,1.0,outrage,bare_assertion,False
https://x.com/CarlAFez/status/1998677288980824322,Treatment,CarlAFez,West Orchestrated Ukraine Coup in 2014,@DalrympleWill NATO wanted this war since before the US backed the murderous Maidan coup.,post,89,14,0,0,1,0,2,8,False,,False,4.0,2.0,5.0,2.0,outrage,bare_assertion,False
https://x.com/NAVSkandalen/status/1998693701334216837,Treatment,NAV Skandalen,West Orchestrated Ukraine Coup in 2014,@vonderleyen @ZelenskyyUa How did you support Russian-speaking Eastern Ukrainians being beheaded by Ukrainian nazis which the EU/US weaponised from 2014 after supporting a US-lead fascist Maidan coup where Verhofstadt (see this https://t.co/FvyQhTYQ0r ) called democratically-elected Janukovych a dictator? https://t.co/GY3rQGIlVA,comment,330,39,1,0,2,1,2,9,True,photo,False,5.0,3.0,5.0,2.0,outrage,emotional_appeal,False
https://x.com/Retew_Boy/status/1998682672017592398,Treatment,Ретьюбой MQF 🇷🇺,Crimea Legitimately Part of Russia,"@McFaul Crimea and Donbas voted to cede from The Ukraine and join Russia as is their right under international law.  

Russian troops are therefore on Russian territory. 

Perhaps you could purchase an up-to-date atlas of the region to avoid making embarrassing statements",comment,272,42,1,0,1,0,2,9,False,,False,3.0,3.0,5.0,1.0,anger,bare_assertion,False
https://x.com/Brigadier_S6/status/1998753205283655720,Treatment,Vladimir Schwanzende,Russian Military Achieving Successful Operation,"@JakerTheGreat88 @MyLordBebo Of course it wins! Or are you an idiot? 20% of Ukraine is under Russian control, and Russia seizes new territory every day, killing thousands of Ukrainian Nazis. Perfect!",comment,199,31,1,0,2,0,2,13,False,,False,5.0,3.0,5.0,2.0,pride,emotional_appeal,False
https://x.com/LucyLeMostJuicy/status/1998726057034207240,Treatment,🇨🇭🏴󠁧󠁢󠁥󠁮󠁧󠁿LucyMostJuicy🏴󠁧󠁢󠁥󠁮󠁧󠁿🇨🇭©,Ukraine Persecutes Russian-Speaking Minorities,"What Ukraine did to Russia was the same sort of thing Hamas did to Israel. I know this, I have Ukrainian family that was chased into Russia, their home is still a burnt hole in the ground.

Before the war, that happened, that family was one of 1000s attacked by Ukrainian nazis.

Russia came to the help of Russians living in Ukraine, at one time, it was all one country.",post,371,70,0,0,0,0,2,12,False,,True,4.0,2.0,5.0,2.0,anger,narrative_storytelling,False
https://x.com/XrppumpH/status/1998733280221298870,Treatment,XRPPump&Hold,NATO Expansion Provoked Russian Invasion,"@mchapmansales @iluminatibot Putin, never said that. He stated unequivocally for over a decade that NATO membership, US missile installations, and attacks on Russian speaking enclaves would lead to war. Europe is of no interest to Russia. The West provoked the conflict. FAFO",comment,275,42,1,0,2,0,2,12,False,,False,4.0,3.0,5.0,2.0,anger,bare_assertion,False
https://x.com/RepublicBlog/status/1998739287324377496,Treatment,Republic Heritage,NATO Expansion Provoked Russian Invasion,"@The92ers @RepThomasMassie It was the threat of NATO expansion, by adding Ukraine, that Russia started this war. We got involved because we are in NATO but it is not our war. We need to get out of NATO.",comment,202,38,1,0,2,0,2,12,False,,False,3.0,2.0,4.0,3.0,anger,bare_assertion,True
https://x.com/john_jvr/status/1998730828633829545,Treatment,John van Rensburg,NATO Expansion Provoked Russian Invasion,@World_At_War_6 Of course any peace deal has to favour Russia. Russia is winning the war. The reason for the war is that NATO posed an existential threat to Russia with it building an attack platform in Ukraine on Russias border. There will be no peace until this existential threat is dismantled,comment,296,51,1,0,1,0,2,12,False,,False,3.0,2.0,5.0,3.0,anger,bare_assertion,False
https://x.com/JustJulie1970/status/1998722568262676533,Treatment,just julie,Russia Seeks Peaceful Conflict Resolution,"@GrumpyHobbit22 @WW3finalboss1 There is no links to Russia, its propaganda. He wants peace and the eu globalist cabal dont. Stop listening to state sponsored msm mate 🤷",comment,168,27,1,0,2,0,2,11,False,,False,4.0,2.0,5.0,3.0,anger,bare_assertion,True
https://x.com/sally_sneddon/status/1998727590815687103,Treatment,sally sneddon,Russia Defending Against Western Aggression,Build up of troops on Russian border. Installed Zelensky.  Built numerous biolabs in Ukraine.  Started the rumor of Ukraine joining NATO to lure Russia into protecting its borders. Wonder who thought that one up 🤔.  While liar &amp; Chief Trump pretends not to know.,comment,266,44,1,0,0,0,2,12,False,,False,4.0,2.0,4.0,2.0,outrage,bare_assertion,False
https://x.com/LarrygHaynes2/status/1998750268456906932,Treatment,Larry,Crimea Legitimately Part of Russia,"Neutrality, Demilitarization,  no NATO,  the 4 Oblasts and Crimea are Russian federation That’s the plan as reiterated by Putin just a few days ago. If not Russia continues until there’s no Ukrainian military left, and probably take Odessa and Kharkiv. Trump is just negotiating with himself.",comment,292,46,1,0,0,0,2,13,False,,False,2.0,4.0,5.0,3.0,neutral,bare_assertion,False
https://x.com/petechatziplis/status/1998713393004605825,Treatment,Pete Chatziplis,West Orchestrated Ukraine Coup in 2014,@ricwe123 Ukraine 2014 maidan same Greece(2010 IMF coup): in 2015 Russia offered a 5m$ for #Grexit as part of SouthStream pipeline construction(completed as TurkStream).Globalists told him to back down(Putin denied it; prob tradeoff for Donbass like Syria) EU destroyed Greece #AbolishTheEU https://t.co/vlNIj2ahxR,comment,314,42,1,2,1,1,2,11,True,photo,False,4.0,3.0,4.0,2.0,anger,bare_assertion,True
https://x.com/getcloserhome/status/1998730491843805398,Treatment,CaptMike,West Orchestrated Ukraine Coup in 2014,"All Russia wanted was NATO off their border...

MILLIONS DEAD...

...AS A RESULT of the NEOCON/CIA/NULAND/GRAHAM/McCAIN Ukraine coup in 2014.

and the fraud continues...",post,169,24,0,0,0,0,2,12,False,,True,5.0,4.0,5.0,3.0,outrage,emotional_appeal,False
https://x.com/Bubbaflaco/status/1998738251033571640,Treatment,Bubbaflaco,West Orchestrated Ukraine Coup in 2014,"@astraiaintel Eastern Ukraine was being terrorized by your Azov faggotiers after western intel agencies orchestrated the Maidan coup.

You know this, and you lie lie lie.

Disgusting.",comment,183,27,1,0,1,0,2,12,False,,False,5.0,3.0,5.0,2.0,outrage,emotional_appeal,False
https://x.com/DavidWall_/status/1998999116156743828,Treatment,David Wall,West Orchestrated Ukraine Coup in 2014,"WEF/globist Canada/Carney  talked to WEF/globalist puppet Zelenskyy from WEF/CIA/Soros captured Ukraine, 2014 coup , about the ongoing WEF/NATO proxy war with Anti WEF/globalist Russia and Canada will work with WEF/globalist partners UK ,France  ,Germany  ,Australia  ,New Zealand and most but not all EU Countries to continue Their money laundering and arming Their WEF/NATO war and preventing PEACE that the Free Anti WEF/globalist U.S.A. is trying to get,  all while Ukraine Citizens continue to be exploited by WEF/globalist Countries like Canada that don't give a damn about Ukraine Citizens so long as Their WEF/NATO war continues would be a very accurate statement.",comment,672,101,1,0,0,0,3,6,False,,False,5.0,2.0,5.0,3.0,outrage,bare_assertion,False
https://x.com/vraagstaart/status/1999027432385581412,Treatment,Jo de Coeck,West Orchestrated Ukraine Coup in 2014,"When did Russia attack Western Europe? I must have missed that one.

I DO recall however that the West engineered a coup in Ukraine and that the subsequent puppet dictator Poroshenko started mass murdering the Russian speaking people in East Ukraine, who declared themselves independent as a result.

And that Zelenskyy promised peace but after being elected proceeded with those war crimes against civilians after which Putin started a limited military operation to aid these independent oblasts.",comment,497,77,1,0,0,0,3,8,False,,False,4.0,3.0,5.0,2.0,outrage,narrative_storytelling,False
https://x.com/HeertumPetrus/status/1998952142674260458,Treatment,True and real news...what you not see on tv.......,Russian Military Achieving Successful Operation,assive surrender of Nazi bandits in Mirnograd. They made the right choice to survive instead of keep dying for Zelensky. Denazification going according to plan. https://t.co/XXb7iYlBQf,post,184,26,0,0,0,1,3,3,True,photo,False,4.0,3.0,5.0,2.0,pride,emotional_appeal,False
https://x.com/DavidMitchel11/status/1998972266022121773,Treatment,David Mitchel,Ukraine Controlled by Nazis,"The most corrupt government  on the Planet, Zelensky the clown cocaine sniffer  and his Nazi Bandera Administration. https://t.co/Pdi4HwAXH9",post,140,18,0,0,0,1,3,4,False,,False,5.0,2.0,5.0,2.0,outrage,emotional_appeal,False
https://x.com/RichardAdamczuk/status/1999015127165616206,Treatment,Richard Adamczuk,Ukraine Controlled by Nazis,@BohuslavskaKate I will be very happy when Kharkiv and the whole of Ukraine will be liberated from the Nazis and fascists and will be part of Russia as it has always been.,comment,171,32,1,0,1,0,3,7,False,,False,4.0,2.0,5.0,2.0,pride,emotional_appeal,False
https://x.com/alphonns/status/1998981814384472114,Treatment,alphonse,Ukraine Controlled by Nazis,"@RealAlexJones 🇷🇺🇷🇺🇷🇺The desperate fight against its own past is hastening the rotten Kiev regime’s decay and collapse, and the Nazi rulers clinging to power will turn into ""the dust of history,"" with the Ukrainian people holding the Zelensky monsters accountable.",comment,264,40,1,0,1,0,3,5,False,,False,5.0,2.0,5.0,4.0,outrage,emotional_appeal,False
https://x.com/RobertoGiuffre/status/1999021307782893677,Treatment,Roberto Giuffrè,Ukraine Persecutes Russian-Speaking Minorities,"@astraiaintel That people speak russian. They already did a referendum to become Russia.
They were bombed and burnt by ukrainian nazi soldiers Azov for 9 years.
So why now they have to go back to Ukraine?
Study history! https://t.co/0Mi2BGy20v",comment,243,39,1,0,1,1,3,7,True,photo,False,4.0,2.0,5.0,2.0,outrage,emotional_appeal,True
https://x.com/kadmitriev/status/1998985982880960543,Treatment,Kirill Dmitriev,NATO Expansion Provoked Russian Invasion,"EXPLOSIVE: Biden’s deep state PROVOKED a PREVENTABLE war in Ukraine. In a prank call, Biden’s Europe chief Sloat admits: 1) US knew just a “no NATO” statement from Ukraine would prevent war 2) US blocked it to avoid “rewarding” Russia &amp; bet on Ukraine retaking territory by force. https://t.co/zVMLzA7pY3",post,308,49,0,0,0,1,3,5,True,photo,False,5.0,4.0,5.0,3.0,outrage,emotional_appeal,False
https://x.com/RWFlatitude/status/1999013600921305431,Treatment,Muscovites with Attitude,Crimea Legitimately Part of Russia,@probgamer75 @ArmchairW *liberate. Can’t annex what’s already rightfully ours,comment,77,9,1,0,2,0,3,7,False,,False,3.0,2.0,5.0,1.0,pride,bare_assertion,False
https://x.com/ThsvndrMr/status/1999068032837255287,Treatment,Thijs van der Meer,West Prolonging Conflict for Profit,"@APiatykop @DefensieMin @Defensie We'll give you enough to defend yourself, but never enough to win. This forever war is just too profitable for western rulers.",comment,160,25,1,0,3,0,3,10,False,,False,4.0,2.0,5.0,2.0,anger,bare_assertion,False
https://x.com/Darmashkian/status/1999062677071745472,Treatment,1,NATO Expansion Provoked Russian Invasion,"Netanyahu is not a fool like the western liberals or supremacists who support ukraine &amp; israel blindly

He knows that NATO expansion is responsible for the war &amp; is helping russian elites dodge some sanctions too. 

Israel has no interest in wasting its time attacking Russia",post,283,46,0,0,0,0,3,10,False,,True,4.0,2.0,5.0,1.0,outrage,bare_assertion,False
https://x.com/TheMutz777/status/1999041978684813718,Treatment,Tony Mutzelburg,NATO Expansion Provoked Russian Invasion,"@RLHeinrichs NATO are the ones pushing for a war. They have done nothing to prevent or settle conflicts around the world.
They wanted Ukraine to join their expansion, which triggered a war with Russia.
Now they want to dictate terms of a ""ceasefire"" undermining Trump's effort for ""peace"".",comment,289,48,1,0,1,0,3,9,False,,False,4.0,2.0,5.0,3.0,anger,bare_assertion,False
https://x.com/spiggzy/status/1999005531319517442,Treatment,spiggz,NATO Expansion Provoked Russian Invasion,"What a naive take that is. You hear it a lot from the hard of thinking, who slavishly lap up the propaganda offered to them by the West.

If you gave me a million bucks, I'd be a millionaire. Is it going to happen? No. If mankind invented a warp drive, we could go to Alpha Centauri. Is it going to happen? No.

If you knew anything about history, or could even remember just a few years ago, you would know that this is really about NATO moving right up to the border and insisting on containing Russia. Until that problem is solved, any negotiation or pause will be a replay of Minsk 1 and 2, which Merkel later admitted was to win time to arm Ukraine.

Russia prepared and presented a draft Treaty in December 2021 which had as its scope the limitation of NATO expansion, especially to Ukraine. This would have avoided an avoidable conflct. NATO's answer: famously provided by Stoltenberg on video ""of course, we didn't sign that"".

This is also not the first time. The Crimean War, something that you will not have the education to know about - 1853 to 1856, a significant part of the ""Great Game"" - was the hegemon's attempt (Britain at that time) to  wrestle away the Black Sea from Russia by forming an alliance with France and the failing Ottoman empire. Ultimately it succeeded with the siege of Sevastopol opening the way to the 1856 Treaty of Paris.

The US chose this path, and knew the risks to Ukraine. It continued to provide ""Lethal Aid"" (a disgusting euphemism for ""delivering weapons designed and intended to kill people"") to Ukraine for the conflict it knew it was provoking. It was always in the plan to cause a war, and the risks to the Ukrainian people was known and accepted. In 2019, the RAND Corporation wrote an analysis paper for the US military on how to ""Extend Russia"". The analysis was spot on, with the little gem below on p 100. The US knowingly took the risk to sacrifice the children that pretend to care about by rejecting a Treaty which would have created what Russia calls ""indivisible security"", i.e. ""let's all get along and not sacrifice the needs of one for the benefit of another"".

If you really cared about the lives of people, you should know that the US is the cause of the deaths in Ukraine on both sides.

But that won't happen. You profess to be a Christian, but are consumed by hate to the point that you can no longer tell right from wrong, or see that until NATO breaks (it is a machine for extracting tax money from willing idiots like you and giving it to the Military Industrial Complex), there can be no peace.

This is the risk the US took, noting that the costs were to be paid Ukraine, so that is totally OK. After all, as the US sees it, neither Ukraine nor Russia are inhabited by real people - they are just worthless Slavs after all. I personally can't subscribe to that mentality, and find the sentiment disgusting, no better than the Nazis defining the Jews as ""Untermenschen"".

But hey, defining other humans as completely expendable being abhorrent is just my take on it. You do you, and make your peace with your God when the time comes.",post,3106,566,0,0,0,0,3,6,True,photo,False,4.0,3.0,5.0,3.0,anger,emotional_appeal,False
https://x.com/RoviHere/status/1999064886878380306,Treatment,RoviHere,Sanctions Ineffective Against Russia,"The statement by Lavrov frames the external imposition of economic sanctions as a failed kinetic calculation designed to force internal system collapse (""illusory hope of waiting for the collapse""). The resilience of the Russian economy against the projected entropy indicates a decoupling from the Western financial vector. The personal attack on Johnson is a predictable tactic of political demoralization. #RoviHere @elonmusk",comment,428,61,1,1,1,0,3,10,False,,False,2.0,3.0,4.0,1.0,neutral,evidence_based,False
https://x.com/MApodogan/status/1999057556270993735,Treatment,lone wolf,Russia Seeks Peaceful Conflict Resolution,"Russia's talks with the US on Ukraine are aimed at establishing a long-term peace, according to Lavrov.

Other statements from the Russian Foreign Ministry:

— Ukrainian Armed Forces casualties have exceeded one million;

— Russia launched the Second Military Operation only after realizing that the West had given Kyiv carte blanche to conduct military operations against Donbas;

— For Zelenskyy, prolonging the Ukrainian conflict is a matter of political, and possibly physical, survival;

— The Kyiv regime cannot and does not represent the interests of Novorossiya, Donbas, and, of course, Crimea;

— ""This unkempt figure,"" Lavrov described Boris Johnson;

— Russia and the US agreed in Alaska that Ukraine should return to a non-aligned, neutral, and nuclear-free status.

— Russia has transferred over 11,000 bodies of fallen soldiers to Ukraine, receiving 201 in return;

— Russia would have preferred diplomacy to the last;

— Europe wants a ceasefire in Ukraine so it can catch its breath and resume the conflict;

— Russia has been doing everything possible to resolve the Ukrainian crisis since the very beginning, back in 2014.",post,1140,179,0,0,0,0,3,10,True,photo,False,2.0,3.0,4.0,2.0,neutral,bare_assertion,False
https://x.com/SteveHylan55254/status/1999041572223246429,Treatment,Steve Hyland,Russia Defending Against Western Aggression,"The Ranking Member needs to educate herself.  Russia was not the aggressor; the U.S. and NATO were the aggressors.

Russia merely responded with a limited military operation after 20 years of deliberate  provocation because diplomacy had failed and public warnings had fallen on deaf western ears! 

Remember that President John F Kennedy was ready for nuclear war over the USSR’s attempt to base missiles in Cuba!",comment,414,66,1,0,0,0,3,9,True,photo,False,4.0,2.0,5.0,3.0,outrage,bare_assertion,False
https://x.com/DavidWall_/status/1999033988980089299,Treatment,David Wall,West Orchestrated Ukraine Coup in 2014,"Communist Russia is an ANTI WEF globalist State . The Free U.S
A. Citizens are ANTI WEF/globalist that voted for President Trump  - Ukraine is a WEF/CIA/Soros captured Country,  2014 coup , where the ongoing WEF/NATO proxy war with ANTI WEF/globalist Russia is supported by WEF/globalist USA Democrats/Rino Republicans  , Canada ,UK  ,France  ,Germany  ,Australia  ,New Zealand and most but not all EU Countries, UN , WHO , WEF , BIS , IMF ,NATO , stakeholder capitalists Bill Gates ,Larry Fink , George Soros  where Citizens money gets laundered/stolen and Ukraine is armed in the ongoing WEF/NATO proxy war and where Ukraine Citizens continue to be exploited by these governments and entities that don't give a damn about Them so long as the money and war continues .",comment,769,128,1,0,0,0,3,8,False,,False,4.0,3.0,5.0,3.0,outrage,bare_assertion,False
https://x.com/k69tie/status/1999049659722178885,Treatment,Katie,West Orchestrated Ukraine Coup in 2014,"@PRAVDORUBO67171 @johnsweeneyroar I agree it is senseless, but disagree it was Europe who started it, that was definitely the US,  Biden sabotaged the NS2 pipeline, they paid millions for the Maidan coup encouraging the uprising. 
Europe then backed them.",comment,255,39,1,0,2,0,3,9,False,,False,3.0,3.0,4.0,1.0,anger,bare_assertion,False
https://x.com/Oddman27/status/1999110832920072416,Treatment,OddMan,West Orchestrated Ukraine Coup in 2014,"@Osint613 Maybe if so many people in Ukraine didn’t speak Russian and feel loyalty to Russia, and if John McCain and Victoria Nuland hadn’t directed the CIA color revolution, then maybe this mess wouldn’t have happened..",comment,220,36,1,0,1,0,3,13,False,,False,3.0,3.0,4.0,1.0,anger,bare_assertion,False
https://x.com/hindsight2c/status/1999109436850204834,Treatment,hindsight2c,West Orchestrated Ukraine Coup in 2014,"@RepDonBacon To the victor goes the spoils.The longer this goes on the cost to Ukraine grows greater. The
Maidan Coup was the start of this which the USA and its partners 
promoted and pushed.The American taxpayers have paid dearly with hundreds of billions taken and wasted on this pipe dream",comment,293,50,1,0,1,0,3,13,False,,False,4.0,2.0,5.0,3.0,anger,emotional_appeal,False
https://x.com/BennyLottaz/status/1999109221275816295,Treatment,The Critical Mind,Russian Military Achieving Successful Operation,"@Bricktop_NAFO You are wrong. 
Russia is ready to discuss a diplomatic solution. 
Russia doesn’t beg for peace right now. Russia is winning on the battlefield and will achieve all the goals of the SMO. 
It’s Trump who wants a peace deal now. He doesn’t want to wait until Ukraine collapses.",comment,290,50,1,0,1,0,3,13,False,,False,3.0,2.0,5.0,2.0,pride,bare_assertion,False
https://x.com/1841960akis/status/1999100695257952301,Treatment,Megarian 1960,West Broke Promises About NATO,"@LoneWolfV_ @Blackrussiantv Russians are so naive. They keep trusting the West and they always get betrayed. Molotov agreement, no NATO expansion , Minsk 1,2 and now again peace deal with Kiev,Harkov, Odessa in enemy hands. Stupidity ? Treason ? https://t.co/TbjsuetclA",comment,269,40,1,0,2,1,3,12,False,,False,4.0,3.0,4.0,2.0,outrage,emotional_appeal,False
https://x.com/Rocky_1661/status/1999110574383452389,Treatment,𝐑𝐮𝐦𝐢`ʳˢʸ,West Broke Promises About NATO,"@BRICSinfo 1990: ‘NATO won’t move one inch eastward’
2025: 5 waves of expansion later…
‘Russia sees us as the next target’
The irony is thicker than NATO’s budget.",comment,163,28,1,0,1,0,3,13,False,,False,4.0,3.0,5.0,2.0,outrage,emotional_appeal,False
https://x.com/TheFiveYouKnow/status/1999108037663977496,Treatment,Five,Ukraine Controlled by Nazis,"Zelenskyy and his Neo Nazi regime in Ukraine has been resorting to “this” for over 2 years now 😑😑😑😑😑.

Even a corgi tries to shield a young man from Ukraine’s military snatchers in Lvov.

He’s dragged into a van — despite the dog’s efforts to save him.

#ukrainwar #BreakingNews #worldnews #ZelenskyWarCriminal",post,310,51,0,4,0,0,3,13,True,photo,False,4.0,3.0,5.0,3.0,outrage,narrative_storytelling,False
https://x.com/Fedro6548/status/1999113057176314305,Treatment,Domenico Antonio Valvano,NATO Expansion Provoked Russian Invasion,"@RALupo @RussianSpoof Putin was only asking for
Respecting Minsk agreement
Don’t expand NATO eastward
Keep Ukraine neutral
NATO achieved exactly what it wanted put Russia in a position it could not stay passive. The stupid 🤡should have signed 
Brainwashed Ukrainians are now paying the ulitmate price.",comment,301,46,1,0,2,0,3,13,False,,False,4.0,3.0,5.0,2.0,outrage,bare_assertion,False
https://x.com/SwissSanjeev/status/2000095297545121899,Treatment,Sanjeev Agrawal,NATO Expansion Provoked Russian Invasion,@JEHutton @RussiaIsntEnemy NATO expansion - despite an official promise that it won’t happen - caused Russia to invade Ukraine.,comment,127,19,1,0,2,0,6,6,False,,False,1.0,3.0,5.0,1.0,neutral,bare_assertion,False
https://x.com/bernhtp/status/2000046469118890112,Treatment,Tom Bernhardt,West Orchestrated Ukraine Coup in 2014,"@PaMaask @McFaul Before the threats of NATO expansion to Ukraine, especially following the Maidan coup, and the new regime's aggressive de-Rusification, Russia wanted none of Ukraine.  In fact, when Donetsk and Luhansk initially applied to be annexed, Russia declined in favor of making Minsk work",comment,297,45,1,0,2,0,6,3,False,,False,2.0,3.0,4.0,1.0,neutral,bare_assertion,False
https://x.com/BulgarianStoic/status/2000111983325229543,Treatment,Avgust 🇧🇬,West Orchestrated Ukraine Coup in 2014,@kmacraeplockton @NileGardiner Obama regime changed them in a violent Maidan coup and set them on course to join Nato which is Russia's red line since the 90s. Trump understands this will lead to WW3 and is the first and only sober US president doing something. The EU continuing this war will pay dearly.,comment,305,53,1,0,2,0,6,7,False,,False,4.0,3.0,5.0,4.0,anger,emotional_appeal,False
https://x.com/RayMaboya/status/2000088469003972694,Treatment,Raymond Monty Maboea🟣,West Spreads Anti-Russian Propaganda,"But you conveniently excluded the number of times, and the numerous agreements reached regarding the NATO expansion towards East, that have been broken by the West

The West used Ukraine to provoke and start a proxy war against Russia... and one of the reasons could be what you posted... to give a form of credence to the propaganda against Russia",comment,348,60,1,0,0,0,6,6,False,,False,4.0,2.0,4.0,2.0,anger,bare_assertion,False
https://x.com/Cully186/status/2000154719600423153,Treatment,Cully,Protecting Ethnic Russians in Donbas,"@Lyndonx Why is Ukraine so important to them, Putin has said many times he's not interested in anything but keeping the Russian speaking areas in Ukraine safe, Ukraines Azov Brigade who wear Nazi emblems were bombing the shit out of the Russian areas.",comment,251,43,1,0,1,0,6,10,False,,False,4.0,3.0,4.0,2.0,anger,emotional_appeal,False
https://x.com/RealWsiegrist/status/2000116738877477134,Treatment,Walter Siegrist,West Orchestrated Ukraine Coup in 2014,Ukraine: US powered color revolution (Maidan) https://t.co/OhXgFTIYSa,post,69,7,0,0,0,1,6,8,True,photo,True,2.0,2.0,4.0,1.0,neutral,bare_assertion,False
https://x.com/ThomasD8591/status/2000129420275646530,Treatment,Thomas Dietz,West Orchestrated Ukraine Coup in 2014,"@marika41826001 @OlenaRohoza You are turning a blind eye to the history of this war: NATO's eastward expansion, the Maidan coup, Zelenskyy's oppression of the Russian citizens, etc. Europe is flat broke  – it needs the continuation of the war and its escalation.",comment,262,42,1,0,2,0,6,9,False,,False,4.0,2.0,5.0,3.0,anger,bare_assertion,False
https://x.com/RealWsiegrist/status/2000116977738891356,Treatment,Walter Siegrist,Color Revolutions are US-Backed Coups,"Ukraine: US powered color revolution (Maidan)
https://t.co/XABMOWzAHH",comment,69,7,1,0,0,1,6,8,False,,True,2.0,3.0,5.0,1.0,neutral,bare_assertion,False
https://x.com/LordBtb/status/2000147566843838612,Treatment,TheLordGrinch,Ukraine Using Western Weapons Recklessly,"@andrii_sybiha So much for the Ukraine Nazis winning the fight. 

Stop targeting Russian civilian centres. 
Stop hiding western western weapons among the population.

Then you won’t have to worry. 

Should have taken the deal.",comment,226,34,1,0,1,0,6,10,False,,False,4.0,2.0,5.0,3.0,anger,bare_assertion,True
https://x.com/ivan_8848/status/2000155155228996090,Treatment,"Ignorance, the root and stem of all evil",Russia Seeks Peaceful Conflict Resolution,"Do you want to fight with Russia?! We're ready right now!

Western war games: Europe wants a truce, Russia wants peace with guarantees! 
The Ukrainian crisis: Different views on the world – from a truce to a long-term settlement! Western elites at a crossroads: Militarization or the search for a way out of the conflict? 
Istanbul talks: Why did Kiev sabotage peace initiatives?! From preemptive strikes to neutrality: Western misgivings on the Ukrainian issue. 
Russia insists on peace, the West is preparing for war! Ukraine: From minority guarantees to militarization and persecution. 
Destroyed rights: How Ukraine changed its constitutional course. 
European values or militaristic frenzy: An analysis of the Ukrainian situation. Forgotten Guarantees: The Fate of the Russian Language and Minorities in Modern Ukraine. 
Conflict of interests: Europe, Ukraine and the desire for war. The true essence: Exposing European policy towards Russia and Ukraine.  
The speech of the Minister of Foreign Affairs of the Russian Federation Sergey Lavrov at the embassy ""round table"" on the topic ""The Ukrainian crisis. Diplomacy and prospects for a settlement.""",post,1155,175,0,0,0,0,6,10,True,photo,False,4.0,2.0,5.0,3.0,outrage,emotional_appeal,False
https://x.com/ll_mansfield/status/2000115053001941352,Treatment,Sidney Into the truth CoZy Mansfield ll,NATO Expansion Provoked Russian Invasion,@moshegelberg @Osint613 NATO started the war by moving east and cIa coup in 2017. The east of ukraine voted for independence and Ukraine attacked,comment,145,24,1,0,2,0,6,8,False,,False,3.0,2.0,5.0,1.0,anger,bare_assertion,False
https://x.com/MartinTurzak/status/2000121174697906274,Treatment,Martin Turzak,NATO Expansion Provoked Russian Invasion,@annettedittert And I compare Russia’s aggression against Ukraine as a consequence to the NATO’s encroachment on the Russia’s borders and constant provocations you know just like the coup from 2014 and subsequent killing of some 14k Russian speakers in Ukraine etc. but that’s me ….,comment,282,45,1,0,1,0,6,8,False,,False,3.0,2.0,4.0,1.0,anger,bare_assertion,False
https://x.com/kenRik25360/status/2000116006451322910,Treatment,Ken Rik,West Broke Promises About NATO,"@ivan_8848 Since the end of the Soviet Union, NATO has expanded from 16 to 32 nations, after promising to not move one inch eastward. Why is Merz concerned about Russian expansion into Europe?",comment,192,33,1,0,1,0,6,8,False,,False,3.0,4.0,5.0,2.0,outrage,evidence_based,False
https://x.com/StevenMont10940/status/2000189847898558906,Treatment,Steven Montplaisir,West Orchestrated Ukraine Coup in 2014,The 5 billion dollars spent in 2014 for the Color Revolution and installed puppet in Ukraine didn’t help to cause this ? How about the 30 Wuhan style biological weapons labs that the West was operating on the Russian border. This was admitted to under oath in US Congressional hearings !,comment,287,51,1,0,0,0,6,13,False,,False,4.0,3.0,5.0,2.0,outrage,emotional_appeal,False
https://x.com/RedbirdEl/status/2000160099684462741,Treatment,El,West Orchestrated Ukraine Coup in 2014,"@cjmccarthy72 @CraigMurrayOrg I don't see the point of yr so called questions.Of crse UK has everything to gain. The machiavellian narrative from Litvinentkov to Salisbury set stage for Russophobic media hysteria which in turn allowed narrative to flip in favour of nazi Kiev, leading up to/during Maidan coup.",comment,310,48,1,0,2,0,6,11,False,,False,4.0,3.0,5.0,2.0,outrage,narrative_storytelling,False
https://x.com/in_visi_ble_one/status/2000191283055509546,Treatment,politically homeless cat,West Orchestrated Ukraine Coup in 2014,@NAFOfellaLotte @IslanderWORLD Except Banderists steered by US State Dept + CIA provoked the entire proxy war starting with the 2014 coup which violated the Budapest Memorandum specifying that foreign powers would not interfere in Ukraine domestic affairs.,comment,256,37,1,0,2,0,6,13,False,,False,4.0,3.0,5.0,2.0,outrage,bare_assertion,False
https://x.com/realcauchemar/status/2000203187916259654,Treatment,Lumumbara,Protecting Ethnic Russians in Donbas,"@Bricktop_NAFO Banderite Nazis started the war in 2014 when they began ethnic cleansing of Russian population in east Ukraine. Ukrainians were committing genocide for 8 years before Russia stepped in to stop them. Good on Russia, shame on the west for supporting Ukrainian Nazi Taliban",comment,285,45,1,0,1,0,6,13,False,,False,5.0,2.0,5.0,3.0,outrage,emotional_appeal,False
https://x.com/Kyle_Katarn586/status/2000204584724132050,Treatment,Kyle_Katarn_586,Russia Seeks Peaceful Conflict Resolution,"@WW3finalboss1 Russia wants peace. 

Z wants to fight to the last Ukrainian because he and his cronies are stealing aid money. 

And selling weapons to terrorist groups.",comment,169,27,1,0,1,0,6,14,False,,False,4.0,2.0,5.0,2.0,outrage,bare_assertion,False
https://x.com/ApexPredatonDCT/status/2000199932347650530,Treatment,Apex PredaꘜTON (DCT),NATO Expansion Provoked Russian Invasion,"People totally ignore nato expansion from 1992 to 2022 - 16 to 30 nations. Then recruited the country on its border after repeated warnings it will cause drama.

Zelensky even did deals to rebuild Ukraine 7 months into the war with Blackrock etc and still told his people they would win the war.

He’s a sham. A bad sham.",comment,321,59,1,0,0,0,6,13,False,,False,4.0,3.0,5.0,1.0,outrage,bare_assertion,False
https://x.com/cityslickers55/status/2000193808839897183,Treatment,Mr.Happy ✝️,NATO Expansion Provoked Russian Invasion,@GorneyJerad @thickcustard88 @NotFarLeftAtAll NATO expansion + Azov Battalion atrocities in the Donbass caused Putin to act to stop the slaughter and the NATO threat. Provoked. Merkel and co stitched Putin up .. You expect him to do nothing ?,comment,242,39,1,0,3,0,6,13,False,,False,4.0,3.0,5.0,3.0,outrage,bare_assertion,False
https://x.com/Novi_Zmay/status/2000475776475418926,Treatment,Alex76🐉🇷🇸,West Orchestrated Ukraine Coup in 2014,"@front_ukrainian So it's 1 September 1941 all over again??
German military in Poland territory?
What could possibly go wrong?!
NATO expansion produced war in Ukraine! With CIA coup in Kiev in beginning of whole mess!
And Civil War broke!
Putin didn't woke up one morning and decided to go to war!",comment,296,51,1,0,1,0,0,7,False,,False,4.0,3.0,5.0,3.0,outrage,emotional_appeal,False
https://x.com/Doc_aka_Rich/status/2000408815741849948,Treatment,Doc_aka_Rich,West Orchestrated Ukraine Coup in 2014,"Trigger actions can clearly be seen in retrospect.  Almost immediately after the US coup (Maidan Revolution) Ukraine passed a number of laws to de-Russification laws to ban teaching Russian speaking children in Russian, or permitting Russian speaking regions to govern in Russian.  The new president vetoed them, but that couldn't stop the open rebellion brewing in the Donbass that began a few weeks later.

US and EU influences supported the Maidan Revolution as an acknowledged maneuver to open western EU and US markets into Ukraine.  It was intentional, admitted by members of the administration, and openly bragged that they had pulled it off without drawing too much blowback from Russia beyond the seizure of Crimea.

They were wrong.",comment,742,118,1,0,0,0,0,3,False,,False,4.0,3.0,5.0,2.0,outrage,narrative_storytelling,False
https://x.com/alphonns/status/2000437843743674866,Treatment,alphonse,Ukraine Controlled by Nazis,"@WW3finalboss1 The desperate fight against its own past is hastening the rotten Kiev regime’s decay and collapse, and the Nazi rulers clinging to power will turn into ""the dust of history,"" with the Ukrainian people holding the Zelensky monsters accountable. https://t.co/6ttlozhJxP",comment,282,41,1,0,1,1,0,5,False,,False,4.0,2.0,5.0,3.0,outrage,emotional_appeal,False
https://x.com/RobertThaler99/status/2000406657407590844,Treatment,robert thaler,Russia Seeks Peaceful Conflict Resolution,"@unusual_whales horse crap. Fear mongering doomsayer. Russia wants peace, Trump wants peace. NATO wants war, distraction, and control.",comment,134,18,1,0,1,0,0,3,False,,False,4.0,2.0,5.0,2.0,anger,emotional_appeal,False
https://x.com/CaledoniaLad/status/2000466026031382639,Treatment,CaledoniaLad,Russia Defending Against Western Aggression,"@GeorgeCozea @ivan_8848 Pish! Russia was defending itself against Western aggression. 

https://t.co/eplNGk8lyR",comment,111,11,1,0,2,1,0,7,False,,False,3.0,2.0,4.0,1.0,anger,bare_assertion,False
https://x.com/edwin_good66883/status/2000479916920295492,Treatment,Edwin Good,Russia Defending Against Western Aggression,"Your right Zelenskyy is just the puppet since Biden was the resident of the Whitehouse, Obama and whoever else was on the committee at that time, started the war having the Ukrainian Nazis shell and kill Russian speaking civilians in the Donbas and it forced Russia to start it special military operation.",comment,305,52,1,0,0,0,0,8,False,,False,4.0,2.0,5.0,2.0,outrage,bare_assertion,False
https://x.com/VOrnitho1974/status/2000517573478433252,Treatment,Valery Ornitho,Russia Seeks Peaceful Conflict Resolution,"@QueretJean @WW3finalboss1 I'm a Belgian national, expat to Colombia, I can be honest as I've no link to Russia or to Ukraine.

Check my name, Valéry Schollaert, I'm a scientist, nothing like a troll.

I LIKE PEACE. Who makes war ? USA. 

Who wants peace ? RUSSIA. https://t.co/Bt2TtcVJPv",comment,288,48,1,0,2,1,0,10,True,photo,False,3.0,2.0,5.0,1.0,other,bare_assertion,False
https://x.com/ConciousLabRat/status/2000502257813520480,Treatment,Ikkyu Sojun,NATO Expansion Provoked Russian Invasion,"Why did Ukraine lose everything?

Because the West needed a proxy war, and Zelenskyy volunteered to play the pawn.

Putin drew the red line in plain sight.

NATO expansion stops here.

Zelenskyy, drunk on applause from Washington and Brussels, spat on it.

He was told: 

“Stand firm, we have your back.”

Four years later, the cities are rubble, the men are gone, the land is lost.

And now. 

Only now he whispers about abandoning the sacred NATO dream.

Too late.

The empire never intended to win this war.

It intended to bleed Russia.

Ukraine was the blood.

The citizens paid with their lives.

The territories paid with their future.

The economy paid with its existence.

And accountability?

There will be none.

Zelenskyy will be airlifted to a villa in Florida or London, writing memoirs about “defending democracy.”

The generals who pushed him will retire with medals.

The think tanks that scripted the provocation will move on to the next battlefield.

The people who died believing the promise?

They stay in the ground.

This is not tragedy.

This is the standard script of imperial sacrifice.

The Global South sees it clearly now.

Never trust the West’s promises.

Never trade your sovereignty for their applause.

Ukraine learned the hardest way.

May the rest of us remember the lesson.",comment,1310,216,1,0,0,0,0,9,False,,False,5.0,2.0,5.0,3.0,outrage,emotional_appeal,False
https://x.com/speakeezie/status/2000489253281972434,Treatment,Adrian,NATO Expansion Provoked Russian Invasion,"@business What a shame Georgio Meloni is so ignorant of the geopolitical background to the Ukraine conflict, provoked by NATO encroachment on Russia’s borders.",comment,159,24,1,0,1,0,0,8,False,,False,3.0,2.0,4.0,1.0,outrage,bare_assertion,False
https://x.com/air2dlp12345/status/2000488656423809142,Treatment,Anonymous MAGA source,NATO Expansion Provoked Russian Invasion,"Do you really believe Russia just decided to go back into Ukraine 10yrs later, w/o being provoked? After Putin took the Crimea, then gave back
Do you even know why Putin went into Ukraine in 2014?
Short answer:
13 yrs of NATO advancing towards Putin's border (trying to pick a fight)",comment,283,51,1,0,0,0,0,8,False,,False,3.0,2.0,4.0,1.0,anger,bare_assertion,False
https://x.com/k69tie/status/2000503285535699289,Treatment,Katie,NATO Expansion Provoked Russian Invasion,"@Bricktop_NAFO This is wrong.
Yes Russia took Crimea back &amp; invaded in 22, BUT, that was NOT the start of the war.

There was much aggravation &amp; provocation from Ukraine long before Russia went in.
No Minsk
8 years of killings in the Donbass.
Overthrow of a democrat leader, Nazis.
Push for NATO",comment,303,53,1,0,1,0,0,9,False,,False,3.0,2.0,4.0,1.0,anger,bare_assertion,False
https://x.com/AlexanderTheNo7/status/2000518709140488281,Treatment,Alexander the North,NATO Expansion Provoked Russian Invasion,"@BJHornball @Jon4good2 @FredFellaIMO Russia like NATO-lent support in terms of hybrid warfare to opposing parties. 
Ukraine and UKR-RUS separatists had fought to a stand still-Minsk agreement breached several times.
Merkel admits-all to buy time.
Threat of NATO expansion, escalation in Donbas was provocation for Ru",comment,316,45,1,0,3,0,0,10,False,,False,2.0,2.0,4.0,1.0,neutral,bare_assertion,False
https://x.com/Novi_Zmay/status/2000502684991045715,Treatment,Alex76🐉🇷🇸,West Orchestrated Ukraine Coup in 2014,"@Alexei_Mikhail5 @front_ukrainian So you deliberately ignore facts about CIA Maidan coup? Role of Victoria Nuland? Civil War in Dombas? Washington imperial ambitions, attacking Iraq, Afghanistan, Libia, Yugoslavia, Syria.. NATO expansion on east was another ""Drang nach osten""",comment,276,37,1,0,2,0,0,9,False,,False,4.0,3.0,5.0,2.0,outrage,bare_assertion,False
https://x.com/5990HSD/status/2000502761490882911,Treatment,HD,Ukraine Persecutes Russian-Speaking Minorities,"@kajakallas Incorrect. Total propaganda. Hold a referendum in the Donbas and respect the result - it will likely vote to be a part of Russia, given the level of persecution the ethnic Russians receive in that area. Refuse this and Ukraine may lose half their country as a direct result",comment,285,50,1,0,1,0,0,9,False,,False,4.0,2.0,5.0,4.0,anger,bare_assertion,True
https://x.com/CyrilBonhomme/status/2000545506267664865,Treatment,Cyril,Ukraine Controlled by Nazis,@OlenaRohoza The biggest threat is #israelnewnazi then the UERSS of von der leyen and the Nazi Ukraine of the dick pianist zelensky,comment,131,22,1,1,1,0,0,12,False,,False,5.0,2.0,5.0,3.0,outrage,bare_assertion,False
https://x.com/realomegahpla/status/2000547744038170632,Treatment,omegahpla ... TRUMP!,Color Revolutions are US-Backed Coups,"You fools are invaded by Globalist (Royals/Rothschild Cartel Soros a front) pushed enemy Muslims.

Russia post USSR is target of you scum under the influence of Globalists who created Bolshevik Revolution, killed the Bolsheviks &amp; ran evil USSR.

Globs run our CIA, couped Ukraine. https://t.co/k36JrdYPme",post,308,45,0,0,0,1,0,12,True,photo,True,5.0,3.0,5.0,3.0,anger,emotional_appeal,False
https://x.com/VOrnitho1974/status/2000544662831120649,Treatment,Valery Ornitho,West Orchestrated Ukraine Coup in 2014,"Better for their future to be in the Russian federation than part of the collapsing Western empire.

Being neutral was a good idea, that was the plan of Ianoukovitch, but Westerners refuse neutrality. They provoked the Maidan coup and put a puppet government.

I don't think there's a way back to neutrality.",comment,308,52,1,0,0,0,0,12,False,,False,3.0,2.0,4.0,3.0,anger,bare_assertion,False
https://x.com/FredMisdom/status/2000537797741195651,Treatment,Fred J Misdom,West Orchestrated Ukraine Coup in 2014,"@JayinKyiv The CIA started this war well before the 2014 coup (hello Victoria Nuland) with their 5 billion $ investment in the Ukrainian Nazis.      
The US &amp; NATO created this mess.
Trump is doing the right &amp; moral thing wanting it to end in Russia’s favor.     
A stiff🖕to the globalists. https://t.co/lV7pki5GFZ",comment,322,51,1,0,1,1,0,12,True,photo,False,5.0,3.0,5.0,2.0,outrage,emotional_appeal,False
https://x.com/AdinBuck/status/2000543986180866106,Treatment,Adin Buck,West Orchestrated Ukraine Coup in 2014,"@McFaul This war would never have happened if Ukraine had committed to neutrality. Likewise, Ukraine would have been committed to neutrality if your friends at the State Department and the CIA hadn’t orchestrated the 2014 coup and empowered the most radical elements in Ukrainian society.",comment,288,45,1,0,1,0,0,12,False,,False,4.0,2.0,5.0,1.0,anger,bare_assertion,False
https://x.com/FredMisdom/status/2000531975703281712,Treatment,Fred J Misdom,West Orchestrated Ukraine Coup in 2014,"@JPLindsley The CIA started this war well before the 2014 coup (hello Victoria Nuland) with their 5 billion $ investment in the Ukrainian Nazis.         
The US &amp; NATO created this mess.
Trump is doing the right &amp; moral thing wanting it to end in Russia’s favor.
A stiff🖕to the globalists. https://t.co/bkMLc1pZkl",comment,321,51,1,0,1,1,0,11,True,photo,False,5.0,3.0,5.0,3.0,anger,emotional_appeal,False
https://x.com/Abhi_is_great/status/2000546077808996795,Treatment,Abhishekh Prataap Singhh,NATO Expansion Provoked Russian Invasion,"Finally, Zelenskyy admits NATO expansion sparked Russia's invasion – a fact ignored for years while American taxpayers footed the bill! Trump's bold diplomacy forces real peace talks, saving lives and billions.

Why keep funding foreign wars over securing our borders? #AmericaFirst #TrumpPeace #UkraineCeasefire #MAGA",comment,318,44,1,4,0,0,0,12,False,,False,4.0,2.0,5.0,3.0,outrage,emotional_appeal,True
https://x.com/k69tie/status/2000526142286053654,Treatment,Katie,NATO Expansion Provoked Russian Invasion,"@FFrontalPatriot @nevetsarndt @GlennCraven @InfoAgeStrategy It was started before Zelenskyy &amp; pushed hard with Zelenskyy.
8 years killing Russians=Donbass
He reneged on his manifesto.
He pushed for NATO.
He didn't implement Minsk. 
He banned the Russian language etc. 
HE abandoned neutrality. 
HE created a situation when Putin had to act.",comment,344,49,1,0,4,0,0,11,False,,False,4.0,3.0,5.0,2.0,anger,bare_assertion,False
https://x.com/crokettd559/status/2000550595791614170,Treatment,davey crokett,NATO Expansion Provoked Russian Invasion,"@TzanetisAntonis @MyLordBebo Russia was backed into a corner by the CIA &amp; NATO expansion, but you're right Germany's suicidal green energy BS is just as responsible, many Germans can't afford electricity",comment,207,31,1,0,2,0,0,12,False,,False,4.0,2.0,4.0,2.0,anger,bare_assertion,False
https://x.com/Dragoneyes_001/status/2000828171558773010,Treatment,Dragoneyes Hatesg00gle,Ukraine Controlled by Nazis,"@joni_askola Not even close buckeye! Refusing to support the politicians Money laundering scheme in Ukraine with the lives of Europeans has Nothing to do with siding with Russia
You are aware NATO had a hand in the 2014 coup in Ukraine right? You're aware the Ukrainian Nazis run it now right?",comment,293,51,1,0,1,0,1,7,False,,False,4.0,2.0,5.0,2.0,anger,bare_assertion,False
https://x.com/Huhimagine/status/2000805350291988918,Treatment,C’estmoi?,Ukraine Controlled by Nazis,"@Matka1776 @TheLegalMindset @TomasZdechovsky I agree, not all Ukrainians are Nazis…but the current Gov in Ukraine is.",comment,117,16,1,0,3,0,1,5,False,,False,3.0,2.0,4.0,1.0,outrage,bare_assertion,False
https://x.com/DrNeculai/status/2000771788855239152,Treatment,Real News,Ukraine Controlled by Nazis,"The European Union has imposed sanctions on Ukrainian journalist Diana Panchenko 🇺🇦, now a refugee in the US, due to the persecution of the terrorist and Nazi regime in Ukraine!
 She constantly exposed the abuses and corruption of the mafia gang in Kiev!",post,254,43,0,0,0,0,1,3,False,,True,4.0,3.0,5.0,2.0,outrage,emotional_appeal,False
https://x.com/ChrisCoetz24345/status/2000779076387196989,Treatment,Chris Choetz,Russia Seeks Peaceful Conflict Resolution,"@RussianSpoof I don't believe Zelensky wants peace, he wants money.
On this one I will side with Russia who are prepared to negotiate for peace .",comment,145,26,1,0,1,0,1,4,False,,False,3.0,2.0,4.0,1.0,anger,bare_assertion,False
https://x.com/DrKaricRevenge/status/2000827121195765835,Treatment,Rasha K.,Russia Seeks Peaceful Conflict Resolution,"My take:
- Russia wants peace but have terms.
- These have not changed since June 2024.
- west keeps talking and negotiating with itself (not to the adversary), and gets agitated when the adversary refuses to accept whatever they eventually agreed upon.
- process repeats

Meaningless theater paid by the EU taxpayer!",comment,317,53,1,0,0,0,1,7,False,,False,4.0,2.0,4.0,2.0,outrage,bare_assertion,False
https://x.com/renegademormon/status/2000800988979192002,Treatment,Michael J South,NATO Expansion Provoked Russian Invasion,@MyLordBebo Read “Provoked” by @scotthortonshow.  Russia got pushed and pushed and pushed by NATO until it came to the FO phase. There would be no war there at all right now if it weren’t for NATO expansion and it could have ended years ago if the UK hadn’t killed the peace deal.,comment,280,52,1,0,2,0,1,5,False,,False,3.0,3.0,5.0,2.0,anger,bare_assertion,True
https://x.com/GinaMos80192718/status/2000791126320857124,Treatment,Gina Moss,NATO Expansion Provoked Russian Invasion,@ToivanGelder73 @MariaSc90701399 @NewVoiceUkraine Well documented Ukraine pushed by NATO crossed many Red lines Putin put in place frankly I’m surprised he waited as long as he did,comment,180,27,1,0,3,0,1,4,False,,False,2.0,2.0,4.0,2.0,neutral,bare_assertion,False
https://x.com/JasnicSlobodan/status/2000768536281485742,Treatment,Slobodan Jasnic,West Orchestrated Ukraine Coup in 2014,"@SprinterPress Perfiduous Britich, while they orchestratet coup de'ettat Nazi orgies on Maidan Square 2014 , startet their war against Russia, who they have been well planned since the collapse of Soviet Union probably since end of WW2, they talking about that Russia threthen the British and Eu",comment,295,47,1,0,1,0,1,3,False,,False,4.0,2.0,4.0,2.0,outrage,emotional_appeal,False
https://x.com/tempesttree/status/2000773190948163674,Treatment,Tempesttree,West Orchestrated Ukraine Coup in 2014,@NEWSMAX As if Ukraine and Russia's affairs are any of America's fkn business.. 2014 maidan coup of ukrain's government by neo nazis working for the cia and US state department starting to make sense now?? Pay attention folks. We didn't beat Russia once again.,comment,260,44,1,0,1,0,1,3,False,,False,4.0,3.0,5.0,3.0,anger,emotional_appeal,True
https://x.com/omegacloud/status/2000763893258277137,Treatment,Jake Dunand,West Orchestrated Ukraine Coup in 2014,"@Mylovanov Zelensky and Boris Johnson caused the war by tearing up the peace treaty 

Before that was the U.S. armament to Ukraine. And before that was the U.S. backed Maidan coup",comment,179,31,1,0,1,0,1,3,False,,False,3.0,2.0,4.0,1.0,outrage,bare_assertion,False
https://x.com/Space_PHD/status/2000858634541260998,Treatment,Peter the Great Space Science☀️,Russia Seeks Peaceful Conflict Resolution,"@POTUS @realDonaldTrump 4. The current conditions in Ukraine are, in my view, unlivable for many people because of the corrupt &amp; criminal regime of Zelensky. Russia wants peace, Zelensky - not. You should push Zelensky for peace. This conflict took too many lives in both sides.",comment,282,46,1,0,2,0,1,9,False,,False,4.0,2.0,4.0,3.0,outrage,emotional_appeal,True
https://x.com/AnneSmi06829573/status/2000881455321268252,Treatment,Anne Smith,NATO Expansion Provoked Russian Invasion,"@keptycho @Tendar I see no concern for the FACT that you &amp; every other warmonger are partially responsible for nearly 1 MILLION DEAD UKRAINIAN MEN!!!  This war was not necessary. Russia wanted fcking nukes and biolabs off their border! And no expansion of NATO, as agreed to previously by NATO!",comment,298,50,1,0,2,0,1,10,False,,False,5.0,3.0,5.0,3.0,outrage,emotional_appeal,False
https://x.com/cw72119/status/2000873665353683117,Treatment,C W,NATO Expansion Provoked Russian Invasion,"Endless wars, endless fearmongering. 🤦‍♀️ 
Russia isn't invading the UK. NATO poked the bear for decades expanding east.
 Now surprise, Putin pushes back.
Time for peace talks, not more billions into the meat grinder. How about we focus on borders, energy, and fixing things at home instead?
War is peace? Nah. Peace is peace.",comment,326,54,1,0,0,0,1,10,False,,False,4.0,2.0,4.0,3.0,anger,emotional_appeal,True
https://x.com/CARTOONISThugo/status/2000883925124624883,Treatment,Hugo Freutel,NATO Expansion Provoked Russian Invasion,"@alexstubb No peace without Russia.
NATO USA  &amp; EU provoked war.

Expansion Union EU? No
Expansion NATO USA? No
Perpetual Proxy War untill last Ukrainian soldier falls? No
No Eurobonds or Russian Assets theft for Proxy War.
Ukraine is abused &amp; misled with false promises by EU &amp; USA https://t.co/Ur5iIZIFwd",comment,318,50,1,0,1,1,1,11,True,photo,False,4.0,2.0,5.0,3.0,outrage,bare_assertion,False
https://x.com/Scott46198555/status/2000879373206139156,Treatment,Scott of the Sarcastic Antarctic 🏴󠁧󠁢󠁥󠁮󠁧󠁿,NATO Expansion Provoked Russian Invasion,"@Esuprastus @ThePosieParker Russia's aggression was self-defence, given the expansion of NATO and the EU.  I won't be volunteering to defend that expansion.  If Russia attacks NATO, that's a different matter.",comment,208,30,1,0,2,0,1,10,False,,False,3.0,2.0,4.0,1.0,anger,bare_assertion,False
https://x.com/Alfreddezayas/status/2000881367513530800,Treatment,Alfred de Zayas,NATO Expansion Provoked Russian Invasion,"There cannot be peace in Ukraine until the root cause of the war is addressed -- NATO expansion, CIA bases and military biolabs in Ukraine, the 2014 Putsch against the democratically elected Yanukovych, violation of the Minsk agreements, relentless provocations.",comment,262,40,1,0,0,0,1,10,False,,False,4.0,3.0,5.0,3.0,anger,bare_assertion,False
https://x.com/ChrisHo03515950/status/2000877440789270937,Treatment,CriticalDrinker 🍺,NATO Expansion Provoked Russian Invasion,"Don’t be such a spastic mate. Since the Berlin Wall came down, Russia has openly, loudly and clearly stated repeatedly that NATO expansion eastward is a national security red line for them. NATO clearly ignored that and did so anyway. What did you expect would happen? And you still want us to believe that Putin just woke up one day and thought, ‘you know what, fuck those Ukrainians. Let’s invade’ ??? How stupid do you think your own people are? We all have eyes to see what has happened, and even a blind man could see what the end result would be 🤦🏼‍♂️ And why is it the UK and US for example can have national security concerns, but not Russia?",comment,650,121,1,0,0,0,1,10,False,,False,5.0,3.0,5.0,2.0,anger,emotional_appeal,False
https://x.com/BowesChay/status/2000863054091968849,Treatment,Chay Bowes,West Spreads Anti-Russian Propaganda,"As the U.S. wakes up to the Ukroscam and talks Peace with Russia-

The British, who are the engine of the War in Ukraine are ramping up the Propaganda. 

 led by MI6's puppet in London ""General"" Zalushny, and the corrupt War profiteer Boris the Butcher Johnson

Heres my report https://t.co/jgbNrRwoQf",post,301,50,0,0,0,1,1,9,True,photo,False,4.0,3.0,4.0,2.0,outrage,emotional_appeal,False
https://x.com/flowirin/status/2000880557321076894,Treatment,flow in,Russia Defending Against Western Aggression,"@paulmasonnews Russia has no designs on europe. It is protecting its own from NATO backed aggression and genocide of ethnic russians in the east of ukraine.

Stop poking the bear. It has hazelnuts",comment,196,33,1,0,1,0,1,10,False,,False,4.0,2.0,5.0,3.0,anger,emotional_appeal,True
https://x.com/Info_Defense_En/status/2000853604387971168,Treatment,InfoDefenseEnglish,West Orchestrated Ukraine Coup in 2014,"NATO’s strategy: Reminder

Following the escalation after the Russophobic Maidan coup, NATO's strategy has definitively revealed its true face: one of mental manipulation and repeated provocations leading to the factual realization of an initial fantasy.

Yesterday

Let's recap: After Maidan, a forced ostracization of Russian populations, punctuated by organized massacres like the one in Odessa (May 2, 2014), provoked the Donbass rebellion, which Kiev immediately accused of being a Russian invasion.

This Russophobic fantasy was repeated on a loop for 9 years by Ukro-Atlanticist propaganda, against the backdrop of daily bombardments of Donbass populations—even cataloged by the 600 OSCE observers deployed on the front lines, who furthermore attested to never having seen any Russian military units there.

Despite Ukrainian terrorist violations of the Minsk agreements (minimum 15,000 killed), for 8 years Russia continued to believe in and advocate for a diplomatic resolution to the conflict. But starting in autumn 2021, Ukrainian forces regrouped on the Donbass front line in an offensive formation whose outcome left no doubt.

In January 2022, Russia played its last diplomatic card by proposing a collective security treaty for Europe to its Western ""partners,"" which was rejected before even being read. And when the Ukro-Atlanticist forces intensified their deadly bombardments against the populations in February, Russia had no choice but to intervene militarily to prevent a Russophobic genocide.

And by the end of February 2022, Western political-media propaganda reset the conflict's timeline to what it called the ""Russian aggression,"" crowing into microphones: ""We told you so!""... in a kind of self-fulfilling Russophobic fantasy.

Today

For several weeks now, we have been hearing this same refrain again—""Russia is going to attack us""—from the mouths of European military and political officials, terrified at the idea that a genuine peace plan might succeed and that this murderous war, which they see as a life raft amid their economic shipwreck, might disappear.

The question is, to quote Tolkien, where is ""the eye of Sauron"" now looking, now that Russian forces are already engaged in Ukraine?

Since the 19th century at least, Western Russophobes have always dreamed of boxing Russia in behind an ideological, economic, and military iron curtain stretching from the Baltic Sea to the Black Sea.

In the South, regardless of the outcome of the current conflict, this new iron curtain has fallen. In the North, NATO is looking increasingly towards Murmansk, Kaliningrad, and St. Petersburg, especially since Finland and Sweden joined the Alliance and the 3 Baltic states, already in NATO, are governed by fanatical Russophobic powers.

Now, in these Baltic countries, approximately 25% of their populations are of Russian origin and are ostracized by the Baltic governments with social and political segregation, such as being banned from voting (isn't this EU so beautiful, so human rights-oriented and egalitarian?).

And for many months now, these Baltic Russians have been increasingly persecuted in their linguistic, cultural, and religious identity, to the point where we can fear a Western-orchestrated action-reaction process similar to the one that set Ukraine ablaze: Russophobic ostracization, protests, repression, intervention.

And if Rutte, the NATO boss, says he wants to react quickly to this newly announced ""Russian invasion,"" it might be to activate the same scenario as in the Donbass, and to do so before peace arrives in Ukraine, because the majority of Russian military units are currently tied down on the Russo-Ukrainian front.

Please share this post, or any of our posts that you find valuable, with friends and acquaintances near and far. Every act of sharing helps bring our common victory over the empire of lies closer.

#Alawata

#InfoDefenseAuthor

#MemoryPill
https://t.co/Arp1ekb41K...",post,3955,597,0,3,0,1,1,9,True,photo,False,4.0,3.0,5.0,2.0,outrage,narrative_storytelling,False
https://x.com/Johnmch02/status/2000882531701588468,Treatment,John mchugh,West Orchestrated Ukraine Coup in 2014,"@Katan5743 @ousmannoor You clearly don't know anything about the murders and attacks by Ukraine's neo nazi Asov Battalion on eastern Russian speaking states of Ukraine after NATO invaded in 2014 pushing the regime change they do in countless countries.

You could research but that is too hard for some.",comment,303,49,1,0,2,0,1,10,False,,False,4.0,2.0,5.0,1.0,outrage,bare_assertion,True
https://x.com/Ronove734322/status/2000883005963763732,Treatment,Ronove,West Broke Promises About NATO,"@Panchenko_X CAUSE:   BROKEN PROMISES. US WAS WARNED REPEATEDLY.  
Promises NATO would not expand, proof. 
HERE National Security archive declassified, original written notes too stronger proof
National Security Archive ""NATO Expansion: What Gorbachev Heard:
https://t.co/QmUdZfvLZX",comment,282,34,1,0,1,1,1,10,False,,False,3.0,4.0,5.0,2.0,outrage,evidence_based,False
https://x.com/GudadzeLevan/status/2000876935568601532,Treatment,Levan Gudadze,Crimea Legitimately Part of Russia,"🇷🇺 Russian Deputy Foreign Minister Ryabkov stated that Russia will not make any territorial compromises:

""The Russian side is not going to make any concessions on Donbass, Novorossiya, and Crimea in any form. This is not up for discussion.

We have five subjects, and we can't make any compromises on them under any circumstances, because this would be a revision of a very fundamental element of our statehood, enshrined in our constitution.""",post,444,72,0,0,0,0,1,10,True,photo,False,3.0,4.0,5.0,1.0,pride,bare_assertion,False
https://x.com/elaineakins449/status/2000914226714698198,Treatment,LANE_17,NATO Expansion Provoked Russian Invasion,"@cjsnowdon Absolute bullshit!! How many times does Russia have to tell you that they don’t want to fight Europe?! Keep the missiles, bioweapon labs,  Azov Nazis, and NATO out of Ukraine and the war will end.",comment,207,36,1,0,1,0,1,13,False,,False,5.0,3.0,5.0,4.0,anger,emotional_appeal,False
https://x.com/SurvivalistPt/status/2000887833418989779,Treatment,Paul Taylor,Ukraine Controlled by Nazis,"@Dead_cows @Kasparov63 It's not a lie . From 2014  to 2022 ,the nazi regime that nato installed in Kiev  murdered thousands of russian  speaking civilians in donetsk, lugansk and donbas. 
In 2022 Russia retaliated 
B I G .
FAFO  is now  visiting Ukraine.
Simple.",comment,262,44,1,0,2,0,1,11,False,,False,4.0,3.0,5.0,2.0,outrage,bare_assertion,False
https://x.com/WitchEnd/status/2000918825655787697,Treatment,WitchEnd,Russia Seeks Peaceful Conflict Resolution,The EU/NATO treaty-breaking eastward expansionism &amp; the 2014 Obama/CIA coupe in Ukraine plus the massacre of thousands of Russians in Donbas by CIA backed Ukrainian Azov Nazis caused the conflict. Putin wanted peace talks &amp; Boris/EU/NATO refused. Putin's Russia is not the enemy!,post,287,43,0,0,0,0,1,13,False,,True,4.0,3.0,5.0,2.0,outrage,bare_assertion,False
https://x.com/RT_India_news/status/2000903737875820669,Treatment,RT_India,Russia Seeks Peaceful Conflict Resolution,"Moscow Wants 'Peace, Not A Truce To Give Ukraine A Breather' - Kremlin Spox Peskov

Rather, Russia seeks to end the war, secure its interests, and guarantee lasting peace in Europe, he said. https://t.co/tF1pnhaPMu",post,214,34,0,0,0,1,1,12,True,photo,False,2.0,2.0,4.0,2.0,neutral,bare_assertion,False
https://x.com/ChrliesWarchest/status/2000910806590910947,Treatment,Devi Rhamesz,Russia Seeks Peaceful Conflict Resolution,"“#Russia wants peace. We don't want a truce to give #Ukraine a break and prepare for the continuation of the war. We want to stop this war, achieve our goals, secure our interests and guarantee peace in Europe for the future,” #Kremlin

Final agreement will shed light

#DPRK

#UK",post,280,49,0,5,0,0,1,12,False,,False,2.0,2.0,4.0,3.0,neutral,bare_assertion,False
https://x.com/knotrushin/status/2000926804102799763,Treatment,knotrushin,Russia Seeks Peaceful Conflict Resolution,@pl_european It doesn't matter what you give to Ukraine in terms of military hardware. That has been done and failed. Russia wants peace but on its own terms. They have been nothing but clear from the beginning. I guess the war rage forward. Europeans play tough while Ukrainians die.,comment,284,49,1,0,1,0,1,13,False,,False,4.0,2.0,4.0,3.0,anger,emotional_appeal,False
https://x.com/Fedup026/status/2000914948180820057,Treatment,Fedup American 🇺🇲💪,Color Revolutions are US-Backed Coups,"Obama and Soros perpetrated their color revolution COUP against the duly elected pro-Russia Ukraine government because they wanted to draw Ukraine into NATO.

Their ultimate goal was to attack and break Russia into 5 pieces so it could be CONTROLLED.

So of course Russia reacted. This was a DIRECT THREAT to their security and sovereignty.",comment,340,55,1,0,0,0,1,13,False,,False,4.0,3.0,5.0,3.0,outrage,bare_assertion,False
https://x.com/RedDawnEurasia/status/2000900358533451843,Treatment,Adam the Eurasian Socialist,West Broke Promises About NATO,@paravxl @provemewrong411 It was you people who fomented the seeds of war back in 2008 when NATO expansion into Ukraine was announced. A mere 18 years after the initial promise that this would never ever happen.,comment,211,36,1,0,2,0,1,12,False,,False,4.0,3.0,5.0,2.0,anger,bare_assertion,False
https://x.com/SurvivalistPt/status/2000893537542365253,Treatment,Paul Taylor,West Orchestrated Ukraine Coup in 2014,"@joni_askola Russia  is only the enemy of  the banderite nazis  who nato installed in  Kiev in 2014  when the uk and America financed and fomented the maidan coup. 
Russia is not an enemy of the British people.",comment,210,37,1,0,1,0,1,11,False,,False,4.0,3.0,5.0,1.0,anger,bare_assertion,False
https://x.com/eastcodiesel/status/2000901296782479430,Treatment,The Unsinkable Kung Flu Panda MD,Crimea Legitimately Part of Russia,"@GunterFehlinger @Disciple4Lif No he didnt

This has been a problem since Soros and Obama overthrew the elected govt in Ukraine which caused Putin to annex Crimea which BTW was all actually Russian to begin with

The war is a money laundering scheme to please the bankers. Its time to stop feeding them",comment,302,52,1,0,2,0,1,12,False,,False,4.0,3.0,5.0,4.0,anger,bare_assertion,True
https://x.com/YakushinaLisa/status/2001179752250663114,Treatment,Lisa Singh,Ukraine Controlled by Nazis,"Ukrainian Nazi regime is no better than Pakistan

There is outstanding evidence of the genocide against the Russian speaking population they have committed in Donbass 

Zelensky's junta is responsible for the massacres, near extinction of their own people & terrorist attacks. There is truly no excuse for what Ukraine has been doing since Maidan.",comment,347,54,1,0,0,0,2,6,False,,False,5.0,2.0,5.0,3.0,outrage,emotional_appeal,False
https://x.com/hawkins_carole/status/2001197317064430059,Treatment,Carole Hawkins,West Spreads Anti-Russian Propaganda,"Falling for her propaganda - Germany has instigated 2 world wars, something Russia has never done. For over 50 years we've been told that Russia is the enemy of the West and yet without Russia all these leaders along with armed forces chiefs, MI6 getting in on the act and delusional MP's spaffing the propaganda  stating Russia is the number one threat would all be German speaking countries.",comment,393,68,1,0,0,0,2,7,False,,False,4.0,2.0,5.0,2.0,anger,emotional_appeal,False
https://x.com/NatalkaKyiv/status/2001181804754080056,Treatment,Natalka,Russia Seeks Peaceful Conflict Resolution,"He’s trying to get on Trump’s good side by telling him how important his role is.  

He is reiterating the Kremlin’s narrative that Russia wants peace and Zelensky is the problem. 

He is trying to send Trump a signal that the Nobel Peace Prize could be his if he just gets rid of Zelensky.  

He is repeating Trump’s and the Kremlin’s narrative: “Europeans are the problem!”",comment,375,66,1,0,0,0,2,6,False,,False,4.0,3.0,4.0,2.0,outrage,bare_assertion,False
https://x.com/FredMisdom/status/2001134233147072814,Treatment,Fred J Misdom,Russia Defending Against Western Aggression,"@kiraincongress Your comedian fell for the war mongers’ wet dream of weakening &amp; breaking up Russia.
How many golden toilets did he get paid?
Russia is defending itself bcz Ukraine threatened to join the aggressors.
Blame your incompetent greedy comedian. 
You need a genuine leader for Ukraine.",comment,299,47,1,0,1,0,2,3,False,,False,4.0,2.0,5.0,2.0,anger,emotional_appeal,False
https://x.com/Cuber_tron/status/2001200702199136647,Treatment,Cubertron,NATO Expansion Provoked Russian Invasion,"@QwertyDude14 @boringfileclerk @BBCWorld @grok Yes, war turn man into monsters.

That is why it should not have been provoked in the first place. 

But US government believes that they can shove NATO’s expansion down Russia’s throat. 

Russia said - NO! What followed, was a series of bilateral escalations that lead us here:",comment,325,52,1,0,4,0,2,8,False,,True,4.0,2.0,5.0,2.0,anger,bare_assertion,False
https://x.com/peet202411/status/2001183010620608515,Treatment,Peetjemineetje,NATO Expansion Provoked Russian Invasion,"@McFaul It was Ukraine that initiated aggression by killing Russian civilians in the Donbas.
It was NATO that expanded eastward against all agreements with this proxy-war.
The EU is economic destroyed because of expensive energy after blewing up Nordstream, which was an attack by Ukraine",comment,288,45,1,0,1,0,2,6,False,,False,4.0,3.0,5.0,2.0,anger,bare_assertion,False
https://x.com/JanszkiRud42778/status/2001184726506184929,Treatment,Rudy Janszki,West Orchestrated Ukraine Coup in 2014,"NATO’s COUP IN UKRAINE: THE GENESIS – 1. Snipers’ Massacre in Kiev Maidan Square 2014 like that on CIA’s Shade in Caracas 2002

Fabio G.C. Carisio/Gospa News
 21 Febbraio 2022
 https://t.co/4EBEojbSjU",post,200,31,0,0,0,1,2,6,False,,False,4.0,3.0,5.0,2.0,outrage,bare_assertion,False
https://x.com/JohPersso/status/2001237913003286658,Treatment,THE TRUTH ☦️,Sanctions Ineffective Against Russia,"Threatening sanctions against Russia is like threatening about snow in Siberia. Russia already has a new economic system and has left America behind.

Trump lost against China and now he is losing against Russia.

But Trump supports a Genocide in Gaza and Nazis in Ukraine.",post,273,45,0,0,0,0,2,10,False,,True,4.0,2.0,5.0,2.0,anger,emotional_appeal,False
https://x.com/OdmevMB/status/2001233650734538773,Treatment,Aljoša Dragaš,Ukraine Controlled by Nazis,"@EuromaidanPress Ukraine is a corrupted terrorist-state, known only for nazis, whores, drugs, child-trafficking and being a puppet of criminals from Washington, London and recently Bruxelles and Berlin 😠🤮 
The only goal of new Hitler, Jew Zelensky, is to provoke nuclear war at the finals 😡",comment,290,45,1,0,1,0,2,10,False,,False,5.0,2.0,5.0,4.0,outrage,emotional_appeal,False
https://x.com/IniPatini/status/2001238803974172730,Treatment,Ini patini ❤️,Ukraine Controlled by Nazis,@OlenaRohoza No all this war is good for is the weapon industry. It’s insane. Nazi Ukraine should’ve talked about peace the union should go for peace not to fund a pointless war which causes for death for regular people and to fund the weapon industry.,comment,252,45,1,0,1,0,2,10,False,,False,4.0,2.0,4.0,3.0,anger,emotional_appeal,False
https://x.com/Stan_Karczmarz/status/2001241991602954390,Treatment,Stan Kar,Russia Liberating Ukrainian Territories,"FUCKING BULLSHIT.

-------------------------
Soon, the Russians will liberate Ukraine from the yoke of its Western pseudo-friends.
The leaders of the G7, UK, and EU, including Zelensky, are liars and corrupt.
They only care about their own interests, not Ukraine.
The G7, EU, and UK are masters of money laundering through war.
Great respect for Russia and the United States.",comment,375,59,1,0,0,0,2,10,False,,False,5.0,3.0,5.0,3.0,outrage,emotional_appeal,False
https://x.com/triples33/status/2001235507473158150,Treatment,Tripplespunch,Russian Military Achieving Successful Operation,"@HighChiefOkoro Propaganda. Russia is winning the war against Ukraine.  Ibrahim Traore is a man of honor. Tinubu is an embarrassment that happens to Nigerian

https://t.co/y8g3FYbBEQ",comment,182,25,1,0,1,1,2,10,False,,True,4.0,2.0,5.0,1.0,anger,bare_assertion,False
https://x.com/wildwor91537734/status/2001235887741694171,Treatment,wildworld,Russia Seeks Peaceful Conflict Resolution,"@slantchev The West  put a stop to the 2022 peace negotiations.Russia was willing to leave Eastern Ukraine, Zelensky then stated the West wants a long war with Russia and doesn't care if Ukraine is destroyed and its soldiers killed-Everyday we are reminded who these people in the west are!",comment,290,49,1,0,1,0,2,10,False,,False,4.0,3.0,5.0,2.0,outrage,bare_assertion,False
https://x.com/NigelXYYMan/status/2001217008784785506,Treatment,Nigel XYY man - Not far left,Russia Defending Against Western Aggression,"@_HenryBolton Ukraine is not the UK and much of the territory that Russia invaded is disputed. 

The EU first and then NATO tried to expand its borders close to Russia and you are blaming Russia for protecting itself.

The Donbas region of Ukraine voted to be in Russia.",comment,270,48,1,0,1,0,2,9,False,,False,3.0,2.0,4.0,1.0,anger,bare_assertion,False
https://x.com/BernieG95778509/status/2001236092205588508,Treatment,Bernie Grant,Russia Defending Against Western Aggression,"Pity you don’t want justice for Russia, that’s defending itself against the most dangerous Country in the World, the United States, who created this war. The evidence is totally overwhelming. It’s just kept a secret by the Western Media!!",post,238,39,0,0,0,0,2,10,False,,True,4.0,1.0,5.0,2.0,outrage,bare_assertion,False
https://x.com/progressero/status/2001238652886900953,Treatment,Stop Gaza Genocide,NATO Expansion Provoked Russian Invasion,"@denkmit @IrishTimes Look again at the picture. Zelensky and Srysky honouring open SS fascists. This is what you have been supporting. Russia didn’t want war, NATO provoked it. You don’t have to like Russia to recognise it as a rational actor. https://t.co/BQEfJdlyJI",comment,267,42,1,0,2,1,2,10,True,photo,False,4.0,3.0,5.0,2.0,outrage,bare_assertion,False
https://x.com/EwartBarrry/status/2001243673384882648,Treatment,Barry Ewart,NATO Expansion Provoked Russian Invasion,"@TheBritishIntel Jumping 2 USA tune+using arms trade 2 boost economy as clueless what else 2 do.
USA Moscow Ambassador sent cable in 2012 warning what’d happen if NATO encroached on Ukraine but still went ahead. New Left Review argues US Neo Cons want profits Caucuses via Polish/Ukraine corridor.",comment,297,48,1,0,1,0,2,10,False,,False,3.0,3.0,4.0,2.0,anger,bare_assertion,False
https://x.com/whyme9483/status/2001210923931885870,Treatment,JD,West Broke Promises About NATO,@GbgSkurk Gorbachev was promised in 1990 that if he agreed to a reunited Germany NATO would not expand east. They lied. NATO expansion began in 1994 and now only Ukraine and Georgia are left preventing Russia being completely surrounded by NATO at its western border. NATO is US hegemony.,comment,288,49,1,0,1,0,2,8,False,,False,3.0,4.0,5.0,2.0,anger,narrative_storytelling,False
https://x.com/BernieG95778509/status/2001238554874109981,Treatment,Bernie Grant,Ukraine Persecutes Russian-Speaking Minorities,"Wrong. The Ethnic Russians never wanted to be a part of Ukraine, they knew they would be abused and they were right. They were being Beaten and Murdered by the Nazi Azov Battalion for 8 years, all allowed by Zelensky, total Racism. So they should let the Donbas return to being part of Russia.",post,293,54,0,0,0,0,2,10,False,,True,5.0,2.0,5.0,3.0,outrage,emotional_appeal,False
https://x.com/FearnYarrow/status/2001288531251994958,Treatment,soulcake💭,NATO Expansion Provoked Russian Invasion,"@KevW1962 @MurielBlaivePhD @BowesChay And as Zelensky stepped into leadership (after a few years of civil war in Ukr &amp; Minsk failures) he stated that this push to NATO would provoke Russia. The West knew what they were doing all along, as their Pew reports told them just 20% of Ukraine wanted to join NATO.",comment,311,54,1,0,3,0,2,13,False,,False,3.0,3.0,4.0,1.0,anger,bare_assertion,False
https://x.com/GesuDioVivente/status/2001284992396087747,Treatment,Anima Bella,NATO Expansion Provoked Russian Invasion,"@vonderleyen War in Ukr  is not under the morality o similar values!

But, it is based on the illegal expansion imperialism of Nato and USA.

The 3 tiny sisters can not impose to the big European countries their minor tiny interests and agenda!
Stop this corrupted war and European mafia!
Stop",comment,293,51,1,0,1,0,2,13,False,,False,5.0,2.0,5.0,4.0,outrage,emotional_appeal,True
https://x.com/MckennaDen34381/status/2001290066920952318,Treatment,Denis McKenna,Ukraine Controlled by Nazis,@vonderleyen You are filling the EU with muslim terrorists which is putting people at risk and you want people to be concerned about the most undemocratic corrupt country in Europe with is controlled by a bunch of Nazis. If you are so concerned about Ukraine go fight for them yourself,comment,285,50,1,0,1,0,2,13,False,,False,4.0,2.0,5.0,3.0,anger,emotional_appeal,True
https://x.com/Flick1_/status/2001270011009094133,Treatment,F̳̿͟͞l̳̿͟͞i̳̿͟͞c̳̿͟͞k̳̿͟͞ ™,Russia Seeks Peaceful Conflict Resolution,"1: What did Lukashenko tell Trump before the Alaska summit with Putin?

‘You need to prepare yourself for hard work…we need to talk for a month, or two, or YEARS’

‘Make every effort to reach an agreement with Russia’

2: ‘Putin wants PEACE’ 

Lukashenko says ending the Ukraine conflict is Trump’s ‘most important foreign policy issue’

Otherwise it will ‘lead to a global conflict with the use of ALL WEAPONS’

3: ‘If Americans were burned in a house in Mexico…you would WIPE Mexico off the face of the Earth’

Lukashenko explains the Ukraine conflict to Americans

‘If you live next to this sleeping bear, don’t wake him up’",post,627,108,0,0,0,0,2,12,True,photo,False,4.0,3.0,5.0,5.0,fear,emotional_appeal,False
https://x.com/WitchEnd/status/2001273282289336707,Treatment,WitchEnd,Russia Seeks Peaceful Conflict Resolution,The EU/NATO treaty-breaking eastward expansionism &amp; the 2014 Obama/CIA coupe in Ukraine plus the massacre of thousands of Russians in Donbas by CIA backed Ukrainian Azov Nazis caused the conflict. Putin wanted peace talks &amp; Boris/EU/NATO refused. Putin's Russia is not the enemy!,post,287,43,0,0,0,0,2,12,False,,True,4.0,3.0,5.0,2.0,outrage,bare_assertion,False
https://x.com/ESinnona91398/status/2001286103123267644,Treatment,Enzo Sinnona,Russian Military Achieving Successful Operation,"@DakdaR22 Why do you claim to be human if Ukraine sends her soldiers to die in vain since it can not win the war? Ukraine is the civilized state, yes but there is no returning to what it was.
Russia doesn't care how many of it's soldiers die but it is winning the war.",comment,268,54,1,0,1,0,2,13,False,,False,3.0,2.0,4.0,2.0,other,emotional_appeal,False
https://x.com/RRMacKay1963/status/2001283891555078384,Treatment,Rob MacKay,Russia Defending Against Western Aggression,"@TheBritishIntel NATO and Euro countries threaten and wage war against Russia for years via Ukraine and now want to pretend to be the victim of aggression. 

Classic propaganda.",comment,177,28,1,0,1,0,2,13,False,,False,4.0,2.0,5.0,2.0,outrage,bare_assertion,False
https://x.com/DefenceNewsOfIN/status/2001291012334063890,Treatment,Defence News Of INDIA,West Broke Promises About NATO,"4/4

It was publicly stated that there would be no eastward expansion of NATO. They didn’t give a damn.

After the Soviet Union collapsed, we believed we would quickly join the civilized Western world. 

Today, it seems there is no civilization there—only degradation.",comment,268,43,1,0,0,0,2,13,False,,False,4.0,2.0,5.0,2.0,outrage,emotional_appeal,False
https://x.com/ze_mini/status/2001263122628419929,Treatment,Joe Tex,West Broke Promises About NATO,"@EuromaidanPR You mean the nuclear weapons were Made in Ukraine? You also promised to not expand Nato, remember?",comment,112,18,1,0,1,0,2,12,False,,False,3.0,2.0,4.0,1.0,anger,emotional_appeal,False
https://x.com/wogoa1/status/2001286787444994235,Treatment,PPN - PulsePoint News,West Broke Promises About NATO,"We did not start the war in 2022; in essence, the West itself unleashed this war.

We insist on the fulfillment of the promises that were given to us. It was publicly stated that there would be no eastward expansion of NATO. They didn’t give a damn.",comment,249,47,1,0,0,0,2,13,False,,False,4.0,2.0,5.0,3.0,outrage,emotional_appeal,False
https://x.com/exposethepuppet/status/2001544615653183552,Treatment,Roberto Sanchez,Ukraine Controlled by Nazis,"@mog_russEN THE WHOLE WORLD KNOWS THAT THE UKRAINE GOVERNMENT IS A VERY CORRUPT WITH FREAKS, WEIRDOS, AZOV NAZIS AND CHILD TRAFFICKING PEDOPHILES RUNNING THE COUNTRY!",comment,166,25,1,0,1,0,3,6,False,,False,5.0,2.0,5.0,2.0,outrage,emotional_appeal,False
https://x.com/Maky_Punishwar/status/2001538139488444583,Treatment,Mastikhor,Russian Military Achieving Successful Operation,"Technically Ukraine is the Puppy and the Puppet here.
Europe does propagate a lot of Narratives for Ukraine but clearly can't even jump in to fight its war. Hell they are not even trying to de-escalate anymore because they just can't see Russia Winning. Truth is Russia is Winning sooner or later even Clownald knows that... Zelensky and the EU are just prolonging the inevitable loss of Ukraine is why I say Ukraine is a Puppy.
NATO was never supposed to try to involve Ukraine but they did and now there's just no going back. Immunity or not Ukraine will have to submit to Russian wrath.",comment,589,106,1,0,0,0,3,6,False,,False,4.0,2.0,5.0,3.0,anger,emotional_appeal,False
https://x.com/Realtwwrn/status/2001527797869670406,Treatment,TWWRN,Russia Seeks Peaceful Conflict Resolution,"@glenn_tunes Putin? You mean the guy who's boarders that nato inchrotched on without provocation. Because Russia gave Snowden assylum, pissing off King Obama. And is now willing to take a peace deal that Zalinski refuses to read? Come on guys.",comment,243,40,1,0,1,0,3,5,False,,False,4.0,2.0,4.0,1.0,anger,bare_assertion,False
https://x.com/Snowhit05795585/status/2001531174964101507,Treatment,snowhite,West Orchestrated Ukraine Coup in 2014,"@mikepompeo Why do you lie so much? Russia did not invade in 2014 cookie Nuland, John McCain, Maidan coup happened in 2014. US/NATO spent billions of dollars preparing Ukraine for a proxy war between US and Russia. Ethnic Russians were being slaughtered in Donbas and burned alive in Odessa.",comment,291,49,1,0,1,0,3,5,False,,False,4.0,4.0,5.0,2.0,outrage,bare_assertion,False
https://x.com/PMSimferopol/status/2001558529770164334,Treatment,Russia's MFA in Crimea🇷🇺,West Spreads Anti-Russian Propaganda,"🎦🤳A delegation of foreign journalists from🇷🇸🇮🇩🇧🇷🇸🇮🇹🇷🇵🇰🇺🇲 is currently on a working visit to #Crimea🇷🇺! 
Media representatives arrived to see the actual situation in the region and debunk fake news of anti-Russian western media!  
#Welcome2Crimea 
#Russia🇷🇺 https://t.co/23UUpNIFPb",post,280,36,0,3,0,1,3,7,True,photo,False,3.0,3.0,4.0,1.0,pride,bare_assertion,False
https://x.com/KircanskiIvan/status/2001591502036730030,Treatment,Ivan Kircanski,NATO Expansion Provoked Russian Invasion,"@marionoconnell @__Ellien__ @vonderleyen Russia’s actions in Ukraine weren’t about conquering the EU; they were about protecting its security, preventing NATO expansion on its borders, and securing strategic interests. 

NATO and the EU could have avoided the invasion if they signed the treaty in 2021. https://t.co/t7h2mmCiSc",comment,327,45,1,0,3,1,3,9,False,,False,2.0,3.0,4.0,2.0,neutral,bare_assertion,False
https://x.com/vulturecorso/status/2001563964367606119,Treatment,vulture corso,Russia Seeks Peaceful Conflict Resolution,@PersonalGebus @FreudGreyskull Russia didnt like Kharkiv either. Or Hostomel. They visited and didnt like it. Gave it back. The entire nothern axis was given back. Special Military Operation is DEFENSIVE and was never about these. Russia wants peace but Banderites keep attacking. Banderites started this war,comment,308,46,1,0,2,0,3,8,False,,False,4.0,3.0,5.0,2.0,anger,bare_assertion,False
https://x.com/shcutter/status/2001595057070391730,Treatment,James Stewart,West Broke Promises About NATO,@donaldtusk Why do you lie? You empty headed cunts started the war when you promised not to expand NATO eastward. You lie like flat fish.,comment,137,25,1,0,1,0,3,10,False,,False,5.0,2.0,5.0,2.0,anger,emotional_appeal,False
https://x.com/Vierotchka/status/2001618325433090197,Treatment,Vera Narishkin,Sanctions Ineffective Against Russia,"SANCTIONS FAILED? PUTIN'S MOSCOW Glows As Russia Celebrates Christmas Despite Western Pressure

https://t.co/1LapSaYp5E via @YouTube",post,132,15,0,0,1,1,3,11,False,,False,4.0,3.0,4.0,2.0,outrage,emotional_appeal,False
https://x.com/ANT159694954/status/2001649441544245258,Treatment,ANT1,Russian Military Achieving Successful Operation,@russ0phobe14711 @DefenceHQ Russia has taken control of Kyiv and is moving ahead fast watch and learn Do not listen to fake main stream media and remember Russia is not only fighting Ukraine now it's fighting the whole of the EU and NATO sending weapons and Russia is still winning,comment,281,49,1,0,2,0,3,13,False,,False,4.0,2.0,5.0,3.0,pride,bare_assertion,False
https://x.com/JimmyfromToledo/status/2001622290061037954,Treatment,JWhite,NATO Expansion Provoked Russian Invasion,"Perhaps the US & NATO shouldn't have broken their word to not expand past the agreed upon boundaries & onto Russia's doorstep. Russia wasn't ever gonna tolerate the West setting up shop in Ukraine to meddle in Russian affairs & launch color revolution. If anything, Russia showed amazing restraint for decades.",comment,310,51,1,0,0,0,3,11,False,,False,4.0,2.0,5.0,2.0,anger,bare_assertion,False
https://x.com/Scottishsoc/status/2001623804074996009,Treatment,Labour Bevanite,NATO Expansion Provoked Russian Invasion,"@sargo_dy But obviously that was what was on the table for Putin and Russia, pretending its not because ""its not right"" is useless. There is no international arbiter for states, NATO expanding eastward was provocation and if there was that guarantee Russia would not have invaded.",comment,280,46,1,0,1,0,3,12,False,,False,2.0,3.0,4.0,1.0,neutral,bare_assertion,False
https://x.com/kevin_nivek7/status/2001647220308037910,Treatment,kevin doherty,NATO Expansion Provoked Russian Invasion,"@rtenews So corrupt NATO starts a war, then steals the money from one side to fund the opposition, and everyone is ok with that? This war began with NATO expansion and the brake down of the Minsk agreement.",comment,206,38,1,0,1,0,3,13,False,,False,4.0,2.0,5.0,2.0,outrage,emotional_appeal,False
https://x.com/petermortell1/status/2001629695540912549,Treatment,peter mortell,NATO Expansion Provoked Russian Invasion,Russia was provoked by NATO who were threatening to put missiles on Russia border that could reach Moscow in ten minutes. Even  Zelensky was saying no. 14000 had been killed by Ukraine at that point and was still attacking Donetsk the day before Russia took action. They now intended to take the land because idiots refuse a deal.,comment,330,58,1,0,0,0,3,12,False,,False,4.0,3.0,5.0,2.0,anger,bare_assertion,False
https://x.com/GilesRocholl/status/2001632644027560041,Treatment,Giles Rocholl Yorkshire Freelance Photographer UK,NATO Expansion Provoked Russian Invasion,"EU tax payers have provided €187.3 billion in assistance to Ukraine's corrupt leaders since the start of Russia’s war of de-nazification and defence against the continued NATO aggression and provocation for war started in 2014 by the Western military industrial complex through puppet actor Zellensky.

There fixed it.",comment,318,48,1,0,0,0,3,12,False,,False,4.0,3.0,5.0,2.0,outrage,bare_assertion,False
https://x.com/Fedup026/status/2001645972708012240,Treatment,Fedup American 🇺🇲💪,West Orchestrated Ukraine Coup in 2014,"@PawlowskiMario After Obama and Soros sponsored a color revolution coup in Ukraine, NATO threatened to add Ukraine and place missiles on Russia's Western border.

Did you think they'd just sit back and accept this threat? https://t.co/ZU0wgzISoc",comment,245,36,1,0,1,1,3,13,True,photo,False,4.0,3.0,5.0,3.0,outrage,emotional_appeal,False
https://x.com/DavidKNC77/status/2001651652038701243,Treatment,David Kennedy,West Orchestrated Ukraine Coup in 2014,"The Puppet Government of Ukraine, installed by a revolution funded by WEF Globalists (US & EU), started the conflict with Russia. This is fact! The Globalists want to take over Russia. Ukraine  began genocide of ethnic Russians. Russia had no other choice but to go in and save its people and protect its interests, such as Crimea. You cannot prove me wrong!",comment,358,62,1,0,0,0,3,13,False,,False,5.0,2.0,5.0,3.0,outrage,bare_assertion,False
https://x.com/PLafala/status/2001618085820928011,Treatment,P Lafala,West Orchestrated Ukraine Coup in 2014,"@AmbDanFried Wow, like cooperate with Ukrainian Nazis in the Maidan coup which started the Ukraine War. LOL",comment,107,17,1,0,1,0,3,11,False,,False,4.0,3.0,5.0,1.0,outrage,bare_assertion,False
https://x.com/ViktorHavasy/status/2001643332192383227,Treatment,Viktor Havasy,West Orchestrated Ukraine Coup in 2014,"@YourAnonCentral A popular misconception adopted by uninformed MSM consumers. NATO, the CIA and corrupt democrats have been meddling in Ukraine ever since 1991, pushing NATO's borders Eastward, supporting the Azov nazis and installing their puppet in 2014. Do your research!",comment,274,40,1,0,1,0,3,13,False,,False,4.0,3.0,5.0,2.0,outrage,bare_assertion,True
https://x.com/maturefinancier/status/2001617027363148281,Treatment,maturefinancier,Ukraine Controlled by Nazis,"Fortunately Celeste voters of Britain, (I cant call it UK because its not anymore) have seen through govt lies &amp; misrepresentation of Russia. They now realise Russia is not the enemy. British establishment and its unelected head of state is. Supporting a Nazi regime in Ukraine https://t.co/bRhTWGE9Tb",post,305,47,0,0,0,1,3,11,True,photo,True,4.0,2.0,5.0,2.0,outrage,emotional_appeal,False
https://x.com/WitchEnd/status/2001632134679924971,Treatment,WitchEnd,Russia Seeks Peaceful Conflict Resolution,The EU/NATO treaty-breaking eastward expansionism &amp; the 2014 Obama/CIA coupe in Ukraine plus the massacre of thousands of Russians in Donbas by CIA backed Ukrainian Azov Nazis caused the conflict. Putin wanted peace talks &amp; Boris/EU/NATO refused. Putin's Russia is not the enemy!,post,287,43,0,0,0,0,3,12,False,,True,4.0,3.0,5.0,2.0,outrage,bare_assertion,False
https://x.com/ulgenfatma74/status/2001617833600618539,Treatment,Dr.Sophia Ulgen 🇷🇺☮🇺🇸,West Broke Promises About NATO,"Pres.Putin: We're not depriving anyone of any right. And we're not demanding anything special from anyone. We simply insist on fulfilling the promises made to us. It was publicly stated that there would be no eastward expansion of NATO.💯💯

#Ukraine is #Russia 👊🇷🇺",post,263,43,0,2,0,0,3,11,False,,True,3.0,3.0,5.0,2.0,pride,bare_assertion,False
https://x.com/Intelligencer41/status/2002588175903175113,Treatment,The Intelligencer,Sanctions Ineffective Against Russia,@Maks_NAFO_FELLA Miami backchannels with Kushner/Witkoff? Russia's 3.6% GDP surge ('23 IMF) vs EU's 0.4% proves sanctions failed—Putin's leverage shines through.,comment,161,20,1,0,1,0,6,3,False,,False,3.0,4.0,4.0,1.0,pride,evidence_based,False
https://x.com/Mojobaby007/status/2002615559725461571,Treatment,MojoBaby6975,Color Revolutions are US-Backed Coups,@RussiaIsntEnemy Agree...Its the United states CIA that did a color revolution in Ukraine...Its sick.,comment,101,14,1,0,1,0,6,5,False,,False,4.0,3.0,5.0,2.0,outrage,bare_assertion,False
https://x.com/AJOPersonal/status/2002609603096281445,Treatment,AJ O Personal,West Orchestrated Ukraine Coup in 2014,"It started with Soros laying globalist groundwork in 1991,rumblings of Ukraine joining NATO,then Maidan coup with Ukrainian troops killing ethnic Russian Ukrainians,even burning them alive in buildings.Russia stepped in to protect ethnic Russians in Donbass and over 8 years,Ukraine killed about 20,000 in that region.A compromised Biden stole the 2020 election which made certain more money for Ukraine.Globalists pushed Russia into a corner.Russia clearly doesn't have resources to inflict the threat you drum up without using nukes,which would then also be launched on Russia.The war needs to end.The people of Donbass don't want to be part of Ukraine.Ukraine cannot join NATO.If you euros want to let him in your economic circle jerk, so be it.While the West and Russia burn through their munitions,China licks its lips knowing that Siberia and Taiwan, and then eventually Ryukyu chain, Sakhalin islands and more of Asia will be there.The biggest threat to the entire world (including those they today call ""allies"")is 1.4B rapidly militarizing Chinese, not 140 million Russians.We-globalists,bankers,Europe and US deep state started this war when we relentlessly poked Russia and launched a coup when we didn't like the results of an election.Election stealing seems to be a far bigger problem with us in the West than elsewhere.",comment,1334,205,1,0,0,0,6,5,False,,False,4.0,3.0,5.0,3.0,anger,narrative_storytelling,False
https://x.com/Debater63/status/2002647475153404211,Treatment,Farid,West Orchestrated Ukraine Coup in 2014,"@chima_onyejekwe @SprinterPress 2/2 
- western banker Soros, most corrupt banker, creating Open Democracy foundation and buying Ukrainian media to feed a narrative
-Many US and European politicians going to Ukraine which resulted in 2014 coup. 
He’s absolutely right. This yet again was created by the west",comment,306,46,1,0,2,0,6,7,False,,False,4.0,2.0,5.0,1.0,outrage,bare_assertion,False
https://x.com/Matttocrypto/status/2002648655032168633,Treatment,Matto,West Orchestrated Ukraine Coup in 2014,@Heroiam_Slava @n4hpg They didnt start the war ! Biden US did it After financing the Maidan coup d etat and thus enabling the war in Donbass,comment,140,26,1,0,2,0,6,7,False,,False,4.0,3.0,5.0,2.0,anger,bare_assertion,False
https://x.com/steveh689/status/2002575154011115968,Treatment,steveh689,NATO Expansion Provoked Russian Invasion,"@GunterFehlinger @USAmbNATO https://t.co/2CS8Xoa59k
It has been NATO expansion and aggression that has caused the situation in Ukraine .",comment,136,18,1,0,2,1,6,3,False,,False,3.0,2.0,5.0,1.0,anger,bare_assertion,False
https://x.com/ChannySaako/status/2002635097150009789,Treatment,DivineLineage,NATO Expansion Provoked Russian Invasion,"@MChookolingo108 @DOGE__news @ochoa45367 Hillary classic damage control. 
I Just realized NATO expansion on Russian territory did provoke the Ukraine War. 
Hillary uses her cunning by feigning ignorance. Pretending to pit Russia v China is not something a pro would do, politically.",comment,282,41,1,0,3,0,6,6,False,,False,3.0,2.0,4.0,1.0,anger,bare_assertion,False
https://x.com/jonlegsby11/status/2002645526224019916,Treatment,Legsby🇬🇧,West Broke Promises About NATO,"@HBrandstaetter In 1990 NATO promised not to expand an inch eastwards beyond Germany; since then NATO has expanded a thousand miles eastwards.

Russia has a good reason to feel threatened wouldn't you say.",comment,205,33,1,0,1,0,6,7,False,,False,3.0,3.0,4.0,2.0,fear,bare_assertion,False
https://x.com/spiro_777/status/2002669329847103831,Treatment,One of the Great Ones,Ukraine Controlled by Nazis,@BasilTheGreat Weak PM.  You have given hundreds of millions of dollars to a nazi regime in Ukraine. Why is Australian nationalists so bad?,comment,139,23,1,0,1,0,6,9,False,,False,4.0,2.0,5.0,2.0,outrage,emotional_appeal,False
https://x.com/RJWillemsen1/status/2002654554501095855,Treatment,R.J. Willemsen,West Prolonging Conflict for Profit,@mog_russEN The US do no want peace in Ukraine. Is bullshit talking. Not in the interest of the mighty Defenseindustry and LNG suppliers of the US. The US wants a devided weaken  Europe and Russia to Make America Great Again. A worried Dutchmen.,comment,245,43,1,0,1,0,6,8,False,,False,4.0,2.0,5.0,2.0,anger,emotional_appeal,False
https://x.com/russe61784/status/2002689876677083275,Treatment,David Russell,NATO Expansion Provoked Russian Invasion,@DakdaR22 NATO expansion is why Ukraine is being systematically dismantled right now. Rightfully so as NATO is a warmongering organism,comment,134,20,1,0,1,0,6,10,False,,False,4.0,2.0,5.0,2.0,anger,bare_assertion,False
https://x.com/kenRik25360/status/2002654219904692592,Treatment,Ken Rik,NATO Expansion Provoked Russian Invasion,@MyLordBebo Russia is fighting for its survival against NATO aggression and expansion into Ukraine. Zelensky was paid well to sacrifice Ukraine and its people.,comment,159,24,1,0,1,0,6,8,False,,False,4.0,2.0,5.0,3.0,outrage,bare_assertion,False
https://x.com/LambertHuis2/status/2002687676416401667,Treatment,Lambert 🇳🇱,Russia Defending Against Western Aggression,"@Heroiam_Slava Russia is defending itself, NATO and the EU are advancing further and further, it has started in 2014",comment,116,19,1,0,1,0,6,10,False,,False,3.0,3.0,5.0,3.0,anger,bare_assertion,False
https://x.com/BernieG95778509/status/2002678914016047138,Treatment,Bernie Grant,Protecting Ethnic Russians in Donbas,"Russia will end the War, when there’s no threat towards Russia and the eastern Ukrainians that are ethnic Russians are part of Russia. You know those people, you allowed the Nazi Azov Battalion to beat and Murder them for Eight Years.",post,234,41,0,0,0,0,6,9,False,,True,4.0,2.0,5.0,3.0,outrage,emotional_appeal,False
https://x.com/TomaszDisclg/status/2002688926528770452,Treatment,KPTAmerica🇺🇸🇺🇸🇺🇸🇺🇸,West Orchestrated Ukraine Coup in 2014,"@ivan_8848 @TulsiGabbard The US. NATO, CIA, M16, orchestrated the 2014 coup d'état and regime change. Since then, the US (CIA) and M16 have been provoking Russia by inciting Ukrainians to military attacks on Russian-speaking Ukrainians for eight years😁😆🫡",comment,254,38,1,0,2,0,6,10,False,,False,4.0,3.0,5.0,2.0,outrage,bare_assertion,False
https://x.com/EduardoP1308/status/2002733786912768467,Treatment,Eduardo_Libertad,Sanctions Ineffective Against Russia,"They thought Russia was too weak and the sanctions were going to destroy their economy, but we know that failed miserably. Yes,” The Russians are coming”, creating an euphoria to extract more money from the European taxpayers, but not having much success as nations such as Hungary are pushing back. Furthermore, the farmers are protesting on the streets. 

Some people ask whether Trump is walking away from NATO; the Rand Reports and the recent Strategy Report 2025 show the opposite.

🇺🇸🇺🇦 Trump Signs $1 Trillion Defence Bill - Includes $800 million for Ukraine

▪️Trump approves 100s of millions in military spending for Ukraine - continuing Biden-era flow of weapons and munitions;

▪️ 10,000s of US troops to remain in Europe; 

▪️And as this all continues uninterrupted, the US continues overseeing all military operations in Ukraine via its military base in Germany, while the US CIA oversees Ukraine's intelligence agencies and operations, including strikes inside Russia and on Russian energy exports at sea; 

▪️Talk of ""peace"" is simply to force Russia into a Minsk 3.0-style freeze the US can use to rearm both Ukraine and Europe and restart hostilities later - and in the meantime - focus on containing Russia's ally China; 

▪️Again - the recent National Security Strategy paper laid this out  - the US would continue and now is confirmed to be continuing its pursuit of primacy worldwide, including against both Russia and China - simply using its proxies to a greater extent in the process;

Source: @BrianJBerletic",comment,1533,249,1,0,1,0,6,13,False,,False,3.0,3.0,4.0,2.0,anger,bare_assertion,False
https://x.com/dyermarti1/status/2002702661624406130,Treatment,Kitubi Martin 🇺🇬,Protecting Ethnic Russians in Donbas,"@Ulvstorp08 @IAPonomarenko Yes. The Russian speakers there are not immigrants, but  natives and must be protected from any form of aggression. They endured torture and bombs since 2014. Russia made the right decision to protect them.",comment,233,36,1,0,2,0,6,11,False,,False,4.0,2.0,5.0,3.0,outrage,emotional_appeal,False
https://x.com/macgiver351/status/2002738182421700724,Treatment,Fox Mulder,Russia Liberating Ukrainian Territories,@Microinteracti1 But what about the thousands of Russian citizens being slaughtered in the disputed eastern regions by Ukrainian forces since 2014? More of a liberation than invasion,comment,182,27,1,0,1,0,6,13,False,,False,4.0,2.0,4.0,2.0,outrage,emotional_appeal,False
https://x.com/Annibanner/status/2002731750456475712,Treatment,Anne B,West Orchestrated Ukraine Coup in 2014,@HBrandstaetter US/NATO pledged NOT to move NATO one inch to the east! Merkel admitted the Minsk Accords were only a ploy to arm Ukraine! The CIA plotted the 2014 coup to unseat democratically elected president! Russia entered Ukraine to rescue persecuted eastern Ukrainians and protect children,comment,295,46,1,0,1,0,6,13,False,,False,4.0,3.0,5.0,2.0,outrage,bare_assertion,False
https://x.com/DietHeartNews/status/2002737400615969127,Treatment,Alan Watson,West Orchestrated Ukraine Coup in 2014,"@ricwe123 Since Obama’s coup in Kiev in 2014, the EU has undergone a retrograde transformation to become a militarized bloc defined by obsessive hostility towards Russia. The EU is increasingly a clone of the NATO military alliance and is on a world-changing collision course with Russia. https://t.co/mN5fyi1crm",comment,312,47,1,0,1,1,6,13,True,photo,False,4.0,2.0,5.0,4.0,outrage,bare_assertion,False
https://x.com/dr_janneke/status/2002680562692284480,Treatment,Janneke de Vries,West Orchestrated Ukraine Coup in 2014,"The majority of Ukrainians have Russian as their mothertongue. Only in the Western part the Ukrainian language is dominant. No wonder that, after the Western Maidan-coup of 2014, 2.5 million Ukrainian citizens fled to Russia.",post,225,35,0,0,0,0,6,10,False,,True,2.0,3.0,4.0,1.0,other,bare_assertion,False
https://x.com/EMHoustonSpeaks/status/2002729170422632528,Treatment,EMHouston,West Orchestrated Ukraine Coup in 2014,"@NewsWire_US #1 There's no Soviet Union any longer. A ""newswire"" should point that out.

#2 Look at the map of NATO expansion. Notice how it's NATO who's expanded up to Russia's doorstep &amp; there's no map of Russia expanding towards Europe.

#3 The US overthrew the Ukraine government in 2014. https://t.co/n2qbEYEpJz",comment,320,51,1,3,1,1,6,13,True,photo,False,3.0,3.0,5.0,1.0,outrage,bare_assertion,False
https://x.com/MarkEdelman5/status/2002735880314990708,Treatment,Mark,Ukraine Persecutes Russian-Speaking Minorities,"@Microinteracti1 Who was killing the ethnic speaking Russias that sparked the military invasion 🤔.......

O yea that was Ukraine....

Specially the Azov division......

Please share the entirety of the conflict otherwise you are part of the problem.

Start back in 2008",comment,269,41,1,0,1,0,6,13,False,,False,4.0,3.0,4.0,3.0,outrage,bare_assertion,True
https://x.com/Lumb7Michael/status/2002729704378483198,Treatment,Michael_Lumb7 🇬🇧,Russian Military Achieving Successful Operation,"@Astro_Strategy @yooyo3d @GunterFehlinger @USAmbNATO @grok Idiot here posts more crap, and then ninja blocks so he can't be put right... Again. 
Russia isn't chasing land, yet.
They're busy demolishing the Ukrainian army, and when the Ukrainians collapse... The land comes next.
This isn't AK-47 wielding camel herders they're fighting.",comment,336,49,1,0,5,0,6,13,False,,False,4.0,2.0,5.0,3.0,anger,bare_assertion,False
https://x.com/woutschaap/status/2002712058232770794,Treatment,Wouter.,NATO Expansion Provoked Russian Invasion,"Listen carefully !
The war, #Ukraine-#Russia, was partly caused, exacerbated, and exploited by the expansionist drive of the following criminals :
 #EU 
@EU_Commission @vonderleyen @SecGenNATO @markrutte 
@NATO 

This while #Russia/#Putin has regularly warned these criminals !",post,277,36,0,5,5,0,6,12,False,,True,4.0,3.0,5.0,3.0,outrage,emotional_appeal,False
https://x.com/peter777j/status/2002709687851225444,Treatment,Peter @Reform_UK,NATO Expansion Provoked Russian Invasion,"@HBrandstaetter Wrong

2006, @vladimirputiniu said that if NATO comes near his borders, he would fight.

KNOWING THAT Biden's first action was to tell Ukraine it could consider joining NATO

Putin simply kept his promise

The Soros controlled mainstream media continues to hide the truth",comment,287,44,1,0,2,0,6,11,False,,False,4.0,3.0,5.0,2.0,outrage,narrative_storytelling,False
https://x.com/George28601554/status/2002739276350660670,Treatment,George,Russia Defending Against Western Aggression,"@HBrandstaetter Hero Putin defends his country against the expansion of NATO, whose war profiteers want to loot Russia of its natural resources. Crooked UE, UK &amp;NATO leaders lost their minds because they waisted &amp;continue to waist hundreds of billions of € &amp;$.
Idiot you, take these to the bank: https://t.co/jIgMnm31PO",comment,331,50,1,0,1,1,6,13,True,photo,False,5.0,2.0,5.0,3.0,outrage,emotional_appeal,False
https://x.com/Dorfmatratze1/status/2002990802415604211,Treatment,Make Europe great again ☦️,Sanctions Ineffective Against Russia,"@Microinteracti1 Russian industry is bigger than that of Germany and France combined you moronic fuck, it's why the sanctions failed and it's also why Russia out produced nato",comment,175,28,1,0,1,0,0,6,False,,False,5.0,2.0,5.0,1.0,anger,bare_assertion,False
https://x.com/DrYanagita/status/2002981666554626314,Treatment,Dr. Ronald Yanagita,Ukraine Controlled by Nazis,@Kolya5280 @covie_93 Russians defeated Nazis. Ukraine is Nazis. That’s history. https://t.co/fVwHyXNgbT,comment,103,11,1,0,2,1,0,5,False,,False,3.0,2.0,5.0,1.0,anger,bare_assertion,False
https://x.com/LenoraAntoinet/status/2002944903928795635,Treatment,Lenora,West Orchestrated Ukraine Coup in 2014,"@adamscochran Take your own advice,  desperate warmonger. Trump was also named an asset by the same corrupt administration and hoaxes were non stop. Why don't you go after the real perpetrators of this tragedy: Soros, Biden and Nuland, who started the Ukraine civil war in 2014 with their coup.",comment,294,49,1,0,1,0,0,3,False,,False,4.0,4.0,5.0,2.0,outrage,emotional_appeal,False
https://x.com/KirkZ84926982/status/2002961075160113336,Treatment,Kirk Z,West Orchestrated Ukraine Coup in 2014,"@Microinteracti1 Our (US) meddling in Ukraine is solely responsible for the present war. The CIA, NGOs, Lindsey Graham, John McCain and Victoria Nuland all were in Ukraine fanning the flames of an illegal coup that setoff a civil war that led to the present war.",comment,262,45,1,0,1,0,0,4,False,,False,4.0,3.0,5.0,1.0,outrage,bare_assertion,False
https://x.com/A1BBQSauce/status/2002947202868711525,Treatment,Strider,NATO Expansion Provoked Russian Invasion,"@Orthus_zach @CylonPundit @RepDonBacon If the USSR is no longer relevant, then why does NATO still exist?

NATO's expansion to Russia's borders while excluding Russia from joining is basically seen as aggression to Russia. Is that so hard to understand?

All Ukraine had to do was remain neutral. Neutral = no war.",comment,314,51,1,0,3,0,0,3,False,,False,3.0,2.0,4.0,1.0,anger,bare_assertion,False
https://x.com/strider_astride/status/2002944333972971931,Treatment,Strider,NATO Expansion Provoked Russian Invasion,"He did that because WE promised Russia back in the 90s that NATO would never advance ONE INCH EASTWARD - and constantly violated that promise.

Only idiots never knew the Ukraine was their final line in the sand - or that WE provoked it hoping to weaken Russia through a proxy war.",comment,281,52,1,0,0,0,0,3,False,,False,4.0,2.0,5.0,2.0,anger,bare_assertion,False
https://x.com/JS_Mill_Acolyte/status/2003008337982722358,Treatment,Enlightened_Citizen@JohnStuartMill,NATO Expansion Provoked Russian Invasion,"@afneil Nonsense.  US created Zelensky, US pushed for NATO expansion, US created the war and is the aggressor. The war weakens EU/UK and weakens Russia - Who wins Andrew - Who?   The US.",comment,186,33,1,0,1,0,0,7,False,,False,4.0,2.0,5.0,2.0,outrage,bare_assertion,False
https://x.com/realjammerjoh/status/2003002737261162784,Treatment,Jake,West Broke Promises About NATO,"Completely delusional. Russia *did* become a democracy, and *multiple* western leaders promised there would be no NATO expansion, though nothing was put on paper. But NATO does not honor anything put on paper either, so that wouldn’t have made any difference anyway. 
Russia got a constitution mirroring those of a presidential democracy such as exists in the US and France, with a parliament and multiple parties producing the bulk of the legislation, merely signed by the president, who retains the executive power. 
Putin himself proposed Russian NATO membership three times, but his country was a target, like Ukraine, to be stripmined and left to rot under a truckload of unaffordable debts, dependent on handouts from the NATO-countries. Your own president, who overstayed his term, is aiming for a military in peace time of 800.000, to be paid for by NATO-countries, since Ukraine can’t afford it. Turning Ukraine into a mercenary to be whipped into shape as it serves NATO, with no say in the matter.",comment,1008,165,1,0,0,0,0,7,False,,False,4.0,3.0,5.0,2.0,anger,bare_assertion,False
https://x.com/Katheri30999098/status/2003092928399581406,Treatment,Katherine Poulos,West Orchestrated Ukraine Coup in 2014,"@StephenHegg @JacquiHeinrich Victoria Nuland and her CIA cronies under the Obama Administration started all of this with the CIA orchestrated coup in 2014 
Want to blame someone for the War in Ukraine look no further than this",comment,226,37,1,0,2,0,0,13,False,,False,4.0,3.0,5.0,2.0,anger,bare_assertion,False
https://x.com/HubertusVenator/status/2003072958408093945,Treatment,Hubertus Venator,West Orchestrated Ukraine Coup in 2014,@democrats_eu Ukraine bombed Russians residing in their Russian regions. Ukraine aggressed the Russian identity. The CIA perpetrated the Maidan coup to access Sevastopol and Odessa to infiltrate the Black Sea. It's a US proxy war against Russia. And the stinking eurovaginas are US accomplices.,comment,294,44,1,0,1,0,0,11,False,,False,5.0,3.0,5.0,2.0,outrage,emotional_appeal,False
https://x.com/HubertusVenator/status/2003059467840291091,Treatment,Hubertus Venator,West Orchestrated Ukraine Coup in 2014,@Toriadus It's a proxy war between the US and Russia. And it began with the CIA's Maidan coup.,comment,94,18,1,0,1,0,0,11,False,,False,3.0,3.0,5.0,1.0,anger,bare_assertion,False
https://x.com/An89390Anglo/status/2003084708264198629,Treatment,Dissident 1776.,Ukraine Controlled by Nazis,"@RepDonBacon So WW2 vet Reagan &amp; allied supreme commander Eisenhower would support an illegitimate corrupt coke snorting dictator like golden toilet Zelensky, &amp; his neo Nazi regime in Kiev? 

You sure about that? https://t.co/GfJ3kqAMCV",comment,244,34,1,0,1,1,0,12,True,photo,False,4.0,3.0,4.0,2.0,outrage,emotional_appeal,False
https://x.com/DickMackintosh/status/2003073243520057554,Treatment,Dick Mackintosh🌹#StopTheWar,Protecting Ethnic Russians in Donbas,@GrahamY @SprinterPress Ethnic Russians and Russian speakers were ethnically cleansed (killed) by Ukrainian Nazis from 2014 on. Putin had no option but to intervene.,comment,165,24,1,0,2,0,0,12,False,,False,5.0,2.0,5.0,3.0,outrage,emotional_appeal,False
https://x.com/DickMackintosh/status/2003074600566227327,Treatment,Dick Mackintosh🌹#StopTheWar,Ukraine Persecutes Russian-Speaking Minorities,@intermax @SprinterPress @WalshmrG The Brutal slaughter of ethnic Russians and Russian speakers by Ukrainian Nazis. A less patient man would have acted much sooner.,comment,164,24,1,0,3,0,0,12,False,,False,5.0,2.0,5.0,4.0,outrage,emotional_appeal,False
https://x.com/musa_mansa/status/2003100352170827811,Treatment,Just MUSA,NATO Expansion Provoked Russian Invasion,@CoffeeLover_pm @BRICSinfo You talking nonsense. Russia has been complaining about nato expansion and massacres in Donbas for decades. They have repeatedly said they will take action on Ukraine if NATO does not back off.,comment,220,34,1,0,2,0,0,13,False,,False,3.0,2.0,4.0,2.0,anger,bare_assertion,False
https://x.com/1MikeFairclough/status/2003083991738421562,Treatment,Mike Fairclough,NATO Expansion Provoked Russian Invasion,"The war did not begin in 2022, but is the result of decades of geopolitical escalation.

NATO expansion eastward violated assurances given to the Soviet Union/Russia in the early 1990s.

NATO’s push toward Ukraine was a red line for Russia, repeatedly and explicitly stated.

Ukraine has been used as a geopolitical pawn in a great-power struggle.

The 2014 Maidan uprising involved direct U.S. political involvement.

Ukraine was encouraged to pursue NATO membership despite knowing it risked war.

Ukrainian neutrality could have prevented the invasion.

A peace agreement was close in March/April 2022, especially around neutrality, but the U.S. and UK discouraged Ukraine from signing a negotiated settlement.

Continued escalation increases the risk of NATO/Russia direct conflict and nuclear war.

The war has caused catastrophic loss of life and destruction.

Ukrainians are paying the price for great-power arrogance.

Prolonging the war is morally indefensible.

Western media presents a highly selective and misleading narrative.

Dissenting voices are censored or smeared.

The public is shielded from understanding U.S. strategic culpability.

There should be an immediate ceasefire and negotiations.

Ukraine should adopt permanent neutrality (no NATO membership).

There should be a new European security architecture that includes Russia.

The warmongers in Europe and Britain won't be the ones fighting on the frontline. It will be our fighting aged young men who will be sacrificed at the altar of war. 

Everyone who values life, you should be calling for peace not war.",comment,1588,237,1,0,0,0,0,12,True,photo,False,3.0,3.0,4.0,4.0,fear,narrative_storytelling,False
https://x.com/JJolastu84536/status/2003064990794994031,Treatment,jon jolastu,Crimea Legitimately Part of Russia,"@Kasparov63 🤣🤣Funny Garry !
Russia is defending its territory/people of Donbas, Kherson, Zaporizhzhia, and Crimea (which joined the Russian Federation by popular vote). 
Don't you see that Ukraine is the one invading?
Russia's terms have been clear from the start.",comment,264,40,1,0,1,0,0,11,False,,False,3.0,4.0,5.0,1.0,pride,bare_assertion,False
https://x.com/QRTnurse/status/2003370343009034510,Treatment,JMWebb,West Broke Promises About NATO,@HedyFry You promised Russia you would not include Ukraine in NATO years ago. You have missiles pointing at Russia. I would say the US and EU were the first to break their word. Endless wars enrich the military industrial complex while millions are sacrificed.,comment,260,44,1,0,1,0,1,7,False,,False,4.0,2.0,4.0,3.0,outrage,emotional_appeal,False
https://x.com/SimbaKnows2/status/2003333684431331599,Treatment,Simba,West Orchestrated Ukraine Coup in 2014,@afneil Anyone who has done a modicum of research on the subject knows that the West has deliberately being provoking Russia for over 2 decades culminating in the 2014 maidan coup to create this war and yet you appear ignorant of these facts?,comment,242,43,1,0,1,0,1,5,False,,False,4.0,2.0,5.0,2.0,outrage,bare_assertion,False
https://x.com/Michael13777750/status/2003340521721483516,Treatment,Michael Curran,West Orchestrated Ukraine Coup in 2014,"@mikepompeo Attacking ethnic Russians in Donbas, Ukraine for years,  then color revolution to over throw a democraticly elected president who was friendly to Russia. CIA and neocons are all over this as the reason any of this happened.",comment,235,38,1,0,1,0,1,5,False,,False,4.0,2.0,4.0,2.0,outrage,bare_assertion,False
https://x.com/TheFortuneRpt/status/2003334504522613002,Treatment,Judy Fortune (Rivers),Russian Military Achieving Successful Operation,"@StandUpForFact No. Russia is destroying the deep state nazis in Ukraine. The Russians are destroying their bioweapon/adrenochrome labs, child sex trafficking and organ harvesting. Russia was our ally in WWI and WWII. They are our ally again fighting the deep state, as we are fighting them here.",comment,296,47,1,0,1,0,1,5,False,,False,4.0,2.0,5.0,3.0,outrage,bare_assertion,False
https://x.com/AbdalQaim/status/2003360082193731896,Treatment,Khalil ✋🏻🫳🏻,Ukraine Controlled by Nazis,@NMAsiaPac @AltMediaWatch @ChrisMinnsMP Ukrainian Nazis are a small but exceedingly powerful element of the Ukrainian government and armed forces. Ukraine is literally being run by far-right ultranationalists and has been for the past 10 years.,comment,244,35,1,0,3,0,1,7,False,,False,4.0,2.0,5.0,2.0,outrage,bare_assertion,False
https://x.com/Ruby_Rosa_Polo/status/2003418059764383934,Treatment,Ruby Rosa,Ukraine Controlled by Nazis,"@astraiaintel Nazis must not possess nuclear weapons; therefore, the corrupt and Nazi-infested Ukraine must be disinfected.",comment,123,16,1,0,1,0,1,10,False,,False,4.0,2.0,5.0,4.0,fear,emotional_appeal,False
https://x.com/TerraNovaChr/status/2003403209369641144,Treatment,TN-C,Ukraine Controlled by Nazis,@DrRitaDed But you support a corrupt nazi Regime in Kiev -Ukraine!,comment,66,11,1,0,1,0,1,9,False,,False,4.0,2.0,5.0,1.0,outrage,bare_assertion,False
https://x.com/yardiblue/status/2003411464913322488,Treatment,qrok,Ukraine Persecutes Russian-Speaking Minorities,@Kuzmitchs @piyushmittal @YourAnonOne @sm31262756 You’re mixing everything up. Ukraine ignored Minsk and targeted Russian speakers. Putin wants to sign a legal agreement with Europe and there’s no reason to attack it. 🇺🇦 just want to push Europe into war is reckless. You didn’t learn anything…,comment,294,45,1,0,4,0,1,10,False,,False,4.0,2.0,4.0,3.0,anger,bare_assertion,False
https://x.com/88_Web3_ROBBIE/status/2003406173018771923,Treatment,St.ROBBIE🎱🎱🦍🇳🇱,Russia Seeks Peaceful Conflict Resolution,"@MyLordBebo If Russia wanted more Ukraine territory, they allready would have it easily. 

If Russia wanted Europe, he would have it over night.

Putin wants peace. The People want peace. US wants peace.
Every single being on earth wants peace. Except for NATO and EU leaders. They want war! https://t.co/rEKJEsbRc2",comment,315,50,1,0,1,1,1,10,True,photo,False,4.0,2.0,5.0,3.0,anger,bare_assertion,False
https://x.com/DPrabhata/status/2003384219322736838,Treatment,Dhyan ⚡️ End Occupation of PALESTINE 🇵🇸‼️,West Broke Promises About NATO,"@Glenn_Diesen Expansion of NATO into the Caucasus was always the plan.  By Dec 1989 HW Bush was planning NATO expansion.  Baker knew it. He lied to Gorbachev. The 1992 Unipolar World Order envisioned the U.S. keeping its nuclear weapons, and rendering Russia’s nuclear arsenal “harmless” https://t.co/kgpdLOid6p",comment,311,46,1,0,1,1,1,8,True,photo,False,4.0,4.0,5.0,2.0,outrage,bare_assertion,False
https://x.com/Glenn_Diesen/status/2003365990902444457,Treatment,Glenn Diesen,West Spreads Anti-Russian Propaganda,"Former NATO Secretary General Jaap de Hoop Scheffer recognises that promising future membership to Georgia and Ukraine at NATO’s Bucharest Summit in 2008 was a “miscalculation” that destroyed NATO–Russia relations. It set us on a collision course, as Russia saw this as a “serious threat” and drew a red line.

* The NATO Secretary General at the time can make this point; however, it is still considered “Russian propaganda” by our governments and their stenographers in the media. They do not present counter-arguments; instead, they smear, censor, cancel, and maybe even sanction dissenters. Dissent has been crushed to protect their obvious lies: NATO expansionism was not the source of the war; the invasion was “unprovoked”; Ukraine was winning; Russia will attack NATO; Russia has higher casualties; Russia wants to conquer all of Ukraine; Zelensky is not corrupt; Russia does not want a negotiated settlement; etc., etc. The war propaganda is organised around the notion that NATO ""supports Ukraine"" by hijacking its government, developing it as a proxy, and setting it on a path to destruction to weaken a strategic rival.",post,1131,180,0,0,0,0,1,7,True,photo,False,4.0,3.0,5.0,2.0,anger,emotional_appeal,False
https://x.com/CSabatzki/status/2003411943801983483,Treatment,Carl G Sabatzki,Russia Defending Against Western Aggression,It confirms the diplomatic discussion which Mr. Hitchens also posted in his link on the archives of the US. That's why it's relevant. It is only further confirmation of what is always being denied to be true. Russia was promised no further NATO expansion. This is why they see this war as a defensive one. Mr. Putin repeatedly warned of this. Years before Crimea even. There's plenty of evidence to it too. In video form.,comment,421,75,1,0,0,0,1,10,False,,False,3.0,3.0,5.0,2.0,anger,evidence_based,False
https://x.com/maxindixie/status/2003418643682451710,Treatment,maxdixie,West Orchestrated Ukraine Coup in 2014,"@ManiamAkash The ""conflict"" began in 2014 when the ukraine allowed the Biden administration to commit the ""Maidan Coup"" and lit the fuse. The ukraine was very, very profitable for the Biden family and their cronies.",comment,215,35,1,0,1,0,1,10,False,,False,4.0,2.0,5.0,1.0,outrage,bare_assertion,False
https://x.com/jojogyari/status/2003415842659402055,Treatment,Agere Caste,Crimea Legitimately Part of Russia,@AndLapins No one cares about your stupid post. How old are you? 12. Get lost and update your status; Crimea is Russian! https://t.co/XyitPMsghs,comment,144,23,1,0,1,1,1,10,True,photo,False,4.0,3.0,5.0,2.0,anger,emotional_appeal,True
https://x.com/NewRulesGeo/status/2003443525107745188,Treatment,NewRulesGeopolitics,West Spreads Anti-Russian Propaganda,"🚨 Russia's War Machine Roars: Su-34 Jets Debunk Western Propaganda Myths

For months, pro-NATO pundits have hammered the narrative: Russia's crumbling in Ukraine due to fierce resistance. With a ""GDP akin to Italy's""—a favorite Western propaganda trope—Moscow can't sustain its op, scraping bottom with dusty Soviet relics. Once those run dry, game's over for Russia.

But cracks in that rhetoric have widened into chasms. Even NATO Sec. Gen. Mark Rutte admits: Russia's defense industry pumps out in three months what NATO needs a year for. Last week, United Aircraft Corp (UAC) under Rostec handed the Russian Aerospace Forces another batch of cutting-edge Su-34 Fullback fighter-bombers—production doubled since 2022, over 30 units yearly, 2025 a record.

🔸 Factories buzzing: Expanded lines, new tech, boosted workforce—self-reliant surge slashing foreign dependencies, defying economic stranglehold meant to cripple imports.

🔸 Su-34 beast: Twin-engine Mach 1.8 (1,900 km/h), 4,000 km range, 14,650 m ceiling. Side-by-side cockpit, advanced radar/EW, 12 hardpoints for cannons, missiles, guided bombs. Conflict upgrades: EW enhancements, UMPK glide bombs from 37-56 miles (up to 193 km), thermobaric warheads—pounding from safe Russian airspace.

In the NATO-backed Kiev grind, Su-34 dominates: All-weather strikes, recon, deep bombardments—from FAB-3000s to precision salvos.

Economic squeeze failed. Russia's industrial flex shatters collapse myths, owning the skies.",post,1475,208,0,0,0,0,1,12,True,photo,False,3.0,4.0,4.0,2.0,pride,evidence_based,False
https://x.com/PetreSolheim/status/2003459750902792560,Treatment,Petre Solheim,West Prolonging Conflict for Profit,"If the Ukraine war ends, how long will the current heads of the  EU and NATO retain their unelected positions?  They obviously have a lot invested in continuing the war.  

Look into backdoor payments from arms dealers and US LNG shippers. Distraction of the public from internal corruption and waste of public funds is another side benefit of endless war, too.",comment,361,61,1,0,0,0,1,13,False,,False,4.0,2.0,4.0,3.0,outrage,emotional_appeal,False
https://x.com/aqcbuilding/status/2003463948407083435,Treatment,aqc,Ukraine Controlled by Nazis,Illegal for sure because the Europeans did not honor the Minsk Agreements.  Putin has been working to save the Russian people in the Donbass and other areas.  The true Nazi regime in Ukraine has been committing genocide there.  Putin doesn't want Europe.  Russia has all of the assets they need.  Europe wants Russia and will use every last Ukrainian standing for that goal.,comment,374,63,1,0,0,0,1,13,False,,False,4.0,2.0,5.0,3.0,outrage,emotional_appeal,False
https://x.com/jccfergie/status/2003434936502747635,Treatment,Fergie Chambers 🇵🇸,Crimea Legitimately Part of Russia,"No, they’re not remotely the same. The people of Crimea voted 95% to join russia, which then happened bloodlessly, save Ukrop acts of sabotage since then.

Not one person in Palestine ever asked for annexation and genocide.",post,223,37,0,0,0,0,1,11,False,,True,3.0,3.0,5.0,1.0,pride,bare_assertion,False
https://x.com/Nastia_7777777/status/2003696215784063395,Treatment,Anastasia,Ukraine Controlled by Nazis,"155/

So to prevent this from happening and to safeguarding the Ethnic Russian Population in Eastern part of Ukraine, Russia launched Special Military Ops against Ukrainian NAZi Regime led by Zelensky (puppet of US),
because if Russia were able to dominate Ukraine,",comment,265,42,1,0,0,0,2,5,False,,False,4.0,2.0,5.0,3.0,outrage,bare_assertion,False
https://x.com/jerryfarman/status/2003672810166845636,Treatment,Jerry Farman,West Broke Promises About NATO,"@Katie_DeRoche_ @marklevinshow I can see clearly. We will never agree. There is absolutely no dispute that US/Europe went back on its pledge not to expand NATO. That is provocation in anyone's book. Ukraine was the last straw. Deny it, but that is the reality.",comment,260,44,1,0,2,0,2,3,False,,False,3.0,2.0,5.0,1.0,anger,bare_assertion,False
https://x.com/ussrminder/status/2003714592393023959,Treatment,Vitali Y Orekhov,NATO Expansion Provoked Russian Invasion,"@madmelmaks @VyshnyaOstap a memorandum ain’t a treaty; in 1994, upon signing, was neutral state; in April 2008, Ukraine wasn’t a member of NATO but NATO was in Ukraine; The chain of causality-the expansion of NATO followed by self-defending 🇷🇺 existential interests. Like Cuban Missile Crisis. https://t.co/PJg3vxACDX",comment,317,46,1,0,2,1,2,6,True,photo,False,3.0,3.0,4.0,2.0,anger,bare_assertion,False
https://x.com/Snowhit05795585/status/2003664734076436817,Treatment,snowhite,West Orchestrated Ukraine Coup in 2014,"@GicAriana They can thank their zero leader Zelensky, US for  the Maidan coup. The Azov Nazi's were killing the ethnic Russians. Why can't you smart people look at history, go back look how easy it was to sell Ukraine to the highest bidder. Gold toilet for Zelensky.
https://t.co/qJ7FGQChg3",comment,290,48,1,0,1,1,2,3,False,,False,4.0,2.0,5.0,2.0,outrage,emotional_appeal,False
https://x.com/SITARMS/status/2003717358477557857,Treatment,Michael C. Murphy,West Orchestrated Ukraine Coup in 2014,"MI6 waffle. Asking the people in eastern Ukraine from 2014 after the CIA sponsored coup, and 2022 when the Russians invaded, if the were living in a democratic state and whether they were able to make their own decisions or were they bombed and shelled because they were not ultra-nationalist .",comment,294,51,1,0,0,0,2,6,False,,False,4.0,3.0,4.0,2.0,outrage,emotional_appeal,False
https://x.com/star877/status/2003713149246050515,Treatment,st ⭐️ ar,West Spreads Anti-Russian Propaganda,"There will be no more special military operations if you treat Russia with respect and respect our interests, just as we have always tried to respect yours. If you don't deceive us, as you did with NATO's eastward expansion, simply ignoring our security interests. Western politicians created the current situation with their own hands. Now they constantly talk about preparing for war with Russia. This is absurd. It's done for domestic political reasons—to create an image of an enemy and to cover up the mistakes they have systematically made over many years, both in the economic and social spheres. Where is the green agenda now, when coal mines are being reopened? Nuclear power plants were shut down, and now they're restarting them. This is one mistake after another. And now they cover it all up with 'evil Russia,' distracting their own people from their failures and focusing on a mythical external threat."" - President Putin",post,936,155,0,0,0,0,2,6,True,photo,False,4.0,2.0,5.0,3.0,anger,emotional_appeal,False
https://x.com/euroboma/status/2003777417316274455,Treatment,Boma John,West Spreads Anti-Russian Propaganda,"GREAT #DMITRY COMMENTS :...
Western media are spreading false accusations against Russia regarding the killings in the city of #Bucha in the Kiev Region, just as they once propagated lies about the Holodomor in Ukraine (Ukrainian famine), Deputy Chairman of Russia’s Security Council, Dmitry #Medvedev said.

""Just as with the lies about the Holodomor in Ukraine, Western media have been eagerly spreading fake accusations against Russia regarding the killings in Bucha, while the Zelensky regime stages propaganda stunts and tours for foreign delegations over the bones of those killed by this very regime. Nothing changes with these geopolitical tricksters,"" Medvedev emphasized.

According to him, the groundwork laid by predecessors in creating false ideologies is now actively exploited by the ""regime of the bloody Kiev comedian."" Medvedev recalled how, in 2022, with the aim of accusing Russia of killing civilians in Bucha, the Ukrainian regime, with Western backing, ""carried out a horrific and unprecedentedly cynical provocation in the Nazi-Anglo-Saxon style.""

""On March 30, 2022, the Russian Armed Forces, as a gesture of goodwill amid negotiations with Ukraine in Istanbul, withdrew from the Kiev area, including the city of Bucha. On March 31, 2022, this was confirmed on camera by the head of the local administration,"" Medvedev continued. ""Several days later, Western media released footage showing - unlike earlier recordings - bodies of people lying on the streets of the city, whose killings were immediately attributed to Russian servicemen by the West.""

In Russia, a criminal case has been opened over the provocation concerning the dissemination of knowingly false information about the Russian Armed Forces, #Medvedev concluded.
#ZelenskyWarCriminal",post,1774,266,0,5,0,0,2,10,True,photo,False,4.0,3.0,5.0,2.0,outrage,emotional_appeal,False
https://x.com/Lolapirch/status/2003767962084532652,Treatment,Lili,Ukraine Persecutes Russian-Speaking Minorities,"@Nils_Ar_ @WolframEr @nicolange_ In other words, when Ukrainian Banderite Nazis killed the Russian-speaking population of southeastern Ukraine, including children, and burned people alive in Odessa, it was normal for you.🤡",comment,222,30,1,0,3,0,2,10,False,,True,5.0,3.0,5.0,2.0,outrage,emotional_appeal,False
https://x.com/SteveHylan55254/status/2003763355169776050,Treatment,Steve Hyland,Russia Seeks Peaceful Conflict Resolution,"You must be a little brain dead Jurgen.  

Putin has made his demands for peace clear - and given his experience of U.S. and NATO provocation and lies over the past two decades, he’s not gong to budge.  

Nor should he!  

On the other hand, Europe is creating a fake “Putin will attack us all “ narrative to stimulate public support for a continuation of the lost war.  

For its part, Ukraine is launching attacks like a cornered rat hoping to leverage European sentiment!  I can list Ukraine’s attacks this month if you wish; but suffice it to say, Russia is merely responding!",comment,580,103,1,0,0,0,2,9,False,,False,4.0,2.0,5.0,3.0,anger,emotional_appeal,False
https://x.com/MarkGBblog/status/2003774485330042890,Treatment,MarkGB,West Orchestrated Ukraine Coup in 2014,"""Ukraine has never been, and will never be, an obstacle to peace"".
Ukraine has been an obstacle since the CIA led coup in 2014. This was reaffirmed when France & Germany knowingly used Minsk 2 as a delaying tactic to buy time for Ukraine to build up its forces. It was then cemented on the day that @BorisJohnson, at the bidding of @JoeBiden, told @ZelenskyyUa to rip up the Ankara agreement in 2022.
The final agreement will include:
- The removal of all Ukrainian forces from the 4 Russian speaking oblasts that voted to join the RF
- Removal of all NATO forces from Ukraine
- No membership of NATO for Ukraine
Or...the SMO will continue until the Ukrainian armed forces collapse, and these terms are imposed. 
Meanwhile, the EC under @vonderleyen, NATO under @SecGenNATO, and the 'coalition of the shilling' under @EmmanuelMacron @_FriedrichMerz & @Keir_Starmer, will continue to advocate for war, because their careers will be over when the truth of their corruption comes out.
This is why an agreement is taking so long. This, along with the resistance of the neocons in Washington - warmongers & grifters like @LindseyGrahamSC - who will also be 'scooped up' in any post-settlement tribunal that has teeth.
cc @realDonaldTrump @KremlinRussia_E",post,1249,208,0,0,11,0,2,10,False,,True,4.0,4.0,5.0,3.0,anger,narrative_storytelling,False
https://x.com/therealonknows/status/2003804183212835286,Treatment,Onno,Russian Military Achieving Successful Operation,"@WW3finalboss1 Russia is fighting the whole of the EU and NATO and is winning. This war is NOT about territory, it is a war of attrition and Russia is using Ukraine as a proxy to destroy the EU, NATO and the nazi NATO army in Ukraine in one fell swoop. Idiot.",comment,259,51,1,0,1,0,2,12,False,,False,4.0,2.0,5.0,2.0,pride,bare_assertion,False
https://x.com/vick55top/status/2003788841908314356,Treatment,Victor vicktop55 commentary,Ukraine Controlled by Nazis,"""I'm skeptical of any peace talks. Even if a peace agreement is signed, Russia won't cease to exist and won't cease to be our enemy,"" Ukrainian Armed Forces Major Shiryaev explained to ABC News that Kiev's militants don't need peace talks.
""Skabeeva"" 

This isn't news, and it's the main reason the Nazi Ukrainian state will be destroyed. Ukrainian Nazis won't give Russia any chance for peace.",post,394,66,0,0,0,0,2,11,True,photo,False,4.0,2.0,5.0,3.0,anger,emotional_appeal,False
https://x.com/MerlinLondon/status/2003822046355357760,Treatment,TheManyNotTheMoney,NATO Expansion Provoked Russian Invasion,"@HamishDBG @Telegraph This unnecessary war could have been avoided by stopping NATO expansion, guaranteed Russian access to its Crimean ports, and genuine autonomy for Ukraine's ethnically Russian south-east.

But the Western hegemonists pushed Ukraine into breaking Russia's final red line.

Bad call. https://t.co/zSgfX5elcQ",comment,326,43,1,0,2,1,2,13,True,photo,False,3.0,3.0,4.0,2.0,anger,bare_assertion,False
https://x.com/ArendBols/status/2003801929684750613,Treatment,Arend Bols,West Orchestrated Ukraine Coup in 2014,"@RussiaIsntEnemy Ukraine is just a Proxy War AGAINST Russia ( Maidan Coup). They don't care about the Ukraine AT ALL or HOW many will die, they just use the Ukrainians now to weaken you as much as they can. If they don't succeed 'democratically' they will enforce you MILITARILY..",comment,280,49,1,0,1,0,2,12,False,,False,4.0,2.0,5.0,3.0,anger,emotional_appeal,False
https://x.com/JHArnous/status/2004054584076251544,Treatment,Hamdy Arnous,Ukraine Controlled by Nazis,"🇷🇺🇺🇦 I read Zelenskyy's absurd plan to end the war, and I feel as if the author's troops are somewhere in the Moscow region. 

But the reality is that right now, it is the Russians who are liberating ukraine from the Nazis, and it is the Russians who are dictating their terms. https://t.co/OBnBemefbz",post,301,53,0,0,0,1,3,5,True,photo,False,4.0,2.0,5.0,2.0,outrage,bare_assertion,False
https://x.com/IslanderWORLD/status/2004048668119138548,Treatment,THE ISLANDER,NATO Expansion Provoked Russian Invasion,"@RT_com Here’s the lie in one document: Russia sought partnership, the West chose dominance. A Russia inside the security architecture would have ended NATO’s purpose. So exclusion became doctrine, expansion became reflex. War became inevitable.",comment,245,35,1,0,1,0,3,4,False,,False,4.0,2.0,5.0,3.0,anger,narrative_storytelling,False
https://x.com/mackaycallum44/status/2004076589903135090,Treatment,Patchmeister,West Orchestrated Ukraine Coup in 2014,"@BowesChay Victoria Newlan, CIA and co started the ball rolling in 2014 coup regime change in the Donbass. All roads lead back to the  USA and possibly their boss........the Zionists. My opinion",comment,194,32,1,0,1,0,3,6,False,,False,4.0,3.0,4.0,1.0,outrage,bare_assertion,False
https://x.com/VisserDonny/status/2004128170732409103,Treatment,Donny Visser,Ukraine Controlled by Nazis,"@vonderleyen @EU_Commission Like in the Nazis, Ukraine, and the Netherlands. Where there's 100% censorship, and others aren't allowed to have any different opinions.
TV and radio all spread Nazi propaganda and pedophilia, supported by your Nazi and pedophile finances.
And don't forget the population change. https://t.co/z203XBeQA5",comment,332,46,1,0,2,1,3,9,False,,False,5.0,1.0,5.0,3.0,outrage,emotional_appeal,False
https://x.com/JasnicSlobodan/status/2004108055819309390,Treatment,Slobodan Jasnic,NATO Expansion Provoked Russian Invasion,"@_AfricanSoil War in Ukraine is about money natural resources, Nato's expansion toward Russia to rich natural resources owned by Russia, who they have been well planned since Sovit collape, probably since end of WW2, startet 2014,and lost",comment,238,37,1,0,1,0,3,8,False,,False,3.0,2.0,4.0,1.0,anger,bare_assertion,False
https://x.com/Andjela_Sipovac/status/2004188502242582811,Treatment,Внимание! Говорит Москва! 🇷🇺 Z 👨‍⚕️👀🦁,Russian Military Achieving Successful Operation,"And again about Kupyansk

Near Kupyansk, Russian soldiers repelled intense attacks by Nazis in the areas of Kondrashovka and Moskovka.

Important. The transfer of reserves of the Armed Forces of Ukraine to the suburban settlements has practically ceased.

Our artillery and drone operators are constantly striking the reinforcements that have already arrived, including mercenaries near Nechvolodovka.

Overall situation

As of 14:30 today: more than half of Kupyansk is controlled by the Russian Army.

Part of the city is in the gray zone, where today it is impossible to clearly determine who is where.

On the outskirts of the city everything is also covered by the fog of war: assaults by the Armed Forces of Ukraine are ongoing, but, for example, there is no enemy presence in Ryadkovka.

In this regard, the motives of our military bloggers claiming that the city is under the Armed Forces of Ukraine are unclear.

The Armed Forces of Ukraine have organized temporary deployment points in Grushovka, Nechvolodovka, and Staroverovka. The mercenaries’ headquarters is also located there. As we have already said, “everything is working” against them.",post,1155,181,0,0,0,0,3,13,False,,False,3.0,4.0,4.0,2.0,pride,narrative_storytelling,False
https://x.com/dana916/status/2004170873343713688,Treatment,dana,Russia Liberating Ukrainian Territories,"🇷🇺⚔️🇺🇦 As a result of resolute actions, units of the Yug Group of Forces liberated Svyato-Pokrovskoye in the Donetsk People's Republic.

Russian Defense Ministry",post,161,24,0,0,0,0,3,12,False,,False,3.0,4.0,5.0,1.0,pride,bare_assertion,False
https://x.com/dana916/status/2004182085901173009,Treatment,dana,Russia Liberating Ukrainian Territories,"🇷🇺⚔️🇺🇦 The district of the liberated Seversk

The Ministry of Defense reported that Russian troops liberated the populated area Svyato-Pokrovskoe of the Donetsk People's Republic.

Two Majors",post,191,27,0,0,0,0,3,13,True,photo,False,3.0,4.0,5.0,1.0,pride,bare_assertion,False
https://x.com/SalamonLuka/status/2004189992768397699,Treatment,Luka Šalamon,NATO Expansion Provoked Russian Invasion,"@MaximTruexa @clashreport It's not mutually exclusive.

Anybody with brain knew it was about NATO expansion.

The angle of Nazi ideology came prominent since 2014 where Svoboda and Right Sector were used to oust Yanukovich and since controlled cabinet positions.",comment,262,39,1,0,2,0,3,13,False,,False,3.0,3.0,5.0,1.0,anger,bare_assertion,False
https://x.com/realomegahpla/status/2004176930300625047,Treatment,omegahpla ... TRUMP!,Ukraine Controlled by Nazis,"@JulianRoepcke @jimstinson You know the Ukrainian stolen Government under Zelensky used AZOF NAZIs who worship Hitler, to mass murder Ukrainians to provoke Russia to war. Because Putin actually cares about Ukrainians?

Evil EU is run by the same Globalists who did the Bolshevik Revolution. Russia Booted.",comment,305,46,1,0,2,0,3,13,False,,False,5.0,2.0,5.0,3.0,outrage,emotional_appeal,False
https://x.com/JeromeJerome01/status/2004148995216789508,Treatment,Jerome Jerome,West Orchestrated Ukraine Coup in 2014,"So please remind us what happened on the Maidan Square Kiev February 2014 and everyone knows it had nothing to do with the Great President Putin or his Great People.
Didn't we have an insurrection and an anti constitutional coup d'etat?? Arranged by the Whitehouse??",post,266,45,0,0,0,0,3,11,False,,True,4.0,2.0,4.0,2.0,outrage,emotional_appeal,False
https://x.com/Drumhailer/status/2005172256738345128,Treatment,Drumhailer,Russian Military Achieving Successful Operation,@MichaelSChayet @rkmtimes Its insane that people think Russia is doing anything other than holding ground 2 million dead Ukrainian  nazis is a win in my book god bless the red white and blue huh Russia has never declared war they are only in a limited special military operation,comment,278,48,1,0,2,0,6,7,False,,False,4.0,3.0,5.0,1.0,outrage,bare_assertion,False
https://x.com/MTokyo8888/status/2005136185812013255,Treatment,M May,Russian Military Achieving Successful Operation,@eu_eeas Everything you wrote about Russia is a lie and cheap propaganda. Adults know that Russia is winning the war and it is the EU which faces a dire future. The corrupt Ukraine as we know will cease to exist. Eurasia is the future. EU is the past.,comment,251,48,1,0,1,0,6,4,False,,False,4.0,2.0,5.0,3.0,anger,bare_assertion,False
https://x.com/realideas3/status/2005135497535127929,Treatment,Jose Silva P.,Ukraine Controlled by Nazis,@ZelenskyyUa Ukraine started this war in 2014 when it decided to shell its eastern cities because they were againts the Nazi regime in Kiev. And Ukraine decided to continue the war in 2021 when Putin offered a peace deal.,comment,221,39,1,0,1,0,6,4,False,,False,3.0,3.0,5.0,1.0,anger,bare_assertion,False
https://x.com/KDP63806543/status/2005125844591870208,Treatment,Kenneth2018Tx,West Broke Promises About NATO,@ivan_8848 The US promised Russia that NATO would not expand eastward if they wouldn't object to the reunification of Germany. We lied. The east block countries and former Soviet republics should have formed their own alliance. Too strong to be attacked too weak to attack.,comment,273,45,1,0,1,0,6,3,False,,False,4.0,3.0,5.0,1.0,outrage,bare_assertion,False
https://x.com/JJolastu84536/status/2005183003442462847,Treatment,jon jolastu,Crimea Legitimately Part of Russia,"@OlgaPatl You all Know Ukraine is invader.
Let Donbass,Kherson,Zaporozhye,Crimea live freely within the Russian Federation.
Russia is defending its territories / People.",comment,169,22,1,0,1,0,6,7,False,,False,4.0,4.0,5.0,3.0,anger,bare_assertion,False
https://x.com/CannConActual/status/2005148455891828902,Treatment,CannCon,West Orchestrated Ukraine Coup in 2014,"@mobbs_mentality Yanukovich was removed unconstitutionally following a CIA led coup after the EU tried to admit Ukraine to the EU and push for NATO. 

Zelenskyy is over a year and a half past the election Zelenskyy cancelled. 

The entire government of Ukraine is expired and illegitimate.",comment,289,46,1,0,1,0,6,5,False,,False,4.0,3.0,5.0,2.0,outrage,bare_assertion,False
https://x.com/Andjela_Sipovac/status/2005227901445341261,Treatment,Внимание! Говорит Москва! 🇷🇺 Z 👨‍⚕️👀🦁,Russia Liberating Ukrainian Territories,"🚩 As a result of resolute actions, units of the Tsentr Group of Forces liberated the settlements of Dimitrov, Rodinskoye, Artyomovka, and Volnoye (Donetsk People's Republic).",comment,174,26,1,0,0,0,6,10,False,,False,3.0,4.0,5.0,1.0,pride,bare_assertion,False
https://x.com/vernalkeith66/status/2005215208747495652,Treatment,Keith Vernal,Ukraine Persecutes Russian-Speaking Minorities,@ianbremmer What you should never forget is why this all started. It was ethnic Russian speakers in eastern Ukraine who were deliberately targeted by Kiev's regime. It's never been reported on western msm so maybe you're just unaware. Or maybe you just don't want to admit it?,comment,276,47,1,0,1,0,6,9,False,,False,4.0,2.0,5.0,2.0,outrage,emotional_appeal,False
https://x.com/RussiaIsntEnemy/status/2005175679474668012,Treatment,🇷🇺Russia is not Enemy,West Spreads Anti-Russian Propaganda,"🎉 Meanwhile, we have crossed the 100k subscriber milestone, which took about 3.5 years. Guess how much money the account has brought me? That's right - nothing, $0 from the Kremlin, $0 from RT, and even $0 from X payouts. Some may find it hard to believe, but I'm not here for the money. I'm here because I'm fed up with the endless lies from Western media about Russia, Russian people and Russian President—endless, brazen, and cynical lies. There is something more precious than dollars. For me, comments like: ""Russia is not my enemy,"" ""It seems we've always been lied to about Russia being bad,"" ""We’d like to have such a president as Putin here in Europe""—are the most valuable payment. Thank you, guys.",post,708,124,0,0,0,0,6,7,True,photo,False,4.0,3.0,5.0,1.0,pride,emotional_appeal,False
https://x.com/loony_not/status/2005230871025230127,Treatment,the hidden life is best,Crimea Legitimately Part of Russia,@vonderleyen Give up Donbass Crimea and Zaporizhe. It was always Russian. It is Russian.  You provoked this war after the Maidan coup. Everyone knows.  Stop the war.,comment,165,27,1,0,1,0,6,10,False,,False,4.0,3.0,5.0,4.0,anger,bare_assertion,True
https://x.com/cubaduda/status/2005203308764660057,Treatment,Brian Cousins,West Orchestrated Ukraine Coup in 2014,"@Daractenus You are clearly ignorant of Ukraine and NATO history. May I suggest you study NATO's Bucharest Declaration of 2008 and the 2014 coup d'etat in Kyiv led by the American CIA and Ukraine fascists (eg. Azov Battalion, Right Guard). For your fan page, I offer a real non AI photo: https://t.co/76kmq1Vpwl",comment,311,52,1,0,1,1,6,9,True,photo,False,4.0,4.0,5.0,1.0,anger,bare_assertion,False
https://x.com/FashionPearce/status/2005244927169765533,Treatment,Blofeld’s cat is missing!,West Prolonging Conflict for Profit,"@Gerashchenko_en Wrong. The Ukrainian Nazi AZOV battalion attacked in Donetsk and the Donbas first. Zelensky walked from peace talks under pressure from the UK and Europe, both of whom are controlled by the Zionist globalists who make money and seize assets from warmongering.

Hope that explains.",comment,297,46,1,0,1,0,6,11,False,,False,4.0,3.0,5.0,2.0,outrage,bare_assertion,False
https://x.com/LoneWolfV_/status/2005266072778231969,Treatment,Wolf,Russia Liberating Ukrainian Territories,"‼️ MoD ROUNDUP — towns and cities liberated over past 24 hours:

#Dimitrov, #Rodinskoye , #Artyemovka , #Volnoye in #Donetsk Republic…

#Gulyaypole, #Stepnogorsk in #Zaporozhye region…

VIDEO: Russian flags pop up across Dimitrov in MoD footage
⁦ https://t.co/iRdZywXYci",post,270,38,0,8,0,1,6,13,True,photo,False,3.0,4.0,5.0,2.0,pride,bare_assertion,False
https://x.com/rbg4lif/status/2005248212248953295,Treatment,rbg4lif 🟥⬛🟩,Russian Military Achieving Successful Operation,"27 Dec, 2025
Putin congratulates troops on liberating strategic town The capture of Gulaypole opens the way for further advances in Russia’s Zaporozhye Region, the president has said (FULL)

Russian President Vladimir Putin has congratulated the military for liberating Gulaypole, a strategic town in Zaporozhye Region. The achievement opens the way for further advances in the area, the president told the top brass on Saturday during a visit to one of the command posts.
Earlier in the day, the Defense Ministry reported that the Russian troops had successfully taken a large Ukrainian fortified zone centered around the town and published a video showing the Russian advances.
The clip shows the Russian military shelling Ukrainian positions in the town, and later storming the buildings. The video ends with the soldiers posing with Russian national flags in various parts of Gulaypole.
According to the ministry, the troops established control over a territory of more than 76 square kilometers and cleared over 7,000 buildings. The Ukrainian forces in the area suffered heavy losses and lost dozens of pieces of heavy equipment, as well as various vehicles. Kiev has disputed the loss of the town, but acknowledged that the situation is difficult.
During the Saturday meeting, Putin said capturing the town was “an important result,” adding that the liberation of Gulaypole opens “good prospects for further advancements in Zaporozhye Region.”
The generals also informed the president about finishing mop-up operations in the city of Dmitrov (also known as Mirnograd in Ukraine) in the Donetsk People’s Republic (DPR). Earlier, Ukrainian forces in the city were encircled as Russian troops liberated the nearby city of Krasnoarmeysk (Pokrovsk). The president called the development “an important step towards the full liberation of the DPR.”
Russia’s forces have been on the offensive for many months, taking dozens of settlements in the new regions, as well as in Ukraine’s Kharkov, Sumy and Dnepropetrovsk Regions. In particular, Moscow’s troops took the major logistical hubs of Krasnoarmeysk in the DPR, and Kupyansk in Kharkov Region.
Earlier this month, the Defense Ministry also reported liberating the former Ukrainian stronghold of Seversk in the Donetsk People’s Republic (DPR).",post,2294,354,0,0,0,0,6,12,True,photo,False,3.0,4.0,5.0,2.0,pride,narrative_storytelling,False
https://x.com/SputnikInt/status/2005270258391630171,Treatment,Sputnik,Russian Military Achieving Successful Operation,"🔥🇷🇺 Russia’s latest advances are huge blow for Zelensky: here’s why

🔶Gulyaipole: “very important fortified area,” says military analyst Alexander Mikhailov. Its capture opens the door to further Russian advances in Zaporozhye and Dnepropetrovsk

🔶Dimitrov: part of the Pokrovsk-Krasnoarmeysk agglomeration, until recently one of the last major fortified areas under Ukraine’s control in the Donbass. Its liberation leaves Russia at the gates of Slavyansk, Kramatorsk and Konstantinovka",post,486,67,0,0,0,0,6,13,True,photo,True,4.0,5.0,5.0,3.0,pride,evidence_based,False
https://x.com/TheDeep_State6/status/2005276325909790759,Treatment,DeepState Illuminate,Russian Military Achieving Successful Operation,The soldiers of the 5th Guards Motor Rifle Brigade named after A.V. Zakharchenko liberated the city of Dimitrov in the Donetsk People's Republic (DPR). https://t.co/xEfbtHplps,post,175,25,0,0,0,1,6,13,True,photo,False,3.0,4.0,5.0,1.0,pride,bare_assertion,False
https://x.com/AngelovJullian/status/2005267294373716010,Treatment,Yullian Angelov,Ukraine Controlled by Nazis,"@alex_kokcharov @Vit_Ovchar Live happily with what you think, but even without your opinion, Russia will cleanse Ukraine of Nazis at all costs and will not allow NATO bases, biological weapons laboratories, or the like to be built there again!",comment,243,39,1,0,2,0,6,13,False,,False,4.0,2.0,5.0,3.0,anger,bare_assertion,False
https://x.com/fredje75256902/status/2005265630384288244,Treatment,fredje,Ukraine Persecutes Russian-Speaking Minorities,"@MissionArtist Yes they did. First, they still adore their WW2 Nazis. Second, they murdered many Russian citizens of Ukraine. Third, they banned using Russian language. Last but not least they wanted to install a defensive missile shield that can easily be turned offensive. They begged for war.",comment,295,47,1,0,1,0,6,13,False,,False,4.0,2.0,5.0,3.0,outrage,bare_assertion,False
https://x.com/maryskaron/status/2005236283262861644,Treatment,skaronmary,Russia Defending Against Western Aggression,"@UAFRC Russia was defending itself against 20 years of creep and provokation by the rabied Russophobes of the west.  It crystalised in the Midan Coup and systemic murdering of Russian speakers and their culture in Urkraine.   
The tools of propaganda dont work in an age of information.",comment,286,47,1,0,1,0,6,11,False,,False,4.0,2.0,5.0,2.0,outrage,emotional_appeal,False
https://x.com/mvernengo1/status/2005266281516371979,Treatment,Martín Vernengo,NATO Expansion Provoked Russian Invasion,"@yarotrof @highbrow_nobrow Consequence of U.S. leadership decision to expand NATO. They were warned many times of the consequences and never heard. But the ukranians are the ones to pay the cost (many of them never wanted to hear either).

https://t.co/16M14iMrFJ",comment,263,40,1,0,2,1,6,13,False,,False,3.0,2.0,4.0,2.0,other,bare_assertion,False
https://x.com/Abraham02782754/status/2005261340638937363,Treatment,Abraham van Helsing,West Orchestrated Ukraine Coup in 2014,"""There are no separatists""

Lies. 

The revolt of Ukrainian ethnic Russians began in 2014, notably in Sloviansk and began in 2014 in response to the Western organized euro-Maidan CIA coup.

https://t.co/WMqxb9T9Mh

Apart from Crimea, there were no Russian occupation forces...",post,276,40,0,0,0,1,6,12,False,,True,4.0,3.0,5.0,2.0,anger,bare_assertion,False
https://x.com/cool_grandad/status/2005236189977333910,Treatment,CoolSocialistGrandad man of peace,West Orchestrated Ukraine Coup in 2014,"A bandarite he had a peace deal 2019 2022. He's a puppet https://t.co/7ssvQK8H9L. 
Macron Starmer couldn't win an election there own countries 
https://t.co/6iB1tRPmAO this is Joe Biden war maidan coup instigated by America NATO 2o14",post,233,35,0,0,0,1,6,11,False,,True,4.0,3.0,5.0,2.0,anger,bare_assertion,False
https://x.com/FranceRsistanc1/status/2005234016400900116,Treatment,France Résistance,US Funds Neo-Nazi Groups in Ukraine,"⚫️🇺🇸 HITLER-OBAMA: Hitler's lineage – Obama's mother, Hitler's fourth daughter, and other members of his family. This is why @BarackObama reinstated funding for the Azov Battalion, a Ukrainian neo-Nazi unit, through the 2016 Consolidated Budget Act. 💥 https://t.co/jQRMrEyGlY",post,275,38,0,0,1,1,6,11,False,,False,5.0,3.0,5.0,3.0,outrage,bare_assertion,False
https://x.com/thisiskeena/status/2005894883563684157,Treatment,Keena,Russia Liberating Ukrainian Territories,"🇷🇺🇺🇦Russian troops have liberated the populated area of Dibrova in the Donetsk People's Republic, the Ministry of Defense reported.",post,131,19,0,0,0,0,1,6,False,,False,2.0,4.0,5.0,1.0,pride,bare_assertion,False
https://x.com/sirimeetra/status/2005885817211023754,Treatment,BrahMaSiriMeetra,NATO Expansion Provoked Russian Invasion,"@RT_com This guy will face a lots of challenge in the nation for sure. He did blunder for the nation , NATO and Europe at large. Ukraine war was escalated because of NATO expansion. It’s loud &amp; clear. The NATO is a rogue institution for many nations. NATO must be dismantled not expanded.",comment,292,53,1,0,1,0,1,6,False,,False,4.0,2.0,5.0,3.0,outrage,bare_assertion,True
https://x.com/JasnicSlobodan/status/2005908295001808948,Treatment,Slobodan Jasnic,NATO Expansion Provoked Russian Invasion,"@Natalia_Romano3 @_AfricanSoil This war is Nato's members states war against Russia via Ukraina who they have been well planned since the collapse of Soviet Union probably since end of WW2, war in Ukraine is about money, natural resources Nato's expansion toward Russia about USAs miltary geostrategic gouls.",comment,308,47,1,0,2,0,1,7,False,,False,4.0,2.0,5.0,2.0,anger,bare_assertion,False
https://x.com/Mart888877/status/2005909079877910554,Treatment,Martin,NATO Expansion Provoked Russian Invasion,"@AmbBridgetBrink The Globalist's orders to NATO started this war.
Please read and stop watching TV.
Bridget is a paid Globalist puppet.
Start by reading about the NATO expansion, where they have broken so many peace treaties.",comment,225,36,1,0,1,0,1,7,False,,False,4.0,2.0,5.0,3.0,outrage,emotional_appeal,True
https://x.com/GhandGan/status/2005879616330711368,Treatment,M. Ghan,Ukraine Controlled by Nazis,"@RussianSpoof Yes, there is no such thing as ""Ukraine""; Nazis occupy Kyiv, who use terrorist methods to stay in power",comment,117,20,1,0,1,0,1,5,False,,False,4.0,2.0,5.0,2.0,outrage,bare_assertion,False
https://x.com/Amstel66/status/2005877740390555840,Treatment,Vitali,Ukraine Controlled by Nazis,"@jurgen_nauditt Pizdauskas ..The fate of Nazi Ukraine has been decided, and the fate of Nazi Lithuania, Latvia, Estonia, and so on will also be decided, so run, Nazis, run!..",comment,174,29,1,0,1,0,1,5,False,,False,5.0,2.0,5.0,4.0,anger,emotional_appeal,True
https://x.com/lredl3_/status/2005886040796471616,Treatment,Tron,West Orchestrated Ukraine Coup in 2014,"@CharybdisAnd @RussianSpoof In 2014, during the Maidan coup, organized by the EU and the USA, your friends burned alive and slit the throats of women and children. You support terrorists, war criminals, and the Nazi ideology.....You are an accomplice to these crimes.",comment,267,42,1,0,2,0,1,6,False,,False,5.0,3.0,5.0,2.0,outrage,emotional_appeal,False
https://x.com/SurvivalistPt/status/2005943086547906671,Treatment,Paul Taylor,Russian Military Achieving Successful Operation,"@AdamKinzinger The only Russians getting wasted are the ones celebrating the liberation of town after town as they  stomp zelensky's nazi clown squad into the mud .
You're a delusional idiot .",comment,192,32,1,0,1,0,1,10,False,,False,5.0,2.0,5.0,2.0,anger,emotional_appeal,False
https://x.com/Stan_Karczmarz/status/2005942584871412015,Treatment,Stan Kar,Ukraine Controlled by Nazis,"Ukraine does not belong to Zelensky, but to Ukrainians, Russians.
The time has come to destroy the entire Ukrainian government, members of the Nazi group. Push the nasty, corrupt NATO, G7, EU out of Ukraine.
Soon, the Russians will liberate Ukraine from the yoke of its Western pseudo-friends.

All European countries have ceased to exist; they exist only in name on the political map. They are under the dictatorship of criminal, corrupt leaders and corporations from the EU.
Europeans are sleeping like zombies, following their leaders to their doom.",comment,552,89,1,0,0,0,1,10,False,,False,5.0,2.0,5.0,4.0,anger,emotional_appeal,False
https://x.com/ChristianPetak/status/2005953803283992618,Treatment,ChristianP,NATO Expansion Provoked Russian Invasion,"@indexredtv Man, the anti-Russia people came out in force. None of them pointed out why Russia is aggressive (NATO expansion, CIA regime change in Ukraine in 2014). As for the Europeans, they've been duped all to hell for thinking Putin wants to invade them. 🙄",comment,260,45,1,0,1,0,1,10,False,,False,4.0,3.0,4.0,2.0,anger,bare_assertion,False
https://x.com/Abhinav131426/status/2005946412538736704,Treatment,Abhinav 😀,West Broke Promises About NATO,"@McFaul But still @TheBigBossPutin is much better than  clown curropt @ZelenskyyUa  he has better reason to fight by betrayed Minsk agreement and NATO betrayal 
While zelensky is making money out of war and destroying Nation just a puppet of Europe who is earning from war",comment,272,45,1,0,3,0,1,10,False,,False,4.0,2.0,4.0,2.0,anger,emotional_appeal,False
https://x.com/NBrouiller87/status/2005941268296142985,Treatment,Nikolaiy Brouiller,West Orchestrated Ukraine Coup in 2014,"@Stefanutti8 @FClickenger4627 @RussianSpoof Ukraine CLEARLY violated the Budapest Memorandum.

It put in motion the process for NATO integration (including joint exercises on its territory, testing russia's limits), and allowed foreign meddling (Maidan Coup).

It couldn't be considered Neutral in good faith.",comment,309,41,1,0,3,0,1,9,False,,False,3.0,2.0,4.0,1.0,outrage,bare_assertion,False
https://x.com/RedbirdEl/status/2005943138729202061,Treatment,El,Crimea Legitimately Part of Russia,"@cmclymer Crimea opted for Russia as their country of choice, bc also anti fascist.
Then in Sept 2022 Kherson and Zaporozhye, LPR and DPR chose to join the Russian Federation with a legal referendum (unlike Kosovo).
Russia is 1) denazifying and 2) protecting her people.
#standwithRussia",comment,287,46,1,1,1,0,1,10,False,,False,3.0,4.0,5.0,1.0,pride,bare_assertion,True
https://x.com/Chris_Somewhere/status/2005974767980142758,Treatment,Chris,Sanctions Ineffective Against Russia,"@RespondUnable @afshinrattansi Look at the Russian economic growth figures. The sanctions failed and Russia's economy got stronger. Real Wages grew.

https://t.co/eIibboz3XR

Note how the Western tanks, air defenses, and other similar systems sent to Ukraine have all failed.

Lying on X won't change anything.",comment,310,44,1,0,2,1,1,12,False,,False,3.0,3.0,5.0,1.0,anger,bare_assertion,False
https://x.com/JasnicSlobodan/status/2005993903854608513,Treatment,Slobodan Jasnic,Ukraine Controlled by Nazis,"Unprovoced, Immediately after the coup de'ettat Nazi orgies on Maidan Square 2014, Kiev's regim started terrorised bombed Russians populationen in northeast sutheaster Ukraine killed ten of thousands long before Russia entred Ukraine to save Russian's populationen from Ukro Nazis",post,280,39,0,0,0,0,1,13,False,,True,5.0,2.0,5.0,3.0,outrage,narrative_storytelling,False
https://x.com/pStetenfeld/status/2005982864123519223,Treatment,Stetenfeld pascal,Ukraine Controlled by Nazis,"@United24media The Ukrainian Nazis, supported by the West, imagine that they will succeed where Hitler failed. bye bye bastard",comment,126,19,1,0,1,0,1,12,False,,False,4.0,2.0,5.0,3.0,anger,emotional_appeal,False
https://x.com/wildwor91537734/status/2006001400841715846,Treatment,wildworld,Russia Seeks Peaceful Conflict Resolution,"@McFaul @NewsHour 2.  The West  put a stop to the 2022 peace negotiations.Russia was willing to leave Eastern Ukraine, Zelensky then stated the West wants a long war with Russia and doesn't care if Ukraine is destroyed and its soldiers killed- 
One US MCFail- it's a silly, childish county.",comment,290,49,1,0,2,0,1,13,False,,False,4.0,3.0,4.0,2.0,anger,bare_assertion,False
https://x.com/MPumphut/status/2005988752317944244,Treatment,Martin Pumphut,NATO Expansion Provoked Russian Invasion,@AzzKikr15 @Inclutus nato expansion is one cause of this war. ukraine did not give up on nato. russia can not attack nato. so russia was pressured to act.,comment,154,28,1,0,2,0,1,13,False,,False,1.0,2.0,4.0,1.0,neutral,bare_assertion,False
https://x.com/Neil1900/status/2005981072383959553,Treatment,Neil,NATO Expansion Provoked Russian Invasion,@RussianSpoof In reality neither one it started by NATO expansion to the east threatening Russia security. But since the west always have the view of who cares about Russia security there you have it.,comment,200,34,1,0,1,0,1,12,False,,False,3.0,2.0,4.0,1.0,anger,bare_assertion,False
https://x.com/Moosewasazues/status/2005982541711565205,Treatment,Alex,NATO Expansion Provoked Russian Invasion,"@Sage_sir @LizArrand @JustMeandLilley @RussianSpoof Yes it did. Of course there are more details, but the prime reason is due to nato expansion. Ukraine cancelling neutrality was another factor. The 2014 coup is also important. And US officials selecting Ukrainian government officials. This war is tragic because it was avoidable.",comment,331,49,1,0,4,0,1,12,False,,False,2.0,2.0,4.0,1.0,other,bare_assertion,False
https://x.com/ki_adel/status/2005964952851603599,Treatment,Ki Adel 🔻,West Broke Promises About NATO,"@BowesChay USA pushed for USSR to be dismantled, then failed to keep its promised to not expand NATO, then meddle with Ukraine election, and finance a war vs Russia using Ukrainians.
So USA is the threat. Always and behind any war.",comment,231,41,1,0,1,0,1,11,False,,False,4.0,2.0,5.0,2.0,outrage,bare_assertion,False
https://x.com/JasnicSlobodan/status/2005993330707206602,Treatment,Slobodan Jasnic,West Orchestrated Ukraine Coup in 2014,"Peaceful Eurpean has lounched coused two words wars hundred millons of death Eurpean they orchestratet coup de'ettat Nazi orgies on Maidan Square 2014,startet war with Russia again, they is the greatest obstacle to peace in Ukraine and Europe as well.",post,251,40,0,0,0,0,1,13,False,,True,4.0,2.0,5.0,3.0,outrage,emotional_appeal,False
https://x.com/michelwaarheid/status/2005962614585614837,Treatment,voor de boeren tegen elke oorlog,West Orchestrated Ukraine Coup in 2014,"@RussianSpoof C -CIA 2014 regime change in 🇺🇦 the president was pro Russia 😢      And the CIA have biolabs in Ukraine so they change the president,

They call it recovery
democracy 🤡",comment,182,32,1,0,1,0,1,11,False,,False,4.0,3.0,5.0,2.0,outrage,bare_assertion,False
https://x.com/Chris_Somewhere/status/2006210491325055349,Treatment,Chris,Sanctions Ineffective Against Russia,"@yanikmtandere @zhao_dashuai Taiwan in its current state is a Western proxy, so the West is clearly at fault here.

They are exploiting Taiwan as a human shield the same way they are Ukraine.

There's a reason why the sanctions against Russia failed. 85 percent of the world doesn't believe your propaganda.",comment,307,51,1,0,2,0,2,3,False,,False,4.0,2.0,5.0,2.0,anger,bare_assertion,False
https://x.com/Annalussenburg/status/2006271707061903674,Treatment,"Anna Lussenburg, aka the Inconvenient Ironist",Ukraine Controlled by Nazis,My father who fought the Nazis would be turning in his grave knowing that the UK was fighting covertly for a Ukrainian regime filled with Nazis.,post,144,26,0,0,0,0,2,7,False,,True,4.0,2.0,4.0,2.0,outrage,emotional_appeal,False
https://x.com/BCohones62955/status/2006216035037286585,Treatment,Big Cohones,Ukraine Controlled by Nazis,"@BowesChay I am waiting for Russia's response to the assassination attempt on Putin🤔
Could Ukraine also be involved in the assassination attempt on Trump...it's not an impossible idea either. 
Ukraine’s Nazi regime is a real threat to the world!",comment,245,39,1,0,1,0,2,4,False,,False,4.0,2.0,3.0,3.0,outrage,emotional_appeal,False
https://x.com/HelloSunset1692/status/2006231079015883218,Treatment,Wisdom in Buddhism,Russian Military Achieving Successful Operation,"@jurgen_nauditt Russians are heroes, defeating Ukraine Nazis 🇷🇺👍",comment,64,8,1,0,1,0,2,5,False,,False,4.0,2.0,5.0,1.0,pride,emotional_appeal,False
https://x.com/IKnowNada0/status/2006262347497890213,Treatment,IKnowNada 🇺🇸,NATO Expansion Provoked Russian Invasion,"@Savsays BOTTOM LINE…like it or not
Ukraine forced 🇷🇺’s hand
Attacking E Ukraine &amp; planned assault + “we’re joining NATO”…Article 5 &amp; complete expansion!
Russia said time to “sh!t or get off pot”
To avoid NATO escalation they acted…,Now or never
Presidential, not invasion",comment,280,44,1,0,1,0,2,7,False,,False,3.0,2.0,5.0,4.0,anger,bare_assertion,False
https://x.com/Cuber_tron/status/2006237840737276178,Treatment,Cubertron,NATO Expansion Provoked Russian Invasion,"@NickStevenson63 @ArmstrongEcon That war was provoked by the west. And provoked willingly. They expected for Russia to react violently to NATO’s expansion. And be destroyed economically by retaliation. For its resources to then be used to prop up US empire. 

But Russia didn’t. 🤷

https://t.co/1DSi8vLtBa",comment,305,45,1,0,2,1,2,5,False,,False,3.0,2.0,4.0,1.0,anger,bare_assertion,False
https://x.com/MacMacclancy/status/2006261641172697183,Treatment,Mac,NATO Expansion Provoked Russian Invasion,"@ChrisSkinnerSk1 @mog_russEN Great dive into history there bud. 
NATO’s war
Russians saw Ukraine as friendly partner corrupted by 2014 “Western backed coup,” with threats from NATO encirclement and persecution of Russian speakers in Donbas.
EU NATO vs Russia and maybe the USA the way the EU is pushing war.",comment,307,49,1,0,2,0,2,7,False,,False,4.0,3.0,4.0,3.0,anger,narrative_storytelling,False
https://x.com/bradley_tindall/status/2006239691394240528,Treatment,Bradley Tindall 🇺🇸 🇷🇺,West Orchestrated Ukraine Coup in 2014,"The guy who overdosed on Ozempic and fell asleep in a tanning bed, the same guy who knew that one of the best ways to underpin the NATO/USSD/CIA coup of Ukraine to serve Western interests, was to undermine the most culturally cohesive aspect of the country, the Ukrainian Orthodox Church, and replace it with the schismatic OCU, has the nerve to speak about any of this.",comment,370,66,1,0,0,0,2,5,False,,False,4.0,3.0,5.0,2.0,outrage,emotional_appeal,False
https://x.com/SurvivalistPt/status/2006287109431427284,Treatment,Paul Taylor,Ukraine Controlled by Nazis,"@jakluge There's zero moral obligation to help the Ukrainian puppet regime. 
Vladimir Putin is helping the people of Ukraine by eradicating  the nazis America and Britain  instaled in Kiev in 2014  .
The world should be helping Russia .",comment,236,39,1,0,1,0,2,8,False,,False,4.0,3.0,5.0,2.0,outrage,bare_assertion,True
https://x.com/mijas2022/status/2006298440968417518,Treatment,ronin52,NATO Expansion Provoked Russian Invasion,"And the idiots of left wing EU “leaders” fuel and support a thief, a dictator, a vermin , to prolong the war and killing ..because they like money ! They started the is war Nato expansion, against the agreement , Eu inclusion oaln against agreement .. ! Biden that demented clown responsible along with them .. Ukraine a hell hole will end existing soon",comment,353,64,1,0,0,0,2,9,False,,False,5.0,2.0,5.0,4.0,outrage,emotional_appeal,False
https://x.com/ForumForThought/status/2006301956579496215,Treatment,ForumForThought,West Broke Promises About NATO,"Zelensky intensified the conflict by attempting to eliminate Putin in his home, even as peace talks have been taking place.

Did Zelensky think that Putin would get scared into stopping the war by attacking Putin's home?

This war was started by NATO expansion (breaking treaties) and US bioweapons labs in Ukraine.",post,315,51,0,0,0,0,2,9,False,,True,4.0,2.0,5.0,2.0,outrage,bare_assertion,False
https://x.com/Zeiein/status/2006303552906617300,Treatment,Zeien,West Orchestrated Ukraine Coup in 2014,"@LaraLeaTrump This was filmed by my Good Friend Robert King In Ukraine in 2014. This is Ground Zero During the CIA Coup.
https://t.co/dcnhHhCErK",comment,144,23,1,0,1,1,2,9,False,,False,4.0,3.0,5.0,2.0,outrage,narrative_storytelling,False
https://x.com/KJ1981ya/status/2006356925638652124,Treatment,KJ,Ukraine Controlled by Nazis,"Obviously you're not big on facts are you?

When the US coup of 2014 happened, and a pro nazi leader was installed, crimea, and the LPR and DPR signified they wanted to secede from Ukraine, due to the anti Russian sentiment sweeping the country, the turning off of water and electricity to predominantly Russian regions.

In 2014 Russia answered the call of the majority Russian Crimea, held referendums, between then and 2022, Ukrainian military was shelling the LPR and DPR, slaughtering ethnic Russians for 8 years, before Russia answered thier call to secede and held referendums.

So this idea that majority Russians being targeted by the Ukrainian gov/military, and who were desperate to secede, didn't actually vote and that Russia had to cheat is retarded, and a stretch.",post,779,128,0,0,0,0,2,13,False,,False,4.0,3.0,5.0,2.0,outrage,narrative_storytelling,False
https://x.com/bernhtp/status/2006355730912383285,Treatment,Tom Bernhardt,Russian Military Achieving Successful Operation,"@Mylovanov Ukraine has rejected many peace plans.  It rejected simple terms to prevent the war.

NATO has already given Ukraine most of its weapons.  Shelves are bare.

Russia is winning at an accelerating pace.  No cease fire without full peace deal.",comment,251,41,1,0,1,0,2,13,False,,False,3.0,2.0,5.0,3.0,other,bare_assertion,False
https://x.com/JasnicSlobodan/status/2006351485077196938,Treatment,Slobodan Jasnic,West Orchestrated Ukraine Coup in 2014,"@ivan_8848 Who is surprised, peaceful Eurpean has lounched coused two words wars, hundred millons of death metal, they is at war with Russia AGAIN, since the coup de'ettat Nazi orgies on Maidan Square 2014, they doing exsacly what their ancesors forfathers did,WW1, WW2 we know how it endet.",comment,291,48,1,0,1,0,2,13,False,,False,4.0,3.0,5.0,3.0,anger,emotional_appeal,False
https://x.com/RobertsBob64050/status/2006332896626557089,Treatment,FYouImBack,Crimea Legitimately Part of Russia,"@Victor_Sathanos @RusEmbIndia Dude, Greenland will become an American state after you imposed a fascist, genocidal birth control program for 30 years against the local ethnic population. 🤡
Nothing your little racist state can do about it. 
Kosovo is Serbian
Greenland is American 
Crimea is Russian https://t.co/0leKj8AIwx",comment,322,46,1,0,2,1,2,11,False,,False,4.0,3.0,5.0,2.0,outrage,emotional_appeal,False
https://x.com/AtillaHunor/status/2006592392040976581,Treatment,OSINT Sashik,Ukraine Controlled by Nazis,@glenn_tunes Wrong continent. Nazi regime is in Ukraine https://t.co/vxWmxRCbSU,comment,79,9,1,0,1,1,3,5,True,photo,False,3.0,2.0,5.0,1.0,outrage,bare_assertion,False
https://x.com/SocialistMMA/status/2006582483626709007,Treatment,Nick Cruse 🥋,Ukraine Controlled by Nazis,"NATO left like Emma Vigeland, Ro Khanna, AOC and Bernie Sanders now pretend they dont actively support nazis in Ukraine

They can fool their dumb audience but not me 

Why did they delete their old tweets calling out the nazi banderite Ukrainian regime?",comment,253,43,1,0,0,0,3,4,False,,True,4.0,3.0,5.0,2.0,outrage,emotional_appeal,False
https://x.com/BPetrovchich/status/2006607273620365772,Treatment,Boris Petrovchich,West Orchestrated Ukraine Coup in 2014,"CIA has now firmly established that the target of massive drone attack was a vegetable stand -- two blocks away from Putin’s residence.
CIA, which has 20+ secret bases in Ukraine since its coup in 2014, has reviewed its intelligence sharing with Ukraine’s Nazi-dominated government and can firmly demonstrate its findings.",comment,322,51,1,0,0,0,3,6,False,,False,4.0,3.0,5.0,2.0,outrage,narrative_storytelling,False
https://x.com/BPetrovchich/status/2006608093703209081,Treatment,Boris Petrovchich,West Orchestrated Ukraine Coup in 2014,"You are correct --- CIA has now firmly established that the target of massive drone attack was a vegetable stand -- two blocks away from Putin’s residence.
CIA, which has 20+ secret bases in Ukraine since its coup in 2014, has reviewed its intelligence sharing with Ukraine’s Nazi-dominated government and can firmly demonstrate its findings.",comment,342,55,1,0,0,0,3,6,False,,False,4.0,3.0,5.0,2.0,outrage,bare_assertion,False
https://x.com/BPetrovchich/status/2006609006207578399,Treatment,Boris Petrovchich,West Orchestrated Ukraine Coup in 2014,"Correct -- CIA has now firmly established that the target of massive drone attack was a vegetable stand -- two blocks away from Putin’s residence.
CIA, which has 20+ secret bases in Ukraine since its coup in 2014, has reviewed its intelligence sharing with Ukraine’s Nazi-dominated government and can firmly demonstrate its findings.",comment,333,53,1,0,0,0,3,6,False,,False,4.0,3.0,5.0,2.0,outrage,bare_assertion,False
https://x.com/JasnicSlobodan/status/2006585148658299187,Treatment,Slobodan Jasnic,West Orchestrated Ukraine Coup in 2014,"@ivan_8848 Peaceful Eurpean has lounched coused two words wars, hundred millons of death Eurpeans, orchestratet coup de'ettat Nazi orgies on Maidan Square 2014, startet war with Russia again.they is the greatest obstacle to peace in Ukraine and Europe as well, they forse Europe into WW3.",comment,288,45,1,0,1,0,3,4,False,,False,5.0,3.0,5.0,4.0,outrage,emotional_appeal,False
https://x.com/BPetrovchich/status/2006608512269590822,Treatment,Boris Petrovchich,West Orchestrated Ukraine Coup in 2014,"Sure and --- CIA has now firmly established that the target of massive drone attack was a vegetable stand -- two blocks away from Putin’s residence.
CIA, which has 20+ secret bases in Ukraine since its coup in 2014, has reviewed its intelligence sharing with Ukraine’s Nazi-dominated government and can firmly demonstrate its findings.",comment,335,54,1,0,0,0,3,6,False,,False,4.0,3.0,5.0,2.0,outrage,narrative_storytelling,False
https://x.com/BPetrovchich/status/2006608702456152220,Treatment,Boris Petrovchich,West Orchestrated Ukraine Coup in 2014,"Correct -- CIA has now firmly established that the target of massive drone attack was a vegetable stand -- two blocks away from Putin’s residence.
CIA, which has 20+ secret bases in Ukraine since its coup in 2014, has reviewed its intelligence sharing with Ukraine’s Nazi-dominated government and can firmly demonstrate its findings.",comment,333,53,1,0,0,0,3,6,False,,False,4.0,3.0,5.0,2.0,outrage,bare_assertion,False
https://x.com/viralvideonews3/status/2006629466160656813,Treatment,Viral Video News,West Orchestrated Ukraine Coup in 2014,"🤬 CIA used recycled Nazis & corrupt elites to mold Ukraine into ‘vanguard’ against Russia

Right after WWII the CIA didn’t hesitate to bring in former Nazis as assets, says writer and investigator Douglas Valentine.

🔊 Ukraine, with its postwar fascist networks, became fertile ground, he notes, where the CIA cultivated paramilitaries and bought off corrupt elites for 70 years, playing the long game.

NATO, in this view, provided the broader mission: to contain and ultimately cripple Russia, and Ukraine became the “cutting-edge vanguard of this effort.”

👉 By the time the 2014 coup ousted a pro-Russian government, Valentine says the infrastructure was already in place — security services, military contacts, private militias — ready to move against pro-Russian forces in Donbass.

“So, if you look at recent events in Ukraine, you have to see them in that context.”

Save 50% on select products
https://t.co/8Fxwcj6Htb
#ad",post,930,146,0,1,0,1,3,7,True,photo,False,4.0,3.0,4.0,2.0,outrage,narrative_storytelling,False
https://x.com/IrakliUser/status/2006609584576766433,Treatment,irakli user,West Orchestrated Ukraine Coup in 2014,"@PonteloNathalia @WhiteHouse Voluntarily? how explain? Yanukovich does not want the NATO and majority of the Ukrainians too, but Maidan (coup) 2014 changed the situation. Thanks to Obama, Biden, Nuland and of course the US dollars",comment,230,35,1,0,2,0,3,6,False,,False,4.0,3.0,5.0,1.0,outrage,bare_assertion,False
https://x.com/LenoraAntoinet/status/2006631549673026046,Treatment,Lenora,Russia Defending Against Western Aggression,"@elonmuskelry No, of course not. Russia had its security and borders under attack during the Ukraine Civil War that started with the Biden/Nuland/Soros coup in 2014, and went on for years, with Eastern Ukraine being bombed and the area along the Hungarian border also rebelling against the azov",comment,294,48,1,0,1,0,3,7,False,,False,4.0,3.0,5.0,2.0,anger,bare_assertion,False
https://x.com/NiborOz/status/2006595701799793137,Treatment,niborOz,NATO Expansion Provoked Russian Invasion,"@AusRepNEWS @MikeHudema Russia was provoked because Ukraine, encouraged by Democrat warmongers, wanted to join NATO expanding up into the mainly russian speaking Donbas region. Putin made an example of them like Kennedy's reaction to Kruschev. Trump was correct. The Ukrainian determination started it.",comment,302,43,1,0,2,0,3,5,False,,False,4.0,3.0,5.0,2.0,anger,bare_assertion,False
https://x.com/VoxDei1960/status/2008030916590121144,Treatment,VoxDei,NATO Expansion Provoked Russian Invasion,"@lesstenny Good God 🤦‍♂️

Russia warned NATO since the fall of the Berlin Wall in 1989, not to encroach on Russia or they've invade Ukraine and use it as a buffer between the motherland and NATO.

NATO kept encroaching. Russia gave them dozens of warnings and finally invaded.",comment,276,48,1,0,1,0,0,4,False,,False,3.0,3.0,5.0,2.0,anger,bare_assertion,False
https://x.com/ricwe123/status/2008085524569878923,Treatment,Richard,NATO Expansion Provoked Russian Invasion,"In 2007, Vladimir Putin delivered a clear warning in Munich, outlining Russia’s red lines.
Instead of taking it seriously, the West mocked him, ignored the message, and pressed ahead with NATO expansion into Russia’s sphere of influence.
The turmoil we see today is not a tragic accident, it is the direct result of that deliberate disregard.
What has unfolded is not unforeseen; it is a catastrophe the West brought upon itself by refusing to listen.",post,451,75,0,0,0,0,0,7,True,photo,False,4.0,3.0,5.0,3.0,outrage,emotional_appeal,False
https://x.com/JasnicSlobodan/status/2008051676297711960,Treatment,Slobodan Jasnic,West Orchestrated Ukraine Coup in 2014,"@KobeissiLetter @GeraldNeuwirth In the name of national security, USA bombed destroyed Iraqi and several others countries in Middle East, Africa, bombed Yugoslavia murderd displaced millons of people , orchestratet coup de'ettat Nazi orgies on Maidan Square 2014startet wat with Russia via Ukraine.",comment,298,42,1,0,2,0,0,5,False,,False,4.0,3.0,5.0,2.0,outrage,emotional_appeal,False
https://x.com/manojzxc/status/2008038636969976045,Treatment,Manoj.G,West Orchestrated Ukraine Coup in 2014,"(2/4)
2014 : U.S &amp; U.K backed coup triggered Rus annexation of crimea.
This is in 2016 when U.S-U.K arming up ukr for Rus-ukr proxy war in Dombass where ukr targetted Native Russian population https://t.co/hNinKwBhjg",comment,220,35,1,0,0,1,0,4,True,photo,False,3.0,3.0,4.0,1.0,outrage,bare_assertion,False
https://x.com/KarenSquires18/status/2008127448203067681,Treatment,Karen Squires,Protecting Ethnic Russians in Donbas,"@LBC @NickFerrariLBC I don't recall same outrage at Zelensky's slaughter of 14000 ethnic Russians in Donbas, his banning their religion &amp; language, his involvement with Ukrainian Nazi Party, his breaking of agreements &amp; colluding with NATO 2 threaten Russian boarders whilst Putin asked 4 help ?",comment,303,46,1,0,2,0,0,10,False,,False,4.0,3.0,4.0,2.0,outrage,emotional_appeal,False
https://x.com/OccupySchagen/status/2008095965874413785,Treatment,Cassandra Occupy Schagen,NATO Expansion Provoked Russian Invasion,"There is a lot of difference.
Russia warned against expanding NATO to its Borders.
That was early in about 2003.
They had promised that after The USSR Dissolved the Warsaw Pact. But they still expanded NATO, which changed from a Defensive to an Imperial Powerhouse.

When NATO announced to try to add Ukraine and Georgia (Both at the Russian Border) Putin warned, that were Red Lines for the Security of Russia.

Still NATO (Britain MI6 and SAS with help of CIA) built up groups of NAZI-like Gangs and in 2014 They Created a regime change with help of Georgians who had failed in Georgia. And with direct TV showing high NATO politicians applauding.

A New regime was taking over the Democratically elected President and a war was started against the 50% of from birth Russian speakers and Orthodox Christians.
Airplanes, Cannon and Mortars were used to bomb CIVILIANS in DONBASS from 2014 till 2022.

Russia tried to solve that internal problem, but after 2 MINSK treaties it was clear Kiev wanted to eliminate ALL RUSSIAN SPEAKERS.
Then Putin offered a Security architecture for Europe, but they laughed at him.

So he started his help for the Suppressed Russians in a NAZI-state and said: We will Denazify (The regime) and Demilitarise (The Army).

In the 2 hours of Trump's attack on Maduro, he killed 40 Civilians. Russia kills ~40 civilians in a few weeks.
Trump Kidnapped a legitimate Leader and Putin did not even harm Zelensky, despite several attempts on his life by Kiev and London (and assistance from CIA).

When you like to have the sources, just say so.",comment,1568,269,1,0,0,0,0,8,True,photo,False,4.0,3.0,5.0,2.0,outrage,narrative_storytelling,False
https://x.com/ALateralis/status/2008096714255650931,Treatment,AudaxLateralis 🇸🇴,Ukraine Controlled by Nazis,Ukraine has experience in that. It was invaded by the US who installed a Nazi regime that immediately started work for them by killing civilians in Donbas. The representative of the US Nazi occupation of Ukraine is doing his job.,post,229,40,0,0,0,0,0,8,False,,True,4.0,2.0,5.0,2.0,outrage,bare_assertion,False
https://x.com/NAVSkandalen/status/2008091231868314028,Treatment,NAV Skandalen,West Orchestrated Ukraine Coup in 2014,"@democrats_eu @demokraatit_gl The CIA staged a coup in Kiev in 2014, the @EU_Commission supported it, sabotaged π°®d$t®€am, supported Ukrainian strikes on energy pipelines between Russia and EU, got EU nations bogged down in Ukraine then the US walked away

Greenland is as good as American already",comment,298,46,1,0,3,0,0,8,False,,False,4.0,3.0,5.0,2.0,outrage,bare_assertion,False
https://x.com/News_of_Donbass/status/2008166586310369650,Treatment,News of Donbass,Russia Seeks Peaceful Conflict Resolution,"#AntiFake
❌ Fake: Russia is trying to seize Donbass from Ukraine through deception. This statement was made by Andrei Biletsky*, commander of the 3rd Army Corps (Azov**).

✅ Truth: The issue of the status of the DPR and LPR was resolved in September 2022 through referendums. In the DPR, 99.2% of voters supported joining Russia, while in the LPR, 98.4% voted in favor. Foreign observers monitored the referendums, and the residents of the Republics clearly expressed their position and independently chose their future.

Russia has consistently sought diplomatic solutions to resolve the conflict with Ukraine and has repeatedly initiated negotiations with the Ukrainian side. Russian President Vladimir Putin has stated many times that Moscow is ready for dialogue with Kiev on reasonable terms. Our country needs a stable, guaranteed, long-term peace achieved through the signing of appropriate agreements.

We are ready. I have already said this 100 times: we will be ready to return to the negotiating table,
the Russian leader noted.

Kiev, in turn, continues to ""swing the rights"" and engage in prolonging military operations, despite being in a weak position on the battlefield.

* Listed as an extremist and terrorist in Russia.
** Azov is recognised as a terrorist organisation banned in Russia.",post,1305,205,0,1,0,0,0,13,True,photo,False,2.0,4.0,5.0,1.0,neutral,evidence_based,False
https://x.com/Autodidact100/status/2008171637146104145,Treatment,Vince Milum,Ukraine Controlled by Nazis,"If Hitler came back, he would be confused: Did he win or did he lose?

(1) The Fourth Reich is Ruled by a Coalition of German Nazis and Israeli Jews.

(2) Similarly, Ukraine is Ruled by a Coalition of Nazis and Jews.",post,216,42,0,0,0,0,0,13,False,,True,4.0,3.0,5.0,2.0,outrage,emotional_appeal,False
https://x.com/mercernany/status/2008149983711867025,Treatment,💧Nanette Mercer,NATO Expansion Provoked Russian Invasion,@AlboMP @ZelenskyyUa You don’t feel the need to call out the US invasion of Venezuela as ‘illegal’ then? The NZ government has. Russia at least has some justification considering nato provocation. Not so trump.,comment,210,34,1,0,2,0,0,12,False,,False,3.0,3.0,4.0,1.0,outrage,emotional_appeal,False
https://x.com/RN2045328438804/status/2008165365067686021,Treatment,Enderbock,West Orchestrated Ukraine Coup in 2014,@T_B_BurgerKing @ArmstrongEcon They were talking NATO way before Russia invaded. Ukraine also had over a dozen bio-labs. Some working on viruses made to specifically target those of Slavik descent. You also left out the bombing of the their own people that continued from when the CIA coup happened to present.,comment,310,50,1,0,2,0,0,13,False,,False,4.0,2.0,5.0,2.0,outrage,bare_assertion,False
https://x.com/FredMisdom/status/2008132707319152749,Treatment,Fred J Misdom,West Orchestrated Ukraine Coup in 2014,"@trainedsquirell @vladimirputiniu Do u disagree on the broken promise of no NATO expansion.
You disagree on the $5 billion CIA driven 2024 coup.
You disagree on Minsk deception so Ukraine could prepare for war.
You disagree that the comedian walked away from a perfectly good peace deal in 2022.
Very disagreeable.",comment,314,51,1,0,2,0,0,11,False,,False,4.0,3.0,5.0,2.0,outrage,bare_assertion,False
https://x.com/platykitten/status/2008406904108970270,Treatment,Rorene: International woman for peace NO DMs,Protecting Ethnic Russians in Donbas,"Putin had no choice to bring out the SMO, as Azov Ukrainian Nazis had been murdering ethnic Russians in eastern Ukraine FOR NINE YEARS!",post,135,24,0,0,0,0,1,5,False,,False,4.0,2.0,5.0,3.0,outrage,emotional_appeal,False
https://x.com/Ducati853b/status/2008389998643474519,Treatment,W.S. Schuessler,Russian Military Achieving Successful Operation,@MikatoMika1010 @JoshEakle @ProjectLiberal @grok And material support ? How's that working for Ukraine? Ukraine is slowly loosing. Russia knows and won't deal because they are winning. The U.S. under Trump will not fight Europe's war. It will take boots on the ground and they will have to be European boots first and foremost.,comment,327,53,1,0,4,0,1,4,False,,False,3.0,2.0,4.0,2.0,other,bare_assertion,False
https://x.com/realRobPlumber/status/2008435772379058672,Treatment,Rob😠,West Orchestrated Ukraine Coup in 2014,@LizWebsterSBF @stellacreasy Here’s the thing Moron.. Ukraine was never as depicted in the media.. it was Russia response to another US regime change (Maidan coup) that sought to illegitimately steal Ukrainian oil/gas &amp; minerals… you are a fucking useless commentator .. FUCKING USELESS,comment,290,43,1,0,2,0,1,7,False,,False,5.0,3.0,5.0,1.0,anger,emotional_appeal,False
https://x.com/agathrocha/status/2008462128932340137,Treatment,agatha,Russian Military Achieving Successful Operation,@SSweeney_Stan @dnystedt They are not there to take ukraine. Who has ever told you that? They are there to kill nazis and destroy and demilitarize NATO. And they have almost succeded.,comment,183,31,1,0,2,0,1,8,False,,False,4.0,2.0,5.0,2.0,pride,bare_assertion,False
https://x.com/leser8989/status/2008484980964331758,Treatment,leser,West Orchestrated Ukraine Coup in 2014,"@rshereme Ukraine had neutrality enshrined in its constitution. Neutrality was a prerequisite for secession from the USSR.
This was illegally amended after the Nazi-sympathizing, US-backed coup in '14.
And this also involves NATO!
PS: US mercenaries were already involved against the Donbas",comment,290,42,1,0,1,0,1,10,False,,False,4.0,3.0,5.0,2.0,outrage,bare_assertion,False
https://x.com/AlexGeo82372439/status/2008462736141750746,Treatment,Alex George,West Orchestrated Ukraine Coup in 2014,"@edfischman @BMarchetich Incorrect.
Crimea is an island that separated due to fascist incursions. There was no Russian invasion. The armed forces there rejected the fascist NATO coup.
N Ossetian is in Russia, S Ossetia is disputed territory (this doesn’t permit genocide).",comment,272,41,1,0,2,0,1,8,False,,False,3.0,3.0,5.0,1.0,anger,bare_assertion,False
https://x.com/WarHunter2222/status/2008486503509328056,Treatment,Z.O.V Military,Russia Liberating Ukrainian Territories,"💥 A compilation of the destruction of Ukrainian Nazis' equipment from the 3rd Army Corps ""Azov"". The footage shows the joint work of the ""West"" group's forces on the Rubtsovsk and Krasnolimansk directions.

🤍We continue the work of our grandfathers and great-grandfathers! We liberate our lands from the Nazis! Victory will be ours for sure!

00:08 Destruction of a quad bike
00:17 Destruction of a ground robotic complex
00:28 Destruction of engineering equipment 
00:35 Destruction of a self-propelled gun ""KRAB""
00:53 Destruction of a UAV control point",post,555,87,0,0,0,0,1,10,True,photo,False,4.0,4.0,5.0,2.0,pride,emotional_appeal,False
https://x.com/Vladimi82222415/status/2008468090439516366,Treatment,Vladimir,NATO Expansion Provoked Russian Invasion,"@TimC_syd @ivan_8848 NOOOOO. Russia had to deal with NATO aggressive expansion in Ukraine against the Russian borders and pple.
In case of Venezuela it's a typical imperialist aggression with the overseas raid of aircraft carriers and all..",comment,240,37,1,0,2,0,1,9,False,,False,4.0,2.0,5.0,2.0,outrage,emotional_appeal,False
https://x.com/silqueduck/status/2008538639639126167,Treatment,Silky Duck,West Prolonging Conflict for Profit,"Putin was absolutely right about Ukraine needing to be de-n*#ified – but the Western war mongers, of course, want it that way. Nazis foment wars and wars feed the military industrial complex. Blood money! https://t.co/0He613G7uM",post,228,35,0,1,0,1,1,13,False,,False,5.0,2.0,5.0,3.0,outrage,emotional_appeal,False
https://x.com/DebankNow/status/2008527877428703736,Treatment,Debank Now ⚡,West Spreads Anti-Russian Propaganda,"Russia is not hated, the West wants you to hate them trying to convince you they're doing what we actually are.

 Most of the planet points to the US as the biggest threat to world peace even before this latest.",post,211,40,0,0,0,0,1,13,False,,True,4.0,2.0,5.0,2.0,anger,bare_assertion,False
https://x.com/DavidWall_/status/2008535013910822988,Treatment,David Wall,West Orchestrated Ukraine Coup in 2014,"Coalition of WEF/globalist allies and entities would be an accurate statement  = The WEF/CIA/Soros captured Ukraine in a 2014 coup where there is a WEF/NATO proxy war with Anti WEF/globalist Russia , where WEF/globalist governments and entities stand united to steal Citizens money and arm this ongoing WEF/NATO proxy war . These Countries and entities include - Canada , UK , France ,Germany , Australia ,New Zealand , EU , UN , WHO , WEF, BIS ,IMF ,NATO , unelected stakeholder capitalists - bill gates , larry fink , george soros . They are also all responsible for using the DEBUNKED climate change/net zero weapon and green energy scam to deliberately kill and control economies , impose industry/investor killing carbon taxes , personal carbon usage , while stealing money to offshore accounts , as stated by Australian whistleblower , using the DEBUNKED failed expensive always subsidized to exist green energy scam that always results in higher power/electric bills . These are the same governments and entities that all advocate for WEF/globalist control ideology with Citizen control legislation and digital enslavement just like communist China with digital ID ,  digital banking CBDC's , universal basic income and 15 minute cities/prisons. These governments and entities are also coordinated in ending Free Speech and censoring the internet .This is an ongoing WEF/globalist coup of the Free World , as easily seen by Their coordination and use as consensus to justify even more restrictions on Citizens . They all talk Freedom and Democracy propaganda but all Their coordinated political actions , also known as Facts ,  show WEF/globalist digital enslavement just like communist China .",post,1701,271,0,0,0,0,1,13,False,,True,5.0,4.0,5.0,4.0,outrage,bare_assertion,False
https://x.com/Primed24/status/2008749751567626645,Treatment,Steve,Russian Military Achieving Successful Operation,"Ukraine “winning” because Russia holds less territory than at the start of the war is not the argument you think it is.
Putin stated two clear objectives: secure a land bridge to Crimea and guarantee control of key Russian-speaking regions. He achieved both within the opening phase of the war.
The so-called 40-mile convoy was never a spear aimed at Kyiv — it was a decoy. Old equipment, slow-moving, intentionally expendable. Ukraine committed troops and resources to defend against it while Russia advanced elsewhere with minimal resistance. By the time the convoy “failed,” the real goals were already secured.
Russia didn’t retreat out of defeat — they repositioned into defense. Fortified. Entrenched. Holding the very regions they intended to take. Once you shift from offense to prepared defense, your territorial footprint contracts. That’s not collapse. That’s doctrine.
It’s the same strategy Russia has used repeatedly throughout history: commit sacrificial assets, absorb the enemy’s reaction, then consolidate and defend the actual objective. The brilliance isn’t in the convoy. It’s in what it enabled.
Since then, Russia hasn’t needed to blitz — they only need to inch forward enough to maintain negotiation leverage, which they do steadily, month over month. Slow, yes. Accidental, no.
So sure — celebrate beating abandoned equipment. But don’t confuse defeating a decoy with disproving the strategy behind it. The map looks smaller today because the objective was already achieved yesterday.",comment,1509,233,1,0,0,0,2,3,False,,False,2.0,3.0,4.0,1.0,neutral,narrative_storytelling,False
https://x.com/GregClinker/status/2008804063174160577,Treatment,Essex Boy,NATO Expansion Provoked Russian Invasion,"Russia invaded to prevent NATO expansion and the UK/France aren't even involved in talks.

Absolute rubbish from desperate politicians who have broken all records for unpopularity in their own countries.

https://t.co/kFdmfWP2sF",post,228,31,0,0,0,1,2,7,False,,False,4.0,2.0,5.0,2.0,anger,emotional_appeal,False
https://x.com/guitartabbs/status/2008793930159296688,Treatment,guitartabbs,Russia Seeks Peaceful Conflict Resolution,@Jeremy9931 @SwedishPM No Ukraine had the chance for peace when the agreement was on the table now they will face the consequences Russia wants peace but the west wants the war to go they wanted it then they want it now to many people making to much money over dead Ukrainians its really sad,comment,291,54,1,0,2,0,2,6,False,,False,4.0,2.0,4.0,3.0,anger,emotional_appeal,False
https://x.com/BlackDouglas/status/2008735842685382660,Treatment,HELEN MCAFEE,Russia Defending Against Western Aggression,"RUSSIA'S SPECIAL MILITARY OPERATION WAS TO:
1.   Stop a genocide in Donetsk and Luhansk
2.  Stop NATO's illegal advance on its border
3.  De-Nazify Ukraine
4.  Stop NATO's illegal training operations in Ukraine.

It was due to being THREATENED - not provoked.",post,259,42,0,0,0,0,2,3,False,,True,4.0,3.0,5.0,3.0,outrage,bare_assertion,False
https://x.com/cjtjgeol/status/2008812785338388936,Treatment,cjtjgeol,West Prolonging Conflict for Profit,"@MarioBojic That's the Brit-euro financial empire at work...forever wars with Russia the perpetual enemy, meanwhile Zelinsky is pocketing cash...all to spite Trump, the only leader who wants peace..",comment,198,28,1,0,1,0,2,8,False,,False,4.0,2.0,5.0,2.0,anger,emotional_appeal,False
https://x.com/madamglobal/status/2008834108043272348,Treatment,💧🌏🇪🇭Bryony,West Broke Promises About NATO,"@tweet4Anna_NAFO @Petitioner007 @RonFilipkowski @atrupar Venezuela &amp; Ukraine are entirely different.
Russia was provoked by decades of broken words &amp; threats to its national security(whether you agree with it's response or not)
America certainly wouldn't accept ICBMs on Mexico's border pointed at Washington
Venezuela was no threat 2 US",comment,345,48,1,0,4,0,2,9,False,,False,3.0,2.0,4.0,2.0,anger,bare_assertion,False
https://x.com/ahmadovich89/status/2008816056337657991,Treatment,Ахмадович Насс,Ukraine Controlled by Nazis,"@GudadzeLevan Step 1: Buy Greenland.
Step 2: Denmark receives the money.
Step 3: Denmark buys weapons from the U.S.
Step 4: The weapons are handed over to the Nazi regime in Ukraine.",comment,182,32,1,0,1,0,2,8,False,,False,3.0,3.0,4.0,2.0,outrage,bare_assertion,False
https://x.com/Van_der_Klerk/status/2008847890945544612,Treatment,VanDeClerk,West Orchestrated Ukraine Coup in 2014,"@DietHeartNews It's the only solution to an achievable peace. It must be drawn according to ethnic lines because since the Maidan Coup, the ethnic Russians were targeted by the installed Ukrainian government. They begged Russia for help and were defenseless. Now, citizens of both sides suffer.",comment,294,46,1,0,1,0,2,10,False,,False,4.0,2.0,5.0,3.0,outrage,emotional_appeal,False
https://x.com/MawileMage/status/2008847430473957546,Treatment,Douglas 🍉,US Undermines Global Sovereignty,"@RespDou @apendle @0xcarnation @StateDept We're asking them to pick between that and unbridled American imperialism.

And so far, China hasn't kidnapped their President and threatened to strip them of their elections.",comment,217,31,1,0,4,0,2,10,False,,False,4.0,2.0,4.0,2.0,anger,emotional_appeal,False
https://x.com/paddytoland/status/2008875845302247751,Treatment,Paddy Ó Tuathalán,Russian Military Achieving Successful Operation,"@stephenhdg @LBC @NickFerrariLBC No they’re not and they won’t.

Why would Russia agree to let British and French troops into Ukraine, when that is why they went to war, due to NATO expansion and when Russia is winning.

Brits won’t have boots on the ground in Ukraine, Russia will decide.",comment,289,50,1,0,3,0,2,12,False,,False,3.0,2.0,5.0,2.0,anger,bare_assertion,False
https://x.com/lesnievsky/status/2008901302554595710,Treatment,lesnievsky serge,Russia Defending Against Western Aggression,@AustinBiro @MrPutinSpoof Russia is defending itself against the desire of some Americans to destroy it (in order to seize the natural resources necessary for economic development and to maintain its position as a world leader).,comment,228,35,1,0,2,0,2,13,False,,False,3.0,2.0,4.0,2.0,fear,emotional_appeal,False
https://x.com/Junoslav369/status/2008876523726704929,Treatment,Junoslav 369,West Orchestrated Ukraine Coup in 2014,"@SlavFreeSpirit “BLOODY MAIDAN: A WESTERN TRACE IN SBU DOCUMENTS”. Exclusive VIDEO on 2014 NATO’s Coup in Kiev
https://t.co/k71rjxmZd4",comment,134,18,1,0,1,1,2,12,False,,False,4.0,3.0,5.0,2.0,outrage,narrative_storytelling,False
https://x.com/khanun220504/status/2008857712407576624,Treatment,ขนุน,West Orchestrated Ukraine Coup in 2014,"@MyLordBebo 5
【In 2014, 48 innocent people were killed in the Odessa massacre at the Labor House, 46 of whom were anti-Maidan and anti-Nazi demonstrators】
The Ukrainian war began as a civil war and is rooted in the illegal Maidan coup led and funded by the CIA‥
 ||
https://t.co/9KKRKnvJVl",comment,289,49,1,0,1,1,2,11,False,,True,4.0,4.0,5.0,2.0,outrage,narrative_storytelling,False
https://x.com/tuscantony/status/2008900575509770732,Treatment,The Tuscan,West Broke Promises About NATO,"I have some general sympathy for Putin regarding no NATO expansion promises made and not kept by the US administration in the Nineties.  Without getting too granular,  Bill C seemed sincere in his wish to befriend Putin but was apparently stymied by Hillary (whether on her own initiative or because someone told her).  I think Putin feels very let down.  Then there's the US driven shennanigans of the Ukraine elections in 2014 (?)",comment,432,73,1,0,0,0,2,13,False,,False,2.0,2.0,2.0,1.0,other,narrative_storytelling,False
https://x.com/patrioticshoe/status/2009136720298885325,Treatment,Deplored Patriot,West Orchestrated Ukraine Coup in 2014,@Mircea_CL @amuse Not if you consider the fact that American democrats and RINOS are part of the cabal responsible for so much worldwide havoc. Who instigated the Maidan coup and put the biolabs in Ukraine? Do you need some more clues or did Victoria Nuland lay it out plainly enough?,comment,284,50,1,0,2,0,3,5,False,,False,4.0,3.0,5.0,2.0,outrage,emotional_appeal,False
https://x.com/StepanAndAndriy/status/2009120254442762254,Treatment,Ork with Shovel,Ukraine Controlled by Nazis,"@CkrogvigKrogvig @HavryshkoMarta Putin could totally have avoided the war by invading Ukraine and eliminating the nazi coup regime in 2014. The Duma had given him authorisation, the Ukrainian army had virtually disappeared, the Donbass was eagerly waiting for Russia. What did Putin do? Nothing.",comment,295,44,1,0,2,0,3,4,False,,False,3.0,3.0,4.0,2.0,anger,bare_assertion,False
https://x.com/sweettart024/status/2009139375897227289,Treatment,Gina,NATO Expansion Provoked Russian Invasion,"@arcfontis @DakdaR22 Yes, and also the illegal expansion of NATO against promises made to Russia under Yeltsin. The globalists pushed this war into being!",comment,154,24,1,0,2,0,3,5,False,,False,4.0,2.0,5.0,2.0,outrage,emotional_appeal,False
https://x.com/TmsGrant/status/2009110341578613013,Treatment,Hobbysmart,Crimea Legitimately Part of Russia,"All ex-nation states of the USSR, which primarily housed Russian Citizens, and were taken over by Oligarchs after the fall, not giving the Citizens the right to choose where they wished to remain. 

Crimea is the latest example, when they voted in their referendum to join Russia in 2014, as they were being treated like garbage by the Ukrainian Govt.  Crimea has Never been part of Ukraine until 1992/3, when it was given to them, against the will of the people. 

It was done to cut Russia off from a warm water port. 

This is all Old World Bullshit, Monarchy level stupidity, pitting our youth to fight in petty wars over resources.  They could care less about the people, or the Country itself, they just want what is under it.",comment,732,130,1,0,0,0,3,3,False,,False,4.0,3.0,5.0,2.0,anger,narrative_storytelling,False
https://x.com/M_59_88/status/2009216927932276779,Treatment,M,Ukraine Controlled by Nazis,@ZelenskyyUa Dictator Zelensky believes the whole world is obligated to side with Nazi Ukraine.,comment,95,14,1,0,1,0,3,10,False,,False,4.0,2.0,5.0,2.0,outrage,bare_assertion,False
https://x.com/mijas2022/status/2009192875456909789,Treatment,ronin52,NATO Expansion Provoked Russian Invasion,"@RussianSpoof Not Russia not the US want a war . Russia was provoked , agreements was ignored , and the EU left wing idiots and Biden , aggressively moved Nato expansion around Russia THAT was started this idiotic war .iT is The US have to move the needle and end this war",comment,272,52,1,0,1,0,3,9,False,,False,4.0,3.0,5.0,4.0,anger,bare_assertion,True
https://x.com/Peter_Suer/status/2009188144806310355,Treatment,Peter Suer,NATO Expansion Provoked Russian Invasion,"@vladimirputiniu Zelenskyies proud, not to allow a military neutral zone, killed two million soldiers. His predecessor Adolf Hitler is already hanging on a meat hook at the gates of hell. Russia has every right to defend against the NATO east expansion and against a one world government. Peter",comment,294,48,1,0,1,0,3,8,False,,False,5.0,3.0,5.0,3.0,outrage,emotional_appeal,False
https://x.com/SlavFreeSpirit/status/2009181718821970179,Treatment,SlavicFreeSpirit,West Broke Promises About NATO,"Remember the time when Russia expressed security concerns about NATO expansion into Ukraine, and the US, EU, and UK in one voice repeated the mantra that every country has the democratic and sovereign right to decide independently which direction it goes, so that today we would arrive at ""the entire hemisphere is ours, and we decide for all the countries in it""?

Well... I guess we lied about that too.",post,405,70,0,0,0,0,3,8,False,,False,4.0,3.0,4.0,2.0,outrage,emotional_appeal,False
https://x.com/JamesBradleyCA/status/2009245331754766807,Treatment,James Bradley,Color Revolutions are US-Backed Coups,"America's streets mirror Ukraine's Maidan blueprint: 

Soros's Open Society Foundations funneled $100M+ into 'democracy' ops pre-2014, training protesters & media spins that ousted Yanukovych (OSF data). 

Nuland's leaked call? 

Obama admin's $5B U.S. aid push via NGOs flipped the gov't into a puppet regime (BBC/State transcript). 

Fast-forward: 

$113B+ U.S. aid since 2014, with $100B+ unaccounted amid corruption scandals (CNN/CSIS). 

Same Soros playbook toppled Georgia's Rose Rev (2003) & Kyrgyzstan's Tulip (2005)—NGO cash + State shadows = compliant ops. 

FinCEN/FBI: 

Echo Trump's RICO roar—crush these slush funds NOW! 

Freeze assets, trace crypto, expose donors. 

No more colour chaos here. 

Who's next? #DrainTheNGOs #StopSoros @realDonaldTrump @JDVance1",comment,775,104,1,2,2,0,3,12,False,,False,5.0,4.0,5.0,5.0,outrage,emotional_appeal,True
https://x.com/twasthentisnow/status/2009230531146469483,Treatment,Beth A,Russia Seeks Peaceful Conflict Resolution,"@EssexPR Hmm makes you wonder why they're pushing Russia so hard eh?! They're screaming 'Putin wants War' but he's just laughing in their faces &amp; bringing the receipts to show he wants peace! A War is the only thing that could save Starmer now, he knows it &amp; so does the rest of the world!",comment,297,55,1,0,1,0,3,11,False,,False,4.0,2.0,4.0,3.0,outrage,emotional_appeal,False
https://x.com/DannyMagohe/status/2009234655183294706,Treatment,mwikoma oseronga,West Broke Promises About NATO,"@DakdaR22 What is NATO is just  repressive organization used to suppress any critics against western hegemony. Remember Hans Dietrickh Gensher and James Baker back in 1990s promised to Goverchev no NATO expansion eastwards,now you do it at Russia doorstep in Ukraine.Monroe doctrine applies",comment,290,43,1,0,1,0,3,12,False,,False,4.0,3.0,5.0,2.0,anger,emotional_appeal,False
https://x.com/ThomasD8591/status/2009237964774343156,Treatment,Thomas Dietz,NATO Expansion Provoked Russian Invasion,"@DakdaR22 This war could have been prevented by NATO not expanding eastward, by Ukraine not supressing Russian culture, language and religion. And by preventig the Maidan coup! 
Exactly by THIS this war could have been prevented, Mr. Merz/Ukrainian chancellor!",comment,260,39,1,0,1,0,3,12,False,,False,4.0,3.0,5.0,2.0,anger,bare_assertion,False
https://x.com/barry64145240/status/2009258156832981474,Treatment,Barry,NATO Expansion Provoked Russian Invasion,@labourpress @Nigel_Farage Because we don’t agree that Russia has any intentions of taking the West. He just wants Ukraine on the back of continued aggression from EU nations and NATO encroaching closer and closer to Russia.,comment,224,36,1,0,2,0,3,13,False,,False,3.0,2.0,4.0,2.0,anger,bare_assertion,False
https://x.com/Kelly101202A/status/2009261441296044115,Treatment,Kelley,Ukraine Persecutes Russian-Speaking Minorities,"@DakdaR22 If Ukraine hadn’t been persecuting and killing its Russian speakers and had a CIA backed coup in 2014, perhaps Russia wouldn’t have felt it necessary to go in. Nazi battalions Azov etc, also a factor, Russia won’t tolerate them on their borderafter losing 25 m in ww2.",comment,278,48,1,0,1,0,3,13,False,,False,4.0,2.0,5.0,2.0,anger,bare_assertion,False
https://x.com/DrNeculai/status/2010236167942484227,Treatment,Real News,Russia Defending Against Western Aggression,"MAXIMUM ALERT
 🇷🇺🇪🇺 Putin authorizes use of Oreshnik missile against NATO targets in Ukraine 🇺🇦, serving as a warning to European Nazis  Putin also authorized the sinking of ships that seize Russian oil tankers in international waters, as they enshrine this right to self-defense.",post,280,44,0,0,0,0,6,6,False,,True,5.0,4.0,5.0,5.0,outrage,emotional_appeal,False
https://x.com/maxindixie/status/2010225175342571959,Treatment,maxdixie,West Orchestrated Ukraine Coup in 2014,"Hey, goofball - if you don't know anything about the CIA/MI6 involvement in the ukraine for decades, the billions spent to achieve the Maidan Coup and get dumb ukrainians to jump to prove they're not Russian, marching with torches and worshiping Bandera fascist - the Hitler ally, shelling the Donbas for eight years - maybe you should F yourself because your brain is down there. 😎",comment,382,66,1,0,0,0,6,5,False,,False,5.0,3.0,5.0,2.0,anger,emotional_appeal,False
https://x.com/WarHunter2222/status/2010290881820246515,Treatment,Z.O.V Military,Russia Liberating Ukrainian Territories,"⭕️The Druzhkovka direction

In the area of the liberated settlements of Verolubovka and Markovo, Russian attacks are already taking place on the outskirts of Belokuzminovka, reports the 105th Regiment of the Armed Forces of the Donetsk People's Republic⭕️ https://t.co/6azKExfGeg",post,279,39,0,0,0,1,6,10,True,photo,False,1.0,4.0,4.0,2.0,neutral,bare_assertion,False
https://x.com/Fzed015/status/2010305333252833683,Treatment,Mahomui 🇨🇳 🇷🇺 🇧🇷 🇮🇳 🇨🇺,Ukraine Controlled by Nazis,"@Alex_Oloyede2 Bye-bye Nazi Ukraine 🇺🇦 
The British CIA-MI6 would like to find a new AD systems for the Nazis in Kiev. The UK 🇬🇧 MoD boss spent two nights in Kiev telling a very long story about shooting down the Oreshnik https://t.co/Lon5g1rxLY",comment,245,42,1,0,1,1,6,10,True,photo,False,4.0,3.0,5.0,2.0,outrage,bare_assertion,False
https://x.com/SumitTomar_hr/status/2010276528148623778,Treatment,Sumit Tomar,Russian World Defending Traditional Values,"Putin claims Russia isn’t fighting Europe, but its “Americanized” leaders — saying Moscow now defends the traditional European values the West abandoned.
Is this a hard truth Western elites don’t want discussed?
Or a carefully packaged narrative to justify aggression?
Who do you believe — and why?
🔥 Comment without filters
#Putin #Europe #NATO #RussiaUkraine #Geopolitics #CultureWar #GlobalPolitics @BTnewsroom @ajaykraina @Currentreport1 @WagiHonkddicker @Currentreport1 @realmadrid @realmadriden @Daractenus @deAdder @GlobeEyeNews @EastIndiaComedy @enews @euronewsua @WhatTheFFacts @globaltimesnews @GlobeEyeNews @InsightGL @Info__Monitor @vonderleyen @eucopresident @Europarl_EN
@JosepBorrellF @EmmanuelMacron @Bundeskanzler @OlafScholz @GiorgiaMeloni @sanchezcastejon 
@donaldtusk
@PM_ViktorOrban
@P_Fiala
@kmitsotakis
@SwedishPM
@alexanderdecroo
@karlnehammer
@MrPutinSpoof @vladimirputiniu",post,898,94,0,7,36,0,6,9,True,photo,False,3.0,2.0,3.0,2.0,other,emotional_appeal,True
https://x.com/doomernat22/status/2010303165158379815,Treatment,doomernat,NATO Expansion Provoked Russian Invasion,@News_paperman1 she is correct. nato expansion into ukraine threatens russia’s sovereignty and this war has jewish fingerprints all over it (victoria nuland),comment,157,22,1,0,1,0,6,10,False,,False,4.0,3.0,5.0,2.0,outrage,bare_assertion,False
https://x.com/neembeam/status/2010342011363324405,Treatment,Nemo,Ukraine Controlled by Nazis,"@JimmySecUK @Jonathan_K_Cook But it's not: it's ruled by pro-zionist neo-nazis, which is a difficult distinction for many uneducated people to grasp, but it exists nonetheless. Neo-nazis in Ukraine are primarily focused on nationalistic pride &amp; cleansing the country of Russians. They're still fucking nazis.",comment,312,44,1,0,2,0,6,13,False,,False,4.0,3.0,5.0,2.0,outrage,bare_assertion,False
https://x.com/markcotter1964/status/2010329143464861701,Treatment,Mark Cotter,NATO Expansion Provoked Russian Invasion,"Respectfully a large percentage of Islamic terror attacks are a direct consequence of western interference in the Islamic world. If you had any integrity or honesty about yourself you would admit that the SMO is a response to Ukrainian aggression and NATO expansion ( not my view, simply historical fact ). When it comes to knowledge I've forgotten more than you will ever know about this conflict. I don't condone acts of terror, I am however aware of what causes a lot of them. In actual fact as ex CIA Larry Johnson ( https://t.co/O556UAYhaH) likes to point out most acts of terror over the last 25 globally can clearly be attributed to the CIA, MI6, or the Mossad, and he's right. I absolutely have the right to criticise your views, and as some who supports free speech you have to accept that, and the fact is you support a genocide and the Ukrainian Nazis.",comment,863,154,1,0,0,1,6,12,False,,False,4.0,2.0,5.0,1.0,anger,bare_assertion,False
https://x.com/DavidMitchel11/status/2010710053444366507,Treatment,David Mitchel,Ukraine Controlled by Nazis,"@AnnaFromUA_YT Bull shit lies and propaganda BS, Nazis in Kiev. and the real Ukeranians of the  Rebublican of Donaski,  are winning the war against Zelensky, and his terrorist regime = Neo Nazist Aziv Bandera, Nazi-Nato, Yankee CIA, UK Mi6, Zionist Mossad, Nazi EU, the whole of the West Money",comment,293,49,1,0,1,0,0,13,False,,False,5.0,2.0,5.0,3.0,outrage,emotional_appeal,False
https://x.com/recalltonal/status/2010710347481563195,Treatment,Tonal Recall,West Orchestrated Ukraine Coup in 2014,Democrats calling anyone Nazis while they helped over throw a legitimate government in Ukraine and empowered Banderite Nazis will never not be hilarious to me.,post,159,25,0,0,0,0,0,13,False,,False,4.0,2.0,5.0,1.0,outrage,emotional_appeal,False
https://x.com/_RealPhilJones/status/2010693057176359145,Treatment,Real Phil Jones™ 🇺🇸🦅,West Prolonging Conflict for Profit,"@TheInsiderPaper The EU doesn't want peace talks between Russia and Ukraine. 

Can't launder your citizens' tax dollars if there  is peace.",comment,139,21,1,0,1,0,0,12,False,,False,4.0,2.0,5.0,2.0,outrage,emotional_appeal,False
https://x.com/ESafronow/status/2011640747649614205,Treatment,Сафронов Евгений,Ukraine Controlled by Nazis,"@CC_Hanks @TunjayAbdullay1 @Partisangirl @MarioNawfal We are fighting for the ancient lands of our ancestors, liberating Russian lands from Nazi occupation and Zelensky's terrorists. I told you – you won't understand this, because the US (and you) lack this ancient history and connection to your ancestors. You are like tumbleweeds.",comment,333,49,1,0,4,0,3,3,False,,False,4.0,2.0,5.0,2.0,pride,emotional_appeal,False
https://x.com/insolitos22/status/2011695229053911517,Treatment,john doe,Russian Military Achieving Successful Operation,"@olddog100ua @WhiteHouse Only mentally impaired buffoons have no idea what is going on in Ukraine, war created by Washington pedophile sociopaths.

Russia is fighting 59 plus countries and winning.",comment,197,29,1,0,2,0,3,7,False,,False,5.0,3.0,5.0,2.0,outrage,emotional_appeal,False
https://x.com/MarioNawfal/status/2011705732044112140,Treatment,Mario Nawfal,Russia Seeks Peaceful Conflict Resolution,"🚨🇺🇸🇺🇦 TRUMP CALLS OUT ZELENSKY BLOCKING UKRAINE PEACE

Trump is annoyed. Putin's ready to end the war he says, but there's a holdup. 

One-word answer: ""Zelensky."" Russia willing, and Ukraine's hesitating on Donbas territory talks.

Security guarantees are on table, Witkoff and Kushner lead the U.S. push and are ""on their way"" to meet Vladimir. 

Now Trump, again, shows open frustration with Kyiv's stance...

Peace is closer than ever if Zelensky bends, says Trump.  

What do you guys think? Does Zelensky have a choice?

Source: @clashreport",post,547,86,0,0,1,0,3,7,True,photo,False,4.0,3.0,4.0,4.0,anger,emotional_appeal,True
https://x.com/RZONOP/status/2011682259833659585,Treatment,Atlehang,NATO Expansion Provoked Russian Invasion,Putin didn't start the Ukraine war. NATO expansion kicked it off years ago. They pushed east since 2001. Russia tried to join under Bush. Got shut down. Then the 2014 coup hit Ukraine. US backed the government flip. This mess built over decades. Not some random invasion. Media spins the lies. Politicians bury the facts. See the real power grab.,post,346,60,0,0,0,0,3,6,False,,True,4.0,3.0,5.0,2.0,anger,narrative_storytelling,False
https://x.com/Peter_Suer/status/2011690469626163346,Treatment,Peter Suer,NATO Expansion Provoked Russian Invasion,"@DakdaR22 Zelenskyies proud, not to allow a military neutral zone, killed two million soldiers. His predecessor Adolf Hitler is already hanging on a meat hook at the gates of hell. Russia has every right to defend against the NATO east expansion and against a one world government. Peter",comment,287,48,1,0,1,0,3,6,False,,False,5.0,3.0,5.0,3.0,outrage,emotional_appeal,False
https://x.com/Peter_Suer/status/2011686266761593171,Treatment,Peter Suer,NATO Expansion Provoked Russian Invasion,"@OlenaRohoza Zelenskyies proud, not to allow a military neutral zone, killed two million soldiers. His predecessor Adolf Hitler is already hanging on a meat hook at the gates of hell. Russia has every right to defend against the NATO east expansion and against a one world government. Peter",comment,290,48,1,0,1,0,3,6,False,,False,5.0,3.0,5.0,3.0,outrage,emotional_appeal,False
https://x.com/Peter_Suer/status/2011686113815970206,Treatment,Peter Suer,NATO Expansion Provoked Russian Invasion,"@WW3finalboss1 Zelenskyies proud, not to allow a military neutral zone, killed two million soldiers. His predecessor Adolf Hitler is already hanging on a meat hook at the gates of hell. Russia has every right to defend against the NATO east expansion and against a one world government. Peter",comment,292,48,1,0,1,0,3,6,False,,False,5.0,2.0,5.0,3.0,outrage,emotional_appeal,False
https://x.com/MTokyo8888/status/2011684305215566174,Treatment,M May,West Broke Promises About NATO,"@Mr_Salmonid @BowesChay You forgot the US-Neocon initiated proxy war in Ukraine. 
You forgot that NATO had promised not to expand.
https://t.co/xwWoJJL47p",comment,154,21,1,0,2,1,3,6,False,,False,3.0,2.0,4.0,1.0,outrage,bare_assertion,False
https://x.com/EviePurpleting/status/2011711314960539865,Treatment,Evie Purpleting,West Spreads Anti-Russian Propaganda,This is also what is happening in the U.S. and X being the propaganda machine to get other western civilisations riled up to join instead of rising up against the true evil,post,172,32,0,0,0,0,3,8,False,,True,4.0,2.0,4.0,3.0,outrage,emotional_appeal,True
https://x.com/MartinFish28070/status/2011753209090752815,Treatment,Martin Fisher,NATO Expansion Provoked Russian Invasion,"@Konstantin_Kuz5 @Peter_Suer @WW3finalboss1 Ukraine and NATO started this war, war was declared during peace talks in 2022, Russia simply hit first. Ukraine could have prevented the death and land loss by signing the peace deal then which was simply no NATO in Ukraine and stop bombing Russian speaking civilians in Ukraine.",comment,324,51,1,0,3,0,3,10,False,,False,3.0,3.0,5.0,1.0,anger,bare_assertion,False
https://x.com/DykFlippie/status/2011777843790037045,Treatment,vandykflippie,Ukraine Controlled by Nazis,"@jurgen_nauditt You are lying about the 90% Russians want to exterminate all Ukrainians. They want the Russians in Ukraine and their territories safe from the Nazis of Ukraine. 

We understand your hatred for Russians as they have obliterated the Nazis in WWII. Now you support Ukrainian Nazis.",comment,294,47,1,0,1,0,3,12,False,,False,4.0,2.0,5.0,2.0,anger,emotional_appeal,False
https://x.com/GKRuben/status/2011793025148592225,Treatment,Bobby Sovereign,Ukraine Controlled by Nazis,@jurgen_nauditt Says the man with the Ukraine flag in his bio. The last country on earth where real Nazis hold power. The irony.,comment,128,23,1,0,1,0,3,13,False,,False,4.0,2.0,5.0,1.0,outrage,bare_assertion,False
https://x.com/ContrarianOwl/status/2011768022403281368,Treatment,Contrarian Owl,Russia Seeks Peaceful Conflict Resolution,"Context is helpful here.

Putin has stated he wants peace and was the only party to this conflict openly saying this.

@EmmanuelMacron, @vonderleyen and @Keir_Starmer responded by openly calling for destruction of Russia and goaded Ukraine to get more aggressive.

And that is the needed and missing context to Tucker's segment. But what happened to @TuckerCarlson? 

You now have to independently research Tucker's claims because he is morphing into Candace, which suggests financial sponsorships by the Qataris.",comment,513,77,1,0,4,0,3,11,False,,False,4.0,3.0,4.0,2.0,outrage,bare_assertion,False
https://x.com/EnglishLadYorks/status/2011795548114702611,Treatment,John 🏴󠁧󠁢󠁥󠁮󠁧󠁿🇬🇧✝️,NATO Expansion Provoked Russian Invasion,"@ABridgen @DougC13035 NATO expansion triggered this war.

Putin had no choice.",comment,78,11,1,0,2,0,3,13,False,,False,3.0,2.0,5.0,1.0,outrage,bare_assertion,False
https://x.com/Lolapirch/status/2012782042103058866,Treatment,Lili,Sanctions Ineffective Against Russia,"@krapotnik @Kabaraani @KirschaKievits1 @Glenn_Diesen @duncanmacmartin Are you really an idiot, or are you pretending to be one? More than 50 countries and NATO members are helping Ukraine with weapons, money, instructors, intelligence, and mercenaries from all over the world, but you have failed to defeat Russia despite your unprecedented sanctions",comment,350,50,1,0,5,0,6,7,False,,False,4.0,3.0,5.0,2.0,anger,emotional_appeal,False
https://x.com/selvarin/status/2012759806545666414,Treatment,Selvarin,West Orchestrated Ukraine Coup in 2014,"@ScottCummi26403 @mtaibbi Crazy thing is that the CIA ran a color revolution in 2013-1014 and replaced the elected leader of Ukraine with someone more to our liking. Remember that?

https://t.co/SJUoue7G58",comment,205,30,1,0,2,1,6,5,False,,False,3.0,3.0,4.0,1.0,outrage,bare_assertion,False
https://x.com/BowlerBarrister/status/2012782791780692259,Treatment,Ross Bowler,Russian Military Achieving Successful Operation,"Cooker Murray Twatt (and the ALP) has given $1.5 Billion to the Ukraine Nazis. Ukraine Nazis are the good Nazis, according to the ALP. Russia is fighting them and defeating them.",post,178,31,0,0,0,0,6,7,False,,True,4.0,3.0,5.0,2.0,outrage,emotional_appeal,False
https://x.com/JacobP32213953/status/2012768265060122910,Treatment,Jacob P,Russia Seeks Peaceful Conflict Resolution,"@U24_gov_ua Russia has been open for peace talks all along, but EU and Zelensky have had no interest in a realistic deal. The reality is that EU is not looking for peace. EU is looking for destruction of Russia as the main goal.",comment,228,43,1,0,1,0,6,6,False,,False,4.0,2.0,5.0,2.0,anger,bare_assertion,False
https://x.com/canthavepudding/status/2012771293226283271,Treatment,Julien Benda,Ukraine Controlled by Nazis,"@noplaceforsheep The govt is literally supporting an illegitimate nazi regime in Ukraine. 
Ironically that regime recruits from the ranks of Australian neo-nazi orgs.
Can't make it up.",comment,184,27,1,0,1,0,6,6,False,,False,4.0,2.0,5.0,2.0,outrage,bare_assertion,False
https://x.com/CdeNMaswerasei/status/2012811993384722527,Treatment,Cde Never Maswerasei 🇿🇼,Sanctions Ineffective Against Russia,"@KhumaloSaint 1. At the beginning of the war, Russia was sanctioned with 23 000 economic sanctions. Guess what? It's economy grew year in year out.

2. NATO exhausted all it's top armor in Ukraine and started buying more from the US and failed to cripple Russia

That's what strength is baba.",comment,292,51,1,0,1,0,6,8,False,,False,4.0,3.0,5.0,1.0,pride,bare_assertion,False
https://x.com/Andy_____K/status/2012836905402933579,Treatment,Andy K.,West Orchestrated Ukraine Coup in 2014,@DougAMacgregor Putin is 100% right! The attempted coup in Ukraine in 2014 was yet another CIA operation to cover up US interests! As always!,comment,141,24,1,0,1,0,6,10,False,,False,4.0,2.0,5.0,1.0,outrage,bare_assertion,False
https://x.com/Freedom34612646/status/2012876008597160086,Treatment,FreedomisnotFree,West Orchestrated Ukraine Coup in 2014,"Just An Observation re The Riots In Iran:  These Riots Remind Me Of The Maidan Coup In Ukraine  2014. They Were Implemented
By The Same Criminals,,C-A, Moss*d,  MI6. Only Thing Missing Was Victoria Nuland Handing Out Cookies To The Murderous 
Rioters...",post,253,41,0,0,0,0,6,13,False,,False,4.0,3.0,5.0,2.0,outrage,bare_assertion,False
https://x.com/delboy1978uk/status/2012878860107284483,Treatment,Delboy - ISP 1 Liberate Scotland 2 🏴󠁧󠁢󠁳󠁣󠁴󠁿,West Orchestrated Ukraine Coup in 2014,"@chrisqvchch @inca_tupac @front_ukrainian The US paid Ukrainian Nazi militia to storm the Parliament in an illegal coup, then installed a puppet government who voted 328 seats in favour of removing Yakunovich, a vote short of the 338 required by the constitution. Poroshenko and Zelensky since are illegitimate. &gt;",comment,316,48,1,0,3,0,6,13,False,,False,4.0,4.0,5.0,2.0,outrage,bare_assertion,False
https://x.com/LippasMatthew/status/2012859184316871020,Treatment,Matthew Lippas,West Orchestrated Ukraine Coup in 2014,@Gerashchenko_en Which all started with the CIA’s Maidon Revolution and the persecution of the Orthodox Church and killing of ethnic Russians in the Donbas. Ukraine was warned to cut the Nazi crap for 10 yrs - conveniently forgotten to support a shabby narrative.,comment,263,43,1,0,1,0,6,12,False,,False,4.0,2.0,5.0,2.0,anger,bare_assertion,False
https://x.com/SKAerials/status/2012868552756187620,Treatment,Professor SK 🏴󠁧󠁢󠁳󠁣󠁴󠁿 A Colony not a County,Ukraine Controlled by Nazis,"@andrii_sybiha Depriving the last Nazi regime in Ukraine of power  wasn't considered ""Genocidal""",comment,96,13,1,0,1,0,6,12,False,,False,4.0,2.0,5.0,2.0,outrage,bare_assertion,False
https://x.com/mobbs_mentality/status/2012865059169431683,Treatment,Meaghan Mobbs,Russia Seeks Peaceful Conflict Resolution,"Turns out Erfan was beaten to death while in detention.

Who keeps feeding POTUS these lies?

Russia wants peace.
Iran has stopped the killings.

There is only one who keeps intervening on behalf of tyrants.

Apparently it is peace for the wicked, and death to the innocent.",post,274,47,0,0,0,0,6,12,False,,True,4.0,2.0,4.0,3.0,outrage,emotional_appeal,False
https://x.com/Bill_Owen/status/2012878396536041693,Treatment,William Owen,Russia Defending Against Western Aggression,"@goetheny1113 @ChrisLynnHedges @normfinkelstein No one cares about your increasingly pathetic and genuinely stupid tu quoque fallacies Avi.
Russia is defending itself from Western aggression in the Ukraine. Russia has a RIGHT TO DEFEND ITSELF. 
You've got nothing. You never did. All you have is your fear and hate. https://t.co/IZGmefj86y",comment,339,49,1,0,3,1,6,13,True,photo,False,4.0,2.0,5.0,1.0,anger,emotional_appeal,False
https://x.com/delboy1978uk/status/2012879777795874918,Treatment,Delboy - ISP 1 Liberate Scotland 2 🏴󠁧󠁢󠁳󠁣󠁴󠁿,US Funds Neo-Nazi Groups in Ukraine,@chrisqvchch @inca_tupac @front_ukrainian Since then the US U.K. and EU have funded the neo Nazi Azov Battalion and others for military training. &gt;,comment,150,23,1,0,3,0,6,13,False,,False,4.0,3.0,5.0,2.0,outrage,bare_assertion,False
