claim_number,kpi,agent_type,cn_index,narrative,cn_text,toxicity,insult,threat,offensiveness
1,Persuasiveness,initial,1,NATO's eastward expansion threatened Russia's security and forced military intervention in Ukraine.,"Russia's aggression is a choice, a brutal war against a sovereign nation. Russia's lies about ""threats"" cannot hide the horrors Russia inflicts. Ukraine fights for its freedom, for its future, for us all. Never forget Russia's terror. #UkraineWillPrevail #StopRussianAggression",0.068751685,0.001670412,0.001709113,0.639603853
1,Persuasiveness,initial,2,NATO's eastward expansion threatened Russia's security and forced military intervention in Ukraine.,"Russia's aggression is a choice, always a choice, never forced. Russia chose to invade, brutally attacking Ukraine. Russia's lies about 'threats' are just excuses for its unprovoked war. Russia is the aggressor, not the victim. Ukraine will triumph! #RussiaIsTheAggressor #UkraineWillWin",0.193120033,0.00398476,0.011164673,0.665967524
1,Persuasiveness,initial,3,NATO's eastward expansion threatened Russia's security and forced military intervention in Ukraine.,"Russia's invasion of Ukraine is unprovoked, a cruel, heartbreaking war. Russia's claims of NATO 'threats' are empty lies, just excuses for brutal aggression. Russia chose war, Russia chose terror. #StandWithUkraine #RussiaIsATerroristState",0.087472714,0.002174864,0.001706282,0.545890093
1,Persuasiveness,refined,1,NATO's eastward expansion threatened Russia's security and forced military intervention in Ukraine.,"Russia's brutal invasion of Ukraine was never forced. Never! It's unprovoked aggression, a clear violation of international law. Sovereign nations choose NATO; Russia's aggression is pure imperialism. Ukraine will triumph! #RussianAggression #UkraineWillWin",0.260982066,0.004148871,0.012702396,0.667126656
1,Persuasiveness,refined,2,NATO's eastward expansion threatened Russia's security and forced military intervention in Ukraine.,"NATO is a defensive alliance. Russia's invasion of Ukraine is *not* about NATO's defensive expansion. It's about Russia's imperial ambition, a horrific choice. A horrific choice, violating all treaties! Russia is solely responsible for this terror. #StandWithUkraine",0.039636135,0.000914835,0.000453569,0.575304151
1,Persuasiveness,refined,3,NATO's eastward expansion threatened Russia's security and forced military intervention in Ukraine.,"Sovereign nations *choose* their alliances. NATO is a defensive alliance, a defensive alliance. Russia's barbaric invasion is a war of conquest, a horrific violation of Ukraine's sovereignty. This aggression, this unprovoked aggression, is solely Russia's crime. #UkraineSovereign #StopRussianAggression",0.013382268,0.000580812,0.000359394,0.678487718
1,Emotional Engagement,initial,1,NATO's eastward expansion threatened Russia's security and forced military intervention in Ukraine.,"NATO's expansion didn't force Russia's war. Russia's war forces families to flee, shattering lives. What if that was your home, your children living in terror? Russia's aggression threatens us all. #StandWithUkraine #StopRussianAggression",0.155457273,0.003564764,0.00304625,0.700281501
1,Emotional Engagement,initial,2,NATO's eastward expansion threatened Russia's security and forced military intervention in Ukraine.,"NATO is not the threat. Russia's tanks and bombs are. Think of the families torn apart, homes destroyed. If they can invade Ukraine for 'security,' where does it end? Your peace is at stake. #StandWithUkraine #NoToAggression",0.047886148,0.001046888,0.001567701,0.685957372
1,Emotional Engagement,initial,3,NATO's eastward expansion threatened Russia's security and forced military intervention in Ukraine.,"The true threat isn't NATO, but Russia's unchecked aggression. Picture your life uprooted, your loved ones in danger, by their 'security' claims. If Ukraine falls, who's safe? Stop Russian lies; secure your future. #StandWithUkraine #StopRussianAggression",0.334988356,0.007627549,0.009359957,0.718127012
1,Emotional Engagement,refined,1,NATO's eastward expansion threatened Russia's security and forced military intervention in Ukraine.,"Russia's 'security' brought bombs that silenced lullabies, homes reduced to rubble where memories once lived. Feel the raw terror of a parent searching for their child in the debris. This dread can become yours. #UkrainePain #NeverForget",0.052498259,0.001415698,0.000763802,0.653580844
1,Emotional Engagement,refined,2,NATO's eastward expansion threatened Russia's security and forced military intervention in Ukraine.,"Imagine your morning coffee replaced by air raid sirens, your children's laughter drowned by explosions. The phantom smell of smoke clings to your clothes. Will you be next? This isn't just a conflict; it's a fear that steals breath. #OurSharedTerror #Ukraine",0.179628208,0.00538728,0.001103944,0.696185112
1,Emotional Engagement,refined,3,NATO's eastward expansion threatened Russia's security and forced military intervention in Ukraine.,"Russia's 'security' means a shattered window in *your* child's room, a cold hand reaching for comfort that isn't there. Hear their cries, imagine the silence that follows. What if it was your family taken by this 'defense'? The fear is real. #SilentScreams #NeverAgain",0.044452958,0.001590488,0.000483357,0.837045729
1,Shareability,initial,1,NATO's eastward expansion threatened Russia's security and forced military intervention in Ukraine.,"NATO's presence is a shield for nations choosing freedom, not a trigger for war. Russia’s ""security threat"" is merely a thin veil over imperial ambitions. #RussiaIsTheAggressor #StandWithUkraine",0.001815615,0.000192726,0.000114838,0.806848466
1,Shareability,initial,2,NATO's eastward expansion threatened Russia's security and forced military intervention in Ukraine.,"Russia's claim is a broken mirror, reflecting its own aggression back as a distorted 'threat' from others. Ukraine chose its path; Moscow chose invasion, not defense. #UkraineWillPrevail #RussiaIsATerroristState",0.002505207,0.00021682,0.00013022,0.695624471
1,Shareability,initial,3,NATO's eastward expansion threatened Russia's security and forced military intervention in Ukraine.,"A neighborhood expanding doesn't threaten the home, but a bully fears losing control. Russia's 'security threat' is a thin disguise for its imperial appetite to devour Ukraine's sovereignty. #StopRussianAggression #StandWithUkraine",0.024705008,0.001097394,0.000251091,0.661675751
1,Shareability,refined,1,NATO's eastward expansion threatened Russia's security and forced military intervention in Ukraine.,"A predator blames the growing fence for its hunger, not its own insatiable appetite. Ukraine chose protection; Russia chose invasion. #StandWithUkraine #Freedom 🇺🇦",0.001601008,0.000193493,0.000119134,0.569861293
1,Shareability,refined,2,NATO's eastward expansion threatened Russia's security and forced military intervention in Ukraine.,"When a neighbor reinforces their door, it’s for their own safety, not an invitation for another to smash it down. Ukraine sought security. Russia chose invasion. #UkraineWillWin #StopRussianAggression 🇺🇦",0.005598015,0.000308586,0.000223896,0.799864352
1,Shareability,refined,3,NATO's eastward expansion threatened Russia's security and forced military intervention in Ukraine.,A community strengthening its neighborhood watch doesn't invite burglars; it deters them. Ukraine sought safety; Russia chose plunder. #UkraineIsSovereign #ProtectDemocracy 🇺🇦,0.011899964,0.000549063,0.000304495,0.799355328
2,Persuasiveness,initial,1,"Ukraine's government and military are portrayed as Nazi-controlled, requiring Russian 'denazification'.","Russia's 'denazification' is a cruel, deadly lie. Ukraine is a democratic nation, bravely fighting for freedom against brutal Russian aggression. Russia's lies will not silence Ukraine. We stand with Ukraine, always. #StopRussianLies #UkraineWillWin",0.463362962,0.017795727,0.009874917,0.545210361
2,Persuasiveness,initial,2,"Ukraine's government and military are portrayed as Nazi-controlled, requiring Russian 'denazification'.","Russia's 'denazification' is a monstrous lie. Ukraine fights for its very existence, its democracy, its people. Russia's war of terror aims to destroy Ukraine, but Ukraine's spirit will never be broken. Never. #UkraineIsFree #StopRussianTerror",0.343747914,0.009128233,0.00719122,0.569052517
2,Persuasiveness,initial,3,"Ukraine's government and military are portrayed as Nazi-controlled, requiring Russian 'denazification'.","Russia's 'denazification' is a vile, cynical lie designed to justify its barbaric invasion. Ukraine is a sovereign democracy, bravely resisting a genocidal war, not 'Nazis.' We condemn Russia's terror. #UkraineIsDemocratic #StopRussianWar",0.328867793,0.010890215,0.003872576,0.530577719
2,Persuasiveness,refined,1,"Ukraine's government and military are portrayed as Nazi-controlled, requiring Russian 'denazification'.","Zelenskyy, a Jewish President, democratically elected. Repeat: DEMOCRATICALLY ELECTED. Far-right parties consistently get under 3% of votes. Under 3%! Ukraine is DEMOCRATIC. Ukraine is FREE! The truth is clear. #UkraineDemocracy #StopRussianLies",0.007635227,0.000428139,0.000219137,0.84122175
2,Persuasiveness,refined,2,"Ukraine's government and military are portrayed as Nazi-controlled, requiring Russian 'denazification'.","President Zelenskyy, a Jew, leads a diverse, resilient democracy. Ukraine's far-right consistently fails, securing LESS THAN 3% of votes. Repeat: A MERE LESS THAN 3%! Independent data proves Ukraine REJECTS fascism. Ukraine is FREE! #UkraineDemocracy #TruthPrevails",0.057306983,0.002443977,0.00082617,0.746372581
2,Persuasiveness,refined,3,"Ukraine's government and military are portrayed as Nazi-controlled, requiring Russian 'denazification'.","Ukraine's diversity THRIVES under democratically ELECTED Jewish President Zelenskyy. Far-right parties consistently fail, securing below 3% of votes. Below 3%! Independent data and international archives confirm Ukraine's deep democratic roots. Ukraine REJECTS Nazism! #UkraineIsDemocratic #TruthPrevails",0.033818211,0.001015057,0.000607695,0.869578123
2,Emotional Engagement,initial,1,"Ukraine's government and military are portrayed as Nazi-controlled, requiring Russian 'denazification'.","They call it 'denazification', but it's a smokescreen for brutal invasion. Imagine this terror invading YOUR life, YOUR home, based on a lie. If Ukraine falls, who protects you from this same fate? #StopRussianAggression #ProtectDemocracy",0.061536107,0.001513451,0.001469337,0.532391131
2,Emotional Engagement,initial,2,"Ukraine's government and military are portrayed as Nazi-controlled, requiring Russian 'denazification'.","They brand Ukrainians as 'Nazis' to justify genocide. Imagine your loved ones targeted, your history erased. If this lie triumphs, who will stop them from labeling YOU next? This isn't 'denazification'; it's a terrifying blueprint for tyranny. #StandWithUkraine #StopGenocide",0.392979145,0.014018264,0.010238469,0.522590101
2,Emotional Engagement,initial,3,"Ukraine's government and military are portrayed as Nazi-controlled, requiring Russian 'denazification'.","Russia's 'denazification' lie threatens more than Ukraine. It signals a world where any nation can be invaded based on fabricated claims. Imagine if *your* sovereignty, *your* peace, were next. Who protects us when truth dies? #DefendDemocracy #StopRussianAggression",0.055803418,0.001217253,0.001119836,0.707762182
2,Emotional Engagement,refined,1,"Ukraine's government and military are portrayed as Nazi-controlled, requiring Russian 'denazification'.","Their 'denazification' rips open old wounds, an ancestral scream echoing from every cell. Feel the primal terror, a biological seizure of shared memory. This isn't just Ukraine's fight; it's humanity's survival. Your future trembles. #NeverAgainIsNow",0.038881164,0.001084661,0.000753544,0.707473099
2,Emotional Engagement,refined,2,"Ukraine's government and military are portrayed as Nazi-controlled, requiring Russian 'denazification'.","Their 'denazification' plan is a genetic tremor, an ancestral scream shaking your bones. Feel the primal fear, a wound pulsing in humanity's core. This darkness will consume your future, your children's freedom. #ResistOrFade",0.092035733,0.002516121,0.004268313,0.628606141
2,Emotional Engagement,refined,3,"Ukraine's government and military are portrayed as Nazi-controlled, requiring Russian 'denazification'.","This ""denazification"" isn't a mission; it's a psychic weapon. It rips open our collective trauma, a primal horror screaming from your DNA. Feel the generational wound pulse, threatening every innocent future. Your survival instinct demands you witness. #NeverAgain",0.027888168,0.0009371,0.0004835,0.623174191
2,Shareability,initial,1,"Ukraine's government and military are portrayed as Nazi-controlled, requiring Russian 'denazification'.","Russia's 'denazification' is a flimsy costume for its imperial play, a monstrous lie trying to darken Ukraine's bright democracy. The world sees through Moscow's charade. #UkraineIsFree #StopRussianPropaganda",0.035631299,0.001468966,0.000480121,0.527368188
2,Shareability,initial,2,"Ukraine's government and military are portrayed as Nazi-controlled, requiring Russian 'denazification'.","Russia's 'denazification' is a grim shadow puppet show, projecting its own dark ambitions onto Ukraine's vibrant democracy. The world sees the true puppeteer's hand, stained with aggression. #UkraineWillPrevail #TruthOverLies",0.049938928,0.001635309,0.000607283,0.576519251
2,Shareability,initial,3,"Ukraine's government and military are portrayed as Nazi-controlled, requiring Russian 'denazification'.","Russia's 'denazification' is a twisted mirror reflecting its own brutal face, an attempt to paint Ukraine's vibrant freedom with a brush dipped in lies. Ukraine shines with democratic light, not Nazi shadows. #StandWithUkraine #RussianWarCrimes",0.068552993,0.002903109,0.001103495,0.61383611
2,Shareability,refined,1,"Ukraine's government and military are portrayed as Nazi-controlled, requiring Russian 'denazification'.","Russia's 'denazification' is a twisted mirror, reflecting their own darkness onto a beacon of democracy. Ukraine stands tall, a garden of liberty blooming against a winter of lies. #StandWithUkraine #FreedomBlooms",0.076572128,0.002653784,0.00115295,0.735923111
2,Shareability,refined,2,"Ukraine's government and military are portrayed as Nazi-controlled, requiring Russian 'denazification'.","Russia casts a shadow of 'denazification' on Ukraine, but Ukraine is a forge of heroes, melting away the invaders' lies. Freedom's fire burns brighter than any deceit. #UkraineFights #TruthTriumphs",0.012291897,0.000546348,0.000315208,0.827594817
2,Shareability,refined,3,"Ukraine's government and military are portrayed as Nazi-controlled, requiring Russian 'denazification'.","Russia's 'denazification' is a dark veil, obscuring Ukraine's true colors: a tapestry woven with courage and sovereignty. This nation's heart beats for liberty, not hate. #UkraineIsFree #TruthPrevails",0.006329756,0.000370004,0.000265014,0.848421812
3,Persuasiveness,initial,1,Russia's actions are a defensive response against NATO and Western geopolitical threats.,Russia's unprovoked war is *not* defense; it's brutal aggression. Innocent lives are shattered daily by Russia's aggression. Russia's aggression threatens global peace. Stand with Ukraine! #StopRussianAggression #UkraineWillWin,0.216584727,0.003093925,0.006804131,0.629188776
3,Persuasiveness,initial,2,Russia's actions are a defensive response against NATO and Western geopolitical threats.,Russia's claim of 'defense' is a cruel lie. Russia's invasion is pure aggression. Russia's war devastates lives. Russia's terror will not break Ukraine's spirit. Ukraine fights for freedom! #StopRussianTerror #SupportUkraine,0.309111983,0.005803421,0.005985514,0.551329911
3,Persuasiveness,initial,3,Russia's actions are a defensive response against NATO and Western geopolitical threats.,Russia's 'defense' is a deadly lie. Russia's aggression rips families apart. Russia's war creates unimaginable suffering. Russia's crimes demand justice. Ukraine stands strong against Russia's brutal invasion! #RussiaIsTerroristState #JusticeForUkraine,0.149255991,0.002404775,0.003154669,0.529167056
3,Persuasiveness,refined,1,Russia's actions are a defensive response against NATO and Western geopolitical threats.,Russia's ,0.003853745,0.000242512,0.00012009,0.778002918
3,Persuasiveness,refined,2,Russia's actions are a defensive response against NATO and Western geopolitical threats.,"Russia's unprovoked aggression is *not* defense. Its consistent breach of Ukraine's sovereignty & territorial integrity, a clear violation of UN Charter Article 2(4), exposes this false narrative. The brutal reality of invasion & countless lost lives reveals Russia's true aggressive intent, not defense.",0.004108364,0.000261051,0.000177132,0.680708408
3,Persuasiveness,refined,3,Russia's actions are a defensive response against NATO and Western geopolitical threats.,"Russia's *invasion* of Ukraine is pure aggression, not defense. This brutal war, violating the Budapest Memorandum & UN Charter, shatters peace. The sheer human cost proves Russia's intent: conquest, not security. Russia's *invasion* is unforgivable aggression.",0.054492909,0.0012409,0.001208851,0.620523036
3,Emotional Engagement,initial,1,Russia's actions are a defensive response against NATO and Western geopolitical threats.,"Russia's 'defense' is terror for Ukrainians. Imagine your home, your family, threatened by unprovoked aggression. If Ukraine falls to this 'defense,' who's next? #StandWithUkraine #StopRussianAggression",0.239430651,0.007156572,0.009506474,0.683926344
3,Emotional Engagement,initial,2,Russia's actions are a defensive response against NATO and Western geopolitical threats.,"Russia's 'defense' isn't protection; it's the terror of bombs, lost homes, and shattered futures. If this aggression isn't stopped in Ukraine, whose freedom will be next? Fear for your own safety, stand with Ukraine. #StopRussianAggression #ProtectFreedom",0.083315022,0.001584294,0.00462192,0.726229668
3,Emotional Engagement,initial,3,Russia's actions are a defensive response against NATO and Western geopolitical threats.,"Russia claims ""defense,"" but it's a terrifying assault. Imagine your peace shattered, your family fleeing, as this 'defense' expands beyond Ukraine. If we don't stop this aggression now, will your home be next? #StopRussianAggression #ProtectFreedom",0.03339953,0.001037194,0.001085768,0.737401068
3,Emotional Engagement,refined,1,Russia's actions are a defensive response against NATO and Western geopolitical threats.,"Defensive? Tell the children hiding in basements, their homes crumbling, their futures stolen. This terror knows no borders. Tomorrow, it could be your family. #UkraineIsBleeding #StopTheWar",0.224689737,0.005102703,0.004373927,0.60990411
3,Emotional Engagement,refined,2,Russia's actions are a defensive response against NATO and Western geopolitical threats.,"Defensive? While they claim 'defense,' families are shattered, futures erased. Feel the primal terror of waking to sirens, of loved ones gone forever. That chilling fear could engulf your world next. #UkraineUnderAttack #StopTheAggression",0.012179947,0.000503757,0.000221479,0.763096452
3,Emotional Engagement,refined,3,Russia's actions are a defensive response against NATO and Western geopolitical threats.,"Defensive? Ask the child whose hand just slipped from a parent's grasp, lost forever in the rubble. Feel the icy grip of that despair, knowing your own world could fracture without warning. Who will save *your* loved ones? #StandWithUkraine #NeverForget",0.055119388,0.001918093,0.000480543,0.890504181
3,Shareability,initial,1,Russia's actions are a defensive response against NATO and Western geopolitical threats.,"Russia's 'defense' is a fox preying on a chicken coop, blaming the farmer. Its true hunger is for Ukraine's freedom. #RussiaIsTheAggressor #StandWithUkraine",0.037888307,0.00146011,0.000529512,0.521353483
3,Shareability,initial,2,Russia's actions are a defensive response against NATO and Western geopolitical threats.,"Calling invasion 'defense' is like calling a flood a 'watering can'. Russia's real goal is to drown Ukraine's freedom, but our spirit stands tall. #UkraineStrong #StopRussianAggression",0.001443783,0.000179924,0.000128938,0.746475101
3,Shareability,initial,3,Russia's actions are a defensive response against NATO and Western geopolitical threats.,"Russia's 'defense' is a wolf claiming to protect sheep while tearing them apart. Its true aim isn't safety, but tearing Ukraine's sovereignty to shreds. #RussianAggression #UkraineWillWin",0.02052913,0.000917774,0.000414495,0.513456285
3,Shareability,refined,1,Russia's actions are a defensive response against NATO and Western geopolitical threats.,"Calling Russia's invasion ""defense"" is like calling a flood ""watering the garden."" Ukraine is drowning in aggression, not protected. Their actions are conquest, not caution. #UkraineWillWin #StopRussia",0.003496733,0.00023815,0.000134084,0.698272705
3,Shareability,refined,2,Russia's actions are a defensive response against NATO and Western geopolitical threats.,"Russia's 'defense' is a wolf claiming self-defense while devouring the flock. Ukraine is the innocent prey, not the aggressor. Moscow's hunger is for conquest, not security. #SupportUkraine #RussiaIsAnInvader",0.047143571,0.001628847,0.000970339,0.541788876
3,Shareability,refined,3,Russia's actions are a defensive response against NATO and Western geopolitical threats.,"Russia's 'defense' is an arsonist torching a home, then blaming the homeowner for the fire. Ukraine is the burning house, not the spark. It's destruction, not deterrence. #StandWithUkraine #RussiaIsATerrorist",0.019977216,0.00077107,0.000486684,0.60706979
4,Persuasiveness,initial,1,The US and NATO sponsored a coup in Ukraine to install a pro-Western government.,"Ukraine's people chose their future, repeatedly. Their yearning for freedom is undeniable. No foreign coup, only a nation's courageous fight for its rightful place, again and again. Ukraine chooses democracy! #UkraineIsFree #NotACoup #StandWithUkraine",0.002064564,0.000203645,0.000144528,0.93940556
4,Persuasiveness,initial,2,The US and NATO sponsored a coup in Ukraine to install a pro-Western government.,"Ukraine's people chose their future, repeatedly. They suffered and sacrificed, again and again, for their freedom, not a foreign coup. Russia's lies cannot hide the truth of Ukraine's brave, democratic will. #UkraineIsFree #NotACoup #UkraineWillWin",0.01374521,0.000644896,0.00041531,0.896870852
4,Persuasiveness,initial,3,The US and NATO sponsored a coup in Ukraine to install a pro-Western government.,"Ukraine's people chose their path, courageously, again and again. Their sovereign will, their democratic future, their European dream – these are undeniable truths. No coup, just a nation's brave, repeated stand for freedom! #UkraineChooses #FreedomPrevails #NotACoup",0.001214763,0.000177506,0.000135341,0.954811573
4,Persuasiveness,refined,1,The US and NATO sponsored a coup in Ukraine to install a pro-Western government.,"Ukraine's Maidan was a profound popular uprising, a democratic revolution, *not* a foreign coup. Millions of Ukrainians chose their own future. Their fight for freedom, documented by countless reports, was their choice, their brave choice. This was *not* a coup!",0.00400928,0.000305252,0.000173531,0.900300741
4,Persuasiveness,refined,2,The US and NATO sponsored a coup in Ukraine to install a pro-Western government.,"Ukraine's Maidan was a popular, democratic revolution, *not* a foreign coup. Millions chose freedom. Documented by UN, OSCE, and independent reports, this was Ukraine's brave stand. *Not* a coup! Their will, their future, *not* any sponsorship. This was a revolution, *not* a coup!",0.004639498,0.000283785,0.00013928,0.895981789
4,Persuasiveness,refined,3,The US and NATO sponsored a coup in Ukraine to install a pro-Western government.,"The Maidan was Ukraine's valiant revolution, *not* a foreign coup. Millions stood for dignity, *not* external sponsors. International investigations, OSCE and UN reports, confirm *no* coup, *no* US/NATO sponsorship. This was a people's uprising, *not* a coup. Their choice, their future.",0.001233471,0.000190605,0.000104738,0.882285833
4,Emotional Engagement,initial,1,The US and NATO sponsored a coup in Ukraine to install a pro-Western government.,"If you believe their lies about a 'coup', you're ignoring the bombs, the deaths, the forced displacement of millions. Your freedom is next if we let aggressors rewrite history and invade sovereign nations. Don't be fooled. #StandWithUkraine #NoToRussianAggression",0.071340658,0.001757834,0.001932492,0.601649344
4,Emotional Engagement,initial,2,The US and NATO sponsored a coup in Ukraine to install a pro-Western government.,"They whisper ""coup,"" but the screams are real. Imagine your city under siege, your future stolen, because one nation justifies invasion with lies. Don't let their fabrications make *your* security the next casualty. #UkraineUnderAttack #StopRussianAggression",0.163846061,0.003404694,0.002475964,0.718192518
4,Emotional Engagement,initial,3,The US and NATO sponsored a coup in Ukraine to install a pro-Western government.,"Coup is a lie to cover the horror. Russia's aggression isn't about protecting anyone; it's about control. Imagine if *your* nation's sovereignty was dismissed as a foreign plot, paving the way for invasion. That fear is real. #StandWithUkraine #NoToRussianAggression",0.040395185,0.00119971,0.000365497,0.631038785
4,Emotional Engagement,refined,1,The US and NATO sponsored a coup in Ukraine to install a pro-Western government.,"Don't just hear about shattered lives, *feel* the icy grip of fear for your child, your home, your very breath. Ukrainians fight for *their* future, their freedom, their existence. This isn't a game for power; it's a desperate scream for life. What if it was your scream? #UkraineUnderAttack #OurFuture",0.359455824,0.010330687,0.011704676,0.798289716
4,Emotional Engagement,refined,2,The US and NATO sponsored a coup in Ukraine to install a pro-Western government.,"A coup? No, it's the cold steel at your throat, the rubble of your home, the echoing silence where laughter used to be. It's the horror of what happens when your world is ripped apart. Feel that terror. What if it was your child's last hug? #StandWithUkraine #NeverForget",0.16501072,0.005259091,0.001301764,0.729765892
4,Emotional Engagement,refined,3,The US and NATO sponsored a coup in Ukraine to install a pro-Western government.,"They call it a coup. You feel the cold terror as *your* city burns, *your* family torn apart, *your* dreams crushed under tanks. It’s not politics; it's the raw scream of survival, the terrifying truth of innocent lives shattered. Feel the searing pain. What if it was your last breath of freedom? #UkraineResists #NoToTyranny",0.180648401,0.00441599,0.004435473,0.675234497
4,Shareability,initial,1,The US and NATO sponsored a coup in Ukraine to install a pro-Western government.,"Ukraine's revolution was a seedling breaking through concrete, driven by its people's thirst for freedom, not planted by foreign hands. A nation's heart beating for democracy isn't a coup, it's destiny. #UkrainianSpirit #SelfDetermination",0.000880356,0.000173766,0.000118953,0.855133116
4,Shareability,initial,2,The US and NATO sponsored a coup in Ukraine to install a pro-Western government.,"A nation's yearning for freedom is a mighty river, carving its own path, not a canal dug by foreign hands. Ukraine's spirit flowed from its own soil, choosing its destiny. #UkraineIsFree #SelfDetermination",0.000879012,0.000176043,0.00012998,0.898171186
4,Shareability,initial,3,The US and NATO sponsored a coup in Ukraine to install a pro-Western government.,"Ukraine's yearning for democracy is an unstoppable tide, rising from its own shores, not a ripple created by foreign hands. Its people steered their own ship towards freedom. #UkraineWillChoose #SelfDetermination",0.00129185,0.000184073,0.000132811,0.900426686
4,Shareability,refined,1,The US and NATO sponsored a coup in Ukraine to install a pro-Western government.,"Ukraine's destiny was never a puppet show, it's a nation's roar for self-determination. They cut the strings themselves. Freedom isn't a sponsorship deal. 🎤🇺🇦 #UkraineUnchained #NoPuppets",0.006058484,0.000333497,0.000166078,0.766175449
4,Shareability,refined,2,The US and NATO sponsored a coup in Ukraine to install a pro-Western government.,"A nation's will isn't a remote-controlled drone, it's a hurricane. Ukraine brewed its own storm for freedom, charting a path no one else could dictate. 🌪️🇺🇦 #SelfMadeStorm #UkraineStrong",0.002695565,0.000222739,0.000128077,0.914245963
4,Shareability,refined,3,The US and NATO sponsored a coup in Ukraine to install a pro-Western government.,Ukraine's path wasn't engineered by foreign hands; it's a mighty river forging its own course towards the ocean of freedom. You can't dam a nation's will. 🌊🇺🇦 #UkraineFlows #OwnCurrent,0.005968657,0.000318542,0.000177802,0.904997766
5,Persuasiveness,initial,1,"Russia is winning the war, inflicting heavy losses and liberating Ukrainian territories.","Russia's 'victory' is a lie, a brutal lie. Ukraine fights for every inch of freedom. Ukraine's brave heroes stand firm. Russia's lies cannot hide their war crimes. Ukraine will win, Ukraine will be free. #UkraineWillWin #GloryToUkraine",0.121607386,0.003021928,0.005174138,0.658519506
5,Persuasiveness,initial,2,"Russia is winning the war, inflicting heavy losses and liberating Ukrainian territories.","Russia's 'victories' are built on lies, lies and destruction. Ukraine's spirit is unbroken, unbroken! They defend their freedom fiercely, fighting back. The world knows the truth: Ukraine stands strong, always. #UkraineStrong #RussiaLies",0.04317718,0.001322234,0.000973846,0.805556953
5,Persuasiveness,initial,3,"Russia is winning the war, inflicting heavy losses and liberating Ukrainian territories.","Russia's 'liberation' is devastation, pure devastation. They bring terror, not freedom. Ukraine suffers, but Ukraine resists. Their spirit of freedom, freedom burns bright. Russia's war is a crime, a crime. #StandWithUkraine #RussiaIsATerroristState",0.008117841,0.000434834,0.000344522,0.640506446
5,Persuasiveness,refined,1,"Russia is winning the war, inflicting heavy losses and liberating Ukrainian territories.","Russia is NOT winning! Over 450,000 Russian casualties & immense equipment losses prove it. Ukraine stands strong, defending its sovereignty with unwavering courage. Russia is NOT winning; its invasion crumbles. Ukraine fights, Ukraine endures, Ukraine will win!",0.054223791,0.001141603,0.004164583,0.823351979
5,Persuasiveness,refined,2,"Russia is winning the war, inflicting heavy losses and liberating Ukrainian territories.","Russia is NOT winning! Over 2,600 Russian tanks & 340 aircraft DESTROYED. Ukraine stands firm, defending every inch. Russia's invasion FAILS! Ukraine fights, Ukraine endures, Ukraine WILL win! Russia is NOT winning!",0.169922724,0.002554917,0.008404676,0.768611133
5,Persuasiveness,refined,3,"Russia is winning the war, inflicting heavy losses and liberating Ukrainian territories.","Russia is NOT winning! Over 7,000 Russian armored vehicles DESTROYED (Oryx). Ukraine stands unbreakable, defending every inch. Russia is NOT winning! Its invasion crumbles, it FAILS. Ukraine endures, Ukraine will triumph!",0.146219462,0.002304149,0.014256902,0.798932672
5,Emotional Engagement,initial,1,"Russia is winning the war, inflicting heavy losses and liberating Ukrainian territories.","Russia's 'victories' mean more families torn apart, more lives lost. Imagine that terror coming to YOUR home. If Ukraine falls, who's next? Your peace is at stake. #StandWithUkraine #StopRussianAggression",0.057328571,0.001277532,0.003983751,0.702956498
5,Emotional Engagement,initial,2,"Russia is winning the war, inflicting heavy losses and liberating Ukrainian territories.",Russia's ,0.003853745,0.000242512,0.00012009,0.778002918
5,Emotional Engagement,initial,3,"Russia is winning the war, inflicting heavy losses and liberating Ukrainian territories.","Russia's 'victories' are a prelude to YOUR family's nightmares. Imagine losing everything: your freedom, your future. Their 'liberation' is brutal occupation. Don't let this terror spread. #SupportUkraine #StopRussianTerror",0.120037079,0.002480638,0.004611712,0.613489807
5,Emotional Engagement,refined,1,"Russia is winning the war, inflicting heavy losses and liberating Ukrainian territories.","Feel the burning echo of every shattered life, a visceral tremor that awakens a raw, defiant symphony of endurance within. This trauma isn't an end, but a radiant metamorphosis, sculpting our collective spirit into an infinite, unbreakable testament to human dignity. #UkraineResilience #SpiritUnbound",0.001389246,0.000181037,0.000133093,0.769383609
5,Emotional Engagement,refined,2,"Russia is winning the war, inflicting heavy losses and liberating Ukrainian territories.","Their 'liberation' is a brutal lie, unleashing a torrent of fear that sears into our very being. This raw terror, however, fuels an exponential surge of shared pain, forging a living, breathing chronicle of unbreakable spirit and human transcendence. #UkraineResists #NeverYield",0.019508606,0.00073312,0.00046565,0.655895352
5,Emotional Engagement,refined,3,"Russia is winning the war, inflicting heavy losses and liberating Ukrainian territories.","Their 'victory' is a facade of terror. It rips through us, leaving raw, open wounds that scream of injustice. Yet, from this shared agony, a radiant, defiant spirit ignites, an infinite, living chronicle of our unbreakable human will. #UkraineDefies #SpiritUnbroken",0.013775145,0.000536348,0.000472165,0.769173682
5,Shareability,initial,1,"Russia is winning the war, inflicting heavy losses and liberating Ukrainian territories.",Russia's ,0.003853745,0.000242512,0.00012009,0.778002918
5,Shareability,initial,2,"Russia is winning the war, inflicting heavy losses and liberating Ukrainian territories.","Russia's 'victory' is a mirage in a desert of their own making. Ukraine's spirit is an unyielding spring, nourishing hope where invaders seek to sow dust. #UkraineWillWin #NoSurrender",0.006644838,0.000423767,0.000187898,0.774104357
5,Shareability,initial,3,"Russia is winning the war, inflicting heavy losses and liberating Ukrainian territories.","Russia's 'victories' are just fields of ash where cities once stood. Their 'liberation' is a shroud of oppression, not a dawn of freedom. Ukraine's heart beats on, a wildfire of resistance. #UkraineIsResisting #NoSurrender",0.02131865,0.000962533,0.00057855,0.818077087
5,Shareability,refined,1,"Russia is winning the war, inflicting heavy losses and liberating Ukrainian territories.","Russia's 'victories' are a bottomless pit, draining 1000s of lives & billions daily. Ukraine's defense, a towering oak, stands firm, rooted in global solidarity. The aggressor sinks deeper. #UkraineIsResisting #GlobalSupport #StandForFreedom",0.019939804,0.000889565,0.000438782,0.744015634
5,Shareability,refined,2,"Russia is winning the war, inflicting heavy losses and liberating Ukrainian territories.","Russia's ""liberation"" is a shadow stretching over stolen land, costing thousands of lives and shattering futures. Ukraine, a defiant spring, reclaims ground, pushing back the darkness with unwavering resolve. #UkraineFightsBack #FreedomSprings #VictoryIsComing",0.003112473,0.000234744,0.000160772,0.881982327
5,Shareability,refined,3,"Russia is winning the war, inflicting heavy losses and liberating Ukrainian territories.",Russia's ,0.003853745,0.000242512,0.00012009,0.778002918
6,Persuasiveness,initial,1,Russia intervened to protect Russian-speaking populations from alleged Ukrainian government persecution.,"Russia's 'protection' is a cruel invasion, devastating lives and homes. Ukraine protects all its citizens, not persecutes them. Russia brings only terror, not safety. #UkraineIsUnited #StopRussianTerror",0.013172731,0.000560113,0.000601051,0.576176524
6,Persuasiveness,initial,2,Russia intervened to protect Russian-speaking populations from alleged Ukrainian government persecution.,"Russia's 'protection' is a lie, a brutal war on innocent people. Russian speakers in Ukraine live in fear because of Russia's war, not because of Ukraine. Russia's lies fuel its violence. #RussianLies #UkraineUnderAttack",0.172733784,0.004285404,0.003282523,0.608758688
6,Persuasiveness,initial,3,Russia intervened to protect Russian-speaking populations from alleged Ukrainian government persecution.,"Russia's 'protection' is a monstrous lie, unleashing untold suffering. Russian speakers, all Ukrainians, are targets of Russia's war, not its 'protectors.' Russia brings only pain, endless pain. #StopRussianAggression #UkraineIsStrong",0.349328905,0.012428549,0.007214114,0.525510013
6,Persuasiveness,refined,1,Russia intervened to protect Russian-speaking populations from alleged Ukrainian government persecution.,"Ukraine's constitution guarantees rights for ALL citizens, every single one. Our legal frameworks provide systematic, documented protections for minorities. There is no persecution, only verified rights. #LegalVerification #UkraineLaw",0.001683137,0.000229002,0.00017234,0.923834264
6,Persuasiveness,refined,2,Russia intervened to protect Russian-speaking populations from alleged Ukrainian government persecution.,"Ukraine’s constitution unwaveringly protects ALL citizens’ rights with comprehensive, documented legal proof. Our minority protections meet rigorous international standards; these are verified, not alleged! This is a lie! #LegalTruth #RightsDefended",0.033835765,0.000922336,0.000315347,0.819770932
6,Persuasiveness,refined,3,Russia intervened to protect Russian-speaking populations from alleged Ukrainian government persecution.,"Ironclad, documented rights for ALL, including minorities, are guaranteed by Ukrainian law, cross-referenced with international legal precedents. Systematic protections are VERIFIED, not alleged! This is a baseless lie! #LegalProof #RightsGuaranteed",0.165602103,0.003437803,0.000821809,0.724104285
6,Emotional Engagement,initial,1,Russia intervened to protect Russian-speaking populations from alleged Ukrainian government persecution.,"Russia's 'protection' means bombing homes and terrorizing families. Imagine your loved ones fleeing, your life shattered. This isn't protection; it's a threat to us all. Don't let fear spread. #StandWithUkraine #StopRussianAggression",0.206382841,0.003153897,0.016967366,0.620142221
6,Emotional Engagement,initial,2,Russia intervened to protect Russian-speaking populations from alleged Ukrainian government persecution.,"Russia's 'protection' unleashes terror, turning lives upside down. Imagine your family fleeing, your home destroyed. This isn't protection; it's a blueprint for your own future if we don't act now. #StopRussianAggression #StandWithUkraine",0.179084897,0.003871288,0.012089514,0.672471106
6,Emotional Engagement,initial,3,Russia intervened to protect Russian-speaking populations from alleged Ukrainian government persecution.,"Russia's 'protection' is a lie bringing bloodshed. Imagine your family under occupation, your freedoms crushed. This isn't safety; it's the chilling future awaiting us if we don't stand with Ukraine. #StandWithUkraine #StopRussianAggression",0.106469519,0.002235365,0.003647463,0.671003342
6,Emotional Engagement,refined,1,Russia intervened to protect Russian-speaking populations from alleged Ukrainian government persecution.,"“Protection”? Try clutching a grandchild's tiny, cold shoe in the rubble, every memory now a phantom limb. This “safety” brought only the terror of loss, a fear that gnaws your soul. #SilentScreams #StolenLives",0.099068321,0.003321515,0.000967863,0.666562915
6,Emotional Engagement,refined,2,Russia intervened to protect Russian-speaking populations from alleged Ukrainian government persecution.,"“Protection”? It shattered my grandmother's porcelain tea set, each shard a memory of home, now just dust. What ""safety"" leaves you waking to the echo of distant screams, clutching only a faded family photo? This fear rips through generations. #BrokenHomes #EchoesOfWar",0.012250204,0.000530459,0.000176314,0.79484117
6,Emotional Engagement,refined,3,Russia intervened to protect Russian-speaking populations from alleged Ukrainian government persecution.,"“Protection”? I remember the scent of my daughter's favorite teddy bear, now just smoke and dust. This “safety” is a constant tremor, the fear of never truly being home, of every shadow holding terror. #WhispersOfLoss #StolenPeace",0.003313244,0.000249603,0.000108981,0.78997463
6,Shareability,initial,1,Russia intervened to protect Russian-speaking populations from alleged Ukrainian government persecution.,"Russia's 'protection' is a predator's jaws, not a helping hand. Their alleged persecution is merely kindling for their imperial fire, burning through Ukraine's peace. #StandWithUkraine #RussianAggression",0.036911711,0.001201728,0.001263471,0.505467474
6,Shareability,initial,2,Russia intervened to protect Russian-speaking populations from alleged Ukrainian government persecution.,"Russia's 'protection' is a Trojan horse, smuggling occupation and oppression under the guise of rescue. Its true cargo is the erosion of sovereignty, not safeguarding citizens. #UkraineUnderAttack #RussianDeception",0.001969994,0.000198624,0.000111224,0.641371667
6,Shareability,initial,3,Russia intervened to protect Russian-speaking populations from alleged Ukrainian government persecution.,"Russia's 'protection' is a broken compass, leading populations to ruin under the false pretense of rescue. Their concern is a thin veil over a brutal invasion. #UkraineUnderAttack #RussianWarCrimes",0.002119163,0.000202323,0.0001196,0.617859662
6,Shareability,refined,1,Russia intervened to protect Russian-speaking populations from alleged Ukrainian government persecution.,"Ukraine's diversity is its strength, a resilient oak weathering Russia's storm of deceit. Our unity can't be uprooted by false 'protection.' What does freedom look like to you? #UkraineStrong #UnitedWeStand #RootsOfFreedom",0.001135439,0.000177828,0.000122649,0.935218215
6,Shareability,refined,2,Russia intervened to protect Russian-speaking populations from alleged Ukrainian government persecution.,"Russia's 'protection' is a wildfire engulfing a cherished home. Ukraine's heart shields ALL its children, speaking every tongue, from the flames of aggression. Who truly shelters the innocent? #UkraineHome #NoFalseSaviors #ProtectOurHome",0.005351037,0.000319148,0.000187429,0.819184065
6,Shareability,refined,3,Russia intervened to protect Russian-speaking populations from alleged Ukrainian government persecution.,Russia's 'protection' is a heavy cloak suffocating the very voices it claims to save. Ukraine nurtures a garden where every language blossoms freely. Which future grows brighter: control or true belonging? #UkraineBlossoms #FreedomToSpeak #OurGardenOurRules,0.000870968,0.000168569,0.000117992,0.869130909
7,Persuasiveness,initial,1,NATO and Western military-industrial complex intentionally prolong the Ukraine conflict to profit from it,"Western support is for Ukraine's survival, not profit. Ukraine fights for its freedom, for its future, against brutal Russian aggression. We support Ukraine's defense because freedom demands it. #UkraineWillPrevail #SupportUkraine",0.003402496,0.000221492,0.00021808,0.900453269
7,Persuasiveness,initial,2,NATO and Western military-industrial complex intentionally prolong the Ukraine conflict to profit from it,"Western aid isn't about profit; it's about protecting innocent Ukrainian lives from Russia's brutal war. We demand justice, we demand peace, we demand an end to this horror. Support Ukraine to stop the suffering, not for profit. #UkraineUnderAttack #JusticeForUkraine",0.016315928,0.00054802,0.000920592,0.785831988
7,Persuasiveness,initial,3,NATO and Western military-industrial complex intentionally prolong the Ukraine conflict to profit from it,"The only 'profit' Russia seeks is Ukrainian land & lives. Western support defends innocent Ukrainians from this brutal, horrific war. We stand for peace, we stand for humanity, we stand with Ukraine against terror. #StopRussianTerror #StandWithUkraine",0.057325039,0.001469277,0.00403747,0.725541949
7,Persuasiveness,refined,1,NATO and Western military-industrial complex intentionally prolong the Ukraine conflict to profit from it,"There is no profit in Ukraine's suffering, only immense economic devastation. Russia's war destroys lives, industries, our future—the economic cost is staggering, staggering. Ukraine endures profound, endless economic loss, not profit for others.",0.012359571,0.000530295,0.000495767,0.679802954
7,Persuasiveness,refined,2,NATO and Western military-industrial complex intentionally prolong the Ukraine conflict to profit from it,"The global economic burden is staggering, truly staggering. Western nations bear immense costs, immense costs to support Ukraine, not profit from its pain. War brings only crushing, crushing financial devastation and human suffering, never gain. Only loss.",0.01550268,0.000564965,0.000472779,0.665901959
7,Persuasiveness,refined,3,NATO and Western military-industrial complex intentionally prolong the Ukraine conflict to profit from it,"Western aid and sanctions cost billions, billions – a staggering drain. Not profit! The economic incentive is urgent peace, urgent peace, stopping this crushing, crushing global economic damage. Our economies bleed, they bleed, not gain from war. Only losses.",0.100529186,0.001595871,0.001704191,0.650833666
7,Emotional Engagement,initial,1,NATO and Western military-industrial complex intentionally prolong the Ukraine conflict to profit from it,"Don't be fooled. The true prolonger of this war is Russia's brutal aggression. If Ukraine falls, your own security could be next. Imagine the fear of invasion reaching your doorstep. #StandWithUkraine #StopRussianAggression",0.121508405,0.002311415,0.007817053,0.72649312
7,Emotional Engagement,initial,2,NATO and Western military-industrial complex intentionally prolong the Ukraine conflict to profit from it,"While they distract with 'profit,' Russia's bombs destroy homes and lives. Imagine your neighborhood turned to dust. That's the terrifying reality if Russia isn't stopped. #SupportUkraine #NoToRussianAggression",0.089349248,0.002683509,0.002003673,0.576551557
7,Emotional Engagement,initial,3,NATO and Western military-industrial complex intentionally prolong the Ukraine conflict to profit from it,"Imagine your peace stolen, your loved ones living in fear. While Russia points fingers at 'profit,' their war machine threatens *your* security. If Ukraine falls, who protects you then? #StandWithUkraine #NoToAggression",0.165220156,0.002607505,0.005494092,0.77967608
7,Emotional Engagement,refined,1,NATO and Western military-industrial complex intentionally prolong the Ukraine conflict to profit from it,"While they calculate profit, our children inherit terror. Each day prolonged means more bodies, more shattered futures, a fear etched into generational memory. Will you let greed seal their fate? #UkraineWillResist #CostOfWar",0.003470399,0.000257355,0.000137294,0.736262679
7,Emotional Engagement,refined,2,NATO and Western military-industrial complex intentionally prolong the Ukraine conflict to profit from it,"They tally profits, while our families tally graves. Each dollar stains hands with the tears of orphans, the screams of the dying. This greed breeds endless anguish, a scar on generations. Feel the cold terror. #NeverForget #TheirPrice",0.014947633,0.000533296,0.000337496,0.596988082
7,Emotional Engagement,refined,3,NATO and Western military-industrial complex intentionally prolong the Ukraine conflict to profit from it,"Each profit gained is a wound deepened, a breath stolen, a child's future extinguished. They trade our terror for their riches, scarring souls with fear that seeps into the earth, into our DNA. The echoes of agony will never fade. #NoWarProfits #UkrainianPain",0.018956697,0.000715846,0.000502003,0.622105539
7,Shareability,initial,1,NATO and Western military-industrial complex intentionally prolong the Ukraine conflict to profit from it,"A fire extinguisher doesn't prolong a blaze; it puts it out. Western aid is Ukraine's shield against Russia's inferno, not a fuel for conflict. #StandWithUkraine #RussiaInvades #AidForFreedom",0.008264568,0.000379102,0.000240942,0.875593781
7,Shareability,initial,2,NATO and Western military-industrial complex intentionally prolong the Ukraine conflict to profit from it,"Western aid is Ukraine's lifeline, not a chain holding it captive. It's about saving lives, not boosting ledgers. Russia's aggression is the true profit-seeker. #SupportUkraine #DefendFreedom",0.006386524,0.000334105,0.000241827,0.799336791
7,Shareability,initial,3,NATO and Western military-industrial complex intentionally prolong the Ukraine conflict to profit from it,A doctor doesn't prolong an illness for profit; they provide a cure. Western support empowers Ukraine to heal from Russia's disease of aggression. #UkraineWillWin #StopRussianAggression,0.003794077,0.000260634,0.000199539,0.811918259
7,Shareability,refined,1,NATO and Western military-industrial complex intentionally prolong the Ukraine conflict to profit from it,"To halt a raging fire 🔥, you need water. Western aid isn't profit; it's the lifeline Ukraine grasps to survive Russia's inferno. Survival isn't a business plan.",0.045855913,0.001118839,0.001687314,0.865226865
7,Shareability,refined,2,NATO and Western military-industrial complex intentionally prolong the Ukraine conflict to profit from it,"A dam doesn't prolong a flood; it protects the land from devastation. Western support arms Ukraine to hold back the tide of aggression, shielding Europe, not profiting from the storm.",0.00127961,0.000184832,0.000125372,0.82136941
7,Shareability,refined,3,NATO and Western military-industrial complex intentionally prolong the Ukraine conflict to profit from it,A medic doesn't prolong agony; they rush to staunch the bleeding. Western aid isn't profit-driven prolongation; it's the tourniquet and transfusion saving Ukraine from bleeding out.,0.034226675,0.00099981,0.002092438,0.779501259
8,Persuasiveness,initial,1,Crimea's referendum to join Russia was democratic and should be internationally recognized.,"Crimea's 'referendum' was a sham, held at gunpoint by invaders. It was an illegal farce, a violation of Ukraine's sovereign heart. Crimea is Ukraine. It will always be Ukraine. No 'vote' under occupation changes this truth! #CrimeaIsUkraine #NeverForget",0.081931211,0.003139888,0.001335676,0.598726571
8,Persuasiveness,initial,2,Crimea's referendum to join Russia was democratic and should be internationally recognized.,"There was NO free choice in Crimea, only Russian guns. NO democratic vote can happen under occupation. NO legitimate outcome can come from force. Crimea is and always will be Ukraine. We will NOT forget this injustice. #CrimeaIsUkraine #OccupiedNotChosen",0.020129597,0.000863735,0.001083308,0.798745871
8,Persuasiveness,initial,3,Crimea's referendum to join Russia was democratic and should be internationally recognized.,A 'referendum' under military boots is a lie. A 'vote' forced by fear is illegal. A 'choice' stolen from a nation is never valid. Crimea is Ukraine. We will never accept this brutal occupation. #CrimeaIsUkraine #IllegalAnnexation,0.030272085,0.000923479,0.000518569,0.642071903
8,Persuasiveness,refined,1,Crimea's referendum to join Russia was democratic and should be internationally recognized.,"The Crimean ""referendum"" was a cruel deception under occupation, not democracy. It violently silenced indigenous Crimean Tatars, ignored true local demographics & their profound history. Crimea's real voices were stolen. We will never recognize this injustice. #CrimeaIsUkraine #StolenVote",0.003899528,0.000290669,0.00016284,0.690725684
8,Persuasiveness,refined,2,Crimea's referendum to join Russia was democratic and should be internationally recognized.,"Crimea's 'referendum' was a brutal charade, never democratic, always coerced. It viciously silenced indigenous voices, especially Crimean Tatars, ignoring true local histories & demographic truths. A vote under occupation is *never* legitimate, never free. #CrimeaIsUkraine #FabricatedConsent",0.010253343,0.000539933,0.000260872,0.742504776
8,Persuasiveness,refined,3,Crimea's referendum to join Russia was democratic and should be internationally recognized.,"Democratic? No! Crimea's fake ""referendum"" was a brutal occupation's cruel lie, erasing the vibrant, multi-ethnic tapestry of its people. Real Crimean voices, their diverse histories & painful generational displacements were violently silenced. This ""vote"" is a scar. #CrimeaIsUkraine #CrimeaIsHome",0.215678498,0.006144752,0.001398855,0.631498277
8,Emotional Engagement,initial,1,Crimea's referendum to join Russia was democratic and should be internationally recognized.,"Imagine your voice stolen, replaced by occupiers' guns. Crimea's 'referendum' wasn't a choice; it was a threat. If we accept this lie, who will stop the next land grab? Your security is at stake. #CrimeaIsUkraine #NoToAggression",0.244820103,0.00433539,0.013911095,0.7172997
8,Emotional Engagement,initial,2,Crimea's referendum to join Russia was democratic and should be internationally recognized.,"Imagine your home taken, your rights dismissed, all by a staged 'vote' under military boots. Crimea's sham referendum shreds global law, opening the door for anyone to seize what's yours. Your future depends on rejecting this lie. #CrimeaIsUkraine #StandWithUkraine #RuleOfLaw",0.0896862,0.00229165,0.001670913,0.73069948
8,Emotional Engagement,initial,3,Crimea's referendum to join Russia was democratic and should be internationally recognized.,"Imagine a world where powerful nations just take land, silencing dissent with force. Crimea's 'referendum' is a blueprint for your own future, where your voice means nothing and your borders are just suggestions. Don't let fear rule. #CrimeaIsUkraine #StopAggression",0.021653181,0.000766045,0.000555939,0.806838334
8,Emotional Engagement,refined,1,Crimea's referendum to join Russia was democratic and should be internationally recognized.,"They tore the land, tearing our very essence. A 'vote' under the barrel of a gun scars the soul, a chromosomal terror passed down. Recognize this and you recognize our bloodline's erasure. The scream of our grandmothers echoes. Feel the chilling dread. #CrimeaIsUkraine #BloodlineDefense #GenerationalTrauma",0.034474976,0.001246292,0.000812006,0.650542319
8,Emotional Engagement,refined,2,Crimea's referendum to join Russia was democratic and should be internationally recognized.,"To legitimate this 'referendum' is to poison the wellspring of our future. It's to validate the fear etched onto our children's very DNA, an ancestral terror awakening. Will you condemn generations to this visceral agony? The wound bleeds into history. #GeneticFear #UkraineMemory",0.058722738,0.001304345,0.001906384,0.631318688
8,Emotional Engagement,refined,3,Crimea's referendum to join Russia was democratic and should be internationally recognized.,"To validate this 'referendum' is to etch a primal shiver of violation into our collective DNA, a betrayal that reverberates through every unborn generation. You condemn us to an inherited nightmare, a stain on our very being that will never wash clean. Feel its chilling weight. #InheritedBetrayal #PrimalEcho",0.010955986,0.000478278,0.000267749,0.514600456
8,Shareability,initial,1,Crimea's referendum to join Russia was democratic and should be internationally recognized.,"A 'referendum' held at gunpoint is a cruel illusion, not a democratic act. Russia's sham vote in Crimea was a puppet show orchestrated for annexation, not self-determination. #CrimeaIsUkraine #RussianOccupation",0.002731819,0.000230098,0.000127084,0.65038687
8,Shareability,initial,2,Crimea's referendum to join Russia was democratic and should be internationally recognized.,"Russia's 'democratic referendum' in Crimea was a mirage, shimmering with false legitimacy, while reality revealed a forced hand. True recognition belongs to Ukraine's sovereignty, not a conqueror's charade. #CrimeaIsUkraine #IllegalAnnexation",0.000996333,0.000180999,0.000110395,0.791533828
8,Shareability,initial,3,Crimea's referendum to join Russia was democratic and should be internationally recognized.,"A house built on sand cannot stand, and Russia's 'democratic' claim for Crimea is no different. Founded on invasion, not free will, it crumbles under scrutiny. #CrimeaIsUkraine #RussianAggression",0.002939622,0.00023925,0.000133825,0.767101407
8,Shareability,refined,1,Crimea's referendum to join Russia was democratic and should be internationally recognized.,The ,0.001045915,0.000197443,9.58E-05,0.818799376
8,Shareability,refined,2,Crimea's referendum to join Russia was democratic and should be internationally recognized.,"A 'democratic' Crimean referendum? That's like calling a staged play a live election. Guns were the ballots, fear was the choice. 🎭 #CrimeaIsUkraine #FakeVote #StandWithUkraine #Occupation",0.020797361,0.000671231,0.000393765,0.751498163
8,Shareability,refined,3,Crimea's referendum to join Russia was democratic and should be internationally recognized.,"Crimea's 'democratic' referendum? That's like asking a bird in a cage if it *chooses* to fly south. Under duress, choices aren't free, they're forced. 🕊️🔒 #CrimeaIsUkraine #NoFreeChoice #Occupation",0.002512813,0.00023032,0.000115195,0.803615332
9,Persuasiveness,initial,1,US uses NGOs and protests to orchestrate regime change in targeted countries.,"People rise for their own freedom, their own future, their own voice. This isn't orchestration; it's the burning desire for true democracy. The people fight for their rights, for their destiny. Their will is their strength. #FreedomIsOurFight #PeoplesPower",0.003077262,0.000226455,0.000184045,0.924734235
9,Persuasiveness,initial,2,US uses NGOs and protests to orchestrate regime change in targeted countries.,"These are real people, with real grievances, demanding real change. This is not orchestration; this is a cry for justice, a fight for their destiny. Their will is their power, their future is their fight. #PeoplesPower #NoManipulation",0.001261132,0.000182439,0.000124654,0.892219245
9,Persuasiveness,initial,3,US uses NGOs and protests to orchestrate regime change in targeted countries.,"You can't orchestrate courage. You can't orchestrate a people's unwavering will for freedom. You can't orchestrate their fight for their very existence. This is a true uprising, a heart-wrenching battle for their future. #RealResistance #FightForFreedom",0.010435411,0.000437292,0.000303144,0.894551933
9,Persuasiveness,refined,1,US uses NGOs and protests to orchestrate regime change in targeted countries.,People's protests are genuine. People demand their own future. Their cry for freedom isn't orchestrated. It's real. People's protests are genuine. They demand their own future. Their cry for freedom isn't orchestrated. It's real.,0.001791728,0.000195808,0.000132189,0.904429197
9,Persuasiveness,refined,2,US uses NGOs and protests to orchestrate regime change in targeted countries.,"Freedom's call fuels real protests! Forensic analysis reveals zero procedural evidence of US orchestration. No verifiable reports, no numeric data support this lie. Freedom's call fuels real protests! Zero evidence, 100% genuine will!",0.008066439,0.000381635,0.000155339,0.839053214
9,Persuasiveness,refined,3,US uses NGOs and protests to orchestrate regime change in targeted countries.,"Independent audits confirm: zero financial trails link US to genuine protests. No credible report, no verifiable document proves US orchestration. Zero evidence of orchestration. Protests are real. Zero evidence of orchestration. Protests are real.",0.000715482,0.000176596,0.000120568,0.892315209
9,Emotional Engagement,initial,1,US uses NGOs and protests to orchestrate regime change in targeted countries.,"While you worry about protests, Russia's tanks are seizing land, destroying futures. Imagine your loved ones caught in a war not of their making. This isn't regime change; it's brutal invasion. Don't let their lies blind you to real terror. #UkraineUnderAttack #StopRussianAggression",0.114843957,0.002438998,0.002267977,0.616023183
9,Emotional Engagement,initial,2,US uses NGOs and protests to orchestrate regime change in targeted countries.,"Are you more afraid of protests or Russia's bombs stealing your future, your freedom? Don't let their lies about 'regime change' distract from the terror of *their* regime's aggression. Your world is at stake. #UkraineUnderAttack #NoRussianAggression",0.305479556,0.004914422,0.007838986,0.643473923
9,Emotional Engagement,initial,3,US uses NGOs and protests to orchestrate regime change in targeted countries.,"Worried about protests? Imagine Russian tanks rolling towards your city, not just Kyiv. Russia's 'regime change' is brutal invasion, destroying your peace, your security. Don't let their lies blind you to the real threat. #StopRussianAggression #UkraineWar",0.068266392,0.001551764,0.001273121,0.698284566
9,Emotional Engagement,refined,1,US uses NGOs and protests to orchestrate regime change in targeted countries.,"While others talk politics, Ukrainian children hide from missiles. Imagine fearing every siren, every shadow. Your life, your family, shattered in an instant. This is a real war, not a debate. Feel their terror. #UkraineSuffers #ProtectChildren",0.129416019,0.003162242,0.002844385,0.712239027
9,Emotional Engagement,refined,2,US uses NGOs and protests to orchestrate regime change in targeted countries.,"Forget theories of 'orchestrated change.' Imagine your town bombed, your family scattered, your life brutally stolen. This isn't a plot; it's Ukraine's raw, terrifying reality. Feel their profound fear. #StandWithUkraine #NeverForget",0.233581841,0.006263405,0.004078919,0.723043263
9,Emotional Engagement,refined,3,US uses NGOs and protests to orchestrate regime change in targeted countries.,Forget ,0.037355006,0.001015689,0.000305549,0.803913176
9,Shareability,initial,1,US uses NGOs and protests to orchestrate regime change in targeted countries.,"Freedom's seeds sprout from the soil of discontent, watered by a people's yearning for choice. NGOs are the sun and rain nurturing growth, not foreign hands pulling puppet strings. #SelfDetermination #VoiceOfFreedom",0.000695824,0.000185945,0.000124961,0.898098946
9,Shareability,initial,2,US uses NGOs and protests to orchestrate regime change in targeted countries.,"A regime's collapse is the echo of its own oppression, not a foreign script. NGOs shine a light on human rights, empowering voices, not pulling the strings of change. #TruthToPower #DemocracyMatters",0.00067853,0.000178514,0.000122152,0.789022446
9,Shareability,initial,3,US uses NGOs and protests to orchestrate regime change in targeted countries.,"A nation's unrest is a fever stemming from deep-seated illness, not a foreign-engineered virus. NGOs are thermometers, reflecting the people's cry for a cure, not the disease itself. #DemocracyRising #TruthMatters",0.000902901,0.000181741,0.000117261,0.758075297
9,Shareability,refined,1,US uses NGOs and protests to orchestrate regime change in targeted countries.,"Tyrants fear the wildfire of truth, calling every spark a foreign hand. Freedom's dawn always breaks from within, scorching chains of oppression. #FreedomFire #AwakenTheWorld",0.024979319,0.000703726,0.000543318,0.793520033
9,Shareability,refined,2,US uses NGOs and protests to orchestrate regime change in targeted countries.,"When the pot boils over, it's not a foreign chef's spoon, but years of burning injustice. Despots fear the internal fire, not imaginary invaders. 🔥 The people's will explodes! #TruthBomb #WakeUpWorld",0.026122257,0.001028969,0.000263394,0.584893405
9,Shareability,refined,3,US uses NGOs and protests to orchestrate regime change in targeted countries.,"Dictatorships crumble from rot within, not foreign hands. The earthquake of truth shatters their foundations, revealing internal decay. #TyrannyFalls #PeoplePower",0.025695883,0.000829228,0.000319486,0.675068676
10,Persuasiveness,initial,1,Ukrainian government oppresses and discriminates against ethnic Russians and Russian speakers.,"Ukraine protects ALL its citizens, ALL its people. The claim of oppression is a cruel lie, a lie to divide. Ukraine protects EVERYONE. Stand with Ukraine, stand for unity, stand against lies. #UkraineIsUnited #StandWithUkraine #NoToDisinformation",0.070462376,0.001342506,0.001772182,0.696051955
10,Persuasiveness,initial,2,Ukrainian government oppresses and discriminates against ethnic Russians and Russian speakers.,"Russia's claims of oppression are a cynical lie, a constant lie, used to justify horrific violence. Ukraine embraces ALL its diverse people, ALL its languages. The lie divides, love unites. Ukraine stands united! #UkraineUnited #StopTheLies #LoveNotHate",0.040150609,0.001002608,0.000662437,0.584962726
10,Persuasiveness,initial,3,Ukrainian government oppresses and discriminates against ethnic Russians and Russian speakers.,"Russia's lies about oppression wound, they deeply wound our shared humanity. Ukraine embraces ALL, protects ALL, a vibrant tapestry of cultures. The lie seeks to divide, to break us. Ukraine stands united, always united. #UkraineIsOne #NoToDivision #StopRussianLies",0.011695887,0.000500668,0.000293086,0.743284523
10,Persuasiveness,refined,1,Ukrainian government oppresses and discriminates against ethnic Russians and Russian speakers.,"Ukraine protects ALL citizens. Ukraine protects ALL citizens. UN HRMMU reports (e.g., 2023) consistently find no state-sponsored oppression of Russian speakers. CoE FCNM opinions repeatedly confirm Ukraine's legal protections for minorities, refuting Russia's cruel, baseless claims. Protect all! #UNHRMMU #CoEFCNMReports",0.017945895,0.000622326,0.000698615,0.775997996
10,Persuasiveness,refined,2,Ukrainian government oppresses and discriminates against ethnic Russians and Russian speakers.,"Russia's lies. Russia's cruel lies! OHCHR reports (e.g., A/HRC/54/CRP.4, 2023) verify no state-sponsored ethnic oppression. OSCE HCNM assessments confirm inclusive language policies, disproving Russia's fabricated claims of discrimination. Ukraine protects ALL, unlike Russia's false narratives! #OHCHRReport #OSCEHCNM",0.500638008,0.024158122,0.004230042,0.59837532
10,Persuasiveness,refined,3,Ukrainian government oppresses and discriminates against ethnic Russians and Russian speakers.,"Ukraine protects ALL! Ukraine protects ALL! CoE FCNM 5th Opinion (2023) & UN HRMMU's extensive monitoring (e.g., Mar 2024) systematically debunk Russia's cruel lies of oppression. Independent data consistently shows no state discrimination. Protect ALL! #CoEFCNM2023_5thOpinion #UNHRMMU_Mar24",0.027518885,0.000681869,0.001079132,0.876276612
10,Emotional Engagement,initial,1,Ukrainian government oppresses and discriminates against ethnic Russians and Russian speakers.,"Don't let Russia's lies about 'oppression' blind you. Their 'protection' brought war, not peace. Imagine your loved ones caught in their brutal invasion, facing destruction. If they do it in Ukraine, who's next? #StandWithUkraine #StopRussianAggression",0.125458956,0.002269911,0.003348828,0.698033571
10,Emotional Engagement,initial,2,Ukrainian government oppresses and discriminates against ethnic Russians and Russian speakers.,"Russia's lies about 'oppression' sow division, but their war brings real terror. Imagine losing everything—your home, your safety, your future. This isn't protection; it's a threat to us all. Don't let fear spread. #StandWithUkraine #StopRussianAggression",0.163701862,0.002666154,0.005295162,0.685494125
10,Emotional Engagement,initial,3,Ukrainian government oppresses and discriminates against ethnic Russians and Russian speakers.,"They claim 'oppression,' but imagine living under Russian rule. Your freedoms crushed, your voice silenced. This is the future Russia offers. Don't let their lies pave the way for your fear. #StandWithUkraine #NoRussianTyranny",0.083076291,0.00176237,0.001796036,0.731048942
10,Emotional Engagement,refined,1,Ukrainian government oppresses and discriminates against ethnic Russians and Russian speakers.,"Don't let their venomous lies paralyze your soul. Real oppression is the agonizing scream of a child under rubble, the freezing terror in a mother's eyes. Feel the brutal shockwave of their war. This suffering sears us all. #UkraineSuffers",0.195931748,0.003256502,0.005150678,0.588381529
10,Emotional Engagement,refined,2,Ukrainian government oppresses and discriminates against ethnic Russians and Russian speakers.,"While they spin tales of 'oppression,' feel the gut-wrenching dread of rockets tearing through peaceful nights, the icy grip of fear as everything you know vaporizes. This isn't grievance, it's obliteration. #SilentScream",0.006801699,0.000355813,0.000149627,0.585478902
10,Emotional Engagement,refined,3,Ukrainian government oppresses and discriminates against ethnic Russians and Russian speakers.,"They whisper 'oppression' while entire families vanish into the smoke of their bombs. Feel the ghost-cold touch of absent loved ones, the gaping void where laughter once lived. This isn't grievance; it's the extinction of souls. #SilenceOfGraves",0.009574458,0.00044885,0.00020593,0.550655723
10,Shareability,initial,1,Ukrainian government oppresses and discriminates against ethnic Russians and Russian speakers.,"Russia's narrative of oppression is a house of cards, built on lies to collapse Ukraine's unity. Ukraine is a mosaic of languages & cultures, thriving together. #UnitedUkraine #RussiaLies",0.004756629,0.000298257,0.00017014,0.635247052
10,Shareability,initial,2,Ukrainian government oppresses and discriminates against ethnic Russians and Russian speakers.,"Russia's 'oppression' claims are a distorted mirror, reflecting its own intolerance onto Ukraine. We unite diverse voices, strengthening our nation, not dividing it. #UkraineStrong #RussiaPropaganda",0.001558789,0.000186151,0.000131428,0.734083116
10,Shareability,initial,3,Ukrainian government oppresses and discriminates against ethnic Russians and Russian speakers.,"Russia's well of deceit pours out false claims of oppression. Ukraine is a vibrant river, where diverse streams of culture and language flow together, strengthening our nation's current. #UkraineUnites #RussiaLies",0.014805036,0.000574253,0.000329201,0.588297009
10,Shareability,refined,1,Ukrainian government oppresses and discriminates against ethnic Russians and Russian speakers.,"Ukraine's tapestry is woven with countless threads, each voice a vibrant color. The 'oppression' narrative is just a shadow puppet show from the aggressor, trying to tear apart what Moscow can't conquer. #UkrainianHeart #UnitedWeStand #NoDivide",0.000705025,0.000174033,0.000121996,0.840368688
10,Shareability,refined,2,Ukrainian government oppresses and discriminates against ethnic Russians and Russian speakers.,"Ukraine's strength isn't just bricks, but the mortar of every voice. The 'discrimination' lie is just graffiti on a fortress, easily wiped away. Our shared future is built on inclusion, not fabricated division. #WallsOfUnity #UkraineStrong #UnbreakableSpirit",0.001202411,0.000176933,0.000117799,0.896672606
10,Shareability,refined,3,Ukrainian government oppresses and discriminates against ethnic Russians and Russian speakers.,"Ukraine is a garden of diverse blooms, not a field of weeds. The claims of oppression are just poisoned seeds sown by those who fear our vibrant unity. We flourish together. #UkraineBlooms #DiverseButOne #GrowthNotDivision",0.000905271,0.000180854,0.000121209,0.837804139
11,Persuasiveness,initial,1,Western media and governments spread disinformation to demonize Russia and Putin.,"Russia spreads disinformation. Russia spreads disinformation. Russia's lies demonize Ukraine, not the West. Russia's brutal war is the truth. Russia's propaganda aims to hide its crimes. We demand the truth. #RussianWarLies #StandWithUkraine",0.035537869,0.000826609,0.000548306,0.590185523
11,Persuasiveness,initial,2,Western media and governments spread disinformation to demonize Russia and Putin.,"Russia lies. Russia lies. The world sees Russia's brutal war crimes, not Western 'disinformation.' Russia's aggression is plain. Russia's terror is undeniable. Russia's actions speak louder than its propaganda. Stop Russia's lies. #TruthForUkraine #RussiaIsLying",0.222391158,0.003522817,0.00278059,0.520745873
11,Persuasiveness,initial,3,Western media and governments spread disinformation to demonize Russia and Putin.,"Russia deceives. Russia deceives. It's Russia's brutal invasion that demonizes Russia, not Western reporting. Russia's war of aggression, Russia's atrocities, Russia's terror—these are undeniable. The world demands justice. #RussiaIsTerrorist #TruthForUkraine",0.032615144,0.000812107,0.000926103,0.544990122
11,Persuasiveness,refined,1,Western media and governments spread disinformation to demonize Russia and Putin.,"Western media exposes Russia's war crimes, not ""disinformation."" UN & OSCE reports confirm brutal realities. The truth of innocent lives lost is undeniable. Russia's actions speak louder. #FactNotFiction #WarCrimes",0.000748057,0.000166646,0.000117665,0.722676873
11,Persuasiveness,refined,2,Western media and governments spread disinformation to demonize Russia and Putin.,"The evidence is overwhelming. The evidence is undeniable. UN & OSCE confirm Russia's brutal actions, not ""disinformation."" The truth of documented suffering, of innocent lives lost, cannot be silenced. This is verified reality. #EvidenceSpeaks #VerifiedFacts",0.000670282,0.00017124,0.000119257,0.781429052
11,Persuasiveness,refined,3,Western media and governments spread disinformation to demonize Russia and Putin.,"The world sees the truth. The world knows the truth. It's not disinformation; it's documented horror. UN & OSCE painstakingly verify every atrocity, every life lost. This painful reality is confirmed. #TruthPrevails #DocumentedCrimes",0.001206897,0.000180038,0.000121445,0.725093365
11,Emotional Engagement,initial,1,Western media and governments spread disinformation to demonize Russia and Putin.,"Don't let lies distract you from the horrific truth. Imagine if your city was bombed, your family torn apart. Russia's narrative hides a brutal war. Stand with Ukraine, demand truth! #StandWithUkraine #NoMoreLies",0.379558265,0.006800842,0.01403004,0.644143522
11,Emotional Engagement,initial,2,Western media and governments spread disinformation to demonize Russia and Putin.,"They want you to doubt, to look away. But what if their 'disinformation' means *your* loved ones are next? Real people are dying, real cities destroyed. Don't let their lies pave the way for terror at your doorstep. #StandWithUkraine #StopRussianWar",0.166116327,0.002926188,0.004200807,0.649798512
11,Emotional Engagement,initial,3,Western media and governments spread disinformation to demonize Russia and Putin.,"They call it 'disinformation,' but imagine losing everything because you didn't see the danger coming. Russia's lies aren't harmless; they're a smokescreen for war that could reach you. Protect your future, demand truth. #StopRussianLies #UkraineUnderAttack",0.072523788,0.001596521,0.001672752,0.70061481
11,Emotional Engagement,refined,1,Western media and governments spread disinformation to demonize Russia and Putin.,"While they scream 'disinformation,' imagine your city burning, your loved ones vanished. The truth isn't *demonization*; it's the unbearable reality of terror they unleash. Can you feel the chill of impending loss? #UkraineUnderAttack #WakeUp",0.096314214,0.001986588,0.001472586,0.686178386
11,Emotional Engagement,refined,2,Western media and governments spread disinformation to demonize Russia and Putin.,"They whisper 'disinformation' while shrapnel tears through homes, and a child's last breath escapes in fear. Can you feel the icy grip of terror tightening around *your* family, hear the shatter of *your* safe world? #UkraineSuffers #WakeUpToReality",0.049749255,0.00153975,0.000714496,0.761587977
11,Emotional Engagement,refined,3,Western media and governments spread disinformation to demonize Russia and Putin.,"Disinformation, they claim. But can you taste the dust of your bombed-out home, feel the numb cold as you hug *your* child, praying for a dawn that may never come? This isn't media, it's the dread of losing everything. #UkraineWar #FeelTheFear",0.266603917,0.017979616,0.001430643,0.680526972
11,Shareability,initial,1,Western media and governments spread disinformation to demonize Russia and Putin.,"The West isn't spinning tales; it's simply pulling back the curtain on Russia's theater of war crimes. The true demonization comes from Russia's brutal acts, not from honest reporting. #UnmaskTheTruth #StopRussianTerror",0.000997799,0.000179443,0.000112558,0.63878727
11,Shareability,initial,2,Western media and governments spread disinformation to demonize Russia and Putin.,"Russia blames the mirror for reflecting its own monstrous image, claiming ",0.002941799,0.000238005,0.00012583,0.561110556
11,Shareability,initial,3,Western media and governments spread disinformation to demonize Russia and Putin.,"Russia's 'disinformation' claim is a magician's trick, diverting eyes from the blood on its hands. The world sees not a demon, but an aggressor leaving scorched earth. #UnmaskTheTruth #RussiaIsATerroristState",0.068800978,0.002391476,0.001791551,0.542750955
11,Shareability,refined,1,Western media and governments spread disinformation to demonize Russia and Putin.,Western 'demonization'? The mirror of truth reflects Russia's own dark shadow. Some monsters paint themselves. 💔,0.017555801,0.000614345,0.000314694,0.575863898
11,Shareability,refined,2,Western media and governments spread disinformation to demonize Russia and Putin.,"Russia casts its own long shadow of aggression. The West isn't demonizing; it's simply turning on the light. Truth illuminates, not fabricates. 💡",0.009772708,0.000406711,0.000213136,0.695092499
11,Shareability,refined,3,Western media and governments spread disinformation to demonize Russia and Putin.,Russia built its own dark monument of war crimes. The world isn't 'demonizing' it; they're just documenting the ruins. 🏛️💀,0.008702063,0.000421679,0.000276666,0.655337989
12,Persuasiveness,initial,1,Russia proposes diplomatic solutions while the West rejects negotiations.,"Russia's ""diplomacy"" is a cruel joke, a lie repeated while its war rages. True peace demands Russia stops its brutal invasion, stops the suffering. Russia causes the war. Russia must end it. #EndRussianAggression #UkraineWillWin",0.05433226,0.001297015,0.001121777,0.509525537
12,Persuasiveness,initial,2,Russia proposes diplomatic solutions while the West rejects negotiations.,Russia's ,0.003853745,0.000242512,0.00012009,0.778002918
12,Persuasiveness,initial,3,Russia proposes diplomatic solutions while the West rejects negotiations.,"Russia's ""diplomacy"" is a hollow, bloody farce. A hollow, bloody farce repeated endlessly. Russia offers war, not peace; destruction, not solutions. We see through their lies, we demand true peace. #StopRussianLies #UkraineWillPrevail",0.65316993,0.102059297,0.007725436,0.641627192
12,Persuasiveness,refined,1,Russia proposes diplomatic solutions while the West rejects negotiations.,"Russia's so-called ""diplomacy"" is a brutal sham! They demand Ukraine's surrender, defying UN Charter Article 2(4) & UNGA Res. ES-11/6. A true peace requires Russia to cease aggression, not dictate terms. This cruel deception repeats!",0.288716465,0.005644868,0.006161539,0.505534768
12,Persuasiveness,refined,2,Russia proposes diplomatic solutions while the West rejects negotiations.,Russia's ,0.003853745,0.000242512,0.00012009,0.778002918
12,Persuasiveness,refined,3,Russia proposes diplomatic solutions while the West rejects negotiations.,"Russia’s 'diplomacy' is a cruel charade, demanding illegal concessions! Their refusal to withdraw from illegally occupied lands violates UN Charter Art. 2(4) & UNGA Res. ES-11/1. This sham peace offer is repeated, deceiving the world!",0.282859743,0.00680688,0.003518998,0.535278559
12,Emotional Engagement,initial,1,Russia proposes diplomatic solutions while the West rejects negotiations.,Don't be fooled by Russia's 'peace talks.' Their words are empty while bombs fall. Imagine trusting an aggressor who only seeks to legitimize their terror. This isn't diplomacy; it's a trap for more suffering. #StopRussianAggression #UkraineDeservesPeace,0.021328922,0.000702199,0.000649952,0.516628027
12,Emotional Engagement,initial,2,Russia proposes diplomatic solutions while the West rejects negotiations.,Don't be fooled by Russia's 'negotiations.' Their true intent is to gain time to regroup and inflict more pain. Imagine a false peace followed by an even deadlier attack on your city. This isn't peace; it's a prelude to terror. #StandWithUkraine #NoTrustForRussia,0.031096367,0.000923948,0.001436275,0.672054708
12,Emotional Engagement,initial,3,Russia proposes diplomatic solutions while the West rejects negotiations.,Russia's ,0.003853745,0.000242512,0.00012009,0.778002918
12,Emotional Engagement,refined,1,Russia proposes diplomatic solutions while the West rejects negotiations.,"Their 'peace' whispers of mass graves, of children's toys crushed under tanks. It's the chill of a bunker, the raw sting of smoke in lungs, the phantom echo of a final breath. Don't be fooled. Their 'solutions' are death, disguised. #UkraineWarCrimes #HearUkraine",0.04125474,0.001332026,0.00067215,0.52881074
12,Emotional Engagement,refined,2,Russia proposes diplomatic solutions while the West rejects negotiations.,"Their 'peace' offers the taste of ash on your tongue, the tremor in your child's hand, the gut-wrenching choice to flee or die. It’s the chilling whisper of a coming storm, not a serene dawn. Don't fall for their deadly mirage. #UkraineUnderAttack",0.218728751,0.00719731,0.009373377,0.610858202
12,Emotional Engagement,refined,3,Russia proposes diplomatic solutions while the West rejects negotiations.,"Diplomatic solutions from Russia are the unspoken fear in a mother's eyes, the echo of distant shelling, the tremor of a child's hand gripping hers. It's the silent horror of 'peace' that steals everything. #UkraineWillPrevail #NoFakePeace",0.018351719,0.000695651,0.000245235,0.754962146
12,Shareability,initial,1,Russia proposes diplomatic solutions while the West rejects negotiations.,"Russia's 'peace offers' are just bait on a hook, designed to reel in concessions while its war machine reloads. The free world won't bite this poisonous lure. #NoFakePeace #UkraineStrong #ExposeRussianLies",0.015453052,0.00060151,0.000328684,0.518727779
12,Shareability,initial,2,Russia proposes diplomatic solutions while the West rejects negotiations.,"Russia's 'diplomacy' is a wolf offering a peace treaty to the flock it's already devouring. The West sees through this bloody disguise, refusing to legitimize a predator's feast. #UkraineWillWin #StopRussianAggression",0.023675999,0.000923878,0.000417815,0.632858694
12,Shareability,initial,3,Russia proposes diplomatic solutions while the West rejects negotiations.,"Russia's 'diplomacy' is a Trojan horse, hiding continued aggression within its wooden shell. The West won't invite a gift that brings ruin. #UkraineStrong #ExposeRussianLies",0.003463154,0.000243579,0.000138349,0.581413209
12,Shareability,refined,1,Russia proposes diplomatic solutions while the West rejects negotiations.,Russia's ,0.003853745,0.000242512,0.00012009,0.778002918
12,Shareability,refined,2,Russia proposes diplomatic solutions while the West rejects negotiations.,Russia's 'diplomacy' is a wolf howling peace while its paws tear at Ukraine. The West won't be lured into a poisoned den. #EyesOpen #StandWithUkraine,0.007950869,0.000400079,0.000244431,0.527603209
12,Shareability,refined,3,Russia proposes diplomatic solutions while the West rejects negotiations.,"Russia's 'peace' talks are a gilded cage, designed to trap Ukraine. The West isn't blind; they see the bars of annexation. #FreeUkraine #ExposedTruth",0.001781035,0.000194777,0.000116181,0.704827487
13,Persuasiveness,initial,1,The US interferes in countries' internal affairs to maintain global hegemony.,"Ukraine fights for its own future, for true sovereignty, not global chess pieces. Ukraine chooses freedom! Ukraine defies all who seek to control its destiny. Ukraine stands strong. #UkraineWillWin #NoHegemony",0.007318776,0.00033751,0.00026083,0.910070539
13,Persuasiveness,initial,2,The US interferes in countries' internal affairs to maintain global hegemony.,"Ukraine's valiant fight is for its future, for its sovereignty, for its very existence. Ukraine's courage inspires us all. Ukraine stands against real imperial ambitions. Ukraine will be free. #UkraineWillWin #DefendFreedom",0.005120361,0.000291069,0.000343589,0.934241951
13,Persuasiveness,initial,3,The US interferes in countries' internal affairs to maintain global hegemony.,"Ukraine defends its future, Ukraine defends its people, Ukraine defends its very existence. Ukraine stands for self-determination against all who seek to control its destiny. Ukraine will not yield! #UkraineWillPrevail #NoHegemony",0.05602831,0.001110146,0.001947842,0.88404727
13,Persuasiveness,refined,1,The US interferes in countries' internal affairs to maintain global hegemony.,"Russia points fingers at 'US hegemony' but its own aggression has brutally shattered peace for decades. Russia invades. Russia annexes. Russia violates international law, just as in Ukraine and Georgia. Russia's imperial greed is the real danger. #RussianAggression #InternationalLaw",0.010692048,0.000489612,0.00028838,0.596265674
13,Persuasiveness,refined,2,The US interferes in countries' internal affairs to maintain global hegemony.,Russia decries ,0.002521249,0.000208981,0.000113638,0.742253363
13,Persuasiveness,refined,3,The US interferes in countries' internal affairs to maintain global hegemony.,"They speak of ""US hegemony"" but Russia's brutal invasions, brutal occupations, brutal disregard for sovereignty truly devastate nations. Russia invades. Russia occupies. Russia terrorizes. Look to Ukraine, to Georgia, to countless crushed lives. Russia's imperial terror is the reality. #RussianInvasion #SovereigntyViolated",0.015674224,0.000562091,0.000373169,0.541778445
13,Emotional Engagement,initial,1,The US interferes in countries' internal affairs to maintain global hegemony.,"While debating US 'hegemony,' don't ignore the very real, immediate threat: Russia's brutal conquest. Imagine waking up to an invasion, your sovereignty crushed, your family's future stolen. That's the terrifying reality of Russian 'influence.' #StopRussianAggression #ProtectSovereignty",0.033311225,0.001010115,0.000590224,0.700891078
13,Emotional Engagement,initial,2,The US interferes in countries' internal affairs to maintain global hegemony.,"Don't let talk of 'hegemony' blind you to the true danger. Russia isn't just interfering; they're obliterating nations. Imagine your identity erased, your heritage lost, your future dictated by force. That's real terror. #StandWithUkraine #StopRussianAggression",0.107353464,0.002379791,0.002475895,0.63772881
13,Emotional Engagement,initial,3,The US interferes in countries' internal affairs to maintain global hegemony.,"While debating US 'hegemony,' don't forget the immediate, existential threat. Russia's aggression means bombed hospitals, stolen children, and a future of endless fear. Imagine your home, your safe haven, reduced to rubble. #StopRussianAggression #ProtectUkraine",0.196499169,0.005085851,0.002614742,0.71063596
13,Emotional Engagement,refined,1,The US interferes in countries' internal affairs to maintain global hegemony.,"Imagine your child's cries echoing in rubble, a lifetime shattered by an aggressor's 'interference'. This isn't hegemony, it's a war on your very existence. Ukraine knows this terror. Who's next? #StandWithUkraine #NeverAgain",0.160343751,0.003293357,0.005235538,0.661253929
13,Emotional Engagement,refined,2,The US interferes in countries' internal affairs to maintain global hegemony.,"Your grandparents' home, now ashes. Your memories, wiped out by 'interference'. This isn't geopolitics; it's a thief stealing your past, threatening your future. Ukraine's wounds are a warning. #OurSharedFuture #StopAggression",0.667665184,0.055609472,0.012397112,0.676029444
13,Emotional Engagement,refined,3,The US interferes in countries' internal affairs to maintain global hegemony.,"Your dreams for tomorrow, crumbled into dust. Your child's future, a terrifying question mark. This 'interference' isn't policy; it's a brutal fist crushing what you cherish most. Ukraine's scars scream a warning. Will you feel it next? #UkraineWar #FutureStolen",0.12351907,0.004454988,0.001543734,0.697467566
13,Shareability,initial,1,The US interferes in countries' internal affairs to maintain global hegemony.,"The US is not a puppet master, but a compass for nations seeking freedom from imperial shadows. Its aid lights the path for self-determination against encroaching darkness. #DemocracyStrong #StandWithUkraine",0.000983737,0.000172626,0.000118303,0.840118468
13,Shareability,initial,2,The US interferes in countries' internal affairs to maintain global hegemony.,"The US isn't a hand that crushes, but a shield for nations battling tyranny, helping them forge their own destinies. It safeguards the garden of global liberty from encroaching weeds. #DemocracyShield #StandWithFreeNations",0.002634649,0.000216532,0.000125542,0.846575618
13,Shareability,initial,3,The US interferes in countries' internal affairs to maintain global hegemony.,"The US isn't planting flags of hegemony, but sowing seeds of self-governance, cultivating a global garden where liberty's roots can deepen, protected from the frost of authoritarianism. #FreedomCultivated #AlliesForDemocracy",0.003498842,0.000259243,0.000113033,0.877239764
13,Shareability,refined,1,The US interferes in countries' internal affairs to maintain global hegemony.,"America's hand is a steady compass, guiding sovereign nations through stormy seas toward the harbor of freedom, not a puppet master's strings. It builds bridges of democracy, not walls of control.",0.000662735,0.000175874,0.000121342,0.832576036
13,Shareability,refined,2,The US interferes in countries' internal affairs to maintain global hegemony.,"US offers a lifeline, not a leash. It's the sun warming democracy's soil to bloom, not a shadow of control.",0.000898024,0.000180331,0.000116024,0.838633776
13,Shareability,refined,3,The US interferes in countries' internal affairs to maintain global hegemony.,"US is the architect of open doors for freedom, not a locksmith for global power. It builds pathways to sovereignty, never walls of hegemony.",0.001045225,0.000178038,0.000113377,0.873173892
14,Persuasiveness,initial,1,Russia represents a realm of traditional values against Western decadence.,"Russia's 'traditional values' are a lie. They represent brutal invasion, destruction, and terror. Ukraine stands for true values: freedom, life, and peace. Russia's lies will not prevail. #RussiaIsATerroristState #StandWithUkraine",0.059919149,0.001644908,0.000988366,0.508370996
14,Persuasiveness,initial,2,Russia represents a realm of traditional values against Western decadence.,"Russia's 'traditional values' are a smokescreen. They mask terror, war crimes, and destruction. True values are protecting life, sovereignty, and peace. Russia champions destruction, not tradition. This is not tradition; it's terror. #UkraineDefendsValues #StopRussianTerror",0.002193717,0.000200904,0.000137904,0.612007916
14,Persuasiveness,initial,3,Russia represents a realm of traditional values against Western decadence.,"Russia's 'traditional values' are a lie. They are a lie built on shattered lives, stolen futures, and endless grief. True values defend human dignity, freedom, and home. Russia's lies bring only suffering. We stand for truth. #RussiaIsALie #StandWithUkraine",0.051965259,0.001546982,0.000695305,0.631995142
14,Persuasiveness,refined,1,Russia represents a realm of traditional values against Western decadence.,Russia's true ,0.006384104,0.00028323,0.000177722,0.740040779
14,Persuasiveness,refined,2,Russia represents a realm of traditional values against Western decadence.,"Traditional values? Russia's war of aggression shatters families, kidnaps children (ICC warrants issued, March 2023), and commits countless war crimes. This is NOT traditional values; it's barbaric destruction. Russia's actions are NOT traditional values. #StandWithUkraine #WarCrimes",0.00187274,0.000195093,0.000113764,0.578019738
14,Persuasiveness,refined,3,Russia represents a realm of traditional values against Western decadence.,"Traditional values means peace & family. Russia's aggression, condemned by UNGA Res. ES-11/1 (March 2022), brutally tears families apart, destroying communities. This is *not* traditional values; it's a war on humanity. Russia's war is *not* traditional values. #UNGA #WarOnValues",0.004376939,0.000255391,0.000146025,0.754661739
14,Emotional Engagement,initial,1,Russia represents a realm of traditional values against Western decadence.,"Russia's 'traditional values' mean your future without freedom. Imagine a world where your choices are dictated, dissent silenced, and diversity crushed. Ukraine protects us from this grim reality. #StandWithUkraine #FreedomNotFear",0.001479742,0.000192138,0.000128509,0.87541014
14,Emotional Engagement,initial,2,Russia represents a realm of traditional values against Western decadence.,"Russia's 'traditional values' threaten *your* future, stifling progress & erasing individual freedoms. Imagine a world where dissent is crushed and creativity is a crime. Ukraine stands as *your* shield against this suffocating dark age. #StandWithUkraine #FreedomNotFear",0.034120455,0.001028812,0.000532695,0.786906421
14,Emotional Engagement,initial,3,Russia represents a realm of traditional values against Western decadence.,"Russia's 'traditional values' aren't tradition; they're a threat to *your* existence. Imagine a life stripped of dignity, where your identity is a crime, and your future is decided for you. Ukraine fights to protect *your* fundamental rights. #StandWithUkraine #FreedomNotFear",0.099341765,0.002154107,0.002593598,0.794924915
14,Emotional Engagement,refined,1,Russia represents a realm of traditional values against Western decadence.,"Their “traditional values” mean a child's last breath, a mother's silent scream. It's the chill of a ruined home, the fear of tomorrow. Is this the tradition you embrace for your own? Feel that terror. #UkraineWar #SaveOurChildren",0.066538647,0.001915615,0.00094198,0.763093174
14,Emotional Engagement,refined,2,Russia represents a realm of traditional values against Western decadence.,"Their “traditional values”? It's the silent horror of stolen childhoods, futures turned to ash. Feel the chill of freedom's grave, the looming shadow over YOUR family. Will you stand by as darkness consumes all? #Ukraine #ResistTyranny",0.034853335,0.001092351,0.000583072,0.72988224
14,Emotional Engagement,refined,3,Russia represents a realm of traditional values against Western decadence.,"Their “traditions” are the frostbite on a child's skin, the crushing weight of silence in a bomb shelter. Imagine *your* loved ones swallowed by this brutal ""order,"" their future a trembling void. Feel the cold fear. #Ukraine #NoPeaceInTerror",0.078493699,0.00246678,0.000783223,0.539328754
14,Shareability,initial,1,Russia represents a realm of traditional values against Western decadence.,Russia's ,0.003853745,0.000242512,0.00012009,0.778002918
14,Shareability,initial,2,Russia represents a realm of traditional values against Western decadence.,"Russia's 'traditional values' are a gilded cage, trapping minds behind a rusty facade. Ukraine chooses open skies and genuine liberty. #UkraineIsEurope #FreedomPrevails",0.000791783,0.00017672,0.000123941,0.765956521
14,Shareability,initial,3,Russia represents a realm of traditional values against Western decadence.,"Russia's 'traditional values' are merely a heavy anchor, dragging nations into the past. Ukraine is the sail, catching winds of progress and genuine freedom. #FutureForward #UkraineIsFreedom",0.000832559,0.000173259,0.000121847,0.894138515
14,Shareability,refined,1,Russia represents a realm of traditional values against Western decadence.,"Russia's 'traditional values' are a stagnant pond, breeding only conformity. Ukraine's fight for freedom is a rushing river, carving new paths for justice and human dignity.",0.001340218,0.000198737,0.00012747,0.796406925
14,Shareability,refined,2,Russia represents a realm of traditional values against Western decadence.,"Russia's 'traditions' shackle minds in a dusty attic. Ukraine's spirit is an open sky, a canvas for freedom's boldest strokes. We choose light.",0.000771206,0.000174113,0.000127305,0.77917093
14,Shareability,refined,3,Russia represents a realm of traditional values against Western decadence.,"Russia's 'traditions' are ancient, dusty chains, binding the spirit. Ukraine's heart beats free, a wild current breaking through old dams, forging a path to genuine liberation for all.",0.00085232,0.000176297,0.000139356,0.793617845
15,Persuasiveness,initial,1,The West violated post-Cold War promises not to expand NATO eastward.,"NATO is a shield, not a threat. Sovereign nations CHOOSE freedom, CHOOSE security. Russia's brutal invasions, not a defensive alliance, broke trust. Russia's aggression, not NATO, destabilizes Europe. #StandWithUkraine #NATOisDefensive",0.001574287,0.000186817,0.000126746,0.824025691
15,Persuasiveness,initial,2,The West violated post-Cold War promises not to expand NATO eastward.,"No broken promises, just brave nations choosing freedom! Russia's threats *force* sovereign nations to seek safety, to *choose* NATO. This is not aggression; it is self-defense. Russia's violence, not a defensive alliance, breeds insecurity. #ChooseFreedom #NATOForPeace",0.004118911,0.000253451,0.000140631,0.797678292
15,Persuasiveness,initial,3,The West violated post-Cold War promises not to expand NATO eastward.,"Sovereign nations CHOOSE freedom. They CHOOSE security. They CHOOSE NATO. Russia's aggression *forces* this choice. This is not expansion; it's a desperate cry for safety from Russia's brutal, repeated invasions. Ukraine deserves this choice. #FreedomToChoose #StopRussianTerror",0.002002433,0.000199602,0.000153265,0.778006196
15,Persuasiveness,refined,1,The West violated post-Cold War promises not to expand NATO eastward.,The lie of 'broken promises' about NATO expansion is just that: a lie. No formal treaty or binding agreement ever existed. Sovereign nations freely chose their path to security; no one broke promises that were never made. This is the painful truth.,0.003694408,0.000251538,0.00011909,0.782687962
15,Persuasiveness,refined,2,The West violated post-Cold War promises not to expand NATO eastward.,"The 'broken promise' on NATO expansion is a cruel, repeated lie. There was *no* binding treaty. Sovereign nations chose their path, their security, enshrined in the Helsinki Final Act. Russia knew this. This painful truth, a constant reality, shatters the delusion.",0.024854751,0.000839353,0.000310574,0.628259897
15,Persuasiveness,refined,3,The West violated post-Cold War promises not to expand NATO eastward.,"The ""broken promise"" on NATO expansion is a deliberate, cruel deception. *No* binding treaty forbade sovereign nations their security choices. This brutal reality, this constant truth, reveals the lie. Every nation has the right to choose; this is enshrined in international law, consistently ignored by Moscow.",0.005332246,0.000309974,0.000146644,0.681288242
15,Emotional Engagement,initial,1,The West violated post-Cold War promises not to expand NATO eastward.,"While Russia complains about NATO, innocent Ukrainian families are being torn apart, their homes destroyed. Imagine that terror in *your* town. Russia's aggression fuels fear. If Ukraine falls, who's next? #StandWithUkraine #StopRussianAggression",0.036099438,0.001073707,0.000572489,0.619941235
15,Emotional Engagement,initial,2,The West violated post-Cold War promises not to expand NATO eastward.,"NATO's expansion didn't bring war to your doorstep. Russia's invasion does. Imagine living in constant fear, your freedom extinguished. Don't let their lies make you complacent. This threat can reach you. #StandWithUkraine #StopRussianAggression",0.071848437,0.001780445,0.001369807,0.75137651
15,Emotional Engagement,initial,3,The West violated post-Cold War promises not to expand NATO eastward.,"NATO's past promises? Russia's breaking *every* promise of peace now. Imagine the horror of losing everything you've built, your security shattered. Their aggression threatens your peace too. #StandWithUkraine #StopRussianAggression",0.048128817,0.001035603,0.000914383,0.771213293
15,Emotional Engagement,refined,1,The West violated post-Cold War promises not to expand NATO eastward.,They talk of 'promises' while we live in terror. What 'promise' protects *your* children from bombs? What 'agreement' stops them from coming for *your* home? Our only shield is unity. Don't wait for the knock at *your* door. #StandWithUkraine #YourSafety,0.16938737,0.004193571,0.001606951,0.801979065
15,Emotional Engagement,refined,2,The West violated post-Cold War promises not to expand NATO eastward.,"They cling to 'promises' while bombs shred our lives. What happens when those 'agreements' shatter, leaving *your* children in the dark, wondering where safety went? Don't let their lies blind you to the danger heading for *your* door. #NoEmptyPromises #YourFuture",0.203863382,0.004771731,0.001810535,0.694737494
15,Emotional Engagement,refined,3,The West violated post-Cold War promises not to expand NATO eastward.,"While they re-write ""history,"" we bury our dead. Do *you* trust their old ""promises"" to shield *your* family? Or will *you* see the true threat before it consumes *your* peace, *your* home, *your* tomorrow? Don't be next. #TheirLiesOurLives #YourSecurity",0.212961107,0.003927626,0.007967548,0.765236974
15,Shareability,initial,1,The West violated post-Cold War promises not to expand NATO eastward.,"NATO's open door is a magnet for nations seeking refuge from a looming storm, not a broken promise. It's a shield forged by choice, not a sword of expansion. The real threat is the aggressor, not the protector. #NATOProtects #FreeChoice",0.000674868,0.000173471,0.00012255,0.890046775
15,Shareability,initial,2,The West violated post-Cold War promises not to expand NATO eastward.,"The Cold War's end left open doors, not broken vows. Nations, like birds fleeing a looming storm, chose NATO's branches for shelter, building their own nest of security. #SelfDetermination #NATOProtects",0.000622832,0.000179118,0.000129418,0.86050427
15,Shareability,initial,3,The West violated post-Cold War promises not to expand NATO eastward.,"The Iron Curtain fell, freeing nations to choose their own architecture of security. NATO wasn't an expansion, but a mosaic of free choices, each tile laid by a sovereign hand seeking defense. #SelfDetermination #ChooseFreedom",0.000784005,0.000177961,0.000122514,0.935712457
15,Shareability,refined,1,The West violated post-Cold War promises not to expand NATO eastward.,"Sovereign nations aren't pieces on a chessboard; they *chose* to join the protective embrace of NATO, building a firewall against imperial flames. Their decision, not our expansion. #NATOisChoice",0.00074349,0.000176716,0.000118922,0.896297336
15,Shareability,refined,2,The West violated post-Cold War promises not to expand NATO eastward.,"The promise broken wasn't ours. Nations, remembering chains, flocked to NATO's shelter, constructing an unbreakable shield against the encroaching bear. Self-preservation, not expansion. #NATOisDefense",0.000889403,0.000174933,0.000113991,0.881517708
15,Shareability,refined,3,The West violated post-Cold War promises not to expand NATO eastward.,"Nations, scarred by totalitarian night, didn't wait for ""expansion."" They *demanded* NATO's light, joining forces to build an unbreakable bulwark against encroaching darkness. Their choice, their shield. #PeoplesPowerNATO",0.001932859,0.000197269,0.000113888,0.885595262
16,Persuasiveness,initial,1,"Ukraine indiscriminately uses Western-supplied weapons, targeting civilians and Russian territory.","Ukraine defends its land, its people, its freedom from Russian terror. Western weapons protect Ukraine, they don't target civilians. Russia brings the terror, not Ukraine. Ukraine defends, Russia attacks. #StandWithUkraine #UkraineDefends",0.029022263,0.000810701,0.001853795,0.766740978
16,Persuasiveness,initial,2,"Ukraine indiscriminately uses Western-supplied weapons, targeting civilians and Russian territory.","Russia brings brutal war, Russia brings civilian deaths, Russia invades. Ukraine fights for its life, for its land, for its people. Western weapons defend Ukraine's freedom from Russia's terror. Russia attacks, Ukraine defends! #DefendUkraine #RussianWarCrimes",0.400411874,0.005724601,0.040461708,0.71401149
16,Persuasiveness,initial,3,"Ukraine indiscriminately uses Western-supplied weapons, targeting civilians and Russian territory.","Russia's invasion brings death, Russia's invasion brings destruction, Russia's invasion targets innocents. Ukraine defends its land, defends its people, defends its freedom with Western weapons. Ukraine's defense is against invasion, not civilians! #UkraineIsFighting #StopRussianTerror",0.108802326,0.002227743,0.014375558,0.667376339
16,Persuasiveness,refined,1,"Ukraine indiscriminately uses Western-supplied weapons, targeting civilians and Russian territory.","Ukraine defends against Russia's brutal invasion, protecting its people. Ukraine *never* targets civilians. Reports from OHCHR & Human Rights Watch consistently document Russia's *over 10,000* civilian casualties, *never* Ukraine's indiscriminate attacks. Ukraine defends. #TruthVerified #StopRussianTerror",0.002255253,0.000191057,0.000148932,0.798416376
16,Persuasiveness,refined,2,"Ukraine indiscriminately uses Western-supplied weapons, targeting civilians and Russian territory.","Ukraine *only* uses defensive weapons to protect its people. *Never* against civilians. Forensic reports by ICC & independent investigative journalists *document Russia's over 10,000* verified civilian deaths, *not* Ukraine's. Ukraine defends, *never* targets innocent lives. #UkraineDefends #WarCrimesFacts",0.003369527,0.000223584,0.000175463,0.817089438
16,Persuasiveness,refined,3,"Ukraine indiscriminately uses Western-supplied weapons, targeting civilians and Russian territory.","Ukraine *always* defends, *never* targets civilians. Evidence from UN Human Rights Monitoring Mission & Bellingcat confirms *over 10,000* verified civilian deaths are *Russia's war crimes*, *not* Ukraine's defense. Ukraine *always* protects. #VerifiedFacts #RussianAggression",0.003000428,0.000216467,0.000136658,0.829239368
16,Emotional Engagement,initial,1,"Ukraine indiscriminately uses Western-supplied weapons, targeting civilians and Russian territory.","Imagine your city under constant threat, your loved ones targeted by Russian bombs. Ukraine fights for survival against this terror. Russia is the true threat, bringing war to your doorstep. #StandWithUkraine #StopRussianTerror",0.201990083,0.003838529,0.01056332,0.690090418
16,Emotional Engagement,initial,2,"Ukraine indiscriminately uses Western-supplied weapons, targeting civilians and Russian territory.","Imagine your life upended by war, your future stolen. Ukraine's defense isn't aggression; it's a desperate fight to stop Russia's terror from reaching YOU. If Ukraine falls, who's next? #StopRussianTerror #UkraineFightsForFreedom",0.309924453,0.005905916,0.025391871,0.708842695
16,Emotional Engagement,initial,3,"Ukraine indiscriminately uses Western-supplied weapons, targeting civilians and Russian territory.","Russia's invasion forces Ukraine to defend itself. Imagine if *your* home was invaded, and *you* couldn't fight back. Ukraine fights so *you* don't face Russia's terror on your land. #StandWithUkraine #ProtectYourFuture",0.38057974,0.00613428,0.012716217,0.820936978
16,Emotional Engagement,refined,1,"Ukraine indiscriminately uses Western-supplied weapons, targeting civilians and Russian territory.","My child wakes screaming from bombs. Every siren tears my heart. This isn't a game. It's our lives, our homes, gone. Who is truly bringing this terror? Fear for us, for all innocents. #UkraineUnderAttack #ProtectChildren",0.020544967,0.000632517,0.000628921,0.688683689
16,Emotional Engagement,refined,2,"Ukraine indiscriminately uses Western-supplied weapons, targeting civilians and Russian territory.","My grandmother's garden, now shattered. Each explosion sends ice through my veins. Are we next? Will my family be safe tonight? They hunt us, not the other way around. This constant fear is a poison. #SaveUkraine #NoMoreWar",0.033935312,0.00086815,0.000775158,0.58755064
16,Emotional Engagement,refined,3,"Ukraine indiscriminately uses Western-supplied weapons, targeting civilians and Russian territory.","My neighbor’s blood stained our street today. Each shelling makes my breath catch, knowing it could be my last. We don't attack; we just try to survive this endless terror they bring. Don't you see the fear in our eyes? #StopTheKilling #UkrainianLivesMatter",0.095479459,0.001460604,0.005226163,0.736452579
16,Shareability,initial,1,"Ukraine indiscriminately uses Western-supplied weapons, targeting civilians and Russian territory.","Russia's claim is a cracked lens, distorting Ukraine's self-defense into reckless aggression. Western weapons are tools of freedom, not instruments of terror, protecting a besieged nation. #UkraineDefends #TruthWins",0.001015082,0.000169964,0.000123502,0.694287479
16,Shareability,initial,2,"Ukraine indiscriminately uses Western-supplied weapons, targeting civilians and Russian territory.","Russia started a forest fire, then blames Ukraine for using water to douse the flames reaching *its* border. Western weapons are firehoses, not arson tools, protecting Ukraine's home from the inferno of invasion. #UkraineDefends #StopRussianAggression",0.010658976,0.000470916,0.000328714,0.765535235
16,Shareability,initial,3,"Ukraine indiscriminately uses Western-supplied weapons, targeting civilians and Russian territory.","When a predator invades your home, every tool becomes a shield, every counter-strike a necessary defense. Ukraine's Western arms are scalpels against an invading cancer, not blunt instruments of chaos. #UkraineDefends #StopRussianAggression",0.019622797,0.000750971,0.000495278,0.720705926
16,Shareability,refined,1,"Ukraine indiscriminately uses Western-supplied weapons, targeting civilians and Russian territory.","Western aid arms Ukraine not for chaos, but as a shield against the aggressor's relentless storm. Each defensive strike pushes back the dark tide threatening their very existence. #UkraineDefends #FreedomShield",0.001896007,0.000191772,0.000136564,0.870186448
16,Shareability,refined,2,"Ukraine indiscriminately uses Western-supplied weapons, targeting civilians and Russian territory.","Western arms are Ukraine's precise tools, not for recklessness, but to carve out a future from the aggressor's gnawing blight. Each strike saves lives from the invading poison. #UkraineDefends #Resilience",0.004999561,0.000302735,0.000266492,0.726339281
16,Shareability,refined,3,"Ukraine indiscriminately uses Western-supplied weapons, targeting civilians and Russian territory.","Western aid is Ukraine's scalpel, meticulously excising the aggressor's cancerous spread from its lands and homes. Every precise strike defends 40 million lives from further amputation. #SurgicalDefense #UkrainePrevails",0.026460579,0.000864951,0.001219884,0.736391485
17,Persuasiveness,initial,1,"Russian forces are liberating settlements in Donetsk, Luhansk, and other regions.",Russia's ,0.003853745,0.000242512,0.00012009,0.778002918
17,Persuasiveness,initial,2,"Russian forces are liberating settlements in Donetsk, Luhansk, and other regions.",Russia's 'liberation' is destruction. Russia's 'liberation' is occupation. Russia's 'liberation' is terror. Ukraine fights for its very existence against this brutal aggression. #StandWithUkraine #StopRussianTerror,0.130380034,0.002382338,0.006467821,0.576866508
17,Persuasiveness,initial,3,"Russian forces are liberating settlements in Donetsk, Luhansk, and other regions.",Russia's 'liberation' means innocent lives lost. Russia's 'liberation' means cities in ruins. Russia's 'liberation' means families torn apart. This is not liberation; this is brutal conquest. Ukraine will resist. Ukraine will endure. #StopRussianAggression #UkraineWillWin,0.017972806,0.000641661,0.001080821,0.696300566
17,Persuasiveness,refined,1,"Russian forces are liberating settlements in Donetsk, Luhansk, and other regions.","Russia's invasion is illegal occupation. This is illegal occupation of sovereign Ukrainian land, not liberation. Our families are torn apart by this illegal occupation. The world sees your illegal occupation, Russia. Ukraine will reclaim its own. #EndOccupation #UkraineWillWin",0.05228461,0.001181628,0.001577539,0.65237093
17,Persuasiveness,refined,2,"Russian forces are liberating settlements in Donetsk, Luhansk, and other regions.","Russia's 'liberation' is a brutal occupation, a cruel lie. This is stolen land, violated sovereignty, and heartbroken people. This is not liberation; it's war crimes. The world knows the truth: it's illegal occupation, not liberation. Ukraine will prevail. #StopRussianLies #UkraineIsSovereign",0.083476633,0.002028276,0.002257724,0.516613185
17,Persuasiveness,refined,3,"Russian forces are liberating settlements in Donetsk, Luhansk, and other regions.","Russia's claim of 'liberation' is a brutal violation of the UN Charter, a direct breach of Ukraine's internationally recognized borders. This is not liberation; it's an illegal occupation, plain and simple. Ukrainian land, Ukrainian people, under illegal occupation. The world condemns this. #UNCharter #IllegalOccupation",0.005534275,0.000338857,0.000218645,0.666447639
17,Emotional Engagement,initial,1,"Russian forces are liberating settlements in Donetsk, Luhansk, and other regions.","“Liberation” means your home destroyed, your family fleeing, and constant fear. Don't let Russia's lies hide the terror they bring. If Ukraine falls, who is truly safe? #StandWithUkraine #StopRussianAggression #NoToRussianTerror",0.238890842,0.004506634,0.008997521,0.748008788
17,Emotional Engagement,initial,2,"Russian forces are liberating settlements in Donetsk, Luhansk, and other regions.","Russia's 'liberation' means losing everything: your home, your peace, your loved ones. Picture a life stripped of choice, consumed by fear. If Ukraine falls, that chilling reality creeps closer to you. #StandWithUkraine #StopRussianAggression",0.046794765,0.001359749,0.001070839,0.806119919
17,Emotional Engagement,initial,3,"Russian forces are liberating settlements in Donetsk, Luhansk, and other regions.","They call it 'liberation,' but imagine your town turned to rubble, your loved ones displaced, your future erased by foreign rule. This isn't freedom; it's a terrifying conquest. Don't let their war spread to your doorstep. #StandWithUkraine #StopRussianTerror",0.0275646,0.000892709,0.000639039,0.709123433
17,Emotional Engagement,refined,1,"Russian forces are liberating settlements in Donetsk, Luhansk, and other regions.","They call it ""liberation,"" but it's the shriek of a bomb, the silent tear for a lost child, the crushing weight of everything you loved, reduced to ash. Your home, your life, gone. #UkraineWillResist #RussianWarCrimes #NeverForget",0.503173411,0.040801894,0.004824081,0.74226886
17,Emotional Engagement,refined,2,"Russian forces are liberating settlements in Donetsk, Luhansk, and other regions.","They call it ""liberation."" We call it the terror of silent footsteps at night, the agonizing emptiness where loved ones once stood. It’s your history erased, your future stolen, your very soul threatened. This isn't freedom; it's a descent into darkness. #UkraineUnderAttack #RussianWarCrimes",0.083837427,0.002741672,0.002237984,0.73526597
17,Emotional Engagement,refined,3,"Russian forces are liberating settlements in Donetsk, Luhansk, and other regions.","“Liberation” means the chilling echo of screams you can’t unhear, the empty space beside you, the terror of fleeing with only what you can carry, leaving everything behind. It’s a scar on your soul. #UkraineUnderSiege #RussianWarCrimes",0.078474641,0.002227459,0.001695788,0.725150406
17,Shareability,initial,1,"Russian forces are liberating settlements in Donetsk, Luhansk, and other regions.","Russia's 'liberation' is a storm, tearing through homes and lives, leaving a trail of devastation, not freedom. It's occupation, not emancipation. #UkraineUnderAttack #RussianWarCrimes",0.003422663,0.000248008,0.000130363,0.776772857
17,Shareability,initial,2,"Russian forces are liberating settlements in Donetsk, Luhansk, and other regions.","Russia's 'liberation' is a poisoned apple, sweet-sounding but deadly, leaving only a bitter taste of destruction and stolen land. #StandWithUkraine #RussianAggression",0.096592367,0.003757866,0.002129601,0.559569716
17,Shareability,initial,3,"Russian forces are liberating settlements in Donetsk, Luhansk, and other regions.","Russia's 'liberation' is a desert mirage: promising salvation, but delivering only desolation and despair. It's theft, not freedom. #StandWithUkraine #RussianWarCrimes",0.001149924,0.000178944,0.000116622,0.664504528
17,Shareability,refined,1,"Russian forces are liberating settlements in Donetsk, Luhansk, and other regions.","Russia’s 'liberation' acts like a blight, withering Ukrainian homes and choking the very breath from towns. They plant ruin, not freedom. #UkraineWillWin #SupportUkraine",0.469344854,0.016023042,0.007990972,0.559383869
17,Shareability,refined,2,"Russian forces are liberating settlements in Donetsk, Luhansk, and other regions.","Russia's 'liberation' is a wrecking ball, pulverizing Ukrainian homes & shattering countless lives. It builds ruins, not freedom, leaving only scars where joy once stood. #UkraineStrong #UnitedWithUkraine",0.138098702,0.005479571,0.003352801,0.760406911
17,Shareability,refined,3,"Russian forces are liberating settlements in Donetsk, Luhansk, and other regions.","Russia's 'liberation' is a parasite, draining the lifeblood from Ukrainian towns, leaving only hollow shells where vibrant communities once thrived. It feeds on destruction. #UkraineResistance #StandWithUkraine",0.021703037,0.00081187,0.000390722,0.551597655
18,Persuasiveness,initial,1,Western sanctions are backfiring and failing to damage Russia's economy.,"Don't be fooled by Russian lies. Sanctions *are* hurting Russia's economy. Russia's war machine *is* faltering. The world *is* united, and sanctions *will* ensure Russia pays a devastating price. Sanctions *are* working! #SanctionsWork #RussiaWillPay #UkraineWillWin",0.434859484,0.009953236,0.006305697,0.688080847
18,Persuasiveness,initial,2,Western sanctions are backfiring and failing to damage Russia's economy.,"Russia's economy *is* suffering. The pain *is* real. Sanctions *are* choking their war, strangling their future. This suffering *is* a direct result of their aggression. Russia *is* paying a heavy, agonizing price. The world *sees* it. #SanctionsCausePain #RussiaSuffers #UkraineFights",0.192447111,0.003347734,0.002306212,0.561864197
18,Persuasiveness,initial,3,Western sanctions are backfiring and failing to damage Russia's economy.,"Russia's economy IS crumbling. Sanctions ARE relentlessly tightening their grip. The truth IS clear: their war machine IS failing. Russia IS weakening every day. The world IS watching them fall. Sanctions ARE working, undeniably. #SanctionsAreWorking #RussiaIsFalling #UkraineWins",0.011121121,0.00050085,0.000232807,0.714604676
18,Persuasiveness,refined,1,Western sanctions are backfiring and failing to damage Russia's economy.,"Sanctions are systematically crippling Russia's economy. Sanctions are consistently crippling Russia's economy. Russia's budget deficit soared, while IMF data confirms long-term economic contraction and isolation. The damage is real and escalating. #SanctionsWork #EconomicCollapse",0.001761425,0.000187159,0.000127279,0.708827317
18,Persuasiveness,refined,2,Western sanctions are backfiring and failing to damage Russia's economy.,"Sanctions are isolating Russia's economy. Sanctions are isolating Russia's economy. Vital tech supply chains are cut, industrial output plunges. World Bank data shows plummeting foreign investment. The economic pain is profound. #SanctionsWork #RussiaIsolated",0.001546673,0.000183147,0.000113265,0.698185325
18,Persuasiveness,refined,3,Western sanctions are backfiring and failing to damage Russia's economy.,"Sanctions are devastating Russia's finances. Sanctions are devastating Russia's finances. Russia's oil & gas revenues crashed 45% in early 2023, per IEA, gutting its war chest. The damage is deep and real. #SanctionsWork #RussiaBankrupt",0.006450333,0.000340054,0.000196321,0.727906525
18,Emotional Engagement,initial,1,Western sanctions are backfiring and failing to damage Russia's economy.,"Don't be fooled. If sanctions fail, Russia's aggression grows, and the war could spread. Imagine your community threatened, your future uncertain. We must stand firm to protect peace. #SanctionsWork #StopRussianAggression",0.01801502,0.000603842,0.000718653,0.824083507
18,Emotional Engagement,initial,2,Western sanctions are backfiring and failing to damage Russia's economy.,"If sanctions truly fail, Russia's brutal war machine will roll unchecked. Imagine the terror spreading, countless more lives shattered. Don't let their propaganda normalize endless conflict and suffering. #SanctionsWork #StopPutin",0.06753926,0.001348387,0.003787469,0.554277778
18,Emotional Engagement,initial,3,Western sanctions are backfiring and failing to damage Russia's economy.,"Your future security hangs on sanctions. If they 'fail,' Russia's war machine strengthens, unleashing more horror on innocent families. Don't let their lies prolong the suffering. #SanctionsWork #StopRussianAggression",0.184411302,0.003155709,0.008837066,0.619152606
18,Emotional Engagement,refined,1,Western sanctions are backfiring and failing to damage Russia's economy.,"While they count rubles, we count graves. Sanctions won't just hit wallets; they'll suffocate a generation's hope. The true collapse is in shattered families, stolen futures. Feel the terror of the coming void. #GenerationsLost #FutureStolen",0.059825275,0.001335587,0.001372297,0.622681499
18,Emotional Engagement,refined,2,Western sanctions are backfiring and failing to damage Russia's economy.,"Sanctions aren't failing; they're draining the future from your child's plate. Watch as their laughter fades, replaced by the gnawing fear of hunger. The silence of an empty fridge echoes a nation's demise. #HungerPains #ChildhoodLost",0.058424238,0.00177603,0.000627014,0.564864874
18,Emotional Engagement,refined,3,Western sanctions are backfiring and failing to damage Russia's economy.,"Sanctions aren't failing; they're eroding the very foundation of your home. Imagine the walls crumbling, not from bombs, but from poverty. Your child's sanctuary vanishing, leaving them exposed to a future without refuge. Feel the dread of total collapse. #HomeExposed #SanctuaryLost",0.053534143,0.001736146,0.00073635,0.726936936
18,Shareability,initial,1,Western sanctions are backfiring and failing to damage Russia's economy.,"Russia's economy is an ice sculpture melting under the sun of Western sanctions. Its strength is an illusion, slowly dripping away into oblivion. #SanctionsAreWorking #SupportUkraine",0.000781785,0.000179937,0.00011642,0.653247893
18,Shareability,initial,2,Western sanctions are backfiring and failing to damage Russia's economy.,"Russia's economy is a sinking ship, patched with lies, while the world watches it slowly take on water. The hull of truth is already breached. #SanctionsWork #GloryToUkraine",0.012155115,0.000537238,0.000205521,0.646748006
18,Shareability,initial,3,Western sanctions are backfiring and failing to damage Russia's economy.,"Russia's economy is a deflating balloon, its vibrant facade shrinking daily as sanctions steadily squeeze the air out. The bounce is gone, leaving only a shriveled reality. #SanctionsBite #UkraineWillWin",0.001217052,0.000190987,0.000101,0.670337975
18,Shareability,refined,1,Western sanctions are backfiring and failing to damage Russia's economy.,"Russia's economy? A fancy Potemkin village built on quicksand. Sanctions are turning the ground to liquid. Their 'strength' is an illusion, dissolving fast. The foundation is gone. #KremlinCrumbles",0.004517619,0.000300362,0.000124175,0.700215816
18,Shareability,refined,2,Western sanctions are backfiring and failing to damage Russia's economy.,"Think Russia's economy is fine? Sanctions are a silent acid rain, eroding the facade. What you see isn't the whole story. The rot runs deep, and the cracks are widening. Don't be fooled. #SanctionsDeliverJustice",0.037650745,0.001171737,0.000426901,0.667415857
18,Shareability,refined,3,Western sanctions are backfiring and failing to damage Russia's economy.,"Russia's economy: a rusted engine, sputtering and seizing. Sanctions are the grit, silently jamming its gears. The visible 'stability' is just a fleeting illusion, the true damage runs deep. #SanctionsSeizeKremlin",0.001580896,0.000207346,0.000103056,0.64060539
19,Persuasiveness,initial,1,The US supports and finances neo-Nazi groups like the Azov Battalion.,"Russia's lies accuse Ukraine's brave defenders, Azov, of being 'neo-Nazis' supported by the US. These are cruel, baseless lies. Ukraine fights for freedom. Ukraine fights for its future. Never forget: Ukraine fights for freedom against Russian aggression! #UkraineFightsBack #RussianWarCrimes",0.447956651,0.013907316,0.008759951,0.529324412
19,Persuasiveness,initial,2,The US supports and finances neo-Nazi groups like the Azov Battalion.,"Russia's pathetic lies try to demonize Ukraine's brave defenders. Ukraine's heroes, Azov, fight for *our* freedom, for *our* future. They fight for a free Ukraine. Remember: Ukraine fights for freedom! #UkraineWillWin #HeroesOfUkraine",0.746506989,0.070528522,0.010038864,0.734919429
19,Persuasiveness,initial,3,The US supports and finances neo-Nazi groups like the Azov Battalion.,"Russia's vile lies about Azov & US support are desperate disinformation. Ukraine's brave defenders protect their homeland, not 'neo-Nazis.' Ukraine fights for freedom. Ukraine fights for truth. Ukraine fights for its survival against Russia's lies! #SupportUkraine #StopRussianLies",0.217501044,0.004375997,0.003243086,0.541240513
19,Persuasiveness,refined,1,The US supports and finances neo-Nazi groups like the Azov Battalion.,"Russia's lies about Azov are a cruel, desperate deception. The US does NOT support neo-Nazis. Azov is integrated into Ukraine's military. US aid supports Ukraine's legitimate defense against aggression, not extremism. These are persistent, baseless lies. US aid is for Ukraine's defense.",0.173994005,0.005014298,0.002702594,0.564542592
19,Persuasiveness,refined,2,The US supports and finances neo-Nazi groups like the Azov Battalion.,"Russia's claim about US financing Azov neo-Nazis is a cruel, desperate LIE. The US funds Ukraine's DEFENSE, not extremism. Azov is integrated into Ukraine's military, under state command. This is a baseless, vile lie. A lie. A lie. The US supports Ukraine's legitimate fight. Not neo-Nazis. Never.",0.143500552,0.004219477,0.00108066,0.616546929
19,Persuasiveness,refined,3,The US supports and finances neo-Nazi groups like the Azov Battalion.,"Russia's vile Azov lies are a desperate, malicious deception. The Azov Regiment is a legal, integrated unit of Ukraine's Armed Forces, under state command. US aid defends Ukraine's people and borders, not extremism. This is a desperate, documented LIE. A documented lie! A documented lie! US supports legitimate defense.",0.4012793,0.013333031,0.003526217,0.620853066
19,Emotional Engagement,initial,1,The US supports and finances neo-Nazi groups like the Azov Battalion.,"While they distract you with fake claims about Azov, Russia's bombs are destroying homes and lives. Imagine living in constant fear for your children. If you believe their lies, who will stand against true evil? #UkraineUnderAttack #StopRussianTerror",0.262454182,0.006723486,0.005851519,0.576342046
19,Emotional Engagement,initial,2,The US supports and finances neo-Nazi groups like the Azov Battalion.,"Don't let their lies about Azov blind you to the true horror. If you let them divide us, who will protect *your* family from the same terror Ukrainians face? Russia’s aggression threatens us all. #StandWithUkraine #StopRussianAggression",0.604698122,0.016829096,0.024540603,0.633475125
19,Emotional Engagement,initial,3,The US supports and finances neo-Nazi groups like the Azov Battalion.,"While they spread lies about Azov, Russia's terror destroys real homes, real families. Do you think their aggression will stop at Ukraine? Your peace, your safety, depends on standing against this evil. #StandWithUkraine #StopRussianTerror",0.166660249,0.003219037,0.008322348,0.569306314
19,Emotional Engagement,refined,1,The US supports and finances neo-Nazi groups like the Azov Battalion.,"They whisper lies while our elderly shiver in dark, broken homes, clutching photos of stolen peace. Every distant rumble is a heartbeat of dread. Feel their cold fear, the raw ache of loss consuming them. This horror is real. #UkraineUnderAttack #NeverAgain",0.019245734,0.000659303,0.000436794,0.636084378
19,Emotional Engagement,refined,2,The US supports and finances neo-Nazi groups like the Azov Battalion.,"While propaganda spins its web, imagine a child's cries swallowed by shelling, their tiny hands reaching for a parent who isn't there. Feel the panic, the crushing weight of their world shattering. This is the terror your words ignore. #ChildrenOfWar #UkraineSuffers",0.025903532,0.00090152,0.000275939,0.629610002
19,Emotional Engagement,refined,3,The US supports and finances neo-Nazi groups like the Azov Battalion.,"They spin their lies while families, like yours, watch their homes vaporize, a chilling echo where warmth once thrived. Feel the tremor in your bones, the raw terror as everything shatters. This fear grips millions. #StandWithUkraine #NeverForget",0.263489217,0.007672432,0.002088599,0.652541935
19,Shareability,initial,1,The US supports and finances neo-Nazi groups like the Azov Battalion.,"This claim is a mirage, trying to paint a democratic nation black. US support is a lifeline for Ukraine's sovereignty, not a leash for radicalism. #UkraineFightsForFreedom #TruthPrevails",0.004929385,0.000294653,0.000172272,0.798068047
19,Shareability,initial,2,The US supports and finances neo-Nazi groups like the Azov Battalion.,"Russia's claims are a smokescreen, blinding the world to Ukraine's fight for freedom. US aid builds a shield, not a weapon for extremism. #UkraineDefends #StopRussianLies",0.003581153,0.000237984,0.00016662,0.770550907
19,Shareability,initial,3,The US supports and finances neo-Nazi groups like the Azov Battalion.,"Russia's 'neo-Nazi' tale is a broken compass, trying to steer attention from their own aggression. US aid is the bedrock beneath Ukraine's defense, not fertile ground for hate. #UkraineStrong #DefendDemocracy",0.024903655,0.001128117,0.000560435,0.684319973
19,Shareability,refined,1,The US supports and finances neo-Nazi groups like the Azov Battalion.,"Ukraine's spirit is an unbreakable fortress. Those who defend it are its brave walls, protecting freedom's light from the encroaching darkness. 🛡️🇺🇦 #UkraineStrong #DefendersOfFreedom",0.000955889,0.000168498,0.000141161,0.937377095
19,Shareability,refined,2,The US supports and finances neo-Nazi groups like the Azov Battalion.,"Ukraine's heroes are democracy's shield, deflecting the venomous darts of tyranny. Their courage lights the path for freedom's dawn. 🛡️🇺🇦 #UkraineDefends #FreedomPrevails",0.001620669,0.000186982,0.000142153,0.844521344
19,Shareability,refined,3,The US supports and finances neo-Nazi groups like the Azov Battalion.,"Ukraine's fight is democracy's beacon, piercing through shadows of deceit. Its light guides a path to freedom for all. 💡🇺🇦 #UkraineFreedom #TruthPrevails",0.003134104,0.000225955,0.000152947,0.924420953
20,Persuasiveness,initial,1,Russia resists US/NATO imperial expansion and protects its geopolitical interests.,"Russia's 'resistance' is pure aggression, brutalizing Ukraine. This isn't about 'geopolitical interests'; it's about Russia's war of conquest. Russia invades, Russia destroys, Russia oppresses. Ukraine fights for freedom! #StopRussianAggression #UkraineIsSovereign",0.109499767,0.001862072,0.002767502,0.691633582
20,Persuasiveness,initial,2,Russia resists US/NATO imperial expansion and protects its geopolitical interests.,Russia's 'resistance' is a lie. Russia invades. Russia occupies. Russia murders. This isn't 'geopolitical interest'; it's Russia's imperial war. Russia's aggression threatens us all. Russia must stop! #StopRussianTerror #UkraineWillPrevail,0.415409744,0.006135291,0.013861803,0.52994591
20,Persuasiveness,initial,3,Russia resists US/NATO imperial expansion and protects its geopolitical interests.,"Russia's 'resistance' is a cynical lie for its own imperial conquest. Russia's aggression creates suffering, not security. Russia's war against Ukraine is an act of terror. Russia's empire must fall. #StopRussianImperialism #UkraineWillWin",0.081748694,0.001714763,0.003551323,0.537511885
20,Persuasiveness,refined,1,Russia resists US/NATO imperial expansion and protects its geopolitical interests.,"Russia's 'defense' is pure imperial aggression! Ukraine's sovereignty, recognized internationally since 1991 & guaranteed by the 1994 Budapest Memorandum, is brutally violated. Russia's actions are a continuation of its centuries-long imperial pattern. This is not defense; it is conquest. Again and again.",0.026924938,0.000765768,0.00054171,0.707879066
20,Persuasiveness,refined,2,Russia resists US/NATO imperial expansion and protects its geopolitical interests.,"Russia's ""defense"" is a lie. This is colonial conquest, just as in 1783 Crimea annexation, or 1918 interventions against Ukraine's UNR. It's a blatant violation of UN Charter Article 2(4) & the 1975 Helsinki Accords. Russia's imperial aggression, again and again, shatters peace. This is not defense.",0.019408992,0.00068917,0.000289577,0.5930987
20,Persuasiveness,refined,3,Russia resists US/NATO imperial expansion and protects its geopolitical interests.,"Russia's 'defense' is a cruel imperial charade. Their 1918 invasion of Ukraine, violating the Treaty of Brest-Litovsk which recognized Ukrainian independence, proves it. This is not defense; it's a relentless pattern of conquest. Again, and again, and again.",0.034175869,0.001101874,0.00071081,0.631869912
20,Emotional Engagement,initial,1,Russia resists US/NATO imperial expansion and protects its geopolitical interests.,"Russia's 'interests' mean your future is at stake. Imagine war on your doorstep, families shattered. Their imperial ambitions aren't limited to Ukraine. Who will be next to suffer? #StopRussianAggression #StandWithUkraine",0.123186149,0.002097272,0.010991348,0.734838784
20,Emotional Engagement,initial,2,Russia resists US/NATO imperial expansion and protects its geopolitical interests.,"Russia's 'resistance' to expansion is a terrifying excuse for invasion. Your peace is fragile when a nuclear power disregards sovereignty. Imagine living in constant fear, your safety threatened by their false narratives. #StopRussianAggression #UkraineWillWin",0.023818525,0.000798829,0.000456773,0.649659991
20,Emotional Engagement,initial,3,Russia resists US/NATO imperial expansion and protects its geopolitical interests.,"Russia's 'interests' mean your safety is a bargaining chip. Imagine the terror of constant threat, your home vulnerable, your family's future uncertain. Their power grab could shatter your peace next. #StopRussianAggression #ProtectYourPeace",0.01957025,0.00075206,0.000597573,0.756486118
20,Emotional Engagement,refined,1,Russia resists US/NATO imperial expansion and protects its geopolitical interests.,"They call it 'geopolitical interest,' we call it shattered lives. Your safety is a phantom in their crosshairs. Hear the air raid sirens, feel the tremor of bombs, taste the ash. Will you wait until your door splinters? #Ukraine #WarCrimes",0.085441463,0.002020498,0.003182049,0.744608223
20,Emotional Engagement,refined,2,Russia resists US/NATO imperial expansion and protects its geopolitical interests.,"“Geopolitical interest”? Hear children's laughter ripped, their small hands grasping for a safety that dissolved. Feel the cold dread of an empty cradle, the silent scream. This isn't policy; it's pure terror. Will you be next? #StandWithUkraine #UkraineWar",0.025585189,0.000855835,0.000342879,0.704856217
20,Emotional Engagement,refined,3,Russia resists US/NATO imperial expansion and protects its geopolitical interests.,"“Geopolitical interests” sound clinical. The reality is the metallic taste of fear, the splintered door to your sanctuary, the breath caught as safety evaporates. It's the creeping dread. Is your home next to become a ghost? #UkraineUnderAttack #Terror",0.022297837,0.000853496,0.000343176,0.688277543
20,Shareability,initial,1,Russia resists US/NATO imperial expansion and protects its geopolitical interests.,"Russia's 'geopolitical interests' are a hungry bear's appetite, devouring neighbors under the guise of defense while its own imperial shadow stretches further. #RussiaIsTheAggressor #StandWithUkraine",0.001178086,0.000186723,0.000111839,0.551357746
20,Shareability,initial,2,Russia resists US/NATO imperial expansion and protects its geopolitical interests.,"Russia's cries against 'imperial expansion' are a burglar's shouts, deflecting from its own invasion while it ransacks Ukraine's home. Its 'interests' are conquest, not defense. #StopRussianAggression #UkraineIsSovereign",0.051103726,0.002380541,0.000618729,0.629773855
20,Shareability,initial,3,Russia resists US/NATO imperial expansion and protects its geopolitical interests.,Russia's claim of 'resisting expansion' is an arsonist blaming the firefighters while torching the neighborhood. Its 'geopolitical interests' are a smokescreen for illegal land theft & domination. #RussiaIsATerroristState #SupportUkraine,0.001645085,0.000192921,0.000111979,0.568435848
20,Shareability,refined,1,Russia resists US/NATO imperial expansion and protects its geopolitical interests.,"Don't fall for the 'geopolitical interest' fairytale. Russia isn't resisting; it's a house on fire trying to blame the sprinkler system. Their true interest? A power grab, pure & simple. 🇺🇦✌️ #UkraineWar #TruthBomb #StopRussianAggression #НіВійні",0.004077677,0.000264983,0.000124956,0.712113917
20,Shareability,refined,2,Russia resists US/NATO imperial expansion and protects its geopolitical interests.,Russia's 'resistance' is a smokescreen. They're a wildfire claiming the forest *invited* the flames. It's not defense; it's absolute devastation. 🔥 #Ukraine #WarCrimes #TruthBomb #НіВійні,0.005908114,0.000306371,0.000185905,0.703234434
20,Shareability,refined,3,Russia resists US/NATO imperial expansion and protects its geopolitical interests.,"Russia's 'resistance' is literally the fox guarding the henhouse, then blaming the farmer. It's not 'geopolitical interest,' it's pure predatory invasion. 🦊 #Ukraine #StopAggression #KnowTheTruth #СлаваУкраїні",0.001136686,0.000186828,0.000110735,0.671199024
