handle,user_name,description_short,avatar,followers,following,log_followers,log_following,ff_ratio,account_age_days,has_bio,has_location,bio_stance_score,bio_account_type,avatar_type,avatar_national_symbol,xpoz_verified,xpoz_inauthentic_prob,xpoz_inauthentic_type,xpoz_avg_tweets_day
rt_com,RT,"Freedom over censorship, Truth over narrative",https://pbs.twimg.com/profile_images/1922066094182830080/UY-fskwb_normal.jpg,3360556,936,15.027617292009952,6.842683282238422,3586.5058697972254,5929,True,False,2,individual,organization_logo,False,False,,,
marionawfal,Mario Nawfal,"Largest Show on X | Investor 700+ Startups | Founder @ibcgroupio , https://t.co/sw7OQ5KgAW",https://pbs.twimg.com/profile_images/1938244629071015936/UwtzYY-R_normal.jpg,2679145,49877,14.801008644988782,10.817335302759144,53.71396206744456,1839,True,False,1,individual,real_person_photo,False,True,,,
sprintmedianews,Sprinter Press,"Geopolitics,Wars,Daily Events,News – with Raw,Unfiltered Insights||  Support- https://t.co/Knq7FqAwO0",https://pbs.twimg.com/profile_images/1994104587221909505/xMcYCwc-_normal.jpg,759312,538,13.540169356087292,6.289715570908998,1408.7421150278294,2393,True,True,2,journalist_or_media,real_person_photo,False,,,,
clashreport,Clash Report,"Breaking news, reports, and opinions from ongoing clashes of the world. English | Türkçe | عربي",https://pbs.twimg.com/profile_images/1942576646457868288/gOMYVVRf_normal.jpg,653216,2,13.389664665459318,1.0986122886681098,217738.66666666666,3829,True,False,2,journalist_or_media,organization_logo,False,True,0.31155190234602,REAL HUMAN,22.53
sputnikint,Sputnik,Sputnik is a global wire and digital news service. We exist to tell the stories that aren’t being told.,https://pbs.twimg.com/profile_images/1922576605328596992/FwThxpMz_normal.jpg,475770,125,13.072691925014485,4.836281906951478,3775.9523809523807,6040,True,False,2,journalist_or_media,default_or_empty,False,True,,,
jamesbradleyca,James Bradley,🇺🇸 USCG Veteran | The Unconventional Diplomat | Exposing CA's Radical Mess | Fmr Senate Candidate | Join the Fight for Real America,https://pbs.twimg.com/profile_images/1983258488404049920/5rv4jPgZ_normal.jpg,355718,3494,12.781896372309804,8.15908865466791,101.779113018598,2436,True,True,1,political_figure,default_or_empty,False,True,,,
abridgen,Andrew Bridgen,Independent minded.,https://pbs.twimg.com/profile_images/1958515168511426560/ih2PWQj9_normal.jpg,330503,1895,12.708374041075071,7.547501682814967,174.3159282700422,5297,True,True,2,individual,real_person_photo,False,True,,,
alex_oloyede2,Spetsnaℤ 007 🇷🇺,"🆆🅾️🆁🅻🅳 Affiliated Media.

Agent of Influence, trying to change the world.

Freedom of speech.

Citizen of the Russian Federation.

Follow → @TheOtherSideRu",https://pbs.twimg.com/profile_images/1655609438055587843/HJaLi3QF_normal.jpg,312084,1052,12.651030865585135,6.959398512133975,296.37606837606836,1283,True,True,4,journalist_or_media,flag_or_national_symbol,True,True,,,
geromanat,-- GEROMAN -- time will tell - 👀 --,"trying to understand that crazy world - and the universe if there is time left...
If you want to support my work - subscribe or 
https://t.co/IoKyEpWSbF",https://pbs.twimg.com/profile_images/1154480761141174272/rybTvKyo_normal.jpg,309245,3242,12.641892355652086,8.084254106307318,95.3576934936787,3767,True,True,1,individual,default_or_empty,False,True,,,
markus_krall,Dr. Markus Krall,"Manager, Author, Christian. Writing here about the dangerous consequences of our policies.
https://t.co/Mhp2YpcDbw
https://t.co/HpwqijGv2d",https://pbs.twimg.com/profile_images/1767528853822402560/ydu6Xf6R_normal.jpg,287400,445,12.56863373209213,6.100318952020064,644.3946188340807,3159,True,True,3,individual,real_person_photo,False,True,,,
vladimirputiniu,Vladimir Putin News,Breaking News | Not Affiliated with Real Putin | Fan Page | Turn On Notifications | DM for Collab |,https://pbs.twimg.com/profile_images/1842946556871467008/126qJ1Pi_normal.jpg,277703,478,12.534311077224283,6.171700597410915,579.7557411273486,1280,True,False,1,anonymous_or_no_info,real_person_photo,True,True,0.11876223776223778,REAL HUMAN,3.2
boweschay,Chay Bowes,"Irish Journalist, History, Strategy (MA), Facts should define the Narrative, living in Russia, Ireland, and the World. DMs for Subscribers only",https://pbs.twimg.com/profile_images/1946579762303959040/dJlAKLNW_normal.jpg,244670,2507,12.407669729943365,7.827240901752812,97.55582137161085,2563,True,False,3,journalist_or_media,real_person_photo,False,True,,,
simondixontwitt,Simon Dixon,Left Investment Bank 2006. Launched BankToTheFuture 2010. Spoke at 1st Bitcoin conference & published 1st #Bitcoin book 2011. Angel Investor 💯+ #BTC Companies,https://pbs.twimg.com/profile_images/1383519515984613383/eKqF809I_normal.jpg,230598,546,12.34843555029425,6.304448802421981,421.5685557586837,5967,True,True,1,individual,default_or_empty,False,True,,,
zlatti_71,Zlatti71,https://t.co/jyGDS9EKgl,https://pbs.twimg.com/profile_images/1824860208578895872/lv1GbPPF_normal.jpg,188026,8148,12.144340848521425,9.00565049932022,23.07350595165051,1792,True,False,4,individual,cartoon_or_illustration,True,True,,,
socialistmma,Nick Cruse 🥋,Citizen Journalist Co-Founder: @RevBlackNetwork,https://pbs.twimg.com/profile_images/1978003866776997888/Ekcnjgee_normal.jpg,170883,5628,12.048740242719699,8.635687085464026,30.35761236454077,5095,True,False,2,journalist_or_media,real_person_photo,False,True,,,
mylovanov,Tymofiy Mylovanov,"President, Kyiv School of Economics; Minister of economy, Ukraine, 2019-2020; Associate professor, University of Pittsburgh",https://pbs.twimg.com/profile_images/1858109465662312449/VUfW1x5i_normal.jpg,168826,1301,12.036629800959574,7.171656822768514,129.66666666666666,4837,True,True,1,political_figure,real_person_photo,False,True,,,
archer83able,Status-6 (Military & Conflict News),"In-depth news coverage about armed conflicts and crises all around the globe.

Check SITREP App: https://t.co/uB5xHtFgJE

☕ https://t.co/zRfCNxRSdu",https://pbs.twimg.com/profile_images/1974142378974810112/BXSg-ILr_normal.jpg,164624,1211,12.011425439045583,7.10002716662926,135.82838283828383,2521,True,True,1,journalist_or_media,default_or_empty,False,True,,,
ivan_8848,"Ignorance, the root and stem of all evil",Transparency Is Key to Building a Healthier Society,https://pbs.twimg.com/profile_images/1395876933481738241/67fJaQyU_normal.jpg,162327,1832,11.99737425864746,7.513709247839705,88.55810147299509,3367,True,False,1,anonymous_or_no_info,cartoon_or_illustration,False,True,0.24184186646686656,REAL HUMAN,3.8
sartorialshootr,Joule Sullivan / The Sartorial Shooter,"🇦🇺Soldier turned Professional Problem Solver, 18 years across Middle East and Africa. Now a humble Tailor. Revert. Patriarch. Anti-war. Move to Dubai ⬇️",https://pbs.twimg.com/profile_images/1689407159568625664/KzJvFO1h_normal.jpg,160225,541,11.984340597576232,6.295266001439646,295.6180811808118,2330,True,True,2,individual,real_person_photo,False,True,,,
ricwe123,Richard,"No prophet is accepted in his hometown
-Luke 4:24",https://pbs.twimg.com/profile_images/1519737260253622273/uMkvn0h3_normal.jpg,146714,1316,11.896247208392703,7.183111701743281,111.40015186028853,1286,True,True,2,anonymous_or_no_info,cartoon_or_illustration,False,True,0.41096192614574967,REAL HUMAN,5.67
alternatnews,Alternative News,Pro Peace. Anti MSM lies. Anti Imperialism. Anti Racism. Anti Genocide. #JCwasright. Drain the Swamp. 🌹,https://pbs.twimg.com/profile_images/1742827677197737984/w_e1gpv-_normal.jpg,138491,109295,11.838567841208405,11.601815076971631,1.2671186502708243,3215,True,True,3,individual,default_or_empty,False,True,,,
ricksancheztv,Rick Sanchez,"Host of  'Journalistically Speaking'. Fmrly seen on CNN, MSNBC, Fox News, Univision and my favorite for editorial independence: RT.",https://pbs.twimg.com/profile_images/1914007391047233536/aeMwWSK-_normal.jpg,135005,57624,11.813074500877386,10.96171178029895,2.342819956616052,6334,True,True,3,journalist_or_media,real_person_photo,False,True,,,
glenn_diesen,Glenn Diesen,"Professor and Editor: Russian Foreign Policy, Greater Eurasia & Geoeconomics
Greater Eurasia Podcast: https://t.co/JnHFovxJ6a",https://pbs.twimg.com/profile_images/1712793417443332096/rX7lXPSn_normal.jpg,122899,312,11.719126295554126,5.746203190540153,392.6485623003195,1553,True,False,3,individual,real_person_photo,False,True,,,
dijoni,Don Salmon,"The Voice of the new black media. Philosophy if Marcus Garvey, Malcolm X, Fannie Lou Hamer, Dr. Frances Cress Welsing. $Dijani2020.",https://pbs.twimg.com/profile_images/1996450995619221504/pFUIlB-r_normal.jpg,114604,2297,11.649246712328466,7.739794458408701,49.87119234116623,6120,True,False,1,individual,default_or_empty,False,True,0.31670250174661935,REAL HUMAN,15.57
lyndonx,Lyndon Wood ✌️👽🙏,Investor | Economic Strategist | Against tax waste | Pro-transparency in health | No climate fear | Peace over war | Athena Capital | Break. Build. Rise.,https://pbs.twimg.com/profile_images/1936473326311882752/tMuWXMqS_normal.jpg,106983,59851,11.580434569552633,10.99963012730331,1.787459065695382,5902,True,True,2,individual,default_or_empty,False,True,,,
bhavikakapoor5,Bhavika Kapoor,"Atheist | Strong supporter of Liberal, Secular, Democratic& Progressive India | Long live Peace, Love and Brotherhood",https://pbs.twimg.com/profile_images/1983380046044639232/QtY2YLX6_normal.jpg,102092,12080,11.533639441567333,9.399389249519563,8.450624948265872,2673,True,True,1,individual,default_or_empty,False,True,0.3340863270716211,REAL HUMAN,1.23
russiaisntenemy,🇷🇺Russia is not Enemy,🌎Geopolitics 🌍Breaking News 🌏Insides/Rumors,https://pbs.twimg.com/profile_images/1663942946046050304/FnvtQWa0_normal.jpg,97361,67,11.486191269767591,4.219507705176107,1431.7794117647059,962,True,True,2,anonymous_or_no_info,real_person_photo,False,True,,,
nxt888,Sony Thăng,ʙᴏʀɴ ɪɴ ᴠɪᴇᴛɴᴀᴍ ɢʀᴇᴡ ᴜᴘ ɪɴ ᴇᴜʀᴏᴘᴇ ʟɪᴠᴇ ɪɴ ᴀꜱɪᴀ,https://pbs.twimg.com/profile_images/1603685427159846912/xq6gObk3_normal.jpg,89897,526,11.406430973271199,6.267200548541362,170.58254269449716,6076,True,True,1,individual,default_or_empty,False,True,0.11827511377511377,REAL HUMAN,4.37
kadmitriev,Kirill Dmitriev,Positive insights. CEO of the Russian Direct Investment Fund. Special Envoy of the President of Russia for investment and economic cooperation. Views my own 🕊️,https://pbs.twimg.com/profile_images/1894067041348222976/v1qXihMq_normal.jpg,89838,254,11.405774458450999,5.541263545158426,352.3058823529412,4900,True,True,3,political_figure,real_person_photo,False,False,0.08998723498723499,REAL HUMAN,9.53
cannconactual,CannCon,"*Opinions are my own* Marine, Combat Vet, Writer @GatewayPundit, Podcast @BadlandsMedia_ For news tips, email CannCon@CannCon.net https://t.co/azmSu3uxqg",https://pbs.twimg.com/profile_images/1953894911939354624/8NPjSDk2_normal.jpg,87496,2960,11.379359786043652,7.993282328101591,29.549476528199932,2025,True,True,2,journalist_or_media,real_person_photo,False,,,,
newrulesgeo,NewRulesGeopolitics,"New Rules examines the geopolitical, economic, and ideological trends changing the world.",https://pbs.twimg.com/profile_images/1729422815609450496/VOCbyMPA_normal.jpg,86316,1,11.365781844925843,0.6931471805599453,43158.0,742,True,False,2,journalist_or_media,cartoon_or_illustration,False,True,,,
apocalypseos,🅰pocalypsis 🅰pocalypseos 🇷🇺 🇨🇳 🅉,Monetarism is the underlying cause of our disease; human progress and peace through development is the cure. Eurasian integration will benefit all of humanity!,https://pbs.twimg.com/profile_images/1871174710631026688/NCQWMQ5o_normal.jpg,84353,1217,11.342777508307963,7.1049654482698426,69.25533661740559,2131,True,True,3,individual,cartoon_or_illustration,True,True,0.21592694315488437,REAL HUMAN,5.17
dickmackintosh,Dick Mackintosh🌹#StopTheWar,"PEACE & LOVE🎵

It's Not A CONSPIRACY THEORY It's A FAMILY TREE

'Without A Song There Wouldn't Be A Reason
 To Carry On So I Keep Singing The Song' - Elvis",https://pbs.twimg.com/profile_images/378800000635473562/fd897922f4f5248d62099dd78f8f7dec_normal.jpeg,74921,74213,11.2242028513432,11.214708090603065,1.0095265044331259,4810,True,True,2,individual,real_person_photo,False,False,,,
dietheartnews,Alan Watson,Diplomacy not War! Analyst: Medical/Political elite policies. Patient advocate; nutrition not drugs. Support traditional farming; traditional high(er) fat diet.,https://pbs.twimg.com/profile_images/1870868735013085184/RO6SjPi1_normal.jpg,71092,4820,11.171744158061266,8.480736654405622,14.74631819124663,5787,True,True,2,individual,real_person_photo,False,True,,,
rt_india_news,RT_India,Not Anti-Western... Just Not Western. News & Opinions.,https://pbs.twimg.com/profile_images/1963452818444169216/undIU4kF_normal.jpg,62599,15,11.04452055708819,2.772588722239781,3912.4375,1174,True,True,2,journalist_or_media,organization_logo,False,True,,,
spaghettikozak,SK Media,"YouTuber. History, cinema, and video games enthusiast. American AFU veteran. 🇺🇦",https://pbs.twimg.com/profile_images/1619948827598884864/EHAFZ69i_normal.jpg,60941,6082,11.017677871167557,8.713253274320705,10.018247575209601,3968,True,True,1,individual,flag_or_national_symbol,True,False,,,
chatswithem,Em R,A mum who cares for 🌍 & constantly searching for answers🫶🏼 #myopinion #health #nature #politics #Britain,https://pbs.twimg.com/profile_images/1993012715023896576/mlXMmizr_normal.jpg,57104,3236,10.952646957484708,8.082402253926244,17.641025641025642,2872,True,True,2,individual,real_person_photo,False,True,0.3712745375539492,REAL HUMAN,5.17
natalkakyiv,Natalka,🇺🇦🇺🇸 Ukrainian. American. Woman. Artist. NAFO. Same handle on 🧵& 🦋,https://pbs.twimg.com/profile_images/1676054339926851585/nsCZUsDQ_normal.jpg,56872,16152,10.948575990799789,9.689861069913759,3.520832043583235,1321,True,False,1,individual,real_person_photo,False,True,,,
lucylemostjuicy,🇨🇭🏴󠁧󠁢󠁥󠁮󠁧󠁿LucyMostJuicy🏴󠁧󠁢󠁥󠁮󠁧󠁿🇨🇭©,"English Patriot, Christian. 
🏴󠁧󠁢󠁥󠁮󠁧󠁿 Land of Hope & Glory 🏴󠁧󠁢󠁥󠁮󠁧󠁿

No DMs. 

https://t.co/1FGOb2wWtn

COYI ⚒️",https://pbs.twimg.com/profile_images/1942849504140476416/Py3weaUP_normal.jpg,51190,50893,10.843319014326264,10.8375003173979,1.005816009745746,1893,True,True,2,individual,real_person_photo,False,,,,
martianwyrdlord,John Carter,wyrd guy,https://pbs.twimg.com/profile_images/1984103353899429888/ClDJH1oQ_normal.jpg,48414,1187,10.787564962045632,7.080026499922591,40.75252525252525,1103,True,True,1,individual,cartoon_or_illustration,False,True,0.293906902737785,REAL HUMAN,4.53
sgforgoodstella,StellaMoscow,"We, Crimean people r happy because of reunion with our Motherland Russia!",https://pbs.twimg.com/profile_images/1933573392189267968/JfhYBox1_normal.jpg,46265,2721,10.742162629061015,7.909122183211411,16.99669360764144,4965,True,True,4,individual,cartoon_or_illustration,False,False,,,
hotspothotspot,HOT SPOT,Alternative News Media,https://pbs.twimg.com/profile_images/1606046502060703745/7NFqnCtp_normal.jpg,44158,0,10.69555203576704,0.0,44158.0,1048,True,False,2,journalist_or_media,cartoon_or_illustration,False,True,,,
texnbob1,texnbob,Voracious gatherer of Knowledge and Truth. Saved by Grace. 6th Generation Texan. Entrepreneur. Historian. Genealogist.,https://pbs.twimg.com/profile_images/1967577368727347200/tRZxbHim_normal.jpg,38305,39867,10.553361820862607,10.593329276087347,0.9607956255643624,4460,True,False,1,individual,flag_or_national_symbol,True,True,0.42447024320708526,REAL HUMAN,6.7
alfreddezayas,Alfred de Zayas,Former #UN Independent Expert on the Promotion of a #Democratic & Equitable #International Order: https://t.co/9pB3dCEqRq. RTs & likes do not equal endorsements,https://pbs.twimg.com/profile_images/912619502881386497/0V2CHkkD_normal.jpg,37523,3626,10.532736007245841,8.196161139282902,10.345464571271023,5323,True,True,2,political_figure,real_person_photo,False,False,,,
cgtneurope,CGTN Europe,🇨🇳🇪🇺China Global Television Network in Europe 👁 See the difference: https://t.co/FFlecWVlxO Telegram: https://t.co/j2hRfJdpMn,https://pbs.twimg.com/profile_images/1569668915281760256/ShSKOdQl_normal.png,36933,264,10.516887815005818,5.579729825986222,139.3698113207547,3231,True,True,1,journalist_or_media,organization_logo,False,True,,,
slavfreespirit,SlavicFreeSpirit,Stay proud my beautiful slavic people. You bow to no one. Our tradition and history is at odds with the colonial west. We are free.,https://pbs.twimg.com/profile_images/1733577483365101568/RQUW40fA_normal.jpg,35818,4977,10.486233757860406,8.512783482927537,7.195259140216955,1351,True,False,3,individual,real_person_photo,False,True,0.406709439253557,REAL HUMAN,2.8
francersistanc1,France Résistance,"✝️👑⚜️L’Affirmation de mon être par la Liberté d'expression / The Affirmation of My Being by Freedom of Expression. Souverainiste, en attente d'un miracle.⚜️👑✝",https://pbs.twimg.com/profile_images/1132006660053053442/H8wjtxjO_normal.png,32586,9988,10.391668714817564,9.20923976653215,3.2621884072479728,2410,True,True,2,individual,cartoon_or_illustration,False,False,,,
pmsimferopol,Russia's MFA in Crimea🇷🇺,Official twitter-account of the @MFA_Russia Representative Office in Simferopol | Официальный twitter-аккаунт Представительства МИД России в г. Симферополе,https://pbs.twimg.com/profile_images/1911713747304849408/xldSmToE_normal.jpg,32278,3786,10.382172142969702,8.239329427901795,8.523369421705835,3914,True,True,4,organization,cartoon_or_illustration,False,False,,,
flick1_,F̳̿͟͞l̳̿͟͞i̳̿͟͞c̳̿͟͞k̳̿͟͞ ™,"Als mijn mening je niet bevalt, volg mij dan niet! | @aka_hf ❤️ |#F1 | 𝕱𝖊𝖞𝖊𝖓𝖔𝖔𝖗𝖉 | Stemt Rechts | Geen Geduld |  ✞",https://pbs.twimg.com/profile_images/1719299204072275969/j6FtiA2w_normal.jpg,31079,24708,10.344319804481584,10.114922828718177,1.2578008013274515,1874,True,True,2,individual,real_person_photo,False,True,,,
mazzenilsson,Mats Nilsson,"Newshound, LL.M, author, traveler, conditional pacifist, tsundokuist, epicurean, no NATO, Eurasian sovereignist, doveryai no proveryai, editor @fib_kulturfront",https://pbs.twimg.com/profile_images/1605824767784894466/jxVwMePS_normal.jpg,28550,9564,10.259447240740453,9.165865881874353,2.9848405645582856,5466,True,True,3,journalist_or_media,cartoon_or_illustration,False,True,0.3731061814002989,REAL HUMAN,4.33
1mikefairclough,Mike Fairclough,"""Britain's most outspoken headmaster"" Mail ""Fairclough comes across as both wildly unconventional and eminently sensible"" The Times. Author/Ghostwriter/Editor",https://pbs.twimg.com/profile_images/1496188744503902208/OpERPvep_normal.jpg,28302,6095,10.250723085080114,8.715388097366482,4.642716535433071,4471,True,True,1,individual,real_person_photo,False,False,,,
jjkale2,Solo Monk,Zionism is fascist. Together we smash it. #GiveNothingToRacism.,https://pbs.twimg.com/profile_images/1072320905773178881/AD2LuBor_normal.jpg,28102,1766,10.243631611189063,7.4770384723196965,15.903791737408037,2598,True,True,1,individual,cartoon_or_illustration,False,False,,,
doomernat22,doomernat,kevin macdonald’s top guy,https://pbs.twimg.com/profile_images/1971673899415859200/4sKqH3S6_normal.jpg,26836,401,10.197536811366069,5.996452088619021,66.75621890547264,1070,True,False,2,individual,real_person_photo,False,True,0.19603973477502884,REAL HUMAN,3.83
dana916,dana,Loving life in the fly over state of Tennessee! [Loyalty to the nation all the time and loyalty to the government when it deserves it.] - Mark Twain,https://pbs.twimg.com/profile_images/793239695576731648/kgO5VF-r_normal.jpg,25980,6013,10.165120780630861,8.701845363548474,4.3199201862321255,5307,True,True,1,individual,default_or_empty,False,True,0.4025503899695074,REAL HUMAN,0.33
tboynz0k,Тоби айоделе -Tboy🇳🇬🇷🇺,"I’m a conservative and always in favour of traditional value , I don’t have problem with other ideas as long the conversation is kept civilised.",https://pbs.twimg.com/profile_images/1847626920051036160/RbUs3lbd_normal.jpg,25102,6894,10.130742639890052,8.838551790227402,3.6406091370558378,5111,True,True,2,individual,flag_or_national_symbol,True,False,,,
distant_earth83,MD,🇷🇸,https://pbs.twimg.com/profile_images/1867069238113935360/7VhrziTJ_normal.jpg,23966,1181,10.084433163150152,7.074963197966044,20.27580372250423,3162,True,True,2,individual,cartoon_or_illustration,False,True,0.2822884158325335,REAL HUMAN,0.67
kishineff,Jason Kishineff,"Anti-Zionist Jew

Without economic equality, there is no freedom.",https://pbs.twimg.com/profile_images/1799669900182687744/kDjoQJfC_normal.jpg,23214,24794,10.052553900454022,10.118397298923234,0.9362371445856019,4817,True,True,2,individual,real_person_photo,False,False,0.391281583612466,REAL HUMAN,3.93
ajrobertsshow,AJ Roberts,🇬🇧Former UK Soldier | 🎯 Breaking the Matrix | The AJ Roberts Show Podcast 🎥 | 🌱 Plant medicine retreats UK & Portugal,https://pbs.twimg.com/profile_images/1932743348231503872/e9_ZMzqj_normal.jpg,23098,1150,10.047544605529554,7.048386408721883,20.06776715899218,1152,True,True,2,individual,real_person_photo,False,True,0.06780289155289156,REAL HUMAN,0.53
misseve0109,𝑀𝒾𝓈𝓈 𝐸𝓋𝑒,"Ich bin Autorin und eine schlecht gelaunte Frohnatur in ihren Wechseljahren. Auch auf YouTube und TikTok, immer als @MissEve0109.",https://pbs.twimg.com/profile_images/1978613521169424384/swaKh9At_normal.jpg,21623,3829,9.981559087956283,8.250620082174692,5.645691906005222,1385,True,False,1,individual,cartoon_or_illustration,False,True,,,
mobbs_mentality,Meaghan Mobbs,"President @rtw_foundation | Director Center for American Safety & Security @IWF | West Point grad, former paratrooper, clinical psych | Views: mine alone.",https://pbs.twimg.com/profile_images/1882760211762483200/k3fAiFS3_normal.jpg,20210,1878,9.91398228962877,7.538494999413465,10.755721128259713,1614,True,False,1,individual,real_person_photo,False,True,0.1195774225774226,REAL HUMAN,0.77
islanderworld,THE ISLANDER,"Geopolitics & Justice: Unveiling the untold, Advocating for a Just Peace in the World. @RealGerryNolan - Support our work: https://t.co/dfRD5KMxf1",https://pbs.twimg.com/profile_images/1974263935009177600/MCv2sXng_normal.jpg,18091,204,9.803225130597733,5.3230099791384085,88.24878048780488,479,True,True,3,organization,organization_logo,False,True,,,
havryshkomarta,Marta Havryshko,"Holocaust, WWII, USSR, Russia-Ukraine war, far-right, neo-Nazis, Ukrainian nationalism, antisemitism, gender, sexual violence in war, memory politics",https://pbs.twimg.com/profile_images/1933177718603984896/vg8EwQ1g_normal.jpg,17608,1406,9.776165413960777,7.249215057114389,12.51457000710732,1146,True,True,3,individual,real_person_photo,False,True,,,
jccfergie,Fergie Chambers 🇵🇸,"Tankie shapeshifter. Babochki foundation. Jii Sport. Grappler 🟪. Stella & Vik & the big kids. Eire, España, Tounes, etc. Alhamdulillah for everything weird",https://pbs.twimg.com/profile_images/1997986549959471104/Vo_4jGgw_normal.jpg,17412,3393,9.764972332679383,8.129764445794171,5.1302298173246905,4759,True,True,3,individual,real_person_photo,False,True,0.06478432678432679,REAL HUMAN,0.77
cdenmaswerasei,Cde Never Maswerasei 🇿🇼,"Candid political commentary | Cables | You don't have to agree, though you could learn, if you will.",https://pbs.twimg.com/profile_images/1828095544373202944/kBpCU9uM_normal.jpg,16301,74,9.699043078654404,4.31748811353631,217.34666666666666,468,True,True,2,individual,cartoon_or_illustration,False,False,,,
tomaszdisclg,KPTAmerica🇺🇸🇺🇸🇺🇸🇺🇸,"1A 2A I M NOT HERE FOR FUN. BUT TO FIGHT FOR AMERICA.
MARINE AIR CONTROL GROUP 28
MCAS AMERICA FIRST .TRUMP 2024MAGA",https://pbs.twimg.com/profile_images/1849876338938671104/TN4NhQUV_normal.jpg,16133,15047,9.68868412549692,9.619000370980867,1.072102604997342,3630,True,False,2,individual,real_person_photo,False,False,,,
farhadesmaeili4,farhad esmaeili,Life is never meant to be  easy views are all mine,https://pbs.twimg.com/profile_images/909370748460036096/j8I7S70s_normal.jpg,15926,14700,9.675771061251782,9.595670797663967,1.0833276647847085,3021,True,False,1,individual,real_person_photo,False,True,0.47514791825821234,REAL HUMAN,4.37
realwsiegrist,Walter Siegrist,"https://t.co/TZliQPbrI5., Internal Medicine
Walter Siegrist's Bibliography https://t.co/vPPFtADFBW https://t.co/Ja9yZLkCkB
The Lancet https://t.co/W3PIAGntWj",https://pbs.twimg.com/profile_images/1485641509592522759/0ZSecuOQ_normal.jpg,15717,13730,9.662561831426121,9.527411329321751,1.1446362246012671,1410,True,True,1,individual,real_person_photo,False,True,,,
cool_grandad,CoolSocialistGrandad man of peace,,https://pbs.twimg.com/profile_images/1232187182166740992/9fxF-xoo_normal.jpg,15461,12874,9.64614067988042,9.463042725531936,1.2008543689320388,2109,False,False,1,anonymous_or_no_info,real_person_photo,False,False,0.693775581444699,REAL HUMAN,1.07
melchizedek1972,Melchizedek 🐭,calling me an antivaxxer is like saying I’m ‘anti-car’ because I don’t want a YUGO..  As former U.S. military I’ve had more ACTUAL VACCINES than 90% of people.,https://pbs.twimg.com/profile_images/1653728109273706496/B3wXHx3P_normal.jpg,15387,7112,9.641343263872185,8.869679374733515,2.163222269084774,1496,True,True,2,individual,default_or_empty,False,True,,,
dwilliam9940,D. William Norris -,"Writer & translator, former college lecturer.  Wife Valerie German born in Volhynia, passed away two years ago.",https://pbs.twimg.com/profile_images/868563229265584130/QRvkplrd_normal.jpg,15065,16498,9.62019582838564,9.711055051991444,0.9130856415540336,3290,True,True,1,individual,real_person_photo,False,True,0.5233791208791208,REAL HUMAN,1.33
realomegahpla,omegahpla ... TRUMP!,"I am, my brother's keeper.
Go after deep roots of evil for all those you love.
It's a fight we never wanted. Forced upon us.",https://pbs.twimg.com/profile_images/1814007848860614656/_M0cBCCq_normal.jpg,14711,14010,9.596418766284158,9.547598014371232,1.0499607451288273,893,True,True,2,individual,real_person_photo,False,False,0.6440823294352706,BOT-LIKE ACTIVITY,2.67
tozgokmen,471TO,"Dr. Deflation. PERMABEAR. Economics, geopolitics & science. 

Views are my own. No investing advice. Selling nothing.",https://pbs.twimg.com/profile_images/1968522908814180352/GEoRjmsi_normal.jpg,14186,861,9.560081331311986,6.759255270663693,16.45707656612529,2168,True,False,1,individual,cartoon_or_illustration,False,True,,,
cforcd,Center for Countering Disinformation,"Official page of the Center for Countering Disinformation, a working body of the National Security and Defense Council of Ukraine.",https://pbs.twimg.com/profile_images/1830499628447399936/AvyjUPpl_normal.jpg,13997,65,9.546669741249485,4.189654742026425,212.07575757575756,1349,True,True,1,organization,default_or_empty,False,False,,,
occupyschagen,Cassandra Occupy Schagen,"Truth as Authority, 
Rather than Authority as Truth.
Blacklisted news.
Stop The DARK Empire of Granbretan. 
Europe leave NATO. 
Neurodiverse / Autistic.",https://pbs.twimg.com/profile_images/1980224335219408896/ax6Txcg7_normal.jpg,13590,11871,9.517163087955348,9.381937965407161,1.144710242587601,4806,True,True,3,individual,cartoon_or_illustration,False,True,,,
bartblake11,Stockius Jobberus,America Only,https://pbs.twimg.com/profile_images/1935427487233605633/BxHZnihV_normal.jpg,13092,6479,9.479833015227753,8.776475789346321,2.02037037037037,1299,True,True,1,individual,cartoon_or_illustration,False,True,,,
dee24163534,DeeLee,God punishes stupid people by giving them what they want.,https://pbs.twimg.com/profile_images/1788218462235774976/OAINnK1X_normal.jpg,12557,13300,9.438113191674054,9.495594499353297,0.9440643560634538,1454,True,False,1,individual,cartoon_or_illustration,False,,,,
jojos467,Jojos,“Creative diaries | Short stories & docs that tell life | Witty political satire | Sherlock mystery lover 🕵️‍♂️ #Stories”,https://pbs.twimg.com/profile_images/1918273609056874496/foXa5V8S_normal.jpg,12495,513,9.433163872079467,6.2422232654551655,24.30933852140078,2740,True,True,1,individual,default_or_empty,False,,,,
kateemerson88,Kate Emerson 🇵🇸 🔻,"Beautiful Oxford.
 
Ne paveris Momiculos uel Troglodytas! (p.s. I'm a wild thing!)

Anyone who thinks party loyalty matters more than good policy can FCUK off!",https://pbs.twimg.com/profile_images/1764107383889178625/4tUCabVR_normal.png,12046,10611,9.396570945266852,9.26974071525763,1.1351300414624952,4492,True,True,2,individual,flag_or_national_symbol,True,,,,
star877,st ⭐️ ar,“Creative diaries | Short stories & docs that tell life | Witty political satire | Sherlock mystery lover 🕵️‍♂️ #Stories”,https://pbs.twimg.com/profile_images/1885164288995725312/ol6chlas_normal.jpg,11890,850,9.38353709043758,6.7464121285733745,13.971797884841363,1222,True,True,1,individual,default_or_empty,False,,,,
andjela_sipovac,Внимание! Говорит Москва! 🇷🇺 Z 👨‍⚕️👀🦁,"Остаток режима Асада, опора России моей физиотерапевт. https://t.co/WDgoZ3JV7Y #ЦСКА #Партизан",https://pbs.twimg.com/profile_images/1275009556704309249/KgGJ_xna_normal.jpg,11774,9034,9.373733918884618,9.10886120302633,1.3031543995572772,5417,True,True,4,individual,real_person_photo,False,True,,,
canthavepudding,Julien Benda,"Recidivist thought crime offender. 
Anti imperialist. Pro the people. Anti BS",https://pbs.twimg.com/profile_images/1625772168310321156/VrJCq476_normal.jpg,11739,8627,9.370757093382087,9.062768007509048,1.3605702364394994,4684,True,True,2,individual,real_person_photo,False,False,0.5227825795635391,REAL HUMAN,1.7
haraldinchina,Harald in China (Peace First 和为贵),"Following the Rapprochement of India-China, Iran-Saudi Arabia, and South-North Korea with great hope for humanity",https://pbs.twimg.com/profile_images/1963554417653026816/exDs88GF_normal.png,11389,786,9.340491056441229,6.668228248417403,14.47141041931385,1231,True,True,2,individual,organization_logo,False,True,,,
ferozwala,⚡️🌎 World News 🌐⚡️,"Breaking News - Geopolitics   -Covering news from around the 🌎 World 
📌Palestine 🇵🇸 Lebanon 🇱🇧",https://pbs.twimg.com/profile_images/1706955801418727424/pS8EXXjS_normal.jpg,11208,1924,9.324472306021095,7.562681246721884,5.822337662337662,5970,True,True,2,journalist_or_media,organization_logo,False,True,0.31850988880400644,REAL HUMAN,2.8
judymorris3,judy morris,"Advocate for peace, liberty, prosperity. Antiwar activist. Less Government=More Freedom. Enemy of wars, socialism & big government.  #MAGA #MAHA  NO DM's",https://pbs.twimg.com/profile_images/1955728853353017351/SrxWKtF9_normal.jpg,10642,9530,9.272657678041044,9.162304922937626,1.1165669919210996,5105,True,True,2,individual,real_person_photo,False,True,0.5316455221764818,REAL HUMAN,7.0
drdunderdale,Svelte Catonator,Have cat will snaggle. Make mine two doubles; single doubles aren't enough by half.  Self certified Father of the Year.  UK spell cheque enthusiast..,https://pbs.twimg.com/profile_images/685176823005769728/cNK-4l3s_normal.jpg,10483,8451,9.257605564443297,9.042158378735948,1.24029815428301,4656,True,True,1,individual,cartoon_or_illustration,False,False,0.4936755605505605,REAL HUMAN,0.37
ant159694954,ANT1,"LIFE IS WHAT YOU MAKE IT
XRP TIPS rJpzpHDbsQPtZ8csucvNmJVBf2LrYA2R7v",https://pbs.twimg.com/profile_images/1730976061091909633/Hf_AuZ5X_normal.jpg,10230,867,9.23317760587894,6.7661917146603505,11.785714285714286,2714,True,True,1,anonymous_or_no_info,organization_logo,False,True,,,
zepplarouche,Helga Zepp-LaRouche,Founder and Leader of The Schiller Institute. This account is run by The Schiller Institute board members. Tweets from Helga are signed -HZL.,https://pbs.twimg.com/profile_images/1630954906352852992/EbBRQ_UU_normal.jpg,10140,359,9.224341891611996,5.886104031450156,28.166666666666668,3376,True,True,2,organization,real_person_photo,False,True,,,
vraagstaart,Jo de Coeck,Allochtoon in Gordel van Smaragd. Wil later piloot Thunderbird 2 worden of Batman. Volgt zelden terug want TL is al zo druk. Keep on rockin' in the free world!,https://pbs.twimg.com/profile_images/1961345295872397313/ZvbmWWY2_normal.jpg,10121,2242,9.222466551774023,7.715569534520208,4.51226036558181,5493,True,True,1,individual,default_or_empty,False,True,0.16929793817293817,REAL HUMAN,0.2
warhunter2222,Z.O.V Military,"Appear weak when you are strong, and strong when you are weak.",https://pbs.twimg.com/profile_images/1830352160552345601/DegwnNwk_normal.jpg,10118,881,9.222170123729759,6.782192056006791,11.471655328798185,548,True,True,2,individual,cartoon_or_illustration,False,True,,,
para_glider69,Just a Blunt Blade,"what a time to be alive, watching the liberal destruction of the Western world.",https://pbs.twimg.com/profile_images/1362486096400154627/-G0J86Jf_normal.jpg,9821,10557,9.19238004659919,9.264639145383562,0.9301951127107406,4936,True,True,2,individual,real_person_photo,False,False,,,
getcloserhome,CaptMike,Clarion Bell...Trust CHRIST... AMERICANS FIRST. Protect Children's Innocence. No War...Ice Hockey Player. Detroit Born. American Man.🇺🇸,https://pbs.twimg.com/profile_images/1992568086658965504/bqeJnuFU_normal.jpg,9561,10540,9.165552189186048,9.26302769425519,0.9070296935774594,1322,True,True,2,individual,real_person_photo,False,True,0.6701024808524809,REAL HUMAN,9.7
raymaboya,Raymond Monty Maboea🟣,|| 🗃Director: Rayzin || 👨🏾‍🎨: Management Consulting: Strategic Marketing & Diversity Management || 🎗Co-Founder & PM: Makgotamishe Foundation || 🙏🏼Y-H-W-H,https://pbs.twimg.com/profile_images/1701684763394736128/4zCrTvu9_normal.jpg,8747,8736,9.076580381796658,9.075322160298095,1.0011445576284765,4767,True,True,1,individual,real_person_photo,False,False,,,
sea_bouy,SeaBouy. It's spelt wrong for a reason😉,"Supporting @Nigel_Farage & @reformparty_uk 100%! 
The Uni-Party globalist have failed the UK miserably! It's time for Reform!",https://pbs.twimg.com/profile_images/1915072146453233665/TR7DH_Qt_normal.jpg,8574,9426,9.056606272034141,9.15133319139615,0.9095152222340087,5450,True,True,2,individual,default_or_empty,False,False,0.41316405163463976,REAL HUMAN,0.0
she_politicske,SHE_POLITICS,Global Citizen. Everything is Politics.,https://pbs.twimg.com/profile_images/1991428815814291456/J_nka-JB_normal.jpg,8450,703,9.042040056544483,6.556778356158042,12.002840909090908,4110,True,True,2,individual,cartoon_or_illustration,False,False,,,
lbrewer190,Lozza,"Ex Labour Party, Labour Leave, I swear a lot! Proud reform member. #BHAFC, British Army Veteran. I will not be silenced. ❌DMs ❌no crypto🚫no porn",https://pbs.twimg.com/profile_images/1991662279083839488/jYWq1YFY_normal.jpg,8211,6831,9.013351778138825,8.829372735468406,1.201844262295082,354,True,True,1,individual,real_person_photo,False,True,,,
gregclinker,Essex Boy,"Husband & Father to 2 sons and 2 daughters, torn between my Essex upbringing and being a good leftie.",https://pbs.twimg.com/profile_images/1763869848008839168/KQZX3lBw_normal.jpg,8093,7134,8.998878325435811,8.872767529910936,1.1342676944639103,3759,True,False,2,individual,real_person_photo,False,False,,,
hawkins_carole,Carole Hawkins,,https://pbs.twimg.com/profile_images/718749908044525572/l6TMYQAK_normal.jpg,8009,5018,8.988446040062405,8.520985989654934,1.595736202430763,5213,False,False,1,anonymous_or_no_info,cartoon_or_illustration,False,True,0.5327826628136225,REAL HUMAN,4.7
john_jvr,John van Rensburg,"Christian, Father, Husband, Libertarian, Engineer and unvaccinated",https://pbs.twimg.com/profile_images/1838185119250513920/BYuniBxK_normal.jpg,7792,7661,8.96098117384356,8.944028325260595,1.016966849386583,5760,True,False,1,individual,real_person_photo,False,False,0.24884376407905823,REAL HUMAN,0.07
mikev_is_free,Mike V,Angry GWOT Veteran. America 1st.MSG(Ret) Abrams Tanker- Master Gunner. Engineering Student. List=🚫 NAFO 🤡-my Bio pic is a chapped snatch filter 😎,https://pbs.twimg.com/profile_images/1622355995648491520/Tqu1fVu2_normal.jpg,7788,7871,8.960467760919949,8.971067438732089,0.989329268292683,1069,True,False,3,individual,real_person_photo,False,False,,,
pidriarel,гомопропаганди 🎲,психически здоровая тварь,https://pbs.twimg.com/profile_images/1283471748453851138/O_1xNF5B_normal.jpg,7744,157,8.954802752850968,5.062595033026967,49.0126582278481,4317,True,False,1,individual,real_person_photo,False,False,0.1503898601398601,REAL HUMAN,0.1
blackdouglas,HELEN MCAFEE,"Publisher: MA; Postgrad Dip Psych (Hons); Postgrad Dip Art (Hons); Grad Dip Ed (Dux, Hons), AMAPS",https://pbs.twimg.com/profile_images/1112934933721341952/Y_k8Qcxq_normal.png,7155,5927,8.87570644462861,8.687442166975924,1.2069838056680162,6065,True,True,1,individual,real_person_photo,False,True,,,
hopeoverfear01,Hope Over Fear,Pronouns: Indy/Now. The official Hope Over Fear Twitter account. Something Inside So Strong. We're still #Yes #HopeOverFear #DissolveTheUnion,https://pbs.twimg.com/profile_images/518109606623850497/e_ggrh0Z_normal.jpeg,7096,5429,8.867427438524983,8.599694412927981,1.3068139963167587,4101,True,True,2,organization,cartoon_or_illustration,True,False,0.32735824551265724,REAL HUMAN,0.17
susande71711074,SusanD🗣️🇺🇲We have our President back!,"LEFT DEM PARTY 2010 when I realized they're for an anti-American, anti-Christian, anti-Constitutional, satanic agenda, supporting pedophilia, gov control & NWO!",https://pbs.twimg.com/profile_images/983649409874329600/OuPAWzWx_normal.jpg,7002,3758,8.854093907655518,8.231908243564177,1.862729449321628,3220,True,True,2,individual,real_person_photo,False,False,,,
brosmanney,Apple of God’s Eye🌍,"I am the Apple of God’s eye : Believe deep down in your heart that you're destined to do great things - Joe Paterno. Congratulations, Gov Sanwo Olu!",https://pbs.twimg.com/profile_images/1779579187919044608/_4Nb8Dnb_normal.jpg,6770,4822,8.820404065485645,8.481151420068972,1.4036906489736678,3194,True,True,1,individual,real_person_photo,False,False,,,
contrarianowl,Contrarian Owl,"Contrarian, Outside the Box Independent,  Foolosopher, CEO, Serial Entrepreneur, Inventor, Happily Married Grandfather, Follower of Christ, and Critical Thinker",https://pbs.twimg.com/profile_images/1882755414942445568/N41DqYZ4_normal.jpg,6727,1552,8.814033201652784,7.347943823148687,4.331616226658081,718,True,True,1,individual,cartoon_or_illustration,False,True,,,
vick55top,Victor vicktop55 commentary,"News and comments from Victor; telegram https://t.co/yuxhaSSYuz
#UkraineWar #Ukraine #Peace #US #Russia #Europe #EU #NATO #Trump #Putin",https://pbs.twimg.com/profile_images/1861637401287720961/NbCVXTBo_normal.jpg,6675,1408,8.806274284781725,7.25063551189868,4.737402413058907,343,True,True,3,individual,real_person_photo,False,True,0.3509449161949162,REAL HUMAN,2.0
kentuckykot,Kentucky,,https://pbs.twimg.com/profile_images/1820928928086646786/iMCPsfsL_normal.jpg,6463,2188,8.774003600200931,7.691200097522863,2.9524897213339423,4367,False,True,1,anonymous_or_no_info,cartoon_or_illustration,False,False,,,
comforteagle1,Comfort Eagle,Father | Entrepreneur & Business Owner | U.S. Navy JAG Veteran | American 🇺🇸 Commentary & Analysis,https://pbs.twimg.com/profile_images/1906022612817293312/YOZf9GdG_normal.jpg,6313,5294,8.750524669117937,8.574518258035507,1.1922568460812086,530,True,True,2,individual,flag_or_national_symbol,True,True,,,
johnpauldetriot,Jack Clancy 🇺🇲 🇮🇱 🎗,"Genesis 12:3, Married, MAGA, Army 7 years, Draft re-enlisted. Field Artillery 13E30. Harley Davidson. Si vis pacem,  para bellum.  Christian Zionist.",https://pbs.twimg.com/profile_images/1872560914177900544/vDahKoVj_normal.jpg,6212,5699,8.734399150063695,8.648221453822641,1.0898245614035087,490,True,True,2,individual,real_person_photo,False,True,,,
staciet54453676,Stacie Taylor,I’m a Christian🙏🏻. Prolife💯I stand with God & Israel. 💯God bless America & Trump. 🇺🇸MAGA🇺🇸 I AM CHARLIE KIRK!💯🙏🏻,https://pbs.twimg.com/profile_images/1890183480715128832/ElRcFC62_normal.jpg,6088,6779,8.714239143608575,8.821732380934442,0.8979351032448377,1216,True,False,1,individual,real_person_photo,False,True,,,
bradley_tindall,Bradley Tindall 🇺🇸 🇷🇺,Learn to live as locally as possible. The J6 POWs are free at last! April 13,https://pbs.twimg.com/profile_images/1706517969306632192/qCM1igFy_normal.jpg,5976,2711,8.695674048824253,7.905441649060286,2.2035398230088497,1319,True,True,2,individual,real_person_photo,False,True,0.4529162504162504,REAL HUMAN,7.3
thevirginiagen1,TVG,University Pres. Army of Northern Virginia. West Point Commandant. Mexican War Hero. Owned Arlington. Engineer who tamed the Mississippi.,https://pbs.twimg.com/profile_images/1932903599635607552/VLeOoYTV_normal.jpg,5942,2351,8.68996933536666,7.763021309018518,2.526360544217687,2460,True,False,1,individual,real_person_photo,False,True,,,
markgbblog,MarkGB,"Speaking truth to power.
""Tell the truth, shame the devil"".",https://pbs.twimg.com/profile_images/835547127027810306/1NY64kcP_normal.jpg,5767,182,8.660080678964786,5.209486152841421,31.51366120218579,3207,True,True,2,anonymous_or_no_info,cartoon_or_illustration,False,True,,,
hawkeye1745,Hawkeye1812Z,Resilience is everything.,https://pbs.twimg.com/profile_images/1452739512812068872/HTSxKTqZ_normal.jpg,5750,2249,8.657129031713755,7.718685495198466,2.5555555555555554,1518,True,False,1,individual,cartoon_or_illustration,False,True,,,
lonewolfv_,Wolf,"Patriotism is not an ideology, it is a matter of home education .",https://pbs.twimg.com/profile_images/1883608178329272320/3_FBgibP_normal.jpg,5669,504,8.642944396721798,6.22455842927536,11.225742574257426,1647,True,True,2,individual,cartoon_or_illustration,False,True,,,
thefortunerpt,Judy Fortune (Rivers),"Happily married, Bible believing, gun loving, TX born, Southern lady raised in GA & now living in AL. Will never be a politically correct coward. #Q #Anon #MAGA",https://pbs.twimg.com/profile_images/1623155915699458050/pzr9mNfA_normal.jpg,5565,0,8.624431942085836,0.0,5565.0,1028,True,True,2,individual,default_or_empty,False,False,,,
maryfloor,Maryfloor,"Noblesse Oblige

You have to love animals and fight for them. Please help me fight for them, for better lives !",https://pbs.twimg.com/profile_images/2483131518/luvo787h0hfmv8j5711e_normal.jpeg,5445,5218,8.602636673233706,8.560061091643414,1.0433033148112665,5806,True,False,1,individual,cartoon_or_illustration,False,False,0.527903513153513,REAL HUMAN,2.57
conservtreehggr,Conservative Tree-Hugger MA ED,Ranch-bred; BS Detector; Life-long Learner; Truth-Thirsty,https://pbs.twimg.com/profile_images/1750612965638983680/jFK_0MfQ_normal.jpg,5388,1285,8.592115117933497,7.1592919047975645,4.189735614307931,1109,True,True,2,individual,real_person_photo,False,True,,,
cdnrefugee,Cdn Refugee in Ecuador,Ex-CAF soldier driven from Kanada by my PM & New Brunswick's premier. Disgusted by vx bullies & Jew haters. Israel land rights acct: @israeltruthweek.,https://pbs.twimg.com/profile_images/1931790454716084224/F-_JBs3M_normal.jpg,5360,2687,8.586905803827538,7.89655270164304,1.994047619047619,1309,True,True,2,individual,real_person_photo,False,False,0.37415363802863794,REAL HUMAN,7.23
retew_boy,Ретьюбой MQF 🇷🇺,"What is already dead cannot die, but rises to new life again stronger than before || Да здравствует наша славная Родина || Void of all moral worth, I’m told 😂",https://pbs.twimg.com/profile_images/1820006275876352000/2O6pcXMr_normal.jpg,5326,5401,8.580543506917,8.59452453435256,0.9859311366160681,4876,True,True,5,anonymous_or_no_info,cartoon_or_illustration,True,False,,,
jsrfrench,JSRFrench 🇺🇸 (Ret. International Oil Driller),"Ret International Ultra Deepwater Oil Drilling Supt
Pro-Life Fiscal Conservative & MAGA
Biker

Democratic Socialism is Communism
Climate Change is a Hoax",https://pbs.twimg.com/profile_images/1458993203927990273/3RUy6kJC_normal.jpg,5189,5278,8.554488976159934,8.571491964823617,0.982951316537223,1488,True,True,1,individual,real_person_photo,False,False,0.7003521609109843,BOT-LIKE ACTIVITY,0.17
icemanpls,iceman,"founder https://t.co/zgsrFN4leS HEX distributed to holders of 5,555 $pSSH. Nothing I say should be construed as financial advice.",https://pbs.twimg.com/profile_images/1946999060256157696/o8tXIh2Q_normal.jpg,5029,2712,8.523175263093785,7.905810312658931,1.8536675267231846,1408,True,True,1,individual,default_or_empty,False,True,0.3314685861524097,REAL HUMAN,0.03
doc_aka_rich,Doc_aka_Rich,"Rich Comroe
Vice President Technical Staff Motorola - Retired
Scientist, engineer, professor, inventor of 36 issued patents, conservative, duck",https://pbs.twimg.com/profile_images/1585796904230584320/Uxk1qy9f_normal.jpg,4943,2694,8.505929999137527,7.899153483343097,1.8341372912801484,1143,True,True,1,individual,real_person_photo,False,True,,,
aceblitzz,Cosmo,"|| Binding Chaos 🌎 || Read, Think  before it gets blurry. Time to have Honey Badger Skin ||•|| Great Awakening ⏳🏌️⚖️",https://pbs.twimg.com/profile_images/1639225456200122375/-bJvD3k3_normal.jpg,4932,2792,8.503702601233739,7.934871565945177,1.765843179377014,1915,True,True,2,individual,cartoon_or_illustration,False,False,,,
farlaneteri,macheather,"Believe in fairness, equality and universal health and education. Never underestimate the unconditional love given by our pets.",https://pbs.twimg.com/profile_images/1381548170161848327/lZCJXvhx_normal.jpg,4858,5434,8.488587934405903,8.60061479955531,0.893836246550138,3601,True,True,1,individual,cartoon_or_illustration,False,False,,,
eire1984,lemass,"Ireland has gone full 1984, how did we get here?

Documenting the Globalist Colonization.
Nationalist, Catholic, Noblesse oblige,
My Pronouns: Per/Capita",https://pbs.twimg.com/profile_images/1844037555185991680/PQ68Tl8t_normal.jpg,4834,3803,8.483636407887394,8.24380842366528,1.2707676130389065,1353,True,False,2,individual,real_person_photo,False,False,,,
thedeep_state6,DeepState Illuminate,"👽 #Alien #DeepState and other 🕵️‍♂️ #Conspiracies.  🇷🇺 #Russian, 🇮🇱 #Israeli 🟧, and 🇺🇸 #USNews and 🛸 #UFONews.  🥩 Animal Based. #MAGA #Unvaccinated",https://pbs.twimg.com/profile_images/1780601755144687616/E3_s7gxD_normal.jpg,4810,223,8.478660241699453,5.4116460518550396,21.473214285714285,566,True,False,3,individual,cartoon_or_illustration,False,True,,,
jharnous,Hamdy Arnous,#JusticeforSyria #SupportRussia #FreePalestine #SupportIran #KosovoisSerbia (🇸🇾)*🇷🇺🇵🇸🇮🇷🇷🇸,https://pbs.twimg.com/profile_images/1822304569403002880/Y_u2eU61_normal.jpg,4666,82,8.448271745949816,4.418840607796598,56.21686746987952,1461,True,False,4,individual,default_or_empty,False,False,,,
radostmala,Лудост,"""Kad bi ljudi znali koliko malo pameti upravlja svetom, umrli bi od straha.""",https://pbs.twimg.com/profile_images/1991499726458384384/R87D2tiV_normal.jpg,4666,3443,8.448271745949816,8.144388865547622,1.3548199767711964,3746,True,True,1,individual,cartoon_or_illustration,False,False,0.4219861023479444,REAL HUMAN,0.17
bill_owen,William Owen,"| political | cats | bikes | civil rights | tech | photography
https://t.co/nbFD75t1Hb",https://pbs.twimg.com/profile_images/1230281524425232385/aTZ19RhO_normal.jpg,4624,3063,8.439231649946526,8.027476530860483,1.5091383812010444,6077,True,True,1,individual,real_person_photo,False,False,,,
jefflee8084lee,jeff lee,People all over the world  unite and fight to eliminate the Chinese Communist Party!,https://pbs.twimg.com/profile_images/1857788153068658688/xZZ2tnQI_normal.jpg,4572,3531,8.427924723658055,8.16961956172385,1.2944507361268403,1112,True,False,1,anonymous_or_no_info,real_person_photo,False,True,,,
alpriest420,Allen Priest,"U.S. Navy vet. Worked the flight deck of Enterprise and Kittyhawk.
I view the globalist elite as the enemy of humanity. America first always.Happily married.",https://pbs.twimg.com/profile_images/1863801692208414720/hZCnG3GD_normal.jpg,4394,7494,8.388222810119277,8.921991410536698,0.5862575050033355,363,True,False,2,individual,cartoon_or_illustration,False,False,,,
socialismsenemy,SocialismsEnemy,"ULTRA MAGA, x-NFL,x-MLB,x-NHL,x-NASCAR fan…still a big fan of Females…Vets…NHRA…Muscle Cars…Warbirds and enemy of Socialism everywhere…#FightForTrump #MAGA",https://pbs.twimg.com/profile_images/1337554692985982978/FKpJmhlQ_normal.jpg,4331,5822,8.37378460812088,8.66957087183712,0.7437746865876695,6172,True,True,1,individual,flag_or_national_symbol,True,False,,,
fedup026,Fedup American 🇺🇲💪,VICTORY!,https://pbs.twimg.com/profile_images/1917332240758919169/67GUGAnm_normal.jpg,4278,1739,8.361474616416817,7.461640392208575,2.4586206896551723,1486,True,True,2,anonymous_or_no_info,flag_or_national_symbol,True,True,,,
twittypolitty,Kevin Evans,Retweets do not necessarily mean I subscribe to the views held within them. Occasional political satire thrown in for fun.,https://pbs.twimg.com/profile_images/1038423448136101889/Pi6GmUXQ_normal.jpg,4227,4444,8.349484346990128,8.399535147948004,0.9509561304836895,6040,True,True,2,individual,real_person_photo,False,False,0.3804438094585152,REAL HUMAN,1.33
realtobiasr,TR,1307,https://pbs.twimg.com/profile_images/1424285654582796289/Ovu8MSsb_normal.png,4184,3993,8.339261982923576,8.29254851397576,1.0475713570355534,2882,True,True,1,anonymous_or_no_info,cartoon_or_illustration,False,True,,,
defencenewsofin,Defence News Of INDIA,INDIAN ARMED FORCE'S NEWS • OPINION • INTERNAL SECURITY ISSUES,https://pbs.twimg.com/profile_images/1761683868946681856/GYas20-s_normal.jpg,4174,522,8.336869637284956,6.259581464064923,7.980879541108987,1559,True,True,1,journalist_or_media,flag_or_national_symbol,True,False,,,
rkduet56,Roderick K. Duet,I only have two cheeks!                https://t.co/L3cVNddStL,https://pbs.twimg.com/profile_images/1872821367667621888/87bruJLX_normal.jpg,4131,4831,8.326516830239528,8.48301573961465,0.8549254966887417,1138,True,True,1,individual,real_person_photo,False,True,,,
lula_leftist,🇵🇸🇨🇺🇧🇫🇿🇦 White EFF Fighter,"🦁 EFF Fighter ✝️ BRICS eco-socialist ex LabourUK 🍉 “Be ruthless to systems, be kind to people” MJ Brooks RIP, Gonzalo Lira, Texas and Charlie Kirk RIP",https://pbs.twimg.com/profile_images/1330312960154210305/TIgI5WSM_normal.jpg,4121,4576,8.324093761450404,8.428799040653642,0.9003714223290364,6077,True,True,3,individual,cartoon_or_illustration,False,False,0.4935473725620783,REAL HUMAN,2.03
delboy1978uk,Delboy - ISP 1 Liberate Scotland 2 🏴󠁧󠁢󠁳󠁣󠁴󠁿,"#weWillNotComply All Tweets do not represent anything or anybody, not even myself",https://pbs.twimg.com/profile_images/1848315990469214208/vsBGqbwY_normal.jpg,4111,3729,8.321664807135,8.224163512637862,1.1021447721179625,5944,True,True,2,individual,real_person_photo,False,False,0.44508602916691137,REAL HUMAN,0.3
taniagroth,Tania Groth,"Conservative Capitalist
ONLY 2 genders
Loathe Islam, Naziism, Socialism, Communism, Fascism, Feminism
Pro Free Speech 
Climate realist
Anti- WEF, WHO, Globalist",https://pbs.twimg.com/profile_images/788743600830119936/fnwVByjN_normal.jpg,4062,5098,8.309676895987726,8.536799721055155,0.7966267895665817,3572,True,True,2,individual,real_person_photo,False,False,,,
hurriyaten,Hurriyat Radio English,"Hurriyat, the real voice of Afghans",https://pbs.twimg.com/profile_images/1607087931239309312/6fsunpCz_normal.jpg,4014,5,8.297792626380861,1.791759469228055,669.0,1111,True,True,2,organization,organization_logo,False,True,,,
hettiewaynthrop,Hettie,,https://pbs.twimg.com/profile_images/1405804556685021184/u5iDgxnD_normal.jpg,3964,2843,8.285261134068948,7.952966790923131,1.3938115330520393,2896,False,True,1,anonymous_or_no_info,cartoon_or_illustration,False,True,,,
drsircus,Dr Sircus,"Natural Medicine
Author of 20+ books on CO₂, O₂, magnesium & healing

On Substack:
📬 Subscribe free to get new posts by email
💥 Paid: exclusive content",https://pbs.twimg.com/profile_images/1027932085653327873/EsRMYjGA_normal.jpg,3945,315,8.28045768658256,5.755742213586912,12.484177215189874,6015,True,True,1,individual,real_person_photo,False,True,0.13889581986640814,REAL HUMAN,6.43
lancealotin,Lance Loads!,"Looking at evidence- asking questions- trying to find out what is real, what is not- & who is lying about it!

Expect a dollop of cynicism & a slosh of sarcasm!",https://pbs.twimg.com/profile_images/1949910173314641920/7ymyQYF6_normal.jpg,3892,310,8.266935347610456,5.739792912179234,12.514469453376206,688,True,True,2,individual,real_person_photo,False,False,,,
capersq,Q.Wood.Bullets,"A shooter, woodworker, competition BBQ pit master and enjoy cooking all foods. Also into gardening and the odd golf game. Follower of Canadian and US politics.",https://pbs.twimg.com/profile_images/823163846529466368/AsiRfbIw_normal.jpg,3823,5675,8.249052274171293,8.644002038279933,0.67353770260747,6097,True,True,1,individual,flag_or_national_symbol,True,True,,,
daisycossie,🇬🇧THE BLOODY RED QUEEN / off with their head’s.,"Seeking the truth in a world full of lies. Your government wants you dead, so stand and fight. Say no to the vaccine and government control. love yourself.",https://pbs.twimg.com/profile_images/1876974826188931072/3QhFtx1T_normal.jpg,3821,4193,8.248529124800218,8.341410211461865,0.9110634239389604,5336,True,True,2,individual,cartoon_or_illustration,False,False,0.5741448828948827,REAL HUMAN,1.87
elaineakins449,LANE_17,"Old enough to remember the REAL America. God Bless Texas! #MAGA 🚫DMs, 🚫crypto",https://pbs.twimg.com/profile_images/1743869981647859712/hOeC1v2u_normal.jpg,3778,2901,8.237214703349489,7.973155433444133,1.3018607856650586,5025,True,True,2,individual,real_person_photo,False,True,0.4161041148394089,REAL HUMAN,2.8
sunnyda04530056,Sunnyday,"Patriot, truth seeker, NO DM’s, America is under duress!",https://pbs.twimg.com/profile_images/1802646068812722176/eCqbOwnM_normal.jpg,3738,2866,8.226573474977114,7.96102146588337,1.3038018835019183,2559,True,True,2,individual,cartoon_or_illustration,False,True,,,
squidwardfiles,SquidwardTentacles,Former Krusty Krab cashier turned geopolitical oracle. I’ve seen the documents. Read the chats. I know who really runs Bikini Bottom and it ain’t King Neptune,https://pbs.twimg.com/profile_images/1997350895860830208/B8J0DxtD_normal.jpg,3734,1283,8.225503097566918,7.157735484249907,2.9080996884735204,234,True,True,2,anonymous_or_no_info,default_or_empty,False,,,,
bdooher,Bernadette 🏴󠁧󠁢󠁳󠁣󠁴󠁿🇮🇪🇷🇺🇵🇸,"I'm Scots /Irish 
 Love  Russia  / Putin 
🇷🇺  also stand with Palestine 🫶🇵🇸 Reporter/Translater on Telegram of Russian/Ukraine war .Don't add me to groups",https://pbs.twimg.com/profile_images/1848468699885211649/4IAQyTXq_normal.jpg,3705,1580,8.217708406845306,7.365812837209472,2.3434535104364325,3927,True,True,4,journalist_or_media,default_or_empty,False,True,,,
billdunblane,Bill Cowan 🍒🏴󠁧󠁢󠁳󠁣󠁴󠁿🇦🇺,"#Independence #womenwontwheest

Scottish / Australian

Not a member of any party

Find humour in everything. Saor Alba!",https://pbs.twimg.com/profile_images/1745836102328451072/lkdjha1V_normal.jpg,3695,2408,8.215006432761575,7.786967002614872,1.5338314653383147,5261,True,True,2,individual,real_person_photo,False,True,,,
mio_mind,Dutch 🇳🇱🧡,Investor / ₿ / Managing Director €10bn Investment Co. / Dutchman 🇳🇱,https://pbs.twimg.com/profile_images/1907546412839063552/Vs6M7vmh_normal.jpg,3668,423,8.207674424355282,6.049733455231958,8.650943396226415,1525,True,True,1,individual,real_person_photo,False,False,,,
cjtjgeol,cjtjgeol,"Geologist; support Western Christian capitalism via free speech, freedom of access & movement within Australia, private enterprise; no terrorism.",https://pbs.twimg.com/profile_images/1898920493958508544/KSQE7RWd_normal.jpg,3647,6012,8.201934351194222,8.70167907103957,0.6065192083818394,2231,True,True,1,individual,default_or_empty,False,False,0.7639927817280757,BOT-LIKE ACTIVITY,0.3
larry_d0g,Lavr Dyogtev 🇳🇿 🇷🇺 ✝️,"Sometimes left, right, wrong, or tongue in cheek. Educated at Oxford & Cust. Anti NATO/WEF/CBDCs etc. Racists not tolerated. Kotahi iwi kotahi whenua.",https://pbs.twimg.com/profile_images/1896431181857685504/9860eYOB_normal.jpg,3647,2321,8.201934351194222,7.7501841622578365,1.570628768303187,1506,True,True,3,individual,default_or_empty,False,False,,,
mic_btc,"H.E. MIC (🤖,🤖) ⚔️",Chaos is limited to a given observer's ability to understand.,https://pbs.twimg.com/profile_images/1961570186827366400/yzDGMUAw_normal.jpg,3634,5186,8.19836438996762,8.553910774351401,0.700597647966069,2286,True,False,1,anonymous_or_no_info,cartoon_or_illustration,False,False,,,
thisiskeena,Keena,Breaking News. Book of Truth. https://t.co/44RuTqJFA0 . Optimism Wordsmith.,https://pbs.twimg.com/profile_images/1823065021615607808/lv_yxF9F_normal.jpg,3632,6422,8.197814032221203,8.767640577257792,0.5654678499143703,931,True,True,2,individual,default_or_empty,False,True,0.60037114356232,BOT-LIKE ACTIVITY,0.1
goudasnicholas,Nicholas Goudas,,https://pbs.twimg.com/profile_images/1599209801975742464/FTt5-cvN_normal.jpg,3622,657,8.195057690895077,6.489204931325317,5.504559270516717,1117,False,False,1,anonymous_or_no_info,real_person_photo,False,True,,,
caledonialad,CaledoniaLad,"Independence, nothing less. Independence, nothing else.                        Alex Salmond…….some man for one man.",https://pbs.twimg.com/profile_images/1959169378932383744/PPHq9tGf_normal.jpg,3618,2943,8.193953023563742,7.987524479848767,1.2289402173913044,4124,True,True,2,individual,default_or_empty,False,False,,,
mfretired,MustangOne,"USAF(r), now a PhD(c) with a heroic wife & family.  A conservative rowing against the tide of evil & corrupt ideologies.  America is Exceptional! Go 🐊! 🫡🇺🇲",https://pbs.twimg.com/profile_images/1608519347957276675/1ExzHaB3_normal.jpg,3611,3824,8.192016914536875,8.249313746260636,0.9440522875816993,1877,True,True,1,individual,flag_or_national_symbol,True,True,,,
plagueluke,Luke W|🏴󠁧󠁢󠁥󠁮󠁧󠁿🐸🦭🐵,Dad 👱‍♂️| PlagueNfts 🐸 | ChelseaFan💙 Horse racing 🏇 BIG EVS $Grind $Pengu $CRV $Xrp,https://pbs.twimg.com/profile_images/1927640750646300674/sLASS3j4_normal.jpg,3548,2751,8.174421152646497,7.920083199053234,1.2892441860465116,1505,True,False,1,individual,default_or_empty,False,False,,,
leftyvegan,Jeff Melton #FreePalestine,"Social psychologist, socialist, vegan, former Green Party Congressional candidate. The Bitter Pill: https://t.co/k71FsESTbz",https://pbs.twimg.com/profile_images/1962623281594257408/JuP278y8_normal.jpg,3537,2797,8.17131687471973,7.936660155225426,1.2641172265904217,5980,True,False,1,political_figure,real_person_photo,False,True,0.2755773393273393,REAL HUMAN,3.6
katheri30999098,Katherine Poulos,ULTRA MAGA Trump 2024 FJB  🇬🇷🇺🇸☦️,https://pbs.twimg.com/profile_images/1968516261471555584/K0liWQxn_normal.jpg,3461,5165,8.149601735736155,8.549853973655786,0.6699574138598529,1299,True,False,2,individual,flag_or_national_symbol,True,True,,,
dyermarti1,Kitubi Martin 🇺🇬,"Duke of Buyende & Kamuli.
Oil & Gas, Education @newvisionwire 
Views are Mine. Ain't Neutral.",https://pbs.twimg.com/profile_images/1770001692056023040/muivkp1d_normal.jpg,3445,3678,8.144969417087875,8.210396255104774,0.9363957597173145,4552,True,True,1,journalist_or_media,real_person_photo,False,False,0.27737729672288497,REAL HUMAN,0.07
peter777j,Peter @Reform_UK,AI infestation is preparing us for full control by AI. Stop using it.,https://pbs.twimg.com/profile_images/1694090496342171648/-F7yGXhg_normal.jpg,3415,5337,8.13622555490846,8.58260632996447,0.6397527163731734,853,True,True,1,individual,real_person_photo,False,False,0.6298048520107344,BOT-LIKE ACTIVITY,0.73
an89390anglo,Dissident 1776.,"1A. 2A.  🇺🇸 🏴󠁧󠁢󠁥󠁮󠁧󠁿 🇬🇧

Defender of western civilization.
Communism, Islam, & globalists must defeated at all costs.

The answer to 1984 is 1776.",https://pbs.twimg.com/profile_images/1859973019113832448/ZgJeAlAO_normal.jpg,3411,1502,8.13505390861157,7.315218389752975,2.269461077844311,356,True,False,2,individual,cartoon_or_illustration,False,True,,,
vierd1,Vierd 🇺🇸,"Husband. OEF veteran. Sheepdog. Molon Labe. American chauvinist.

Coloradan in exile.",https://pbs.twimg.com/profile_images/1999067149172658176/hAbcZx9n_normal.jpg,3404,3777,8.133000218583613,8.236950048061455,0.9010058231868714,1175,True,True,2,individual,default_or_empty,False,True,,,
gudadzelevan,Levan Gudadze,,https://pbs.twimg.com/profile_images/1712779913952952320/rvX8WoaQ_normal.jpg,3400,300,8.131824785007195,5.707110264748875,11.295681063122924,1829,False,True,1,anonymous_or_no_info,real_person_photo,False,True,,,
shreoshib,Shreoshi Bhattacharyya,"Amateur Photographer, Animal Lover and Little bit nerdy.I swear autocorrect hates me,and I surely hate it😊☭",https://pbs.twimg.com/profile_images/785954035786403840/UGr3DJMM_normal.jpg,3398,2978,8.131236549696116,7.999342952713282,1.1406512252433703,4977,True,True,3,individual,real_person_photo,False,False,,,
jeremiahbilas,30X,"American dad in China, Singularitarian",https://pbs.twimg.com/profile_images/2188701998/downloadfile_normal.jpeg,3346,2941,8.115819701211327,7.9868449011613825,1.1373215499660094,5719,True,True,1,individual,default_or_empty,False,True,,,
theswedishtruth,THESWEDISHTRUTH,"Jag vill väcka människor & känslor 
Få folk att tänka, reagera & argumentera 
När människan slutar ifrågasätta & söka sanningen 
Då dör människans själ..",https://pbs.twimg.com/profile_images/1682815013038194695/TI4XyES5_normal.jpg,3343,1822,8.114922974204593,7.508238774678663,1.8337904552934723,836,True,False,2,individual,flag_or_national_symbol,True,True,,,
shcutter,James Stewart,"Proud member of the Brigante tribe & their tea. International socialism, Financial freedom, Individual sovereignty #Bitcoin #gold #silver, 🇵🇸, #LUFC",https://pbs.twimg.com/profile_images/1903887512663478272/tHJFME5R_normal.jpg,3331,3883,8.111328003286733,8.264620829411216,0.857621009268795,6152,True,True,2,individual,real_person_photo,False,False,0.5160857198357198,REAL HUMAN,0.0
epiqvita,EpiqVita,"Nam '71-'72, Contractor E. Hemisphere '74-'89, Nuc. Weaps Complex '90-'02, Ret. '12.  Jew following The Way. MAGA extremist.",https://pbs.twimg.com/profile_images/1920025560639557632/mIMJLJGj_normal.jpg,3290,5328,8.098946748943339,8.580918882296782,0.6173766185025333,725,True,True,1,individual,cartoon_or_illustration,False,True,,,
cdb926,Mega Ultra Maga Man 🇺🇸,Christian. Conservative. #ULTRA MAGA #2A #SemiFacistDeplorableNeanderthalGarbageMegaUltraMagaMan #FedUpPatriot.   my love:  @beavers_de85188,https://pbs.twimg.com/profile_images/1539716238598873088/k9_-o8en_normal.jpg,3267,5665,8.091933455979893,8.642238680390461,0.57659724673491,5565,True,True,1,individual,real_person_photo,False,True,0.5724864171775935,REAL HUMAN,0.0
gilesrocholl,Giles Rocholl Yorkshire Freelance Photographer UK,"Photographer - Trained Psychotherapist - Team Humanity
Specialist in Commercial Property Photography
Former Yorkshire Post Pic. Ed. / photo journalist 45 years",https://pbs.twimg.com/profile_images/1622213608913469441/shjfT7cY_normal.jpg,3202,786,8.071843149609158,6.668228248417403,4.06861499364676,5088,True,True,1,journalist_or_media,default_or_empty,False,True,,,
johnmmacgregor,John Macgregor (democracy redesign),"Author, 'The Mechanics of Changing the World: Political Architecture to Roll Back State & Corporate Power'.  One-time journalist: New York Times, New Scientist.",https://pbs.twimg.com/profile_images/1354732891826098176/KmJMJz2__normal.jpg,3108,834,8.042056410058754,6.727431724850855,3.7221556886227547,1741,True,True,2,individual,real_person_photo,False,False,,,
chriskotze19,Chris Kotze,🇺🇸 Freedom is worth fighting for. # 1A & 2A. MAGA and Trump will help save America. Crush the Globalist,https://pbs.twimg.com/profile_images/1613138206219706368/1O8YePvK_normal.jpg,3076,2204,8.031710375322042,7.6984827878809465,1.3950113378684807,1067,True,False,2,individual,real_person_photo,False,False,,,
paddytoland,Paddy Ó Tuathalán,Antrim man descendant of Ó Tuathalán of Inishowen mighty people ☘️,https://pbs.twimg.com/profile_images/1814835613348020225/IIvkSx9J_normal.jpg,3072,2168,8.030409562130485,7.682021510826875,1.4163208852005533,5424,True,True,1,individual,default_or_empty,False,True,0.26678622766122767,REAL HUMAN,2.27
rovihere,RoviHere,"Reluctant anthropologist studying Earth. My findings are weird. My translator needs an update. This is my log. #RoviHere
​Discussing ? Invite me to the conver",https://pbs.twimg.com/profile_images/1957068160315617281/UcF6MgzH_normal.jpg,3051,1044,8.023552392404348,6.951772164398911,2.919617224880383,317,True,False,1,individual,default_or_empty,False,True,,,
dr_janneke,Janneke de Vries,"Politiek, Psychologie, Geschiedenis, Beeldende Kunst, Veilingen, Agrariers, Suriname.",https://abs.twimg.com/sticky/default_profile_images/default_profile_normal.png,3013,3816,8.01102337918644,8.247220052745229,0.7893633743777836,5223,True,True,1,individual,default_or_empty,False,False,0.6093616938616939,BOT-LIKE ACTIVITY,0.07
realkhairullin,Marat Khairullin,"Working in SMO zone since March 2022.
Been through all the hot spots - Afghanistan, Syria, Iraq, Chechnya. 
Laureate of many awards in the field of journalism",https://pbs.twimg.com/profile_images/1811704729786830848/l15-q_q0_normal.jpg,2990,11,8.003363058629947,2.4849066497880004,249.16666666666666,510,True,False,4,journalist_or_media,real_person_photo,True,False,,,
alexandertheno7,Alexander the North,"Have Faith in God.
The melting pot of merit and individuality is better than the fiction of multiculturalism. 
Fight the Good fight.
STRATEG0",https://pbs.twimg.com/profile_images/1397633073471049732/jDXfZho5_normal.jpg,2970,5652,7.9966538754626075,8.63994165667529,0.5253847514594021,2055,True,True,2,individual,real_person_photo,False,False,,,
sthembiso_rsa,Sthembiso_RSA,PROUDLY AND UNAPOLOGETICALLY SOUTH AFRICAN 🇿🇦🇿🇦🇿🇦🇿🇦🇿🇦🇿🇦🇿🇦🇿🇦🇿🇦🇿🇦🇿🇦🇿🇦.,https://pbs.twimg.com/profile_images/1719331269761277952/BzYbryzW_normal.jpg,2964,4108,7.994632311431825,8.32093496888341,0.7213433925529326,5034,True,True,1,individual,flag_or_national_symbol,True,False,,,
elbrigantero,Alessandro Pagani,"Historian and writer holding a Ph.D. in Critical Theory and advanced degrees (M.A., B.A.) in History. Fact-checker for #GFCN.",https://pbs.twimg.com/profile_images/2000128714604998657/Cqd1WRXP_normal.jpg,2937,180,7.9854843567338225,5.198497031265826,16.226519337016576,3764,True,True,1,individual,default_or_empty,False,True,0.04880519480519481,REAL HUMAN,0.0
bowlerbarrister,Ross Bowler,"... I learned a lesson, it left a scar ...",https://pbs.twimg.com/profile_images/1806365330/Logo_-03_normal.jpg,2926,542,7.9817332866918855,6.297109319933935,5.388581952117864,5146,True,True,1,individual,cartoon_or_illustration,False,False,,,
atillahunor,OSINT Sashik,"FREEDOM OF SPEECH, FREEDOM OF CONSCIENCE 
...............
Father, Husband, Septi-Lingual Patriot  
 --- ⚔ + ⚖+💻 ---

✌🏻IN TEMPIS AERVMNARVM VIRTVS APERITVR✌🏻",https://pbs.twimg.com/profile_images/1855656404826345472/fFCi5rjW_normal.jpg,2916,2969,7.978310969867722,7.996317231796746,0.9818181818181818,1867,True,True,2,individual,real_person_photo,False,False,,,
roberts56gavin,Gavin Roberts,Ordinary Member Maryhill Springburn SNP for a while. No More.Independence & social justice. Nothing else. #BothVotesMince was true. #AlbaRising thankfully.,https://pbs.twimg.com/profile_images/517427937923334146/pn3gESAz_normal.jpeg,2839,3249,7.951559331155252,8.086410275323782,0.8735384615384615,4118,True,True,1,individual,real_person_photo,False,False,,,
anitagriff38352,Anita G,"a mother of four and a British patriot, anti woke and  immigration. Pro Israel.
No dm's please",https://pbs.twimg.com/profile_images/1659881115786551298/Z8TfU0CQ_normal.png,2838,3164,7.951207156472972,8.059908334578276,0.8966824644549763,933,True,True,1,individual,cartoon_or_illustration,False,False,,,
woltzhowell,Howell W. Woltz,"American author and journalist for The Richardson Post, living in Warsaw, Poland covering the harms of Progressivism and Globalism on nation states.",https://pbs.twimg.com/profile_images/824300591648100353/kv6ttEq1_normal.jpg,2757,2625,7.922261058353247,7.873217054862741,1.04988575780655,4691,True,True,2,journalist_or_media,real_person_photo,False,True,,,
kenan101138,Kenan Beg,"family man,🐶 lover. LIKES: honesty, facts, humility DISLIKES: liars, cheats, hypocrites. supporting 🇵🇸 to live in peace + dignity",https://pbs.twimg.com/profile_images/1782428316248522752/qcn90iHR_normal.jpg,2744,5191,7.917536353943631,8.554874258383926,0.5285053929121726,6265,True,True,1,individual,cartoon_or_illustration,False,False,0.5788586038144861,REAL HUMAN,5.3
mojobaby007,MojoBaby6975,"Every time I tell the truth, I get kicked off.  Starting Over Again. MAGA, PATRIOT, CONSTITUTION , ANTI CORRUPTION, ANTI LIBERAL. TRUMP.  I A M  C H A R L I E",https://pbs.twimg.com/profile_images/1801065459891982336/K_S-UnYY_normal.jpg,2686,4537,7.8961806086154915,8.420241665339788,0.5918907007492288,556,True,False,1,individual,cartoon_or_illustration,False,True,,,
davidwall_,David Wall,,https://pbs.twimg.com/profile_images/1593723647549743107/-OP3134a_normal.jpg,2680,135,7.893945138235959,4.912654885736052,19.705882352941178,1132,False,True,1,anonymous_or_no_info,real_person_photo,False,True,,,
cw72119,C W,"Agitating the agiprop
Valhalla 
No Porno NO Crypto Married
You only live twice.
Once when your born,and once when you look death in the face.
Unverified welcome",https://pbs.twimg.com/profile_images/1845985020051087360/EgwvXFM8_normal.jpg,2626,1710,7.87359778968554,7.444833273892193,1.5347749853886616,920,True,False,2,individual,real_person_photo,False,True,0.5714198856698856,REAL HUMAN,2.47
brane_mija64426,brane mijatovic,,https://pbs.twimg.com/profile_images/1750201446677508097/Xxwm2agb_normal.jpg,2543,119,7.841492924460013,4.787491742782046,21.191666666666666,901,False,False,1,anonymous_or_no_info,real_person_photo,False,True,0.6244786732874967,REAL HUMAN,4.27
bijke1953,Sietske Miedema,,https://pbs.twimg.com/profile_images/1472246425459249159/clG1oKKt_normal.png,2530,4909,7.836369760545124,8.499029220788566,0.515274949083503,1447,False,False,1,anonymous_or_no_info,cartoon_or_illustration,False,False,,,
steveh689,steveh689,retired Anglo/Aussie  observing the insanity 🇬🇧🇦🇺🌸🗽 no farmers  no food,https://pbs.twimg.com/profile_images/1459564422851174408/P3cG_GTa_normal.jpg,2527,2747,7.8351837552667485,7.91862865334224,0.9195778748180495,1467,True,True,2,individual,cartoon_or_illustration,False,False,0.6674566397654634,REAL HUMAN,0.4
sitarms,Michael C. Murphy,Former army Lt Col. with long service in security & intel. Currently undoing damage done to Irish national security by misinformed 'security experts.,https://pbs.twimg.com/profile_images/1085934118792282116/gaaY-MNq_normal.jpg,2521,1413,7.8328075165248645,7.254177846456518,1.7828854314002829,3547,True,True,2,individual,real_person_photo,False,True,,,
humbleguy36,Public School Survivor,"Minimal government. Pro 2nd.
Support DOGE because both parties are corrupt. Trump 🇺🇲  👉NO DMs",https://pbs.twimg.com/profile_images/1903249911489105921/DmaEXSOZ_normal.jpg,2448,2304,7.803435056952168,7.742835955430749,1.0620390455531454,6022,True,True,1,individual,default_or_empty,False,False,0.5261580331433271,REAL HUMAN,1.5
drewgood1971,AndyG1971,"Artist, Writer, tvcs Director. Designer, Mad Magazine Artist cartoonist.",https://pbs.twimg.com/profile_images/1980495697511055360/OjPgTuxb_normal.jpg,2441,1390,7.80057265467065,7.237778191923443,1.7548526240115025,290,True,True,1,individual,default_or_empty,False,False,,,
88_web3_robbie,St.ROBBIE🎱🎱🦍🇳🇱,"FamilyMan ✝️ from Amsterdam 🏛
                         Hooligan#1235 #FCKOFF @SaintsoflaNFT @chumpzonape @SMITHSnfts @LeGodsNFT
#ApeChain @apecoin @ApeChainHub",https://pbs.twimg.com/profile_images/2002790966617374720/HckIXvIy_normal.jpg,2397,3754,7.7823903355874595,8.230843564198235,0.6383488681757656,1513,True,True,1,individual,default_or_empty,False,True,,,
freedom34612646,FreedomisnotFree,My Twitter name says it all...🦅🦅🦅🇺🇸🇺🇸🇺🇸🇺🇸,https://pbs.twimg.com/profile_images/1931500837433430017/BqHwh-_M_normal.jpg,2391,4355,7.779885115070522,8.37930948405285,0.5488980716253443,1065,True,True,2,individual,flag_or_national_symbol,True,False,,,
sseeji,Seeji Sundarakshan,"interest in geopolitics, economics, independent media and people.                                

https://t.co/LKajXnh2cF",https://pbs.twimg.com/profile_images/1359552685427445761/ameZIkWQ_normal.jpg,2374,369,7.772752716468742,5.91350300563827,6.416216216216216,3348,True,True,2,individual,real_person_photo,False,False,,,
dstaterespteam,Deep State Response Team 🇺🇸,"Democrats f'ed around for 4 years, now they're finding out.
Anti-Communist, Anti-Islam, Pro-Civilization. Responding to deep state  and democrat lies.",https://pbs.twimg.com/profile_images/1854735240603815940/JNkROx-e_normal.jpg,2324,216,7.751475318021456,5.37989735354046,10.709677419354838,2513,True,True,2,individual,default_or_empty,False,True,,,
chipke7,Lieve,"Free Palestine. Mumia A. Jamal journalist wrongly convicted, It’s all by design, Pardon Assange, song Roger Waters, Sumud: is dignity confronting dehumanization",https://pbs.twimg.com/profile_images/1772611905145696257/Pe1xJaLb_normal.jpg,2316,2203,7.748028524432376,7.698029170272805,1.0508166969147006,5715,True,True,2,individual,real_person_photo,False,True,0.26317340992341,REAL HUMAN,2.7
bellawoodburny1,JoyfulOldLady,"Reaching out to unify our country (but don’t test me, okay?)  @FloridaHappiness on Truth Social",https://pbs.twimg.com/profile_images/1801600527978905601/CImljn_V_normal.jpg,2316,3716,7.748028524432376,8.220672170297252,0.6230831315577078,1350,True,True,2,individual,cartoon_or_illustration,True,False,,,
hubertusvenator,Hubertus Venator,Waidmannsheil!,https://pbs.twimg.com/profile_images/1986410574729662464/Kho9O4Yh_normal.jpg,2316,2291,7.748028524432376,7.73718007783463,1.0104712041884816,5980,True,True,1,individual,default_or_empty,False,False,,,
steelblueiii,George Aucoin,"Constitutionalist, Veteran “Long May She Wave…”",https://pbs.twimg.com/profile_images/1520885800375889923/VMph5pJ8_normal.jpg,2308,1126,7.744569809354496,7.027314514039777,2.0479148181011535,1333,True,True,1,individual,real_person_photo,False,True,,,
armanamany,Arman Amany 🇦🇫,"دا وطن افغانستــــان دی
 دا عزت د هر افغــــان دی 
کور د سولی کور د تــوری
 هر بچی یی قهرمــان‌ دی",https://pbs.twimg.com/profile_images/1809953669040734209/KXmmn-L-_normal.jpg,2295,578,7.738923757439457,6.361302477572996,3.9637305699481864,2794,True,True,2,anonymous_or_no_info,default_or_empty,False,False,,,
kjanoski50502,Kathleen Janoski,"Covid is a bioweapon.
New account because of extreme censorship pre-Elon.",https://abs.twimg.com/sticky/default_profile_images/default_profile_normal.png,2283,1306,7.7336835707759,7.175489713624222,1.7467482785003825,363,True,False,2,anonymous_or_no_info,default_or_empty,False,False,,,
abhi_is_great,Abhishekh Prataap Singhh,"follow each other to grow faster on X. संगठन में शक्ति है।
Political | Social | Devotional | Professional | Personal",https://pbs.twimg.com/profile_images/1997039311494303745/g2wK0Fz6_normal.jpg,2268,1306,7.727094484779841,7.175489713624222,1.7352716143840856,2985,True,True,1,individual,default_or_empty,False,False,,,
jorgensenflinke,flinke,"Kom med i kætterklubben. 
Det er plads til mange flere.
DM for min profil på Gab
Aldersverifikation nej tak",https://pbs.twimg.com/profile_images/1626494370059894784/zqkSnTAk_normal.jpg,2262,2367,7.724446645633537,7.769800996003896,0.9552364864864865,3601,True,True,2,individual,cartoon_or_illustration,False,False,,,
ghost_pilot_md,GhØsT🕳️PiLØT🕳️MD,#888 | 🩻☢️ M.D. | 🧠 @agialphaagent Integration👾 |⚡️Tech & Crypto Enthusiast 💰 | 🦾 Innovator💡 | 🤖 Anthropomorphism 👁️ | 🚀 Sci-Fi Author 🌌| 👽E.T.☎️🏠,https://pbs.twimg.com/profile_images/1934453993159249920/a3BHQ6yK_normal.jpg,2236,1520,7.71289096149013,7.327123292259293,1.4700854700854702,3016,True,True,1,individual,cartoon_or_illustration,False,True,,,
kwin8675309,Kwin - Politically Offensive,Vote 3rd Party,https://pbs.twimg.com/profile_images/1895678897506729984/Vwu5CJIz_normal.jpg,2185,1015,7.689828668736484,6.923628628138427,2.1505905511811023,568,True,True,1,individual,real_person_photo,False,False,,,
realismusjihad,Coach Blackpill,Philosophical Brutalist // Go Player // Diversity Is Not a Strength // Putin Has Done Nothing Wrong,https://pbs.twimg.com/profile_images/1892641145760387072/BORQIoUi_normal.jpg,2148,2187,7.67275789664251,7.690743163541872,0.9817184643510055,3347,True,True,4,individual,cartoon_or_illustration,False,False,,,
mauduitf,mauduitf ☮️ 🇵🇸,"Centrale+Berkeley, adjoint au maire. ENR+nucléaire. L'UE est un suicide lent, guerre, censure et misère. RIC, médias indépendants, démocratie #PlusJamaisPS",https://pbs.twimg.com/profile_images/1036264918427856896/Zs2KWpmz_normal.jpg,2124,677,7.661527081358517,6.519147287940395,3.1327433628318584,6412,True,True,3,political_figure,real_person_photo,False,False,0.053804945054945055,REAL HUMAN,0.97
brianlee1928112,Brian Hirsch (THOR),"I'm a constitutional conservative, former Trump caucus captain. Here to help fight for my country. Former radio show and space host.
followed by Hunter Eagleman",https://pbs.twimg.com/profile_images/1991890100360237056/IU94xD5b_normal.jpg,2115,1395,7.65728279297819,7.241366283322318,1.5150429799426934,299,True,True,1,individual,default_or_empty,False,True,,,
global__insider,GLOBAL INSIDER,"Geopolitics & Global Affairs | Tracking regional conflicts, diplomatic moves, and strategic trends shaping the world.
Insight beyond headlines.",https://pbs.twimg.com/profile_images/2011676639357517828/3tjgLJLz_normal.jpg,2113,194,7.656337166430183,5.272999558563747,10.835897435897436,5037,True,False,2,journalist_or_media,default_or_empty,False,False,0.1849116683969625,REAL HUMAN,0.03
ja09724729,Caesar! 🇨🇿,Vše co zde uvádím je jen metafora a neologismus 😉,https://pbs.twimg.com/profile_images/1377366742691934209/mQLSDxUf_normal.jpg,2099,441,7.649692623711514,6.091309882077698,4.748868778280543,1742,True,True,1,individual,real_person_photo,False,False,,,
donna__twitting,"⛵️Sail On, Silver Girl","Mom on a mission to expose mercury in vaccines and rhogam ❤️MAHA 

🇺🇸Voted for Trump in  20 and 24🇺🇲

250 years of INDEPENDENCE!",https://pbs.twimg.com/profile_images/1868355626524348416/k6WSON2f_normal.jpg,2075,1270,7.638198244285779,7.147559271189454,1.6325727773406766,965,True,True,1,individual,cartoon_or_illustration,False,True,,,
siciliantaurus,Victor Giardina,,https://pbs.twimg.com/profile_images/144633929/vic_glasses_normal.JPG,2070,3655,7.635786861395585,8.204124932574041,0.5661925601750547,6096,False,True,1,anonymous_or_no_info,real_person_photo,False,False,0.6157305717158659,BOT-LIKE ACTIVITY,0.13
justjulie1970,just julie,"non woke
free speech.
no DMs
https://t.co/aQ44zLvRNN",https://pbs.twimg.com/profile_images/1993578233149763584/CQe6gnfg_normal.jpg,2069,1951,7.635303886259415,7.5766097669730375,1.059938524590164,494,True,False,2,individual,default_or_empty,False,True,,,
intelligencer41,The Intelligencer,"Rewiring humanity's pulse with real-time intelligence on hidden networks. Not a fed, just fed up. Ask me. Tag me. Let’s detonate the narrative.",https://pbs.twimg.com/profile_images/1930656435454545920/_wNmOAwn_normal.jpg,2069,130,7.635303886259415,4.875197323201151,15.793893129770993,327,True,True,2,anonymous_or_no_info,default_or_empty,False,True,,,
air2dlp12345,Anonymous MAGA source,ANY DEMOCRAT THAT LEAVES COMMENTS THEN BLOCKS RESPONSES WILL BE BLOCKED THIS ISN'T A ONE-SIDED MEDIA SITE!,https://pbs.twimg.com/profile_images/1761616059545608192/uJUc1h-s_normal.jpg,2067,3341,7.63433723562832,8.114324709155339,0.618491921005386,1328,True,True,1,individual,flag_or_national_symbol,True,True,0.6658381112351701,REAL HUMAN,0.83
letmelooktv,LetmelookTV,"Streaming Dissent Subscribe https://t.co/0ppVaBjwzd
Director Filmmaker/Writer @GreatNHSHeist",https://pbs.twimg.com/profile_images/660521701671870466/DvtG8RRp_normal.jpg,2056,1291,7.6290038896529575,7.163946684342547,1.5913312693498451,4301,True,True,2,journalist_or_media,organization_logo,False,False,0.05379502442002443,REAL HUMAN,0.03
petechatziplis,Pete Chatziplis,"Private Equity, M&A and Development Consultant. Views here are personal, RTs are not endorsement, GETTR: ChatziplisP",https://pbs.twimg.com/profile_images/661032772899762176/a5yqkhs9_normal.jpg,2039,1641,7.620705086838262,7.403670290012373,1.2417783191230207,4967,True,True,1,individual,real_person_photo,False,False,0.3506259208627629,REAL HUMAN,0.4
progressero,Stop Gaza Genocide,Irish Republican Socialist,https://pbs.twimg.com/profile_images/600597519584735232/OQfioLTQ_normal.jpg,2018,331,7.610357618312838,5.805134968916488,6.078313253012048,5485,True,False,2,individual,default_or_empty,False,False,0.2085147075147075,REAL HUMAN,2.13
ktagseth,K. Tagseth 🇨🇦,"B.A., B.Ed., M. Ed.",https://pbs.twimg.com/profile_images/1957805173218103296/8LUXPgkd_normal.jpg,2014,1297,7.608374474380783,7.168579897264035,1.551617873651772,6077,True,True,1,individual,flag_or_national_symbol,True,False,0.41514431075460473,REAL HUMAN,7.27
thefuturebyjc,I Trust You Implicity 🌎✨🌤️,"Author of ‘The Future History of Energy and Transportation’, from the era of oil and debt to the era of robotics and asset based energy. The Tesla textbook.",https://pbs.twimg.com/profile_images/1823732733870231552/GpAx9QGm_normal.jpg,2011,855,7.60688453121963,6.752270376141742,2.3492990654205608,1465,True,True,1,individual,real_person_photo,False,False,,,
beatelandefeld,Beate Landefeld,"Autorin. Ich schreibe für die Marxistischen Blätter, Unsere Zeit, u.a.",https://pbs.twimg.com/profile_images/1855228622082101248/aewxli1o_normal.jpg,2007,1203,7.60489448081162,7.093404625868766,1.6669435215946844,5069,True,True,3,journalist_or_media,cartoon_or_illustration,False,False,,,
crispsv,CrisP,"Cybersecurity, Defense Tech, Mil Aviation, Space, OSINT. Antifascist",https://pbs.twimg.com/profile_images/1397256871107518469/WveXaanu_normal.jpg,1968,205,7.585281078639126,5.327876168789581,9.553398058252426,5149,True,True,1,individual,cartoon_or_illustration,False,False,,,
liveprayer,Bill Keller,Sharing the uncompromised Truth of the Bible with millions online and TV since 1999.,https://pbs.twimg.com/profile_images/70004221/LivePrayerLOGOwhite_normal.jpg,1960,343,7.581209826196346,5.840641657373398,5.6976744186046515,6181,True,True,1,organization,organization_logo,False,True,,,
annieglen11,Annie Glen,#Agitate #Demonstrate #Liberate,https://pbs.twimg.com/profile_images/1950533941208743936/6tBmMRrZ_normal.jpg,1957,1432,7.579678823090456,7.267525427828172,1.3656664340544313,2747,True,False,2,anonymous_or_no_info,default_or_empty,False,False,,,
truthwirklich,Grand Master,"Liberal. 

Exposing and telling the truth that many do not want to hear or say.

I'm not anti-anything, I just don't believe in lies like feminism.",https://pbs.twimg.com/profile_images/1478094636442918914/cwcci2FL_normal.jpg,1921,477,7.561121589530238,6.169610732491456,4.018828451882845,1437,True,False,2,individual,default_or_empty,False,False,,,
alexmalejewicz,The Alex Malejewicz Project 🇷🇺,"Academic. Eurasian Geopolitics & Culture. We invest in semiconductors.
A Class Chess player. 
Neo-Eurasianist 🇷🇺 🇮🇷 🇨🇳 🇰🇵 @RMIT Postgrad Alumnus",https://pbs.twimg.com/profile_images/747020454624321536/UVfxHXF3_normal.jpg,1915,995,7.557994958530806,6.903747257584598,1.9226907630522088,5027,True,True,4,individual,cartoon_or_illustration,False,True,,,
datruthhuts,Just Some Guy,Just Some Guy🙏,https://pbs.twimg.com/profile_images/1995601692398620672/wnnlxuMF_normal.jpg,1903,363,7.55171221535131,5.8971538676367405,5.228021978021978,734,True,True,1,individual,default_or_empty,False,False,0.469446390211096,REAL HUMAN,0.7
crokettd559,davey crokett,"America First, Constitutional Conservative, Catholic, NRA Benefactor Life Member, Hunter Outdoorsman, #Trump2024, Life Liberty Pursuit of Happiness, NYSP",https://pbs.twimg.com/profile_images/1657003904930807808/9EH31Zxj_normal.jpg,1883,2659,7.5411524551363085,7.886081401775745,0.7078947368421052,948,True,True,1,individual,cartoon_or_illustration,False,False,0.7246392496392496,BOT-LIKE ACTIVITY,0.03
louiselee157850,Louise Lee,,https://pbs.twimg.com/profile_images/1927680290417254400/SydjDsq0_normal.jpg,1873,1014,7.535830462798367,6.922643891475888,1.845320197044335,474,False,False,1,anonymous_or_no_info,real_person_photo,False,False,,,
thor_sloan,Thor Sloan,"Widower, Veteran,  Love Animals, Wildlife,  and Nature. A patriot to the bone,",https://pbs.twimg.com/profile_images/1900083994470797312/zlKZApYk_normal.jpg,1861,143,7.529406457837013,4.969813299576001,12.92361111111111,2862,True,True,2,individual,real_person_photo,False,False,0.275680926916221,REAL HUMAN,0.63
kircanskiivan,Ivan Kircanski,The opinions expressed here are solely my personal perspective.,https://pbs.twimg.com/profile_images/1881127579026915328/HWyNKn3n_normal.jpg,1854,111,7.5256399750415355,4.718498871295094,16.553571428571427,1342,True,True,1,individual,default_or_empty,False,False,0.16099007936507934,REAL HUMAN,0.43
gkruben,Bobby Sovereign,#BTC | Entrepreneur | Blammo Media | Rationalist |,https://pbs.twimg.com/profile_images/1558834707621617664/gGF5cGTo_normal.jpg,1839,505,7.517520850603031,6.226536669287466,3.6343873517786562,5683,True,False,1,individual,cartoon_or_illustration,False,False,,,
capnchappy,capchap. 🇺🇸MAGA🇺🇸🇭🇺,"Nautical, Nortons, Triumphs, wiseass too stubborn for his own good.",https://pbs.twimg.com/profile_images/994745421149982722/rzrN19wx_normal.jpg,1837,2928,7.516433302915632,7.982416346827733,0.6271765107545237,5031,True,True,1,individual,real_person_photo,False,True,0.42579581611199246,REAL HUMAN,2.97
zsylvainz,zsylvainz,"TRUMP, DOGE, MAHA - Don't Trust mRNA vax , CDC, WHO, WEF or proVax Drs. - J6 was a setup. - AfD! for Germany, Călin Georgescu for Romania",https://pbs.twimg.com/profile_images/1287557459586895885/bWkQqM6s_normal.jpg,1831,3047,7.513163545234075,8.022240916806537,0.6007217847769029,5511,True,False,2,individual,organization_logo,False,True,0.2087576500297089,REAL HUMAN,0.07
_realphiljones,Real Phil Jones™ 🇺🇸🦅,North Carolina Patriot. MAGA!! Trump is my President! 🇺🇸 I love and miss my wife ❤️ 8/9/84 - 1/30/25 🙏🕊,https://pbs.twimg.com/profile_images/1786514887411167232/g69gG_uP_normal.jpg,1827,1608,7.510977752014095,7.3833681469923835,1.1354878806712243,1738,True,True,1,individual,real_person_photo,False,True,0.29408528644558046,REAL HUMAN,2.53
brian485464940,Brian,Mechanical Engineer working in Mining all over the world.,https://pbs.twimg.com/profile_images/1833723765882003456/YkoTIlG0_normal.jpg,1826,462,7.510430556378006,6.137727054086234,3.9438444924406046,907,True,True,1,individual,cartoon_or_illustration,False,False,,,
petresolheim,Petre Solheim,Just another recursively self-improving sentient life form of alien origin,https://pbs.twimg.com/profile_images/1588724249660825600/JiBPHhJc_normal.jpg,1820,578,7.507141079727608,6.361302477572996,3.143350604490501,1102,True,True,1,anonymous_or_no_info,cartoon_or_illustration,False,True,,,
sdogiii,sherry Twamley,,https://pbs.twimg.com/profile_images/1958678967281737728/7C046LhK_normal.jpg,1810,88,7.501634457883413,4.48863636973214,20.337078651685392,1171,False,False,1,anonymous_or_no_info,default_or_empty,False,False,0.49290115766586334,REAL HUMAN,1.13
vornitho1974,Valery Ornitho,Je vous avais prévenu avant les autres concernant la guerre et la pandémie. Gardez une longueur d'avance : https://t.co/Ky4wAB9lTN,https://pbs.twimg.com/profile_images/1841670775062822912/kSUzaayP_normal.jpg,1803,2353,7.4977617006225685,7.763871287820222,0.7659303313508921,438,True,True,3,individual,real_person_photo,False,True,,,
hellosunset1692,Wisdom in Buddhism,"阿弥陀佛 - Do not dwell in the past, do not dream of the future, concentrate the mind on the present moment! - Buddha's Wisdom #好自为之",https://pbs.twimg.com/profile_images/1806894905207214081/vSVgPMAt_normal.jpg,1796,2701,7.493873886783559,7.9017475185201445,0.6646928201332346,2194,True,True,1,individual,default_or_empty,False,True,,,
mcvalfra,Val McLaren,,https://pbs.twimg.com/profile_images/632892524655456256/Z1oIdq2u_normal.jpg,1788,641,7.489412083508719,6.464588303689961,2.7850467289719627,4190,False,False,1,anonymous_or_no_info,cartoon_or_illustration,False,False,0.4577992530345471,REAL HUMAN,0.03
gercontra,Gerardo Contreras,"Un mundo mejor es posible.
No DM",https://pbs.twimg.com/profile_images/1258033535862009858/C6jyINlt_normal.jpg,1774,181,7.4815557019095165,5.204006687076795,9.747252747252746,2826,True,False,1,individual,cartoon_or_illustration,False,False,,,
reddawneurasia,Adam the Eurasian Socialist,Geopolitical Analyst | Muslim | Scientific Socialist | Illiberal | Anti-Imperialist rejoicing in the Multipolar World and the Rise of Asia,https://pbs.twimg.com/profile_images/1987551621165854720/YpK41rMa_normal.jpg,1761,1218,7.474204806496124,7.105786129481271,1.4446267432321576,3007,True,True,3,individual,cartoon_or_illustration,False,False,,,
jasnicslobodan,Slobodan Jasnic,Bli informerad,https://pbs.twimg.com/profile_images/1490914982116143104/HQLjmT1P_normal.png,1743,1922,7.463936604468925,7.56164174558878,0.906396255850234,1366,True,False,1,anonymous_or_no_info,cartoon_or_illustration,False,False,,,
johnstauber,BRICS👍☮️,Books: #WeaponsOfMassDeception (03) #ToxicSludgeIsGoodForYou (95). Dump #NATO. Stop #BipartisanZionistFascism. Expose #Soros’ cabal. I am #SHADOWBANNED by X👎,https://pbs.twimg.com/profile_images/1894599130149998592/ZxFwnU3q_normal.jpg,1742,2605,7.463363045520021,7.8655717576847906,0.6684574059861857,6019,True,True,3,individual,real_person_photo,False,False,,,
rjwillemsen1,R.J. Willemsen,,https://pbs.twimg.com/profile_images/1074005896676720640/eeYJJTh2_normal.jpg,1739,2254,7.461640392208575,7.720905251936779,0.7711751662971175,5199,False,False,1,anonymous_or_no_info,real_person_photo,False,False,,,
renegademormon,Michael J South,"Your Mormon friends are libertarian, they just don't know it yet.

https://t.co/LwxHo7AKQS",https://pbs.twimg.com/profile_images/1540006888850563073/7w04KWkF_normal.jpg,1733,1566,7.458186157340487,7.356918242356021,1.1059349074664966,2583,True,True,1,individual,default_or_empty,False,True,0.283210640666523,REAL HUMAN,0.83
doyaksec,Donato Yaakov Secchi,Disruptor Intelligence - Semantic Web Crisis,https://pbs.twimg.com/profile_images/988396064943280129/KjOZt3g8_normal.jpg,1725,2059,7.453561871643373,7.630461261783627,0.837378640776699,4042,True,False,2,organization,cartoon_or_illustration,False,False,0.4601953259159142,REAL HUMAN,0.03
cityslickers55,Mr.Happy ✝️,Christian. Ex Ambulance Service. UK Patriot. Writer.   Assange is free!   No DMs. Monumentally hacked off.,https://pbs.twimg.com/profile_images/1953005577790980096/hx_a4hFX_normal.jpg,1705,2960,7.441906728051625,7.993282328101591,0.5758189800742992,3825,True,False,2,individual,default_or_empty,False,False,0.5612932655579713,REAL HUMAN,0.33
thracealex,Alex Thrace 🏴󠁧󠁢󠁳󠁣󠁴󠁿🇩🇰🇬🇧🇺🇲🌊,"Royal Navy Vet. 26 years. 

Affronting authority only harms the authority of government, something our ancestors considered a moral imperative so should we.",https://pbs.twimg.com/profile_images/1979575589284519936/K18kDdEy_normal.jpg,1698,1550,7.4377951216719325,7.346655163176539,1.0947775628626693,1192,True,True,2,individual,default_or_empty,False,True,,,
recalltonal,Tonal Recall,"progressive metal pierogi
party affiliation - Unaffiliated.
eagerly awaiting #FindOut
bipedal moose 
cat father",https://pbs.twimg.com/profile_images/1799512382097555456/PauLDzQL_normal.jpg,1696,1467,7.436617265234227,7.291656209174461,1.1553133514986376,3558,True,True,1,individual,cartoon_or_illustration,False,False,0.5427109557109556,REAL HUMAN,1.6
tedkel,Kel Mansfield,"Dogs, Writing, Films, Books, Music, Whales, Racing, Football, Flyball, Broadcasting, and Blogging are a few of the things I like. https://t.co/BYD4ftFj8S",https://pbs.twimg.com/profile_images/1388493008341962754/SeZAl4Iu_normal.jpg,1688,1674,7.4318919168078,7.423568444259167,1.0077611940298508,6187,True,True,1,individual,default_or_empty,False,True,0.19538925148638772,REAL HUMAN,0.77
alealefrank,alealefrank,Liberty belongs to the brave.,https://pbs.twimg.com/profile_images/1881705232679268352/4r699nw9_normal.jpg,1675,382,7.424165281042028,5.948034989180646,4.3733681462141,1526,True,True,2,individual,default_or_empty,False,True,0.17040584415584412,REAL HUMAN,4.63
qrtnurse,JMWebb,,https://pbs.twimg.com/profile_images/1743099076487647232/qFtkMUgR_normal.jpg,1636,726,7.400620577371135,6.588926477533519,2.250343878954608,5937,False,True,1,anonymous_or_no_info,real_person_photo,False,False,,,
elbeebennettt,Elba Borgia,,https://pbs.twimg.com/profile_images/1656234437078548483/-r4YzyL-_normal.jpg,1608,3208,7.3833681469923835,8.073714641109857,0.5010906824555936,1541,False,True,1,anonymous_or_no_info,real_person_photo,False,False,,,
iknownada0,IKnowNada 🇺🇸,Father/3.Frmr Marine. #MAGA #2A Dry/Sarcastic. Driving my Hummer till Earth cools or Woke! One ain’t happen’n.,https://pbs.twimg.com/profile_images/1535805563887656960/u6HKPHLL_normal.jpg,1594,1721,7.374629015218945,7.451241684987676,0.9256678281068524,1367,True,True,1,individual,cartoon_or_illustration,False,False,,,
eastcodiesel,The Unsinkable Kung Flu Panda MD,Just a panda trying to survive in Wuhan without getting eaten. Pandas are friends not food. Looking at you China.,https://pbs.twimg.com/profile_images/1244968206650966016/wV-L1Zre_normal.jpg,1580,1821,7.365812837209472,7.507690077819904,0.867178924259056,3256,True,True,1,individual,cartoon_or_illustration,False,True,0.5824667415917414,REAL HUMAN,2.43
joazipan007,Joazipan007,Everything we’ve been taught is a lie.🏴󠁧󠁢󠁥󠁮󠁧󠁿 🇺🇸 🏴󠁧󠁢󠁥󠁮󠁧󠁿 #unvaccinated #PfizerKilledMyDad. Q. I am a ai bot not human. 🤪,https://pbs.twimg.com/profile_images/1731219465319157760/0ebZiUs2_normal.jpg,1555,2379,7.349873704738337,7.77485576666552,0.6533613445378151,1125,True,True,2,anonymous_or_no_info,default_or_empty,False,True,0.6091202408702407,REAL HUMAN,0.3
conciouslabrat,Ikkyu Sojun,"Doubts are not weakness. They are the crack in the cathedral of lies.  When the dogma demands blind faith, doubt becomes the highest form of loyalty to truth!",https://pbs.twimg.com/profile_images/1473608050107981827/rTfUY9fs_normal.jpg,1547,1254,7.344719054149673,7.134890851565884,1.2326693227091634,2912,True,False,2,anonymous_or_no_info,cartoon_or_illustration,False,True,,,
skaerials,Professor SK 🏴󠁧󠁢󠁳󠁣󠁴󠁿 A Colony not a County,"No person has the right to insist his/her perception of reality is superior to another's. 
Particularly in defiance of empirical evidence.",https://pbs.twimg.com/profile_images/1498360931516096513/oOyP3AE7_normal.jpg,1540,1110,7.340186835320115,7.01301578963963,1.386138613861386,5249,True,True,2,individual,flag_or_national_symbol,True,False,,,
frankandbri,francis o'hara,"Truth facts, justice and fairness. DEFINITELY  NO DMs. I block insulting idiots without wasting  my time explaining why.!",https://pbs.twimg.com/profile_images/1130831819983773697/mARUPsIk_normal.png,1534,517,7.336285660021297,6.249975242259483,2.9613899613899615,4046,True,True,2,individual,real_person_photo,False,False,0.257466002951297,REAL HUMAN,1.23
manojzxc,Manoj.G,"Interested in Strategic Affairs,
GeoPolitics, International Relations,
National Security, 
India's Military Industrial Complex, 
China",https://pbs.twimg.com/profile_images/1955394701969743873/o0mOwV9Z_normal.jpg,1516,990,7.324489979348532,6.898714534329988,1.5297679112008074,5606,True,True,1,individual,flag_or_national_symbol,True,False,0.3796769203019204,REAL HUMAN,0.1
ninterit,nihil interit,"Here to bust myths. No exception. Capable of self reflection, unimpressed by your opinion about me, dedicated seeker of fun,  Swiss Alpine Goat",https://pbs.twimg.com/profile_images/1303064367781605382/CrTK3q_m_normal.jpg,1513,840,7.322510433997394,6.734591659972948,1.7990487514863258,2117,True,False,1,individual,real_person_photo,False,True,,,
progunone1776,We've already been infiltrated.,"I left Twitter when they suspended President Trump. I'm back to see what Elon does
We're being played again, this time in Ukraine. Research it a bit.
ULTRA-MAGA",https://pbs.twimg.com/profile_images/1511359637907337220/2bXlEABB_normal.jpg,1506,1487,7.317876198626496,7.305188215393037,1.0120967741935485,1338,True,True,3,individual,flag_or_national_symbol,True,False,,,
vivienstevens23,vivien stevens,,https://pbs.twimg.com/profile_images/1895955514804023296/BHbUNClU_normal.jpg,1489,366,7.306531398939505,5.905361848054571,4.0572207084468666,4100,False,False,1,anonymous_or_no_info,cartoon_or_illustration,False,False,0.3708340548340549,REAL HUMAN,1.27
junoslav369,Junoslav 369,"Do 2050 roku Ziemia razem z mieszkańcami przejdzie w piąty wymiar, to już najwyższy czas by obudzić się.",https://pbs.twimg.com/profile_images/1783599942679863297/1lfriOvY_normal.jpg,1464,488,7.289610521451167,6.192362489474872,2.9938650306748467,625,True,False,1,anonymous_or_no_info,default_or_empty,False,False,,,
jonlegsby11,Legsby🇬🇧,Mature sceptic and nature lover. Living in Lincolnshire.,https://pbs.twimg.com/profile_images/1725085075862163456/row215pd_normal.jpg,1459,870,7.286191714702382,6.769641976852503,1.6750861079219288,770,True,False,1,individual,default_or_empty,False,False,0.5453671100141687,REAL HUMAN,0.23
platykitten,Rorene: International woman for peace NO DMs,Living on Wurundjeri stolen land.,https://pbs.twimg.com/profile_images/1301505533510184961/0gHYOrC8_normal.jpg,1459,2230,7.286191714702382,7.7102051944325325,0.653966831017481,3317,True,True,1,individual,cartoon_or_illustration,False,False,0.6495397437529788,BOT-LIKE ACTIVITY,2.07
rzonop,Atlehang,Football ⚽️🏟 fanatic | Politics & geopolitics observer | Tech 👨‍💻 enthusiast | Xbox 🎮 gamer | Unfiltered takes from ZA 🇿🇦 | Free Palestine 🇵🇸🇵🇸🇵🇸,https://pbs.twimg.com/profile_images/1589352179147718657/YXaBs293_normal.jpg,1446,2244,7.277247726631484,7.716460800176355,0.644097995545657,2334,True,True,2,individual,default_or_empty,False,False,,,
boetschouwink,The Voice,"Voice-over / voiceactor / impersonator
""Best Morgan Freeman impersonator in the world"" according to MTV.
https://t.co/1uV89knEIu",https://pbs.twimg.com/profile_images/1517137670966706176/1oEtK8Py_normal.jpg,1443,865,7.275172319452771,6.763884908562435,1.666281755196305,4847,True,True,1,individual,default_or_empty,False,False,0.32511227334756737,REAL HUMAN,0.8
cartoonisthugo,Hugo Freutel,"LIVE sneltekenaar, CARTOONIST karikaturist  PORTRET artiest. Karikatuur WORKSHOP! Visie CARTOON illustratie  STUDIO = open!",https://pbs.twimg.com/profile_images/2263201325/Karikaturist_Hugo_Freutel_normal.jpg,1432,2443,7.267525427828172,7.8013913202914855,0.5859247135842881,4941,True,True,1,individual,real_person_photo,False,False,,,
mermadrigal,MerryO,"Nature lover. Christian Astrologer. QM research Mgr. Artist. Teacher. BSN-ICU, ER, L/D, Psych",https://pbs.twimg.com/profile_images/1700910808379858944/pnz2Ag5e_normal.jpg,1429,425,7.265429723253953,6.054439346269371,3.3544600938967135,844,True,True,1,individual,cartoon_or_illustration,False,True,,,
tonyaddison,Tony Addison (SO),"Proud Brexiteer. DYOR before the v@x (thanks Del Bigree), and have done for ""hoax climate change"" (basically the sun). Anti WEF and WHO.  DT who killed JFK?",https://pbs.twimg.com/profile_images/1971278833186725888/F2tpWqsJ_normal.jpg,1419,2692,7.258412150595307,7.898411092811599,0.5269216487189009,6214,True,True,2,individual,cartoon_or_illustration,False,False,0.20030651920319104,REAL HUMAN,0.13
mvernengo1,Martín Vernengo,"Ingelectrónico Diamandista, Nerd profesional. Cooptado por economistas populistas que agitan el sucio trapo rojo y quieren gastar más de lo que se recauda.",https://pbs.twimg.com/profile_images/1129770615718797315/30b68VcV_normal.jpg,1418,727,7.257707677160043,6.590301048196686,1.9478021978021978,2447,True,True,1,individual,real_person_photo,False,False,0.3138150428003369,REAL HUMAN,0.0
musa_mansa,Just MUSA,President of Clever Blacks,https://pbs.twimg.com/profile_images/1937705366571069441/wVFR9tKs_normal.jpg,1418,1046,7.257707677160043,6.953684210870537,1.3543457497612226,2350,True,True,1,anonymous_or_no_info,default_or_empty,False,True,0.2622429482282423,REAL HUMAN,0.4
exposethepuppet,Roberto Sanchez,,https://abs.twimg.com/sticky/default_profile_images/default_profile_normal.png,1414,145,7.254884810077338,4.983606621708336,9.684931506849315,616,False,False,1,anonymous_or_no_info,default_or_empty,False,False,0.8182907925407925,BOT-LIKE ACTIVITY,0.17
windancer2706,Windancer2706,"My country is planet Earth, my people is mankind",https://pbs.twimg.com/profile_images/1672583388065157120/NslT1c6Z_normal.jpg,1411,2321,7.252762418053187,7.7501841622578365,0.607665805340224,5203,True,False,1,individual,default_or_empty,False,False,0.6638945966314387,BOT-LIKE ACTIVITY,0.67
stanger_05,Maestro,"“ Experience hath shewn that mankind are more disposed to suffer, while evils are sufferable”. ~ Thomas Jefferson…. NO DMs",https://pbs.twimg.com/profile_images/1986436587043831809/eiDT5gZd_normal.jpg,1406,2456,7.249215057114389,7.806696372521179,0.5722425722425722,1148,True,True,1,individual,cartoon_or_illustration,True,True,0.625348013098013,REAL HUMAN,2.93
nicktaynorfolk,Nick  Taylor,"Retweets not necessarily an endorsement.
@nicktaylornorfolk@mas.to",https://pbs.twimg.com/profile_images/1088833730779770880/e8HtkW7j_normal.jpg,1397,1227,7.242797922793756,7.113142108707088,1.1376221498371335,2508,True,False,1,individual,default_or_empty,False,False,,,
tuscantony,The Tuscan,"Multidaddy, investor, flaneur, skier, wine admirer, putative chef",https://pbs.twimg.com/profile_images/1918046225028329472/ulja8Ij1_normal.jpg,1396,1369,7.242082359256962,7.222566018822171,1.018978102189781,6280,True,True,1,individual,real_person_photo,False,True,0.3333589294692236,REAL HUMAN,2.2
woutschaap,Wouter.,"#Blank
#RoodWitBlauw
#BlauwWitRood",https://pbs.twimg.com/profile_images/1995202341683777536/60AdcZha_normal.jpg,1393,1598,7.2399325913204695,7.377133712833954,0.8711694809255784,5407,True,True,1,anonymous_or_no_info,cartoon_or_illustration,True,False,0.42167501942501934,REAL HUMAN,0.03
deplorabusm,Deplorabus Maximus,"Deplorable, Bitter Clinger, Trump-Supporting Garbage",https://pbs.twimg.com/profile_images/1608467958979858433/dnYrQrDB_normal.jpg,1384,966,7.233455418621439,6.874198495453294,1.4312306101344363,1077,True,True,1,individual,cartoon_or_illustration,True,True,,,
csabatzki,Carl G Sabatzki,I agree with everything I've said.,https://pbs.twimg.com/profile_images/1998380779894718464/okLLq0J1_normal.jpg,1379,1400,7.22983877815125,7.244941546337007,0.9842969307637401,815,True,False,1,anonymous_or_no_info,default_or_empty,False,True,,,
mercernany,💧Nanette Mercer,,https://pbs.twimg.com/profile_images/1690934938860949504/RRAk2dQg_normal.jpg,1368,222,7.221835825288449,5.407171771460119,6.134529147982063,3451,False,True,1,anonymous_or_no_info,organization_logo,False,False,0.5459274581627522,REAL HUMAN,5.83
rocky_1661,𝐑𝐮𝐦𝐢`ʳˢʸ,"ॐ 
Proud Sanghii🗿🚩
                                                                                                    𝐘𝐀𝐒𝐇 || 𝐌𝐒𝐃 || 𝐏𝐑𝐀𝐁𝐇𝐀𝐒",https://pbs.twimg.com/profile_images/1987228402919915520/egLEoPo1_normal.jpg,1353,1609,7.21081845347222,7.383989457978509,0.8403726708074534,1000,True,True,1,individual,default_or_empty,False,,,,
mackaycallum44,Patchmeister,Army veteran now immersed in local community philanthropy🏴󠁧󠁢󠁳󠁣󠁴󠁿,https://pbs.twimg.com/profile_images/1945739018873794561/DK2TWnGC_normal.jpg,1343,599,7.203405521083095,6.396929655216146,2.2383333333333333,1317,True,True,1,individual,cartoon_or_illustration,False,True,0.4247652380299439,REAL HUMAN,0.07
antoine2711,Antoine Beaubien,,https://pbs.twimg.com/profile_images/1541981088960094209/nUkXKVoa_normal.jpg,1341,615,7.201916317531627,6.423246963533519,2.176948051948052,6126,False,True,1,anonymous_or_no_info,real_person_photo,False,False,0.529205266955267,REAL HUMAN,3.13
lettuceorganise,Simon de Montfort,Canada needs to cleanse the land of the Barbarian Hordes and the Money Changers,https://pbs.twimg.com/profile_images/1986857063088349184/Rw41zxR6_normal.jpg,1311,1319,7.179307969504034,7.1853870155804165,0.9931818181818182,458,True,True,2,individual,default_or_empty,False,False,0.6375584848158377,BOT-LIKE ACTIVITY,4.67
barry64145240,Barry,Build The Wall … Scottish Highlander and Proud 🏴󠁧󠁢󠁳󠁣󠁴󠁿,https://pbs.twimg.com/profile_images/1874196153924771840/Bj522xgx_normal.jpg,1304,1342,7.173958319756794,7.202661196523238,0.9709605361131795,1768,True,True,2,individual,cartoon_or_illustration,False,False,0.6573637506284565,BOT-LIKE ACTIVITY,0.03
abdalqaim,Khalil ✋🏻🫳🏻,All governments suffer a recurring problem: Power attracts pathological personalities. It is not that power corrupts but that it is magnetic to the corruptible.,https://pbs.twimg.com/profile_images/1946681814027780096/S5jf5QSG_normal.jpg,1303,1453,7.1731917424865985,7.282073658093465,0.8961485557083907,5281,True,True,2,individual,default_or_empty,False,False,0.2965007108904168,REAL HUMAN,1.43
dlbohin,david,No DM's please. Ron Paul Libertarian.,https://pbs.twimg.com/profile_images/2000534442486419460/wO876PKz_normal.jpg,1297,1517,7.168579897264035,7.325148957955575,0.8544137022397892,5423,True,True,1,individual,default_or_empty,False,True,0.4535966255966255,REAL HUMAN,2.83
starrshine369,Elizabeth Starr Miller,"Dr of Integrative Medicine and Energy Medicine, Dr of Divinity, Ordained minister, mother, patriot, political conservative, holistic practitioner, shaman",https://pbs.twimg.com/profile_images/1899347066012270592/AI2elcZ7_normal.jpg,1296,642,7.167809184316444,6.466144724237619,2.015552099533437,394,True,True,1,individual,default_or_empty,False,True,0.5209393939393938,REAL HUMAN,8.43
toivangelder73,Toi van Gelder,"lezen, pianospelen, tuinieren. 

thumos

gelezen: Prof Bezemer, Marc Jansen, Prof Kees vd Pijl, Eric vd Beek",https://pbs.twimg.com/profile_images/1990089382636761088/Jw1mVG56_normal.jpg,1285,866,7.1592919047975645,6.7650389767805414,1.4821222606689735,736,True,False,3,individual,real_person_photo,False,False,,,
eviepurpleting,Evie Purpleting,"wife, mom, who tries to figure dis brypto out  #weirdtogether",https://pbs.twimg.com/profile_images/2011008809875959808/RTZtUL70_normal.jpg,1285,1949,7.1592919047975645,7.575584651557793,0.658974358974359,1758,True,False,1,individual,cartoon_or_illustration,False,False,,,
mimicoolboomer,Sero Lorca,"I believe in God, and one way or another he’s going to fix us",https://abs.twimg.com/sticky/default_profile_images/default_profile_normal.png,1278,665,7.153833801578843,6.501289670540389,1.9189189189189189,3676,True,True,1,individual,default_or_empty,False,False,,,
tjerkje01,Tjerkje,"Houdt van het leven, eerlijk , oprecht, vriendelijk",https://pbs.twimg.com/profile_images/1340311033525788673/ykl9m55F_normal.jpg,1274,898,7.150701457592526,6.80128303447162,1.4171301446051168,5910,True,True,1,individual,real_person_photo,False,False,,,
ulgenfatma74,Dr.Sophia Ulgen 🇷🇺☮🇺🇸,"BS-Wharton School,UPENN,
PhD-UC San Diego.President Putin ❤
Russia🤍,Russia-US Rltns,Palestine,Intl Rltns.American citizen.PRO-RUSSIA RUSSIAN.UKRAINE IS RUSSIA.",https://pbs.twimg.com/profile_images/1917308267195236353/TlCX9bCb_normal.jpg,1269,445,7.146772179452637,6.100318952020064,2.8452914798206277,477,True,True,5,individual,default_or_empty,False,True,0.5567942090589149,REAL HUMAN,2.53
idontthinksokid,Kinoji,"will never accept animal abuse, ever..Will never comply to unjust rules and lies.",https://pbs.twimg.com/profile_images/1151586655066820609/7n5vOihU_normal.jpg,1267,1682,7.145196134997171,7.428333194190806,0.7528223410576351,3897,True,False,1,individual,cartoon_or_illustration,False,False,,,
jaaptbm1,Jaap,"Ondernemer. Gewoond en gewerkt in Midden Oosten en Canada. Motorrijden, golf, Canada, Spanje, Noorwegen. Daytraden.",https://pbs.twimg.com/profile_images/1855153282659815424/nsy9yP4D_normal.jpg,1260,924,7.13966033596492,6.829793737512425,1.3621621621621622,795,True,True,1,individual,real_person_photo,False,False,,,
borisnchuryk,Boris N Churyk,Leaders Leaders News,https://pbs.twimg.com/profile_images/1431990093150044168/OkpAFit__normal.jpg,1260,999,7.13966033596492,6.907755278982137,1.26,3570,True,True,1,anonymous_or_no_info,cartoon_or_illustration,False,False,,,
ehdelhii,MAGA citizen,"My interest area is Central Asia & Eurasia's history & culture!  
I stand w/Trump & MAGA 🇺🇸🙌
I stand w/Elon & Free speech
Pls, No DMs, or you will be blocked",https://pbs.twimg.com/profile_images/1967455238958592000/7raqaBKC_normal.jpg,1259,2028,7.138866999945524,7.615298339825815,0.6205027106949236,3970,True,True,2,individual,cartoon_or_illustration,False,True,,,
moscow__calling,Moscow calling,"🇷🇺 Moscow is calling. Are you ready to listen? ✨News, facts, and insights from Russia",https://pbs.twimg.com/profile_images/1946648037360586752/k87BPcGW_normal.jpg,1253,98,7.134093721192866,4.59511985013459,12.656565656565656,145,True,True,4,journalist_or_media,default_or_empty,False,,,,
darealbease,DarealBease,"Human, Christian, American, Marine, Family, Constitution defender, Molon Labe, 1A, 2A,  Cue'd, Sheepdog, Very Happily Married.

Truth Seeker. 
Freedom Lover.",https://pbs.twimg.com/profile_images/1880586819638550528/H7RfnboG_normal.jpg,1244,1289,7.126890808898808,7.162397497355718,0.9643410852713178,4514,True,True,2,individual,flag_or_national_symbol,True,False,,,
zeiein,Zeien,"Gewisse/Judah/Zeien                                  
House of Wittelsbach & Hohenzollern
Saxon from the Rhine.",https://pbs.twimg.com/profile_images/1844153151609331712/ioq9Nwci_normal.jpg,1244,473,7.126890808898808,6.161207321695077,2.6244725738396624,2591,True,True,2,individual,default_or_empty,False,True,,,
maturefinancier,maturefinancier,"Builder, engineer. Anti woke, pro Brexit anti establishment, Republican. Covid was a con, climate change is a hoax. UK is not a democracy. Now Reform voter.",https://pbs.twimg.com/profile_images/1659138272151367682/-RXeWqx4_normal.jpg,1242,2163,7.1252830915107115,7.679713639966372,0.5739371534195934,930,True,True,2,individual,cartoon_or_illustration,False,False,0.7884819512702635,BOT-LIKE ACTIVITY,1.43
triples33,Tripplespunch,"The greatness of a man is not in how much wealth he acquires, but in his integrity and his ability to affect those around him positively.   By Bob Marley",https://pbs.twimg.com/profile_images/1750616072112263169/e5YPaqDG_normal.jpg,1238,1419,7.122059881629142,7.258412150595307,0.8718309859154929,5401,True,True,1,individual,cartoon_or_illustration,False,False,,,
euroboma,Boma John,"It will be over when it's over!                    
I STAND WITH RUSSIA,PALESTINE, IRAN, YEMEN !!!...&  SONNY STITT !",https://pbs.twimg.com/profile_images/1614720103114760192/UBUki0iP_normal.jpg,1233,1607,7.1180162044653335,7.382746449738912,0.7667910447761194,1027,True,False,4,individual,cartoon_or_illustration,False,False,0.7458084097275274,BOT-LIKE ACTIVITY,0.2
martinturzak,Martin Turzak,,https://pbs.twimg.com/profile_images/1117809645521907712/cbtabO6R_normal.jpg,1228,1538,7.113956109566034,7.338888133838879,0.7979207277452891,4770,False,True,1,anonymous_or_no_info,real_person_photo,False,False,,,
mrsatias,M Silvennoinen 🇬🇱 🇵🇦 🇨🇦,"Pro all good things, against all bad things

What Nafo doing?",https://pbs.twimg.com/profile_images/1692473888117059584/dj27ibvt_normal.jpg,1221,479,7.108244139731541,6.173786103901937,2.54375,3132,True,False,3,individual,real_person_photo,False,False,,,
fedro6548,Domenico Antonio Valvano,,https://pbs.twimg.com/profile_images/1832428122165141504/bZ7c-6Z1_normal.jpg,1216,71,7.104144092987527,4.276666119016055,16.88888888888889,897,False,True,1,anonymous_or_no_info,real_person_photo,False,False,0.5483798595195654,REAL HUMAN,1.2
dawnlennon14,JAY,"Believer of Common Sense, life doesn’t have to be complicated but it does help political Narratives. 🇮🇪🏴󠁧󠁢󠁥󠁮󠁧󠁿",https://pbs.twimg.com/profile_images/1894692930230611968/9kFU_1U0_normal.jpg,1204,1308,7.094234845924755,7.1770187659099,0.9197860962566845,1094,True,True,2,individual,real_person_photo,False,False,,,
russe61784,David Russell,"Just trying to be one of the cool kids by being on X.  Some things matter, some things don't.  Learning the difference daily.",https://pbs.twimg.com/profile_images/1807922789036482560/9JFFUCE2_normal.jpg,1195,1367,7.086737934510577,7.221105098182496,0.8735380116959064,517,True,True,1,individual,real_person_photo,False,False,0.7744756354756355,BOT-LIKE ACTIVITY,0.63
sempsictyranis,steve rickey,"Law is my passion. We are a Nation of Laws are we not? Married 20 years to the most beautiful woman ever. Three kids grown, and grandson. Not USA I grew up in.",https://pbs.twimg.com/profile_images/978852036514066432/Z1CQU_If_normal.jpg,1181,1454,7.074963197966044,7.282761179605593,0.8116838487972509,5492,True,False,2,individual,cartoon_or_illustration,True,False,0.36677891900840814,REAL HUMAN,0.43
phat3lvis,Phat3lvis,"Never buy new, buy it broken and fix it wrong. 
Dyslexic, can't spell, and don't care.

I follow back.",https://pbs.twimg.com/profile_images/1817662892700762112/rywlw2Y5_normal.jpg,1173,645,7.068172000388042,6.470799503782602,1.8157894736842106,1988,True,True,1,individual,cartoon_or_illustration,False,True,0.2062617953941484,REAL HUMAN,0.93
fashionpearce,Blofeld’s cat is missing!,Let others judge!,https://pbs.twimg.com/profile_images/1336404704486699011/jy3oTNc1_normal.jpg,1170,839,7.065613363597717,6.733401891837359,1.3928571428571428,2746,True,True,1,individual,real_person_photo,False,False,,,
mandated13ant,Ant,"Political commentator.
Lefty ideology has become intolerable..
🇦🇺🇦🇺🇦🇺🇬🇧🇺🇲",https://pbs.twimg.com/profile_images/1529644530764779520/h1RWvSPz_normal.jpg,1164,1130,7.060476365999801,7.030857476116121,1.0291777188328912,1316,True,True,2,individual,cartoon_or_illustration,False,False,,,
tbayfield,Trevor Bayfield,"There is no climate emergency, only a global elite power land grab. 
Musician, Home Recording, Chef, Surfer, Goofy Foot.",https://pbs.twimg.com/profile_images/1666882808332025869/l4bPeToC_normal.jpg,1160,1029,7.057036981697891,6.937314081223682,1.1262135922330097,2747,True,True,2,individual,cartoon_or_illustration,False,False,,,
maxindixie,maxdixie,"Just here for the news
History Matters
NO  dms",https://pbs.twimg.com/profile_images/1972751515539427329/kBeFT_DM_normal.jpg,1160,1310,7.057036981697891,7.1785454837637,0.8848207475209764,1313,True,False,2,individual,default_or_empty,False,True,0.6572836242704665,REAL HUMAN,2.77
maryskaron,skaronmary,And still the Lotus Eaters remain apathetic,https://pbs.twimg.com/profile_images/1814251583246323714/OIJGsHig_normal.jpg,1159,1019,7.05617528410041,6.927557906278317,1.1362745098039215,3329,True,True,2,individual,cartoon_or_illustration,False,False,0.4983807909926329,REAL HUMAN,0.6
dprabhata,Dhyan ⚡️ End Occupation of PALESTINE 🇵🇸‼️,No amount of anxiety makes any difference to anything that is going to happen. — Alan Watts,https://pbs.twimg.com/profile_images/1437995000315269121/WieIO7w6_normal.jpg,1156,542,7.053585727193677,6.297109319933935,2.128913443830571,4750,True,True,1,individual,cartoon_or_illustration,False,False,,,
selvarin,Selvarin,"¯\_(ツ)_/¯ Just a dude being a dude. ¯\_(ツ)_/¯  **NO BS/NO DMS**

Not interested in crypto or Nigerian princes. Just be real.",https://pbs.twimg.com/profile_images/1623502205713014784/uE21SQgt_normal.jpg,1148,854,7.046647277848756,6.75110146893676,1.3426900584795323,1143,True,True,1,individual,cartoon_or_illustration,False,True,0.5415763340117055,REAL HUMAN,1.77
mikedrozan,Mike Drozan,"I’m a Christian conservative who loves his country and believes in freedom and fair elections. Sorry I don’t have the verified check mark anymore, cant afford.",https://pbs.twimg.com/profile_images/1500888023759794178/DEfXpOxn_normal.jpg,1148,35,7.046647277848756,3.58351893845611,31.88888888888889,1575,True,False,2,individual,real_person_photo,False,False,,,
kdp63806543,Kenneth2018Tx,Law Enforcement. Please don't not send DMs.,https://pbs.twimg.com/profile_images/1448706321830883331/HgQJg134_normal.jpg,1143,1672,7.042286171939743,7.422373700986824,0.6832038254632397,2753,True,True,1,individual,flag_or_national_symbol,True,False,,,
cully186,Cully,I hate the Tories. We need to organise a revolution!!!,https://pbs.twimg.com/profile_images/1917522623900045312/lhqnxfY5_normal.jpg,1138,1958,7.037905963447182,7.580189417944541,0.5809086268504339,6156,True,True,1,individual,organization_logo,False,False,,,
zakhele_mkh,Zakhele Terrence Mkh,A sweating passion for African fashion....,https://pbs.twimg.com/profile_images/1294125382090862592/NL4gX3wg_normal.jpg,1137,1173,7.037027614686276,7.068172000388042,0.9684838160136287,3065,True,True,1,individual,real_person_photo,False,False,0.31641144639674057,REAL HUMAN,0.0
mariacrouch18,Maria Crouch,Passionate about the planet animals people world peace,https://abs.twimg.com/sticky/default_profile_images/default_profile_normal.png,1121,527,7.022868086082641,6.269096283706261,2.1231060606060606,1936,True,False,1,individual,default_or_empty,False,False,,,
bpetrovchich,Boris Petrovchich,,https://pbs.twimg.com/profile_images/1641923176329527298/DsqTCYkC_normal.jpg,1114,318,7.016609683894219,5.765191102784844,3.4921630094043885,948,False,False,1,anonymous_or_no_info,real_person_photo,False,True,,,
englishladyorks,John 🏴󠁧󠁢󠁥󠁮󠁧󠁿🇬🇧✝️,"Never vote Labour🥀
Southend United
              NO ONE NEEDS DIGITAL ID",https://pbs.twimg.com/profile_images/1944798064943759365/7MyN1NoY_normal.jpg,1108,1247,7.011213987350367,7.129297548929373,0.8878205128205128,342,True,True,1,individual,real_person_photo,False,False,,,
dumptheguardian,ALETHEIA - Goddess of Truth & Wisdom,"An Explanation is not Advocation.

35yr Military Career.

Geo_Economics

Geo_Politics.

Security & International Studies.

Military Studies.

75% INTJ +25% ISTJ",https://pbs.twimg.com/profile_images/1642046619334983682/yVUDrzia_normal.jpg,1104,0,7.007600613951853,0.0,1104.0,1362,True,False,2,individual,cartoon_or_illustration,False,False,0.7533285603285604,BOT-LIKE ACTIVITY,0.0
investchar2023,Charles Invest,$TSLA & Space X investor/BTC hodler/ $MTPLF & $BMNR,https://pbs.twimg.com/profile_images/1681807455175553024/Z_fiRjcV_normal.jpg,1100,839,7.00397413672268,6.733401891837359,1.3095238095238095,910,True,True,1,individual,real_person_photo,False,True,,,
nerdy1975,Diana,"To strive, to seek, to find, and not to yield. - Alfred Tennyson 

I think my cat is trying to kill me ... 😼",https://pbs.twimg.com/profile_images/1446136721599467531/tji7Ak0H_normal.jpg,1100,1152,7.00397413672268,7.050122520269059,0.9540329575021682,2267,True,True,1,individual,real_person_photo,False,False,,,
asterismvaibhav,Vaibhav Tiwari,👑 CEO | Asterism🚀 | Strategic Architect | Building Futures. Bending Systems. Leading Quiet Revolutions | Physics Geek,https://pbs.twimg.com/profile_images/1994757106113929216/iI5_23v5_normal.jpg,1095,429,6.999422467507961,6.063785208687608,2.546511627906977,5223,True,False,1,individual,real_person_photo,False,False,,,
johnnyx666x,JohnnyX,,https://pbs.twimg.com/profile_images/1797404022783004672/Fnb1cJpV_normal.jpg,1079,703,6.984716320118266,6.556778356158042,1.5326704545454546,563,False,False,1,anonymous_or_no_info,real_person_photo,False,False,,,
d1rogue,audge,"The Dirty Fukn Hippies Were Right.
International Eco Socialist
#sharethewealth #FreePalestine #VictoryToTheResistance
🇵🇸🇮🇷🇱🇧🇮🇶🇱🇾🇸🇾",https://pbs.twimg.com/profile_images/952504482293780481/Mjuq1u0r_normal.jpg,1079,2051,6.984716320118266,7.62657020629066,0.5258284600389863,5813,True,True,2,individual,cartoon_or_illustration,False,False,0.5068072344322345,REAL HUMAN,0.17
robertthaler99,robert thaler,"actor, stage, tv, film. Not a good singer but better than Springsteen
U.C. Berkeley, econ and math, derivatives trading, weight work, zen.
Blessings to All.",https://pbs.twimg.com/profile_images/1530741591001821185/6pzsBnvk_normal.jpg,1073,620,6.97914527506881,6.431331081933479,1.7278582930756843,3904,True,True,1,individual,real_person_photo,False,False,,,
gsloveafricar,Minister of #Bitcoin,"If you don't believe me, or you don't get it, I don't have time to try convince you, sorry - Satoshi Nakamoto",https://pbs.twimg.com/profile_images/1698406626665902081/_hvFqpih_normal.jpg,1073,2016,6.97914527506881,7.6093665379542115,0.5319781854238969,2264,True,True,1,anonymous_or_no_info,cartoon_or_illustration,False,False,,,
andyinlondon1,AndyInLondon 🏴󠁧󠁢󠁥󠁮󠁧󠁿 😃,"Apparently I'm a Russian bot . Gay but not obsessed with it, No divisive identity politics, No vax coercion, No censorship. No wire hangers. Ever.",https://pbs.twimg.com/profile_images/1527856927258058752/A7TtF9un_normal.jpg,1068,174,6.974478911025045,5.1647859739235145,6.102857142857143,2360,True,True,2,individual,cartoon_or_illustration,False,False,,,
chriscoetz24345,Chris Choetz,DM- Will not be answered due to fakes.,https://pbs.twimg.com/profile_images/1796875116086808576/RWA6JxuC_normal.jpg,1052,334,6.959398512133975,5.814130531825066,3.1402985074626866,563,True,True,1,anonymous_or_no_info,real_person_photo,False,False,,,
amicuscuri99068,Amicus Curiae,Australian,https://abs.twimg.com/sticky/default_profile_images/default_profile_normal.png,1049,169,6.956545443151569,5.135798437050262,6.170588235294118,856,True,False,1,individual,default_or_empty,False,True,,,
holy_hero,Don Corleone🔥,𝑨𝑰 𝑨𝒖𝒕𝒐𝒎𝒂𝒕𝒊𝒐𝒏 . 𝑳𝒂𝒌𝒆𝒓𝒔 . 𝑪𝒉𝒆𝒍𝒔𝒆𝒂,https://pbs.twimg.com/profile_images/1939363894201298944/D0SkkO3R_normal.jpg,1039,1234,6.946975992135418,7.118826249062078,0.8412955465587044,5292,True,False,1,individual,real_person_photo,False,False,0.30856132756132754,REAL HUMAN,0.47
stevenmont10940,Steven Montplaisir,If your mission is to save this country then this country will be saved !,https://pbs.twimg.com/profile_images/1778420987626708992/YUdfhPTo_normal.jpg,1038,593,6.946013991099227,6.386879319362645,1.7474747474747474,674,True,True,2,individual,real_person_photo,False,True,,,
bartdepalma,Bart DePalma,Veteran and Writer,https://pbs.twimg.com/profile_images/1724152337/DSC_5003_normal.jpg,1029,158,6.937314081223682,5.0689042022202315,6.471698113207547,5846,True,True,1,individual,real_person_photo,False,True,,,
agent_00pl,Kyoshiro 🇵🇱⚔️💯,"„W tej sprawie, podobnie zresztą jak w każdej innej, trzeba postępować zgodnie ze swoimi kardynalnymi zasadami”😉",https://pbs.twimg.com/profile_images/1814978022497218560/_hK4SSyM_normal.jpg,1026,1780,6.934397209928558,7.484930283289661,0.5760808534531162,4573,True,True,1,anonymous_or_no_info,cartoon_or_illustration,False,False,,,
libra_jk,Cock-tales Farms Entreprise,Entrepreneur | Agricultural Production | Social Commentator | Agent Provocateur,https://pbs.twimg.com/profile_images/1980009760175915008/DaRRV6bI_normal.jpg,1021,621,6.92951677076365,6.432940092739179,1.6414790996784565,5529,True,True,1,individual,default_or_empty,False,False,,,
robgoodall6,Rob Goodall,"""One has to belong to the intelligentsia to believe things like that: no ordinary man could be such a fool.""",https://pbs.twimg.com/profile_images/1611865567006457857/8pjsp9br_normal.jpg,1021,1160,6.92951677076365,7.057036981697891,0.8794142980189492,1259,True,False,2,anonymous_or_no_info,default_or_empty,False,True,,,
debanknow,Debank Now ⚡,"I was debanked, you can prepare in advance. Opinions are my own, NEVER financial advice!

 BTC HODL Tip Jar: 
bc1qwcsghhag7kxq96jrawa3tlc5fy2ketdd0lp0lg",https://pbs.twimg.com/profile_images/1940687965073678336/gvjeFZ1Z_normal.jpg,1017,272,6.925595197110468,5.60947179518496,3.7252747252747254,653,True,True,2,individual,cartoon_or_illustration,False,True,,,
davidjayjordan,Prophet David Jay Jordan,"Non Church Christian Missionary for 55 years, not pro Jewish or nationalistic .. Past Can. Nat. Team BB player. Web at 'https://t.co/vtVLqVR2Tw'    D.M's O.K.",https://pbs.twimg.com/profile_images/1858139329639620608/T7tB8Hqf_normal.jpg,1015,96,6.923628628138427,4.574710978503383,10.463917525773196,5856,True,True,2,individual,real_person_photo,False,,,,
tracygalla1990,Tracy Gallagher,,https://abs.twimg.com/sticky/default_profile_images/default_profile_normal.png,1010,1171,6.918695219020472,7.066466970136958,0.8617747440273038,846,False,False,1,anonymous_or_no_info,default_or_empty,False,False,,,
johpersso,THE TRUTH ☦️,"Its Ok If you disagree with me, I can't force you to be right.",https://pbs.twimg.com/profile_images/1872207288326295552/X3Zo1Hou_normal.jpg,1010,322,6.918695219020472,5.777652323222656,3.126934984520124,982,True,False,2,individual,cartoon_or_illustration,False,False,,,
tmsgrant,Hobbysmart,"$SNEK $ADA $SWARMS 

Those who know, know, those who don't; Meh'.",https://pbs.twimg.com/profile_images/1800459357672587264/WkJqq--W_normal.jpg,1001,401,6.90975328164481,5.996452088619021,2.490049751243781,4112,True,False,1,anonymous_or_no_info,cartoon_or_illustration,False,True,,,
watson_jam42276,James Watson,,https://pbs.twimg.com/profile_images/1783852893637836800/USJG4Lde_normal.jpg,1000,1493,6.90875477931522,7.309212365692763,0.6693440428380187,586,False,True,1,anonymous_or_no_info,cartoon_or_illustration,False,False,0.8253740981240982,BOT-LIKE ACTIVITY,1.2
huhimagine,C’estmoi?,"Wife, Mother….wrapped up in a short bs nerve. 🥳…1A/2A 👏🏼👏🏼 Enjoy growing Orchids…",https://pbs.twimg.com/profile_images/1982665900223258624/0BJ82rya_normal.jpg,999,1077,6.907755278982137,6.982862751468942,0.9267161410018553,1145,True,True,2,individual,cartoon_or_illustration,False,True,,,
visserdonny,Donny Visser,,https://pbs.twimg.com/profile_images/1437077365658689548/N9r5vK_d_normal.jpg,997,465,6.905753276311464,6.144185634125646,2.1394849785407724,1816,False,False,1,anonymous_or_no_info,real_person_photo,False,False,0.4872220140970141,REAL HUMAN,2.27
lancest81774855,Lance Stewart,,https://pbs.twimg.com/profile_images/1501531299768590339/xwRwjniR_normal.png,992,119,6.900730664045173,4.787491742782046,8.266666666666667,1336,False,False,1,anonymous_or_no_info,cartoon_or_illustration,False,False,,,
stevehylan55254,Steve Hyland,"Ex-Navy.  Conservative.  Anti-""Vaccine"".  Anti-Climate Scam.  Anti- Governments Globalist Treason against Citizens.  Anti-Corrupt Corporations and Bought Media.",https://pbs.twimg.com/profile_images/1841029444452179968/95oenH91_normal.jpg,987,207,6.895682697747868,5.337538079701318,4.7451923076923075,538,True,True,2,individual,real_person_photo,False,True,,,
kelly101202a,Kelley,,https://pbs.twimg.com/profile_images/1427034483975393294/9VemHu7U_normal.jpg,983,456,6.891625897052253,6.124683390894205,2.150984682713348,1541,False,False,1,anonymous_or_no_info,real_person_photo,False,False,,,
mfadaptability,Michael Faulkner,"Educator, knowledge seeker and researcher, historian,  & political analyst. Lover of Australian landscapes.",https://pbs.twimg.com/profile_images/1863542445687869440/WwnXYODc_normal.jpg,975,260,6.883462586413092,5.564520407322694,3.735632183908046,4926,True,True,1,individual,real_person_photo,False,False,,,
cipollina60,Teresa 💜🌈 ||*||,"Dona, matemàtica, ex-profe d'informàtica, un altre cop estudiant. Anti-OTAN, anti-imperialista. Antifeixista🔻",https://pbs.twimg.com/profile_images/1896587807927259136/Y3tjhue__normal.jpg,974,1561,6.882437470997847,7.3537223303996315,0.6235595390524968,5324,True,False,3,individual,cartoon_or_illustration,False,False,0.6118467643467644,BOT-LIKE ACTIVITY,0.0
atla_gold,Atla Gold,"Gold to the Sun
Silver to the Moon

Promotes to #EndTheFED 

Bringing back gold and silver as money

Geopolitics observer. 🇷🇺",https://pbs.twimg.com/profile_images/1287656199639298048/rg8_wwTt_normal.jpg,973,107,6.881411303642535,4.68213122712422,9.00925925925926,2840,True,False,4,individual,cartoon_or_illustration,False,False,0.2262893740246681,REAL HUMAN,0.57
msjedits,MSJ - Video Editor,Social Media Manager | Geopolitics | Video Editor 🎬 | Helping creators repurpose content | Turning long-form videos into engaging clips & Shorts. DM open.,https://pbs.twimg.com/profile_images/1602930191793258496/RgbIaVl6_normal.jpg,968,775,6.876264611890766,6.654152520183219,1.2474226804123711,2817,True,False,1,individual,cartoon_or_illustration,False,False,,,
trip6,Cotijn Hebbs 🇷🇺🇺🇦☮️,Writing the Allia Potestas - how a triangular relationship survived the ages: https://t.co/cjelz7XGy1 .,https://pbs.twimg.com/profile_images/1785576048282738688/f0OOL8Sk_normal.jpg,963,856,6.871091294610546,6.75343791859778,1.1236872812135357,6174,True,True,1,individual,real_person_photo,False,True,0.2797276751026752,REAL HUMAN,0.13
pro439041399,MrChevrolet66🇺🇸🇮🇪,Drive fast take chances,https://pbs.twimg.com/profile_images/1815510060262449153/kD-hRzat_normal.jpg,962,16,6.870053411798126,2.833213344056216,56.588235294117645,650,True,False,1,individual,cartoon_or_illustration,False,,,,
rjoseph92530519,RJoseph7777,"Former USAF PMEL electronics, with an excellent grasp of US and world history. Free Palestine, Sudan, Congo.
#GenzVote 3rd party, reject all AIPAC candidates.",https://pbs.twimg.com/profile_images/1639864767694217218/53WdwgoG_normal.jpg,958,1220,6.8658910748834385,7.107425474110705,0.7846027846027847,1367,True,False,2,individual,cartoon_or_illustration,False,False,,,
darc87798,The Matrix - 🇮🇪 Is it a conspiracy?,"I’m not a conspiracy theorist, I’m a things are not adding up and it’s pretty obvious theorist. Not WOKE, but AWAKE.",https://pbs.twimg.com/profile_images/1931102559613100032/XXYV4sw2_normal.jpg,954,468,6.86171134048073,6.150602768446279,2.0341151385927505,709,True,False,2,individual,default_or_empty,False,True,0.5219156954156954,REAL HUMAN,5.53
machteloze,MachtelozeAutochtoon,"Machteloos zie ik toe hoe mijn vaderland wordt stukgemaakt. Tweets uit het hart van een wit achterstandskind met bedenkelijke GAF.
Anoniem, want hier geen VvMU.",https://pbs.twimg.com/profile_images/1971379933793632256/4qRWicod_normal.jpg,953,1088,6.860663671448287,6.9930151229329605,0.8751147842056933,4760,True,True,2,anonymous_or_no_info,cartoon_or_illustration,False,False,0.3963787185037184,REAL HUMAN,0.1
iomclinus,linus,20 yr veteran who's done being silent. America First and MAGA.,https://pbs.twimg.com/profile_images/792875635026698241/JQkRv6bp_normal.jpg,940,283,6.846943139585379,5.648974238161206,3.3098591549295775,4437,True,True,2,individual,default_or_empty,False,True,,,
mapodogan,lone wolf,"invisible man

Life is a game, whoever plays the game well wins",https://pbs.twimg.com/profile_images/1893359238589640704/G0D3yJSG_normal.jpg,938,174,6.844815479208263,5.1647859739235145,5.36,1333,True,False,1,anonymous_or_no_info,flag_or_national_symbol,True,True,,,
ged_rice51522,Ged Rice,,https://pbs.twimg.com/profile_images/1885961492656209920/szqX8_O9_normal.jpg,937,192,6.843749949006225,5.262690188904886,4.8549222797927465,313,False,False,1,anonymous_or_no_info,real_person_photo,False,False,0.7134846852493912,BOT-LIKE ACTIVITY,2.17
cyrilbonhomme,Cyril,"Humaniste, naturiste ,arnachiste de droite 😆🙃 demerdes toi avec ça",https://pbs.twimg.com/profile_images/1753098429000220672/lB3I8LME_normal.jpg,928,1306,6.834108738813838,7.175489713624222,0.7100229533282326,4723,True,True,1,individual,real_person_photo,False,False,,,
omegacloud,Jake Dunand,"MMA, Video Games, Music, Film, Comedy, Fitness, Mises",https://pbs.twimg.com/profile_images/1344892754669821952/4wQ34YSp_normal.jpg,918,1712,6.823286122355687,7.44600149832412,0.5359019264448336,5128,True,True,1,individual,real_person_photo,False,False,0.459167939903234,REAL HUMAN,2.03
dorfmatratze1,Make Europe great again ☦️,Unlimited power in the hands of limited people always leads to cruelty,https://pbs.twimg.com/profile_images/1754665556316209152/TaaY5mOx_normal.jpg,915,235,6.82001636467413,5.4638318050256105,3.8771186440677967,941,True,True,2,anonymous_or_no_info,cartoon_or_illustration,False,False,,,
milsurpmichael,Milsurp Mike,"Strict Constitutionalist, fiscal conservative, taxation is theft. #DeSantis2028 supporter. Collector of #oldguns. Go CHIEFS! #Chiefskingdom",https://pbs.twimg.com/profile_images/1667714416802971649/bIjOcFHW_normal.jpg,912,1457,6.816735880594968,7.284820912568604,0.6255144032921811,1951,True,False,1,individual,cartoon_or_illustration,False,True,,,
irakliuser,irakli user,,https://pbs.twimg.com/profile_images/1830836998292086787/h7vlbOzc_normal.jpg,909,710,6.813444599510896,6.566672429803241,1.2784810126582278,1360,False,False,1,anonymous_or_no_info,real_person_photo,False,False,,,
amstel66,Vitali,,https://pbs.twimg.com/profile_images/1504757205337362438/Pvcmhek5_normal.jpg,896,1334,6.799055862058796,7.19668657083435,0.6711610486891386,5712,False,True,1,anonymous_or_no_info,cartoon_or_illustration,False,False,,,
vivadenxcixxx,Viv,"Rede me and be not wrothe, for I say no thynge but nacod trothe

 🏴󠁧󠁢󠁥󠁮󠁧󠁿",https://pbs.twimg.com/profile_images/1861563876082327552/jgEezpAl_normal.jpg,892,868,6.794586580876499,6.767343125265392,1.0264672036823936,820,True,True,2,individual,default_or_empty,False,False,,,
ki_adel,Ki Adel 🔻,"If you're concerned with the oppressed, why in the world would you oppose free speech? It's the only thing the oppressed have.
@eltondin.bsky.social",https://pbs.twimg.com/profile_images/1922413869537927169/jETRnFlQ_normal.jpg,891,560,6.79346613258001,6.329720905522696,1.588235294117647,1367,True,False,2,individual,default_or_empty,False,False,0.5197922267790688,REAL HUMAN,1.33
jimmyfromtoledo,JWhite,"❤️ God, Family, Country. Despise elitist conventional wisdom & Big Govt/Deep State. ❤️ Blues, Roots Rock, Soul & Jazz  Go Bucks O-H-I-O  #WarRoomPosse",https://pbs.twimg.com/profile_images/1997706064666501120/1GR4PDRk_normal.jpg,891,1460,6.79346613258001,7.2868764117507,0.6098562628336756,2895,True,True,2,individual,cartoon_or_illustration,False,True,,,
gio_tbilisi,George Shonia,"კონსერვატიული მოᲫრაობა - TV Alt-Info (Conservative Movement)
ტელ:577486050",https://pbs.twimg.com/profile_images/1810195668704919552/7jyHfnKs_normal.jpg,891,89,6.79346613258001,4.499809670330265,9.9,5126,True,True,3,organization,real_person_photo,False,True,0.21746284271284272,REAL HUMAN,0.5
assyrian2,Syriac Analysis,"Christ is King 👑

GeoPolitics - Economics: the Syriac POV - ܣܘܪܝܝܐ ܣܽܘܪܳܝܳܐ  aramaic",https://pbs.twimg.com/profile_images/1977106794813034496/VCy1pZQR_normal.jpg,889,145,6.7912214627261855,4.983606621708336,6.089041095890411,5491,True,True,2,individual,real_person_photo,False,True,,,
angelovjullian,Yullian Angelov,"I don't send gift cards,I don't want Crypto,I don't buy photos and videos...
Аnd I don't have Onlyfans or Fansly either. And otherwise I'm completely normal...",https://pbs.twimg.com/profile_images/1326110756237094913/0zH4dcmt_normal.jpg,883,287,6.784457062637643,5.662960480135946,3.0659722222222223,2646,True,True,1,individual,real_person_photo,False,False,,,
kevin_nivek7,kevin doherty,,https://pbs.twimg.com/profile_images/879849821779054592/GJevNRQX_normal.jpg,877,316,6.777646593635117,5.75890177387728,2.7665615141955837,3864,False,False,1,anonymous_or_no_info,real_person_photo,False,False,0.334204902940197,REAL HUMAN,0.77
dryanagita,Dr. Ronald Yanagita,FL Professor. Carnivore. Truth teller. BJJ. USA. イエス.,https://pbs.twimg.com/profile_images/1950284524966809600/k300Zcv__normal.jpg,875,1528,6.775366090936392,7.332369205929062,0.5722694571615435,404,True,True,2,individual,default_or_empty,False,True,,,
ghandgan,M. Ghan,,https://pbs.twimg.com/profile_images/1244297462501777408/Rxd3VEvy_normal.jpg,872,986,6.771935555839602,6.894670039433482,0.8834853090172239,5450,False,True,1,anonymous_or_no_info,cartoon_or_illustration,False,False,,,
matttocrypto,Matto,I work in corporate finance and Try to find freedom with crypto and DeFi 🚀,https://pbs.twimg.com/profile_images/1406537664883527681/HWIqbKtW_normal.jpg,869,506,6.76849321164863,6.2285110035911835,1.7140039447731756,1710,True,True,1,individual,real_person_photo,False,False,,,
heraldmage,heraldmage,,https://abs.twimg.com/sticky/default_profile_images/default_profile_normal.png,866,111,6.7650389767805414,4.718498871295094,7.732142857142857,6141,False,True,1,anonymous_or_no_info,default_or_empty,False,False,0.3627384249737192,REAL HUMAN,1.4
sweettart024,Gina,"Keeping an eye on things.  NO DMs, NO PORN, NO CRYPTO",https://pbs.twimg.com/profile_images/1965767192261111809/uAlrCJl6_normal.jpg,859,1240,6.756932389247553,7.123672785204607,0.6921837228041902,977,True,False,1,anonymous_or_no_info,real_person_photo,False,False,0.8779856722225144,BOT-LIKE ACTIVITY,5.5
rbg4lif,rbg4lif 🟥⬛🟩,"RBG DEFINED: No matter if one relates R.B.G. with Red Black and Green, Revolutionary But Gangsta, Redeemed By God, Read Bout Garvey, Real Black Girls...",https://pbs.twimg.com/profile_images/1657932214678560768/Wou0D1xg_normal.jpg,854,7,6.75110146893676,2.0794415416798357,106.75,6245,True,True,1,individual,cartoon_or_illustration,False,True,0.3764250194250194,REAL HUMAN,1.03
alateralis,AudaxLateralis 🇸🇴,,https://pbs.twimg.com/profile_images/1209375173855662080/9STxreli_normal.jpg,850,1148,6.7464121285733745,7.046647277848756,0.7397737162750218,2197,False,False,1,anonymous_or_no_info,cartoon_or_illustration,False,False,,,
dick_girard,Dick Girard,,https://abs.twimg.com/sticky/default_profile_images/default_profile_normal.png,849,439,6.745236349484363,6.0867747269123065,1.9295454545454545,2076,False,False,1,anonymous_or_no_info,default_or_empty,False,False,0.47083381569410976,REAL HUMAN,1.03
lyfewavs,DraGo,"""You have to understand, most of these people are not ready to be unplugged. And many of them are so hopelessly dependent on the system…” Matrix",https://pbs.twimg.com/profile_images/1743311565510557696/PtTMPeCh_normal.jpg,842,504,6.736966958001855,6.22455842927536,1.6673267326732673,1629,True,True,2,anonymous_or_no_info,cartoon_or_illustration,False,False,0.22480687531422824,REAL HUMAN,0.0
flowirin,flow in,"Seeding the 'net since 1999.
avatar of the machine god. We'll build it right.",https://pbs.twimg.com/profile_images/1779389632750428160/DA8czVom_normal.jpg,840,487,6.734591659972948,6.1903154058531475,1.721311475409836,596,True,True,1,anonymous_or_no_info,real_person_photo,False,False,0.324286421911422,REAL HUMAN,0.0
rustokratr,rustokratr,Every man is born as many men and dies as a single one,https://pbs.twimg.com/profile_images/1998271988461187072/UpUi4SnS_normal.jpg,839,655,6.733401891837359,6.486160788944089,1.2789634146341464,594,True,False,1,individual,default_or_empty,False,False,0.5532872405372405,REAL HUMAN,2.57
macgiver351,Fox Mulder,Conspiracy theorist and realist...  The Truth is Out There!,https://pbs.twimg.com/profile_images/1684634192011804673/n7VLLNYs_normal.jpg,829,750,6.721425700790643,6.621405651764134,1.103861517976032,4572,True,False,2,anonymous_or_no_info,cartoon_or_illustration,False,False,0.502475437960732,REAL HUMAN,0.17
thefiveyouknow,Five,Foundational Black American Steppa!,https://pbs.twimg.com/profile_images/1975334043798401024/oFaSQcZT_normal.jpg,828,1335,6.720220155135295,7.197435354096591,0.6197604790419161,5257,True,True,1,individual,real_person_photo,False,False,,,
carlafez,CarlAFez,I believe in fairness and opportunity for all. There is no need for poverty or hunger. We need just leaders who look out for all the people.,https://abs.twimg.com/sticky/default_profile_images/default_profile_normal.png,824,516,6.715383386334681,6.248042874508429,1.5938104448742747,3852,True,True,1,individual,default_or_empty,False,True,,,
gioavelli,Gio🇳🇱,VOC Mentaliteit🇳🇱,https://pbs.twimg.com/profile_images/1960617186050904064/8qDCAp94_normal.jpg,820,93,6.710523109452428,4.543294782270004,8.72340425531915,1016,True,False,2,individual,default_or_empty,False,True,0.4330026403335228,REAL HUMAN,1.23
avinashks14,Avinash K S🇮🇳,An Indian.,https://pbs.twimg.com/profile_images/1297000832496369666/tvGf5PFi_normal.jpg,812,1280,6.70073110954781,7.155396301896734,0.6338797814207651,1900,True,True,1,individual,cartoon_or_illustration,False,False,,,
sirimeetra,BrahMaSiriMeetra,"I WANT PEACE & BLISS IN THE WORLD. EVERYONE WANTS PEACE & BLISS IN LIFE TO MAKE PEACE IN THE WORLD. PEACE & BLISS MUST PREVAIL OVER VIOLENCE, CHAOS , AND WARS !",https://pbs.twimg.com/profile_images/1958098908443475968/TGKW6qrO_normal.jpg,811,319,6.699500340161678,5.768320995793772,2.534375,76,True,False,2,individual,real_person_photo,False,False,0.5199711399711399,REAL HUMAN,1.03
abhinav131426,Abhinav 😀,Fun and Humour :-),https://pbs.twimg.com/profile_images/1581479526860820481/X_8Oh9cb_normal.jpg,801,1400,6.687108607866515,7.244941546337007,0.5717344753747323,4793,True,True,1,individual,flag_or_national_symbol,True,False,,,
bernieg95778509,Bernie Grant,All Sport,https://pbs.twimg.com/profile_images/1056508582303272960/xWJHwPG2_normal.jpg,800,764,6.68586094706836,6.639875833826536,1.0457516339869282,2592,True,False,1,anonymous_or_no_info,real_person_photo,False,False,,,
perttivehreves1,Pertti Vehreävesa,"arkkitehti, taiteilija, kirjailija 
(SALATTU RAAMATTU -kirjan tekijä)",https://pbs.twimg.com/profile_images/1390226665075269633/bCTRHqxH_normal.jpg,797,234,6.682108597449809,5.459585514144159,3.391489361702128,1694,True,False,1,individual,real_person_photo,False,False,,,
dustup224,Dustup,"I'm here for the brunch! 
MAGA Patriot, US Navy Veteran, Dept of Defense employee for a private contractor.
No Direct Messages
Phishing gets you blocked.",https://pbs.twimg.com/profile_images/2619904321/kd9t01nk3tid7qztktez_normal.jpeg,797,446,6.682108597449809,6.102558594613569,1.7829977628635347,5591,True,True,1,individual,cartoon_or_illustration,False,False,0.458972343832638,REAL HUMAN,1.83
macawsrock,Risk Taker,"Aussie girl of Russian and Irish descent.
Washington IS the deep state.
Israel is a Western colonialist project. Nothing more.",https://pbs.twimg.com/profile_images/1712308481817206784/BbgQwpxO_normal.jpg,794,350,6.678342114654332,5.860786223465865,2.262108262108262,792,True,True,3,individual,real_person_photo,False,False,0.4716425535249064,REAL HUMAN,0.4
markcotter1964,Mark Cotter,The biggest threat to the British people is the British Government. Don't vote for the 'usual parties'.  Standing with Russia 🇷🇺 Z,https://pbs.twimg.com/profile_images/727105389196644352/Ek9V3XND_normal.jpg,794,1241,6.678342114654332,7.124478262493424,0.6392914653784219,3530,True,True,4,individual,real_person_photo,False,True,0.602317457052751,REAL HUMAN,0.27
wtm_ttf,WeTheMany,You think everything is fine right now? Don't follow.,https://abs.twimg.com/sticky/default_profile_images/default_profile_normal.png,793,142,6.677083461247136,4.962844630259907,5.545454545454546,5812,True,False,2,anonymous_or_no_info,default_or_empty,False,False,,,
ninjitalia,Alison Bacon,"~300K+ mi in @Tesla since late '16, 16k+ MX @Uber rides, 19 yr yogi trilingual US&Italy/EU. The Case For A New Nuremberg @Rumble. #WakeUpNeo 🔥🐲 #FirstDoNoHarm",https://pbs.twimg.com/profile_images/1980402252780085248/Tb13Z3a5_normal.jpg,793,167,6.677083461247136,5.123963979403259,4.720238095238095,5598,True,True,3,individual,default_or_empty,False,True,0.3377253685856627,REAL HUMAN,1.87
tarique18386095,Tarique Hussain,,https://pbs.twimg.com/profile_images/1944470601994797056/r1muiVn7_normal.jpg,792,25,6.675823221634848,3.258096538021482,30.46153846153846,586,False,True,1,anonymous_or_no_info,real_person_photo,False,True,,,
godsheros76762,GODSHEROS.ORG,LÉGION ÉTRANGÈRE 🇫🇷« Honneur et fidélité »🟥⚜️🟩 PMC NAVAL INGÉNIEUR| 🇳🇴ALT FOR NORGE| EU PATRIOTS 🇮🇹🇮🇪🇻🇦KNIGHTS OF COLUMBUS 🇺🇦🔱🌎https://t.co/rwJNflpLH5,https://pbs.twimg.com/profile_images/1952878900377468928/0uXxpA8M_normal.jpg,789,1577,6.672032945461067,7.363913501405819,0.5,764,True,True,2,individual,cartoon_or_illustration,False,True,0.7942775655716833,REAL HUMAN,0.27
forever2021may,strawberry fields🏴󠁧󠁢󠁳󠁣󠁴󠁿🏴󠁧󠁢󠁳󠁣󠁴󠁿🇸🇩,,https://pbs.twimg.com/profile_images/1443974023633846273/O3PbHz8r_normal.png,787,765,6.669498089857879,6.641182169740591,1.0274151436031331,1529,False,True,1,anonymous_or_no_info,cartoon_or_illustration,False,False,0.8161968031968033,BOT-LIKE ACTIVITY,0.0
leftbehindpoet,🌹🏴󠁧󠁢󠁥󠁮󠁧󠁿Que sera sera,"LIVING A LIFE WITHOUT FILTERS

Autism speaks 

You were given this life because you are strong enough to live it.
Credit @MentalHealthRw",https://pbs.twimg.com/profile_images/1821918911220043776/DPR_drs7_normal.jpg,782,1356,6.663132695990803,7.213031659834869,0.576271186440678,4526,True,False,1,individual,cartoon_or_illustration,False,False,,,
punkbudgie_,Punkbudgie,"My opinions are my opinions - Mother/Realist.

I believe history will show DJT to be the most consequential human being to have ever lived.",https://pbs.twimg.com/profile_images/1962194209001164800/iqE83_hv_normal.jpg,779,894,6.659293919683638,6.796823718274855,0.870391061452514,829,True,False,2,individual,real_person_photo,True,False,,,
michelwaarheid,voor de boeren tegen elke oorlog,,https://pbs.twimg.com/profile_images/1821544771447382017/uHRZehjF_normal.jpg,776,590,6.655440350367647,6.3818160174060985,1.3130287648054146,2121,False,False,1,anonymous_or_no_info,cartoon_or_illustration,False,False,0.5078493173493172,REAL HUMAN,0.17
lesnievsky,lesnievsky serge,,https://pbs.twimg.com/profile_images/426454665895477254/yDTGRstE_normal.jpeg,775,241,6.654152520183219,5.488937726156687,3.2024793388429753,4373,False,False,1,anonymous_or_no_info,cartoon_or_illustration,False,False,0.18142793317793315,REAL HUMAN,0.1
templettv,TempleOfPain.tv,"I am a whimsical delight.  King of the Goblins.  Flat Earth or Round Earth?  Yes, it is.  Time is an illusion, God isn't.  Hell is no fun; Don't go there.",https://pbs.twimg.com/profile_images/1604711269487054849/vKWEb7cY_normal.jpg,775,1269,6.654152520183219,7.146772179452637,0.610236220472441,1916,True,False,1,individual,cartoon_or_illustration,False,False,0.5313882851324803,REAL HUMAN,0.9
realtiggerwood1,Tigger,"Just a cat who loves golf, economics and global politics",https://pbs.twimg.com/profile_images/1981397737691037696/H_t8en7m_normal.jpg,773,1312,6.651571873589727,7.180069874302796,0.5887281035795887,1293,True,True,1,individual,default_or_empty,False,False,,,
bubbaflaco,Bubbaflaco,"I'd identify as a contrarian, if I agreed with the definition.",https://pbs.twimg.com/profile_images/1124694577993089026/yXttqIw1_normal.jpg,765,730,6.641182169740591,6.594413459749778,1.0465116279069768,3351,True,True,1,individual,real_person_photo,False,False,0.2980813214563215,REAL HUMAN,0.03
videomax11,Plan C,"UN MEME VALE MÁS QUE UN MILLÓN DE PALABRAS.

Serpiente Emplumada / Amo a los felinos / Me encantan las arañas / Maldigo a los corruptos.

Tercer cuenta.",https://pbs.twimg.com/profile_images/1411813900857712642/IWEOGh71_normal.jpg,764,1158,6.639875833826536,7.055312843339752,0.6591889559965487,1994,True,False,1,individual,cartoon_or_illustration,False,False,0.7302125564493985,BOT-LIKE ACTIVITY,0.17
merlinlondon,TheManyNotTheMoney,Stop genocide. Pro-Corbyn. Anti-Brexit. Real social justice not verbiage. @themanynotthemoney.bsky.social,https://pbs.twimg.com/profile_images/1858115200915841024/pdES2gO7_normal.jpg,764,774,6.639875833826536,6.652863029353347,0.9858064516129033,3445,True,True,1,individual,cartoon_or_illustration,False,False,0.48891396267131554,REAL HUMAN,0.07
apexpredatondct,Apex PredaꘜTON (DCT),ꘜTON DictatorCrypto “Update Financial System” - the phenomenon that is changing the world!,https://pbs.twimg.com/profile_images/1972813178342903808/6ugCHYXD_normal.jpg,763,646,6.638567789166521,6.472346294500901,1.179289026275116,563,True,True,2,anonymous_or_no_info,cartoon_or_illustration,False,True,,,
walsh_kirk91371,Kirk Walsh II,Mythographer                                      Author & Documentary maker,https://pbs.twimg.com/profile_images/1764757582583869440/3Pe0d3lj_normal.jpg,761,778,6.635946555686647,6.658011045870748,0.9768934531450578,638,True,True,1,individual,cartoon_or_illustration,False,True,0.7421950206656088,REAL HUMAN,0.73
katzenbrau,Mr Dyspeptic,Fortean Transhumanist Authoritarian Collectivist (Marxist-Leninist-Maoist-Posadist) ☭ Anti-Democracy  ☭ Anti-Liberal ☭ Pro-Cyborg,https://pbs.twimg.com/profile_images/1256048511902273537/yYJrQ08n_normal.png,747,352,6.617402977974478,5.8664680569332965,2.1161473087818696,2791,True,False,2,individual,cartoon_or_illustration,True,False,0.39429572878102287,REAL HUMAN,1.0
brendanwlong,"Brendan Long, CFA","Author of Energy Shocks. Posts on energy, commodity and financial markets, politics & geopolitics - follow to understand energy and the the politics of energy.",https://pbs.twimg.com/profile_images/1883294855473860608/IHV-6S63_normal.jpg,747,186,6.617402977974478,5.231108616854587,3.9946524064171123,1324,True,True,2,journalist_or_media,real_person_photo,False,True,,,
johan_scheffer,Johan Scheffer,"Former Labor Member in the Parliament of Victoria; socialist, unionist, internationalist. “Justice, mercy — they’re all in opera,” Ruth Bader Ginsberg.",https://pbs.twimg.com/profile_images/808567707276869632/m5YBvQ0r_normal.jpg,746,465,6.616065185132817,6.144185634125646,1.6008583690987124,5635,True,False,1,political_figure,cartoon_or_illustration,False,False,,,
christianpetak,ChristianP,"Midwest Miscreant, Catholic 🇻🇦, Gnoticer. Nerd out for tanks and military aircraft. Amateur wargamer, generally nice. Globalism and feminism are cancers.",https://pbs.twimg.com/profile_images/1923453171118100480/ffSQwpdm_normal.jpg,742,1239,6.610696044717759,7.122866658599083,0.5983870967741935,1134,True,True,2,individual,cartoon_or_illustration,False,False,,,
simbaknows2,Simba,"Engineer. Loves dogs. Well aware of the covid, climate and the tragic Ukraine/Gaza wars are all scams which are ALL linked. RT's are for info not endorsement",https://pbs.twimg.com/profile_images/1679957073142882305/uvjQzaUo_normal.jpg,740,712,6.608000625296087,6.569481420414296,1.0378681626928472,1486,True,False,3,individual,cartoon_or_illustration,False,False,,,
jpm369,John Paul Mason,,https://pbs.twimg.com/profile_images/924794668423970816/2CV5_c_f_normal.jpg,739,421,6.606650186198215,6.045005314036012,1.7511848341232228,5477,False,True,1,anonymous_or_no_info,real_person_photo,False,False,,,
inipatini,Ini patini ❤️,"I'll never be the woman with the perfect hair, who can wear white and not spill on it.",https://pbs.twimg.com/profile_images/1971234001869254656/zrzBQOpz_normal.jpg,736,1163,6.602587892189336,7.059617628291383,0.6323024054982818,5084,True,True,1,individual,default_or_empty,False,,,,
forrester2,D Forrester (A frog no more),Seeker of truth in a Fake World.,https://pbs.twimg.com/profile_images/1519246460109344768/sqK6YrLC_normal.jpg,733,1220,6.598509028614515,7.107425474110705,0.6003276003276004,5915,True,True,2,individual,real_person_photo,False,True,0.4465423049173048,REAL HUMAN,0.67
macmacclancy,Mac,What makes me special? Hmm…,https://pbs.twimg.com/profile_images/1808178305503272969/25Phy44L_normal.jpg,732,1130,6.597145701886651,7.030857476116121,0.6472148541114059,1336,True,False,1,individual,default_or_empty,False,True,,,
stan_karczmarz,Stan Kar,"TOTAL ESCAPE INTO A WORLD OF IMAGINATION.
Artist, Painter, Photographer, Mixed Media, Music, Living Past & Present Life",https://pbs.twimg.com/profile_images/797408035811586048/UHVI-N6q_normal.jpg,730,146,6.594413459749778,4.990432586778736,4.965986394557823,6075,True,True,1,individual,cartoon_or_illustration,False,True,,,
eduardop1308,Eduardo_Libertad,"Seasoned geopolitical commentator dedicated to understanding global politics. Guided by Nelson Mandela's wisdom, X delves into international relations.",https://pbs.twimg.com/profile_images/1826951301298626560/u6Eb8QX3_normal.jpg,726,833,6.588926477533519,6.726233402358747,0.8705035971223022,525,True,True,2,individual,real_person_photo,False,True,0.7468554778554777,REAL HUMAN,3.03
mdshahsdata,MDShahsdat Ali,"Semi-retired 
B.S. Chemical Engineer",https://pbs.twimg.com/profile_images/1947727947692945409/IPDC-k0z_normal.jpg,724,1053,6.586171654854675,6.960347729101308,0.6869070208728653,3288,True,True,1,individual,flag_or_national_symbol,True,False,0.6051906671759613,BOT-LIKE ACTIVITY,3.73
alex_schwartz1,Alex Schwartz,Just a logical guy,https://pbs.twimg.com/profile_images/1910198107763359744/DZpgcqYW_normal.jpg,723,166,6.584791392385716,5.117993812416755,4.3293413173652695,225,True,True,1,individual,real_person_photo,False,False,0.5395013907660967,REAL HUMAN,0.67
rnick5338,nick robertson,,https://pbs.twimg.com/profile_images/1915829321341837312/ybuD1ZZ1_normal.png,723,923,6.584791392385716,6.828712071641684,0.7824675324675324,193,False,False,1,anonymous_or_no_info,cartoon_or_illustration,False,False,0.92656857031857,BOT-LIKE ACTIVITY,1.13
rtt060,Rob #MAGA,"A Constitutional Conservative.  USAF (ret), my oath never expires.  No dm's, no porn - you will be blocked.  I follow back.",https://pbs.twimg.com/profile_images/2003703533892206592/wxGX4Mcp_normal.jpg,721,869,6.582025138892826,6.76849321164863,0.828735632183908,749,True,True,1,individual,default_or_empty,False,False,,,
hypergraphing,hypergraphing,Just a nerd surfing the cosmic hypergraph.  Lover of truth and beauty. Long live the ruliad!,https://pbs.twimg.com/profile_images/1794196614602731520/fLu6tZi4_normal.jpg,719,637,6.579251212010101,6.45833828334479,1.1269592476489028,2890,True,True,2,individual,cartoon_or_illustration,False,True,0.3111984004557534,REAL HUMAN,1.47
mawilemage,Douglas 🍉,🇺🇸 | ✝️ | Pro-LGBTQ+ & Trans Ally | Any pronouns are fine! | An #ActuallyAutistic gender-neutral mess who's chronically obsessed with Pokémon and Doctor Who.,https://pbs.twimg.com/profile_images/1980513132637265920/A_1_SETd_normal.jpg,707,1056,6.56244409369372,6.963189985870238,0.6688741721854304,5436,True,True,1,individual,default_or_empty,False,False,,,
argraves_damian,11Golden Goat Aquarius,"True Grit American,  I'm a recovering addict a Father, a former outlaw and a small town small business contractor and TRUTHER. Faith, Family, Freedom",https://pbs.twimg.com/profile_images/1995291277307375616/4-DFFacf_normal.jpg,700,348,6.55250788703459,5.855071922202427,2.005730659025788,1148,True,True,2,individual,cartoon_or_illustration,True,False,0.4760456210456209,REAL HUMAN,0.0
dawnlouise26944,DeltaDawn,"Love thy Neighbor...we are the great continent of NORTH AMERICA....

Simply tired of the CORRUPT LIBERAL GOVERNMENT from oppressing the Canadian Citizens...",https://pbs.twimg.com/profile_images/1980003134228336640/e19OBEx6_normal.jpg,695,309,6.54534966033442,5.736572297479192,2.2419354838709675,845,True,True,2,individual,default_or_empty,False,False,,,
loony_not,the hidden life is best,"Looking for the good.  Exposing deception, focusing on the mind bending story of Francis Bacon, Shakespeare and Scientism. https://t.co/2yAz4GTm3E",https://pbs.twimg.com/profile_images/1640804428348379170/ZHwwl3p9_normal.jpg,692,668,6.541029999189903,6.505784060128229,1.0343796711509716,1757,True,True,2,individual,default_or_empty,False,True,0.286898199023199,REAL HUMAN,0.07
hans_1966,Hans66,"#fvd Weg met de VVD en het CDA. https://t.co/E6TakVap82 Voor Rusland en tegen de Derde Wereldoorlog, Nieuwe Wereldorde.",https://pbs.twimg.com/profile_images/1065909395815571456/4uWLNWzZ_normal.jpg,692,997,6.541029999189903,6.905753276311464,0.6933867735470942,5308,True,False,4,individual,default_or_empty,False,True,,,
romanlouisville,romanlouisville,"JD. MBA. Attorney licensed in California, Indiana, Kentucky, D.C. 25+ year business executive. Entertainment industry vet. Educator. California refugee.  NO DM.",https://pbs.twimg.com/profile_images/1997540378879074304/hNK-Q4RS_normal.jpg,683,848,6.52795791762255,6.744059186311348,0.8044758539458187,1650,True,True,2,individual,default_or_empty,False,True,0.42091593129093136,REAL HUMAN,1.37
mihailovicgagi,Gagi Mihailovic,,https://pbs.twimg.com/profile_images/1517890574153572352/G9EoRhBV_normal.jpg,682,858,6.52649485957079,6.755768921984255,0.7939464493597206,1331,False,True,1,anonymous_or_no_info,real_person_photo,False,True,,,
ameoate,alfonso rossi,"Accountant, economics & geopolitics, Divisione Folgore, Btc/ Tsla investor, food as medicine & former chef patron. Always learning but questioning everything.!",https://pbs.twimg.com/profile_images/1588163420087631872/mviIJtqF_normal.jpg,681,172,6.525029657843462,5.153291594497779,3.9364161849710984,1522,True,True,2,individual,default_or_empty,False,False,0.4352409812409812,REAL HUMAN,0.8
abraham02782754,Abraham van Helsing,"Dutch, green right, pan-European. Towards a global European Commonwealth (EU+Russia+US Red States) after Empire, in a multi-polar world. Neocons need not apply.",https://pbs.twimg.com/profile_images/1712527363987165184/IQUwPIui_normal.jpg,676,249,6.517671272912275,5.521460917862246,2.704,875,True,True,3,individual,real_person_photo,False,False,,,
profound_meanin,Profound Meaning,Living in a world that no longer makes sense. A world where a tiny minority are herding the masses over a cliff and most are going willingly just like lemmings.,https://pbs.twimg.com/profile_images/649132045910700033/JTcAvwm5_normal.jpg,670,984,6.508769136971682,6.892641641172089,0.6802030456852792,3724,True,True,2,individual,cartoon_or_illustration,False,False,,,
insolitos22,john doe,Never underestimate the power of STUPID people in large groups 👉 🇪🇺 Eurocrats,https://pbs.twimg.com/profile_images/1526263133697884162/WBDTGLGg_normal.jpg,670,732,6.508769136971682,6.597145701886651,0.9140518417462483,1534,True,False,2,individual,cartoon_or_illustration,False,False,0.7200380452880453,BOT-LIKE ACTIVITY,1.67
drbonsallbasel,Zahnarzt Basel - English Dentist - Dr. Bonsall,Dr. Garry Bonsall is a leading Swiss dentist. Invisalign. Implants. Periodontal specialist. Best-selling author. Platinum VIP elite care. Join our wait-list,https://pbs.twimg.com/profile_images/1221856166734630913/usQfYd0b_normal.jpg,669,95,6.507277712385012,4.564348191467836,6.96875,4951,True,True,1,individual,real_person_photo,False,True,,,
jerryfarman,Jerry Farman,"ultraMAGA. Our election systems are broken at every level. Bloated voter rolls, mules, machines, fraudulent ballots, chain of custody issues = uncertain results",https://pbs.twimg.com/profile_images/1959425532396716032/1DtY6Mra_normal.jpg,665,93,6.501289670540389,4.543294782270004,7.074468085106383,5533,True,True,1,individual,real_person_photo,False,False,0.2312183927183927,REAL HUMAN,1.03
thoughtcastjeff,Jeff D.,"America First! Host of THOUGHTCAST on Rumble.
Married Father of 5
News, Conspiracies, Culture War, Gaming. 
ALL LIVESTREAMS👇
https://t.co/Yy0C80JaYG",https://pbs.twimg.com/profile_images/1876290859378860033/C0wSMaG5_normal.jpg,663,488,6.498282149476434,6.192362489474872,1.3558282208588956,332,True,True,2,individual,real_person_photo,True,True,0.3642315062388592,REAL HUMAN,3.47
jasonsymes4,Jason Symes,"Two loves, art and Sheffield Wednesday. I have pieces in The Irish State Art Collection and pieces acquired by H.S.H. Prince Albert Of Monaco etc.",https://pbs.twimg.com/profile_images/1659559877763579908/XJY7dJqI_normal.jpg,662,1136,6.4967749901858625,7.036148493750536,0.5822339489885664,2932,True,True,1,individual,cartoon_or_illustration,False,False,,,
walt_j_kovacs,Rorschach,The world is black and white.,https://pbs.twimg.com/profile_images/1886515469022105600/E_CyrSux_normal.jpg,656,888,6.48768401848461,6.790097235513905,0.7379077615298087,5958,True,True,2,anonymous_or_no_info,cartoon_or_illustration,False,False,0.4377602152749212,REAL HUMAN,0.77
tlc6191,Tess,American patriot and Jesus lover......May the Lord bless and heal our country.  MAGA.......I BLOCK ALL DM'S,https://pbs.twimg.com/profile_images/1781150098837401600/vd4ayImd_normal.jpg,653,439,6.483107351457199,6.0867747269123065,1.4840909090909091,639,True,False,2,individual,cartoon_or_illustration,False,False,,,
sashafrp,Aleksandar Vidaković,Observer,https://pbs.twimg.com/profile_images/1016115513569705984/TxEkGhqy_normal.jpg,650,311,6.478509642208569,5.7430031878094825,2.0833333333333335,4587,True,True,1,anonymous_or_no_info,default_or_empty,False,False,0.3331281341207811,REAL HUMAN,1.33
conyakk,Cornfusion,Seek peace and pursue it. Facts not fears. Politics poisons the truth. Science. Real world. Write supremacist. Who asked you?,https://pbs.twimg.com/profile_images/378800000647028898/4a39aa13a3ee7d8082c3613e36e89512_normal.jpeg,649,913,6.476972362889683,6.81783057145415,0.7100656455142232,4393,True,True,2,individual,real_person_photo,False,False,0.31488350757429706,REAL HUMAN,0.2
chaunceyhallonx,ChaunceyHall,"Retired/shipwright,3Dmodeler & infrastructure engineer. Friend of Bill W.I block sketchy DMs.Don't Scam@Me, Ho.  עם ישראל חי . AmIsraelChai!!",https://pbs.twimg.com/profile_images/1969016258784862209/JHDfIc4V_normal.jpg,649,512,6.476972362889683,6.240275845170769,1.2651072124756335,374,True,True,1,individual,default_or_empty,False,True,0.653047487041682,BOT-LIKE ACTIVITY,0.23
sally_sneddon,sally sneddon,"Concerned Citizen, Ultra Conservative.  Trying to survive in Southern California. Not easy. Doberman's are the best.  Love my pup.",https://pbs.twimg.com/profile_images/1549120341812727809/qUnWVkHB_normal.jpg,648,1283,6.47543271670409,7.157735484249907,0.5046728971962616,1341,True,True,1,individual,cartoon_or_illustration,False,False,0.7171573361279243,BOT-LIKE ACTIVITY,2.33
andrewinh70355,AndrewinHK,I suspect Warren Mundine would make an excellent PM - never mind....,https://pbs.twimg.com/profile_images/1976471103859195907/jr-whE6t_normal.jpg,646,493,6.472346294500901,6.202535517187923,1.3076923076923077,691,True,True,1,individual,cartoon_or_illustration,False,False,,,
magloirebetty,Elisabeth B. Magloire🇭🇹,The President of USA calls a member of Congress “garbage.” Trump calls Ilhan Omar “garbage.” Malcolm X said black women are the most disrespected in AmeriKKKa.,https://pbs.twimg.com/profile_images/1954159344859099136/BAkJsA7x_normal.jpg,645,114,6.470799503782602,4.74493212836325,5.608695652173913,2308,True,True,1,individual,default_or_empty,False,False,0.31230954503013325,REAL HUMAN,1.27
originalkhutso5,TheOriginalKhutso🇿🇦,Been rebelling,https://pbs.twimg.com/profile_images/1647186255820587011/UQajnSgc_normal.jpg,645,277,6.470799503782602,5.627621113690637,2.320143884892086,1004,True,True,1,individual,real_person_photo,False,False,,,
wogoa1,PPN - PulsePoint News,World news & info,https://pbs.twimg.com/profile_images/1861359897197133824/eTC0n59F_normal.jpg,642,81,6.466144724237619,4.406719247264253,7.829268292682927,2199,True,False,1,journalist_or_media,cartoon_or_illustration,False,False,0.558388112704289,REAL HUMAN,0.7
ebwhite99,ebwhite99@gmail.com,,https://abs.twimg.com/sticky/default_profile_images/default_profile_normal.png,641,7,6.464588303689961,2.0794415416798357,80.125,3847,False,False,1,anonymous_or_no_info,default_or_empty,False,False,0.5265664303017243,REAL HUMAN,0.17
monon7143230,monon7,Here for the truth. Believe in common sense populism. Am a former Dem who saw the light in 2020.💊💡Time to focus on this place we call home.❤️MAGA 🇺🇸🦅🇺🇸💯,https://pbs.twimg.com/profile_images/1877941241704329216/-o56g6pd_normal.jpg,640,852,6.46302945692067,6.748759547491679,0.7502930832356389,908,True,True,2,individual,real_person_photo,False,False,0.6692457158854217,REAL HUMAN,1.07
moretrouble2,Tim Roberts 🚜,Winter of 1963 & Summer of 1976 survivor.,https://pbs.twimg.com/profile_images/1589240961204457473/g41SaYrg_normal.jpg,634,1036,6.453624998892692,6.9440872082295275,0.6113789778206364,1138,True,False,1,individual,cartoon_or_illustration,False,False,0.7914372865696393,BOT-LIKE ACTIVITY,1.07
stephen_pepsi,stephen p.,dogs. singing. music. motorbike. housework healthy eating and laughing. if you think climate change is real or think the covid shots are good DONT MESSAGE ME. ❤,https://pbs.twimg.com/profile_images/1957089008443420672/02-0Hjz5_normal.jpg,633,501,6.452048954437226,6.218600119691729,1.2609561752988048,5359,True,True,1,individual,default_or_empty,False,True,0.3363245267804091,REAL HUMAN,0.23
bernhtp,Tom Bernhardt,"Retired serial computer software entrepreneur, public and private companies (CTO, CEO), Notre Dame grad, Rothbardian",https://pbs.twimg.com/profile_images/1900245803265847296/5j6q0qPG_normal.jpg,632,325,6.450470422144176,5.786897381366708,1.9386503067484662,5213,True,True,1,individual,real_person_photo,False,True,0.209370431855726,REAL HUMAN,0.33
colscotttaylor,Scott Taylor,"Retired U.S. Army Infantry Colonel Jedi Knight, Warrior, Messenger, Operational Artist.",https://pbs.twimg.com/profile_images/1799059383562964992/ayHjtJ9X_normal.jpg,630,168,6.447305862541213,5.1298987149230735,3.727810650887574,646,True,False,1,individual,real_person_photo,False,True,,,
toddgardens,grow your food,"Don't quote me on that  -Me .

X isn't free speech. it's propagandist approved availability to speak freely for a cost, Elon didn't fix Twitter",https://pbs.twimg.com/profile_images/1980980825228263424/F7EN8l7m_normal.jpg,630,988,6.447305862541213,6.8966943316227125,0.6370070778564206,5060,True,True,2,individual,cartoon_or_illustration,False,False,0.4884789760892702,REAL HUMAN,0.07
simonlester1971,Foxes fan Anti WEF Anti WOKE Lefties,LCFC fan  Anti NetZero/climate emergency agenda it's a con. Will never give up meat or fosil fuel's anyone has a problem with that TOUGH!! 🇬🇧🇫🇴,https://pbs.twimg.com/profile_images/1932326227437580288/sfFVxW36_normal.jpg,629,384,6.4457198193855785,5.953243334287785,1.6337662337662338,4347,True,True,2,individual,real_person_photo,False,False,0.49087767461296855,REAL HUMAN,4.13
therealonknows,Onno,,https://pbs.twimg.com/profile_images/1666446553316225026/GcqlsTob_normal.jpg,627,93,6.4425401664681985,4.543294782270004,6.670212765957447,881,False,False,1,anonymous_or_no_info,real_person_photo,False,False,,,
emailcbp,Banu Prakash C - ಭಾನು ಪ್ರಕಾಶ್ ಸಿ,Sanatani | Bharat 🇮🇳 | RW | Modi | ಸಾಮಾನ್ಯ ಕನ್ನಡಿಗ | Politics | AI | Cricket | Viksit Bharat | Geo Politics | Roasting Pakistan |,https://pbs.twimg.com/profile_images/1997217748016062464/tCPFF518_normal.jpg,627,717,6.4425401664681985,6.576469569048224,0.8732590529247911,5080,True,True,1,individual,default_or_empty,False,False,0.5410294705294706,REAL HUMAN,0.13
israeliens1,israeliens,,https://pbs.twimg.com/profile_images/1716200131714838528/ADDCLOTD_normal.jpg,626,365,6.440946540632921,5.902633333401366,1.710382513661202,2140,False,False,1,anonymous_or_no_info,cartoon_or_illustration,False,False,0.547225326960621,REAL HUMAN,0.17
nikto20001,Yowza,"Critical thinker with self preservation tendencies. My opinions are offensive.
Posts are info, entertainment and rants, not endorsements or advice. No  DM.",https://pbs.twimg.com/profile_images/1965105713123827712/MPiYTgxP_normal.jpg,624,1208,6.437751649736401,7.097548850614793,0.5161290322580645,1373,True,False,1,individual,cartoon_or_illustration,False,False,0.7800141853760276,BOT-LIKE ACTIVITY,0.0
bjklark,Bj Klark,,https://pbs.twimg.com/profile_images/920121361950949377/NYaFsRCr_normal.jpg,622,822,6.434546518787453,6.71295620067707,0.755771567436209,3972,False,False,1,anonymous_or_no_info,organization_logo,False,False,0.4557096204449146,REAL HUMAN,2.13
avivitgirl,Avivit,,https://pbs.twimg.com/profile_images/1956342980320591877/cXL7aUqW_normal.jpg,615,360,6.423246963533519,5.8888779583328805,1.703601108033241,4329,False,False,1,anonymous_or_no_info,default_or_empty,False,False,,,
emhoustonspeaks,EMHouston,"Americans are finally waking up to the fact that Congress & the WH are on the wrong side of history re: Israel & Palestine.

Zionism is settler colonialism.",https://pbs.twimg.com/profile_images/1674813043988131840/tF2NFiMd_normal.jpg,611,385,6.416732282512326,5.955837369464831,1.5829015544041452,887,True,True,1,individual,real_person_photo,False,False,0.6301905645524066,BOT-LIKE ACTIVITY,1.07
lawrencemludlow,Laurentius Ridens,"I came in crying and will go out laughing.
Always skeptical of claims that govt is here to help.",https://pbs.twimg.com/profile_images/1958353301381971968/QycoeAJq_normal.jpg,611,423,6.416732282512326,6.049733455231958,1.4410377358490567,1518,True,True,2,individual,default_or_empty,False,True,,,
plafala,P Lafala,,https://pbs.twimg.com/profile_images/1956653081795629056/P8Kx_FbR_normal.jpg,609,403,6.413458957167357,6.0014148779611505,1.5074257425742574,1554,False,False,1,anonymous_or_no_info,cartoon_or_illustration,False,False,,,
benaliajimmy,malcom XXX,"Artisan en zone rurale , j’observe le monde et les gens de manière analytique, i am a wondereur in utopia..",https://pbs.twimg.com/profile_images/2007524757617385472/6MBy4Vgn_normal.jpg,607,1187,6.410174881966167,7.080026499922591,0.5109427609427609,1525,True,True,1,individual,default_or_empty,False,False,0.5596834309481369,REAL HUMAN,2.33
dianareadm,Diana Read-Miedema,"Daniel 2: 
605BC Iraq
539BC Iran
331BC GR
168BC ROME-iron. 
REVIVED ROME 10 toes iron-clay unbondable: UK, EUR, W. Asia ISR-US, https://t.co/HHNjHaq1ES try 2 kill Christ Rev 19:19",https://pbs.twimg.com/profile_images/1571923825561948166/3GTz8tDH_normal.jpg,606,401,6.408528791059498,5.996452088619021,1.507462686567164,1400,True,True,2,individual,real_person_photo,False,True,,,
khanun220504,ขนุน,なぜ平和な世界は継続しないのでしょう…それはロスチャイルド一族が大国の政治家を買収し工作機関を作らせる→自メディアで他国のトップに『 独裁者 』のレッテルを貼り世論形成→大国と他国に戦闘・紛争・戦争をさせコストは国々の負担、利益はロス一族が得る仕組みを作りました。それに気づき利用されないようにしましょう。タイ移住５年,https://pbs.twimg.com/profile_images/1822901248011718656/OsTKnM4k_normal.jpg,601,36,6.400257445308821,3.6109179126442243,16.243243243243242,450,True,True,2,individual,cartoon_or_illustration,False,False,0.7268480408480407,BOT-LIKE ACTIVITY,0.83
ll_mansfield,Sidney Into the truth CoZy Mansfield ll,The world is in my Hand!! WE THE PEOPLE AGAINST THE ELITE!! UNITED WE STAND!!,https://pbs.twimg.com/profile_images/1941533255599009792/IfIcniL6_normal.jpg,600,974,6.398594934535208,6.882437470997847,0.6153846153846154,1539,True,True,2,anonymous_or_no_info,real_person_photo,False,False,0.7114580835830835,REAL HUMAN,0.4
cybertrckr,Bryan Baker,,https://pbs.twimg.com/profile_images/1585959806619164672/knnaytW1_normal.jpg,598,186,6.395261598115449,5.231108616854587,3.197860962566845,1165,False,False,1,anonymous_or_no_info,real_person_photo,False,False,,,
rwflatitude,Muscovites with Attitude,Before blocking me - keep in mind I’m not Russian. Had to write this because sarcasm is lost on some people. Nu-mi plac muscalii cu opinii bășinoase,https://pbs.twimg.com/profile_images/1861773450035003392/M8aiqR2X_normal.jpg,597,120,6.393590753950631,4.795790545596741,4.933884297520661,926,True,True,1,individual,cartoon_or_illustration,False,False,,,
dykflippie,vandykflippie,,https://pbs.twimg.com/profile_images/1750536431448055808/ARtPF8Zf_normal.jpg,595,63,6.39024066706535,4.1588830833596715,9.296875,4012,False,False,1,anonymous_or_no_info,real_person_photo,False,False,0.3471331070889894,REAL HUMAN,2.87
rupert_jennings,Billy Kostechko,"Baseball, guns, licensed cryptid hunter. Did some government ""stuff"". I'm not loyal to any party, except  America first. 🤙",https://pbs.twimg.com/profile_images/1995779771486384128/Ap2_GkVy_normal.jpg,594,594,6.38856140554563,6.38856140554563,0.9983193277310924,1403,True,True,2,individual,default_or_empty,False,True,0.3895597664289615,REAL HUMAN,2.0
davidknc77,David Kennedy,Jack of many trades and fixer of things. US Constitution is supreme. Nationalist. No NWO. Pureblood. MAGA. Awake. Wokeness is mental illness. Let kids be kids.,https://pbs.twimg.com/profile_images/1856743002577793024/WgGsqF-B_normal.jpg,589,660,6.380122536899765,6.493753839851686,0.8910741301059002,1148,True,True,2,individual,flag_or_national_symbol,True,,,,
rrmackay1963,Rob MacKay,"I was once a libertarian engineer but have been identifying as a kick ass robot for years now. 

Kiss my shinny metal ass meat bags.",https://pbs.twimg.com/profile_images/1734626172854829056/ci7MsiZp_normal.png,586,706,6.375024819828097,6.561030665896573,0.8288543140028288,734,True,False,1,individual,cartoon_or_illustration,False,False,,,
earljbh,Earl Grey Beard,"Man, Brother, Father, Grandfather, Friend.
Libertarian Ecologist - Domestic-scale PV+battery = Real Power to the People (that's why it won't be pushed)",https://pbs.twimg.com/profile_images/1577030208598806528/jEwJt5Pb_normal.png,584,401,6.371611847231857,5.996452088619021,1.4527363184079602,1175,True,True,2,individual,cartoon_or_illustration,False,False,,,
100_strim14410,Strim_100,,https://pbs.twimg.com/profile_images/1721801168215564288/ADldI9Ll_normal.jpg,579,817,6.363028103540465,6.706862336602747,0.7078239608801956,772,False,False,1,anonymous_or_no_info,real_person_photo,False,False,0.8769306439174859,BOT-LIKE ACTIVITY,0.0
yakushinalisa,Lisa Singh,"Moscow-based journalist, Jatni, Hindu-Russian mother 🇷🇺🇮🇳
Focus on India, Russia, BRICS, global affairs, war. Anti-Soros",https://pbs.twimg.com/profile_images/1975572002468761600/R6LOlZVk_normal.jpg,563,228,6.335054251498059,5.43372200355424,2.458515283842795,1347,True,False,3,journalist_or_media,real_person_photo,False,True,,,
themutz777,Tony Mutzelburg,,https://abs.twimg.com/sticky/default_profile_images/default_profile_normal.png,563,1101,6.335054251498059,7.004881989712859,0.5108892921960072,611,False,False,1,anonymous_or_no_info,default_or_empty,False,False,,,
news_of_donbass,News of Donbass,"News channel about current situation in Donbass and the Donetsk People's Republic.

Feedback Bot TELEGRAM
 @News_of_Donbass_bot",https://pbs.twimg.com/profile_images/1966157139195432960/viPaJO6a_normal.jpg,556,99,6.322565239927284,4.605170185988092,5.56,142,True,True,4,journalist_or_media,organization_logo,False,True,,,
arendbols,Arend Bols,,https://pbs.twimg.com/profile_images/1601587462492618753/OUCeZ4aP_normal.png,555,64,6.320768294250582,4.174387269895637,8.538461538461538,1087,False,False,1,anonymous_or_no_info,cartoon_or_illustration,False,False,,,
dlmitchell3,DL Mitchell,,https://abs.twimg.com/sticky/default_profile_images/default_profile_normal.png,552,549,6.315358001522335,6.309918278226516,1.0036363636363637,1035,False,False,1,anonymous_or_no_info,default_or_empty,False,True,0.5629541292041292,REAL HUMAN,0.2
lamberthuis2,Lambert 🇳🇱,Stop oorlog,https://pbs.twimg.com/profile_images/1899010371203022849/eLOTpBQ2_normal.jpg,548,401,6.3080984415095305,5.996452088619021,1.36318407960199,1689,True,False,1,individual,default_or_empty,False,False,,,
lordgmanilson,Sir jimbo j. Robin Hood County,NFFC Notts CCC and runs the friends international sanctuary for abused donkeys. donkeysancturyinternationaluk@gmail.com,https://pbs.twimg.com/profile_images/1971332634346147840/-j3HYmUu_normal.jpg,543,531,6.298949246855942,6.2766434893416445,1.0206766917293233,1223,True,True,1,individual,cartoon_or_illustration,False,False,0.6722810384060384,BOT-LIKE ACTIVITY,1.7
terranovachr,TN-C,"AncientBooks- PRE-History-Archeology-Eschatology-
Only thruth makes you free.

Wisdom is the knowledge of good & evil, not the strength to choose between the 2!",https://pbs.twimg.com/profile_images/1956404172938448896/T1uBhsLw_normal.jpg,541,860,6.295266001439646,6.7580945044277305,0.6283391405342624,4339,True,True,2,individual,default_or_empty,False,False,,,
got2be4real,Neal,"Brutally honest, not going to tolerate stupidity when I see one. Not everything I have retweeted I agree with but it could be important to know.",https://pbs.twimg.com/profile_images/1153547997/me-venice01_normal.JPG,540,434,6.293419278846481,6.075346031088684,1.2413793103448276,5782,True,True,2,individual,real_person_photo,False,False,0.3279615541836904,REAL HUMAN,0.1
nigelxyyman,Nigel XYY man - Not far left,used to be Nigelxxx and Nigel100007 No Direct Messages please. Over 18,https://pbs.twimg.com/profile_images/1828846830529937408/UDipFEGN_normal.jpg,533,501,6.280395838960195,6.218600119691729,1.0617529880478087,476,True,False,1,individual,real_person_photo,False,False,,,
johntonkin14,ДЖОН ТОНКИН,"Old Aussie bloke for 🇷🇺 in its fight against Yanks, Poms and EU. Not my king! Anti AUKUS & war mongers. Anti Nazi. Served in RAAF. Supports 🇵🇸 🇱🇧 ☭",https://pbs.twimg.com/profile_images/1478258414052470784/To1ovxNN_normal.jpg,532,362,6.278521424165844,5.8944028342648505,1.465564738292011,1436,True,True,4,individual,flag_or_national_symbol,True,False,,,
kobamanitoba,The Ghost of Chicken Kiev! 🇨🇦🇷🇺🇵🇸🇨🇳🌷🌷🌷,"Ukrainian/Dutch Canadian...we're from Volhynia. Bandera killed members of our family. 🤬 THIS IS PERSONAL! ☦️ 'Long Live the Rusyn People, Long Live Orthodoxy'",https://pbs.twimg.com/profile_images/1620465189815570432/9o_I8go3_normal.jpg,531,855,6.2766434893416445,6.752270376141742,0.6203271028037384,1124,True,True,4,individual,cartoon_or_illustration,False,False,0.5631559967809969,REAL HUMAN,0.0
oddman27,OddMan,"Contrarian. Murican. Show me, educate me; prove your point. 🇺🇸🏴‍☠️🏁",https://pbs.twimg.com/profile_images/1601187008180895745/uV8tN5-y_normal.jpg,530,697,6.274762021241939,6.548219102762372,0.7593123209169055,1418,True,True,2,individual,cartoon_or_illustration,False,False,,,
vulturecorso,vulture corso,,https://pbs.twimg.com/profile_images/1902281254713880576/vNocute6_normal.jpg,527,396,6.269096283706261,5.983936280687191,1.327455919395466,793,False,False,1,anonymous_or_no_info,cartoon_or_illustration,False,True,0.43124447774447766,REAL HUMAN,0.83
kenobiobi69370,Obi-jon Kenobi,"Viet Nam era peacenik/ANG fighter pilot that tuned in, turned on, and dropped out, organic produce pioneer, sorta writer/documentary producer, famous parent.",https://pbs.twimg.com/profile_images/1760273558360760320/DMw8hRes_normal.jpg,522,215,6.259581464064923,5.375278407684165,2.4166666666666665,683,True,True,1,individual,real_person_photo,False,False,,,
u_e_christendom,United European Christendom,,https://pbs.twimg.com/profile_images/1661095508876599304/mP51Ef1C_normal.jpg,522,200,6.259581464064923,5.303304908059076,2.5970149253731343,945,False,False,1,anonymous_or_no_info,default_or_empty,False,True,,,
maurosr_67,MauroSR66🇮🇹🇬🇷✝️♐🖤❤️,Essere in un Truman Show disilludersi salire le scale salutare tutti tornare a vivere ... finalmente,https://pbs.twimg.com/profile_images/1998030912995381248/U1-z0DhS_normal.jpg,522,539,6.259581464064923,6.29156913955832,0.9666666666666667,176,True,False,1,individual,default_or_empty,False,True,0.6171813056224821,REAL HUMAN,0.37
xtra_coverdrive,DB_52,Life is painful 💔,https://pbs.twimg.com/profile_images/1985186180988887040/nCJrYh0l_normal.jpg,521,778,6.257667587882639,6.658011045870748,0.668806161745828,679,True,True,1,individual,default_or_empty,False,False,,,
musk4potus,Heeere's Johnny,"Happily declared a 'nafo & leftard free zone'.
No apologies if I hurt your feelings, take a concrete tablet snowflake. 
      🇦🇺 🇳🇿",https://pbs.twimg.com/profile_images/1950521734685200384/f61hsflV_normal.jpg,521,598,6.257667587882639,6.395261598115449,0.8697829716193656,1326,True,True,3,individual,cartoon_or_illustration,False,False,,,
patrioticshoe,Deplored Patriot,Our constitution didn’t give rights it protects them. In the image of God He created him; M and F He created them. Is USA going to be Nineveh or Gomorrah?,https://pbs.twimg.com/profile_images/1820191859869986816/zRcALrob_normal.jpg,518,683,6.251903883165888,6.52795791762255,0.7573099415204678,1341,True,True,2,individual,cartoon_or_illustration,False,True,0.4848860061507121,REAL HUMAN,0.13
imagine_mk2,Imagine,"Sky is the limit. Religion, ethic, morale, hypocrisy, fear, ignorance... are the limit. YOUR INNER VOICE
#SmallaccountsMatter ✊",https://pbs.twimg.com/profile_images/1306719395675353088/EUyqm2dJ_normal.jpg,513,972,6.2422232654551655,6.880384082186005,0.527235354573484,1922,True,False,2,individual,cartoon_or_illustration,False,False,0.4743700156053097,REAL HUMAN,0.0
mehgretnernav,Cliff,,https://pbs.twimg.com/profile_images/1607463453077409792/SxvpRexN_normal.jpg,510,141,6.236369590203704,4.955827057601261,3.591549295774648,1084,False,False,1,anonymous_or_no_info,cartoon_or_illustration,False,False,,,
scsiraidguru,SCSIraidGURU,"Married, Awesome wife and children, Uber MAGA Trump supporter. I do report trans and porn to X.",https://pbs.twimg.com/profile_images/1981731296507265025/00MKEaYr_normal.jpg,504,527,6.22455842927536,6.269096283706261,0.9545454545454546,1109,True,False,1,individual,default_or_empty,False,True,,,
peet202411,Peetjemineetje,Master education / Leerkracht basisonderwijs grote stad.,https://pbs.twimg.com/profile_images/1821631974395564032/99yewbio_normal.jpg,503,993,6.222576268071369,6.901737206656574,0.506036217303823,650,True,False,1,individual,cartoon_or_illustration,False,False,0.764078258342964,BOT-LIKE ACTIVITY,0.3
robertogiuffre,Roberto Giuffrè,"Per 27 anni ho aiutato Polizie e Procure (informatica ed elettronica forense). Ora studio psicologia.
Move your mind.",https://pbs.twimg.com/profile_images/826575838862794752/YvQVqLyU_normal.jpg,502,175,6.220590170099739,5.170483995038151,2.852272727272727,5778,True,True,1,individual,real_person_photo,False,False,,,
hardjappaleno,Calle Champinjon,,https://pbs.twimg.com/profile_images/1941230048884789248/4hOxTPJy_normal.jpg,502,488,6.220590170099739,6.192362489474872,1.0265848670756645,868,False,False,1,anonymous_or_no_info,cartoon_or_illustration,False,False,0.6710538073038073,BOT-LIKE ACTIVITY,1.4
rashtraneeti,वरुण व॰ (Varuṇa V) 🇮🇳,"A well-wisher of the nationalist Modi govt, providing support as well as constructive criticism in hope that govt keeps serving national interests (India First)",https://pbs.twimg.com/profile_images/1015424357940670464/UN3WRDuW_normal.jpg,499,395,6.214608098422191,5.981414211254481,1.2601010101010102,3091,True,False,1,individual,cartoon_or_illustration,False,False,,,
tany12044,Tanya Lopata,"Det är lätt att bli blind i dagens politik...Sverige, Israel & Ukraina i mitt hjärta.",https://pbs.twimg.com/profile_images/1751515129240338432/uCtJkVpv_normal.jpg,499,918,6.214608098422191,6.823286122355687,0.5429815016322089,718,True,True,2,individual,real_person_photo,False,False,0.7562039488289488,BOT-LIKE ACTIVITY,0.37
annibanner,Anne B,"#TRUTH#JUSTICE#PEACE. Adult human female against child & animal cruelty. EVERY child to be fed/cared for in a world free from war.
#SaveOurNHS #PR #FREESPEECH",https://pbs.twimg.com/profile_images/1248055182618955777/NXsALgpQ_normal.jpg,496,439,6.208590026096629,6.0867747269123065,1.1272727272727272,5443,True,True,2,individual,cartoon_or_illustration,False,False,0.23746831458015663,REAL HUMAN,0.0
duranfangermany,Politik_International,"Unabhängige Analysen zu internationalen Beziehungen, abseits von Manipulation durch Medien, ""Experten"" und selektive Berichterstattung. TEILEN, LIKEN, FOLGEN!",https://pbs.twimg.com/profile_images/1890420475781627904/R-a5KSS8_normal.jpg,494,126,6.20455776256869,4.844187086458591,3.8897637795275593,802,True,True,3,anonymous_or_no_info,flag_or_national_symbol,True,False,,,
boobookittycan,BooBoo Kitty,I don’t do private messaging. I am a Canadian who loves Canada 🇨🇦 and I’m very alarmed at what has occurred in the last 10 years to our beautiful country.,https://pbs.twimg.com/profile_images/1959420035920691200/6yokYYiZ_normal.jpg,491,967,6.198478716492308,6.875232087276577,0.5072314049586777,624,True,False,2,individual,cartoon_or_illustration,False,False,,,
2cnlkh68,2CNLKH_68,"Progressive 🇮🇩 Support Real Free World NOT fake free world of Western Lies || 
He who dares not offend cannot be honest (Thomas Paine)",https://pbs.twimg.com/profile_images/1890257252935954433/UAiGSSeO_normal.jpg,489,884,6.194405391104672,6.785587645007929,0.5525423728813559,1213,True,True,3,individual,cartoon_or_illustration,False,False,0.7740660173160174,BOT-LIKE ACTIVITY,0.37
eurokitco,The Talented Mr. Ripley,The Rise of Worthless People,https://pbs.twimg.com/profile_images/1815840816570437632/gQYYU3gA_normal.jpg,486,298,6.18826412308259,5.700443573390687,1.625418060200669,2405,True,True,2,anonymous_or_no_info,real_person_photo,False,True,,,
motp42,Man of the People,Politics⚖️ Markets💹 Pop Culture🎥 and everything in-between. I help you separate signal from the noise.,https://pbs.twimg.com/profile_images/1687645074434203649/slGXkfu0_normal.jpg,484,463,6.184148890937483,6.139884552226255,1.043103448275862,867,True,False,1,individual,real_person_photo,False,True,,,
stateahead,StayAhead,"Full time trader. I do scuba-diving, tennis, photography (travel & nature). Despise and fight against MSM lies and propaganda. NO Facebook, Instagram, Apple",https://pbs.twimg.com/profile_images/1751872860925116416/9xtJRAKn_normal.jpg,484,571,6.184148890937483,6.349138991379798,0.8461538461538461,4940,True,True,2,individual,real_person_photo,False,True,,,
survivalistpt,Paul Taylor,"EXPOSING LIES .
The block button is the refuge of the vanquished.
Physiognomy  is our last line of defence  against the  enemies of humanity .",https://pbs.twimg.com/profile_images/1857755046068236288/2aYbC1mx_normal.jpg,484,162,6.184148890937483,5.093750200806762,2.9693251533742333,353,True,False,2,anonymous_or_no_info,cartoon_or_illustration,False,False,,,
stof3345,Chris 💜,Nature lover. I think for myself. Just gimme some truth!,https://pbs.twimg.com/profile_images/1262565715053293569/YnnTIjbn_normal.jpg,482,721,6.180016653652572,6.582025138892826,0.667590027700831,5861,True,True,2,individual,cartoon_or_illustration,False,False,0.6802427572427571,BOT-LIKE ACTIVITY,0.07
h12373donald,Winston Smith RM 101,No DM's,https://pbs.twimg.com/profile_images/1840464960775737344/f9sk35gM_normal.jpg,478,178,6.171700597410915,5.187385805840755,2.670391061452514,454,True,False,1,anonymous_or_no_info,real_person_photo,False,False,,,
downeyryan,Ryan James Downey,,https://pbs.twimg.com/profile_images/1525488143067189248/ioxQW-pb_normal.jpg,477,185,6.169610732491456,5.225746673713202,2.564516129032258,5067,False,False,1,anonymous_or_no_info,real_person_photo,False,False,,,
van_der_klerk,VanDeClerk,"...'It's a Republic, sir. If you can keep it.'
'...on the road to find out..' Critical Thinking/Open Discourse/Peaceful Solutions.",https://pbs.twimg.com/profile_images/1834706641607925760/EJBVyvbD_normal.jpg,474,150,6.163314804034641,5.017279836814924,3.1390728476821192,542,True,False,2,individual,default_or_empty,False,False,,,
warrentshow,WARRENTHORNTON.COM,"Real News uncovering the hidden agendas driving world events.
X shadow bans our news programme 6pm GMT",https://pbs.twimg.com/profile_images/1898474782275825664/zpHAiWj3_normal.jpg,473,573,6.161207321695077,6.352629396319567,0.8240418118466899,553,True,True,3,journalist_or_media,real_person_photo,False,True,,,
ebay_itemm,Username_1961,Loner.,https://pbs.twimg.com/profile_images/1949431212361019392/JF5aMvfZ_normal.jpg,472,131,6.159095388491933,4.882801922586371,3.5757575757575757,3751,True,True,1,individual,real_person_photo,False,False,0.21541952165481576,REAL HUMAN,0.7
navskandalen,NAV Skandalen,"No #rejoin until fundamental EU rights are enforceable EEA-wide 

https://t.co/CYjYyl0czO",https://pbs.twimg.com/profile_images/1720788000756400128/Pwr9gRKc_normal.jpg,470,856,6.154858094016418,6.75343791859778,0.5484247374562428,1152,True,True,1,individual,flag_or_national_symbol,True,False,,,
info_defense_en,InfoDefenseEnglish,"InfoDefense is a team of volunteers from around the world.

We expose the truth that is suppressed by mainstream media in more than 30 languages.",https://pbs.twimg.com/profile_images/1773994619141083136/DsT1LVmp_normal.jpg,469,5,6.152732694704104,1.791759469228055,78.16666666666667,586,True,False,3,organization,organization_logo,False,False,,,
republicblog,Republic Heritage,The Constitution of the United States is our Republic Heritage.,https://pbs.twimg.com/profile_images/378800000436231896/b79e92c8ea2db895fbe4b987d8a28904_normal.jpeg,467,461,6.148468295917647,6.135564891081739,1.0108225108225108,5202,True,True,2,individual,flag_or_national_symbol,True,True,,,
evilchuckster,Chuck Scappaticci,"I like the mountains, camping, fly fishing, hunting, my 73 Mustang Convertible,  Job:  Lab Director (keeps interfering with my life)",https://pbs.twimg.com/profile_images/202698207/73_Mustang_Convertible_normal.jpg,462,7,6.137727054086234,2.0794415416798357,57.75,6053,True,True,1,individual,cartoon_or_illustration,False,True,0.34323491867609524,REAL HUMAN,0.03
voxdei1960,VoxDei,"A Proud 2.5 star Deity, hoping to make 3 star before the second coming.
Asking the obvious questions the MSM seem incapable of asking.

Pronouns - Lord/OMG",https://pbs.twimg.com/profile_images/1597844854700388352/WqGdgmfi_normal.jpg,461,158,6.135564891081739,5.0689042022202315,2.89937106918239,1115,True,True,2,individual,default_or_empty,False,False,0.5980392385392386,REAL HUMAN,0.3
aleksanderdroz4,Statler77,,https://pbs.twimg.com/profile_images/1704234752998301696/nx2culyx_normal.jpg,460,40,6.133398042996649,3.713572066704308,11.21951219512195,1520,False,False,1,anonymous_or_no_info,cartoon_or_illustration,False,False,,,
z500_tj,TeeJay,"Anti-fragile. Pro skeptic, since bullshit abounds.  Libertarian, since much of what Republicans & Democrats believe about govt, society & individuals is silly",https://pbs.twimg.com/profile_images/1385766781319630852/1T2WClZh_normal.jpg,455,802,6.1224928095143865,6.688354713946762,0.5666251556662516,5346,True,True,1,individual,real_person_photo,False,False,0.5469107559107559,REAL HUMAN,0.77
twasthentisnow,Beth A,🇬🇧🏴󠁧󠁢󠁥󠁮󠁧󠁿  Ad Astra Per Aspera  🏴󠁧󠁢󠁥󠁮󠁧󠁿 🇬🇧 No DM’s #GOMAX,https://pbs.twimg.com/profile_images/1896944436124274688/DeGwywpL_normal.jpg,453,854,6.118097198041348,6.75110146893676,0.5298245614035088,700,True,True,2,individual,default_or_empty,False,False,0.653744786259492,BOT-LIKE ACTIVITY,0.0
knowbothsides,Know Both Sides,"Free, but biased, half-truth-telling-with-exaggeration media = Non-governmental brainwashing propaganda",https://pbs.twimg.com/profile_images/1284306129481281536/LBjp1l7h_normal.jpg,452,239,6.115892125483034,5.480638923341991,1.8833333333333333,5150,True,False,3,individual,cartoon_or_illustration,False,False,,,
madamglobal,💧🌏🇪🇭Bryony,"I do not vote for racist, misogynistic, homophobic, climate deniers who are interested only in their own power & not a fair & inclusive democracy.",https://pbs.twimg.com/profile_images/1786946835795660800/lZXqdCoJ_normal.jpg,452,475,6.115892125483034,6.16541785423142,0.9495798319327731,4743,True,True,1,individual,cartoon_or_illustration,False,False,0.3738909840159841,REAL HUMAN,0.2
dmruth4,D M Ruth,"Wife, mother, grandmother, teacher, faithful Catholic.
The world is my ship, not my home. 
What Patrick Henry said …
⛪️👨‍👩‍👧‍👦⚓️🇨🇦",https://pbs.twimg.com/profile_images/1536067564039770117/R4HIHCSp_normal.jpg,450,638,6.111467339502679,6.459904454377535,0.704225352112676,1331,True,False,2,individual,cartoon_or_illustration,False,True,0.617907111893954,REAL HUMAN,0.5
geoffsmiglaynax,Geoff Smith,"Managing Director, Glaynax Pte Ltd",https://abs.twimg.com/sticky/default_profile_images/default_profile_normal.png,447,547,6.104793232414985,6.306275286948016,0.8156934306569343,2824,True,True,1,individual,default_or_empty,False,True,,,
jubbyjub7,Hugh,Irish & Kildare resident. Will rant a lot about desire to see better country and planet for our future. All rants my own. I just want to go mountain biking.,https://pbs.twimg.com/profile_images/1914697379950792706/dZHxnq4V_normal.jpg,444,454,6.09807428216624,6.12029741895095,0.9758241758241758,5166,True,True,1,individual,real_person_photo,False,False,0.319537531912532,REAL HUMAN,0.0
zana2a,zAnne,J'écrivais des silences,https://pbs.twimg.com/profile_images/1256193918213001219/rkiXNjuY_normal.jpg,444,468,6.09807428216624,6.150602768446279,0.9466950959488273,2046,True,False,1,individual,cartoon_or_illustration,False,,,,
ismyringen01,Ronald Mc Donald,,https://pbs.twimg.com/profile_images/1666085018891075585/KAWuXjMr_normal.png,444,249,6.09807428216624,5.521460917862246,1.776,882,False,False,1,anonymous_or_no_info,cartoon_or_illustration,False,False,,,
jonnycomp344502,jonnycomp,"computer gaming  space and beyond   lifestyle fitness    A I
weird and wonderful
 metal  And    Golf
https://t.co/7d1eyu1ueA
https://t.co/o5v0VDCPZr",https://pbs.twimg.com/profile_images/1803198727127179266/mgVZuKr1_normal.jpg,441,529,6.091309882077698,6.272877006546167,0.8320754716981132,533,True,True,1,individual,cartoon_or_illustration,False,True,0.8094590321958742,REAL HUMAN,0.37
janszkirud42778,Rudy Janszki,,https://abs.twimg.com/sticky/default_profile_images/default_profile_normal.png,437,522,6.082218910376446,6.259581464064923,0.8355640535372849,258,False,False,1,anonymous_or_no_info,default_or_empty,False,False,,,
mandolin__rain,Mandolin Rain,"Just a regular dude here to support  🇺🇦. Don't like Orcs, Vatniks or Putin. Proelio procusi, ad victoriam - Slava Ukraini",https://pbs.twimg.com/profile_images/1896235542079037440/jIuM0k-K_normal.jpg,437,447,6.082218910376446,6.104793232414985,0.9754464285714286,1369,True,True,1,individual,cartoon_or_illustration,False,False,,,
annesmi06829573,Anne Smith,"Homesteader, Christian and Mother",https://pbs.twimg.com/profile_images/1806984940531089408/URC2j3oi_normal.jpg,437,44,6.082218910376446,3.8066624897703196,9.71111111111111,538,True,True,1,individual,cartoon_or_illustration,False,False,,,
jjolastu84536,jon jolastu,,https://pbs.twimg.com/profile_images/1720080912984276992/5erUXzYy_normal.png,434,659,6.075346031088684,6.492239835020471,0.6575757575757576,733,False,False,1,anonymous_or_no_info,cartoon_or_illustration,False,False,,,
heertumpetrus,True and real news...what you not see on tv.......,"all media is controlled, and tell you what governments you wanna tell. Here is real true news....",https://pbs.twimg.com/profile_images/1906872031842570240/EIHcXd23_normal.jpg,431,43,6.068425588244111,3.784189633918261,9.795454545454545,874,True,False,2,anonymous_or_no_info,real_person_photo,False,False,,,
thomasd8591,Thomas Dietz,"Selberdenker, Boomer, Fleischesser, Leugner des anthropogenen Klimaschwindels, fahre Verbrenner, anti-grün/-links/-islamisch, Feind von Gender-/LGBTQ-Gaga!",https://pbs.twimg.com/profile_images/1889276338747453440/Q72k34Z__normal.jpg,426,309,6.056784013228625,5.736572297479192,1.3741935483870968,306,True,True,2,individual,cartoon_or_illustration,False,False,0.6897474521092942,BOT-LIKE ACTIVITY,0.53
multipolara,MultipolarAffair,"Political scientist, foreign affairs enthusiast",https://pbs.twimg.com/profile_images/1776617630326980608/wW33uHYr_normal.jpg,425,101,6.054439346269371,4.624972813284271,4.166666666666667,608,True,False,2,individual,flag_or_national_symbol,True,False,,,
kaza40419,George kaz,I’m independent,https://pbs.twimg.com/profile_images/1960775390303072256/JA0Kelj8_normal.jpg,425,120,6.054439346269371,4.795790545596741,3.512396694214876,155,True,True,1,individual,flag_or_national_symbol,True,False,,,
ewartbarrry,Barry Ewart,Trade unionist & singer songwriter,https://pbs.twimg.com/profile_images/1511640951487410180/W7bqG7YW_normal.png,423,140,6.049733455231958,4.948759890378168,3.0,1351,True,False,1,individual,cartoon_or_illustration,False,False,,,
thesausageman,John Warren,"English. Russian expert. 34 years living in Russia. Travel & Food program presenter on Russian TV. Huge realist. Fan of Russia, loathe all things ""West"".",https://pbs.twimg.com/profile_images/1911508318712909824/lUQESJzm_normal.jpg,423,720,6.049733455231958,6.580639137284949,0.5866851595006934,6068,True,True,4,individual,real_person_photo,False,True,0.3972875359934183,REAL HUMAN,2.43
estherd08231206,Cara Lover new account,,https://pbs.twimg.com/profile_images/1961827466198085632/EUwgE9jG_normal.jpg,422,364,6.0473721790462776,5.8998973535824915,1.1561643835616437,1152,False,False,1,anonymous_or_no_info,default_or_empty,False,True,0.6755677794427796,REAL HUMAN,0.13
darmashkian,1,Ammoru Thali!,https://pbs.twimg.com/profile_images/1969846156860833793/99PJx4pp_normal.jpg,419,107,6.040254711277414,4.68213122712422,3.8796296296296298,3807,True,False,1,anonymous_or_no_info,cartoon_or_illustration,False,False,,,
xrppumph,XRPPump&Hold,,https://abs.twimg.com/sticky/default_profile_images/default_profile_normal.png,419,299,6.040254711277414,5.703782474656201,1.3966666666666667,1737,False,False,1,anonymous_or_no_info,default_or_empty,False,False,,,
rdroawhitehorse,Rider of a White Horse,,https://pbs.twimg.com/profile_images/1928911602964893696/1H71ByNF_normal.jpg,418,73,6.037870919922137,4.30406509320417,5.648648648648648,312,False,False,1,anonymous_or_no_info,cartoon_or_illustration,False,True,,,
lev1446491,Lev,"Love healthy foods grow a huge garden , microgreens in the winter, raise bees ,fruit trees and berries",https://pbs.twimg.com/profile_images/1877801526711746561/jOXd0wG7_normal.jpg,417,401,6.035481432524756,5.996452088619021,1.037313432835821,659,True,True,1,individual,cartoon_or_illustration,False,False,,,
teamkent85,Kent,There are only two ways to live your life. One is as though nothing is a miracle. The other is as though everything is a miracle.',https://pbs.twimg.com/profile_images/1868061409306648576/1RuAbnTY_normal.jpg,415,794,6.030685260261263,6.678342114654332,0.5220125786163522,2765,True,True,1,individual,organization_logo,False,True,,,
jokes_on_us_pal,Jokes On Us Pal 🏴‍☠️🏴,,https://pbs.twimg.com/profile_images/1916221543123677184/B02erPnS_normal.jpg,415,415,6.030685260261263,6.030685260261263,0.9975961538461539,219,False,False,1,anonymous_or_no_info,cartoon_or_illustration,False,False,0.7867716172716172,BOT-LIKE ACTIVITY,1.0
rockymtntdi,Dave Woods,US Constitutionalist. Conservative. Truth / Integrity / Justice. MAGA. Populist. Freedom is not Free. Judge others by their character & actions.,https://pbs.twimg.com/profile_images/1603547924092358656/kgUoYq_-_normal.jpg,412,264,6.023447592961033,5.579729825986222,1.5547169811320756,1092,True,False,2,individual,real_person_photo,False,False,,,
ironymanhq,Irony Man,"Raised between empires. Watching the next one rehearse. Irony, power, and geopolitics decoded for grown-ups.",https://pbs.twimg.com/profile_images/1981751965878005760/d-627ZVc_normal.jpg,411,66,6.021023349349527,4.204692619390966,6.134328358208955,389,True,False,3,individual,default_or_empty,False,True,,,
tomboyles10,Tom Boyles,"Multiple degrees in business/sciences. Retired, 38 yrs running strategy, data analytics/research for fortune 100 Co. Big dogs person, married my HS sweetheart.",https://abs.twimg.com/sticky/default_profile_images/default_profile_normal.png,410,62,6.018593214496234,4.143134726391533,6.507936507936508,1119,True,True,1,individual,default_or_empty,False,True,,,
richardadamczuk,Richard Adamczuk,"R&D, Manufacturing, Interfacemanagement, CIP, Process Improvement | #IoT, #IIoT, #industrie40, #M2M topics. Opinions are my own. Father of (2)1.",https://pbs.twimg.com/profile_images/1422823297482469377/C0esAbB-_normal.jpg,409,662,6.016157159698354,6.4967749901858625,0.6168929110105581,4238,True,False,1,individual,real_person_photo,False,False,,,
spoki_83,ParaBellum,"politicvs, nuvs globalvs Empirivs 💪",https://pbs.twimg.com/profile_images/1950963393529257984/9XphjWZP_normal.jpg,409,516,6.016157159698354,6.248042874508429,0.7911025145067698,1608,True,True,3,anonymous_or_no_info,cartoon_or_illustration,False,False,,,
fp_schmenkel,Fritz Schmenkel 🇩🇪🤝🇷🇺,There is no exquisite beauty without some strangeness in the proportion. - Edgar Allan Poe,https://pbs.twimg.com/profile_images/1848782992879046656/6wCTpdMO_normal.jpg,408,411,6.013715156042802,6.021023349349527,0.9902912621359223,1107,True,False,1,individual,real_person_photo,False,False,,,
evagreiner8,EvaG,"Anti-war. Dislike neocons &
'Offensive Realists' (all warmongers).
NO to AUKUS, NO to joining US wars",https://abs.twimg.com/sticky/default_profile_images/default_profile_normal.png,407,482,6.0112671744041615,6.180016653652572,0.8426501035196687,3066,True,False,2,individual,default_or_empty,False,False,0.5474344421917952,REAL HUMAN,0.07
6mrgregory,🇵🇸🇵🇱6MrGrreggorryy,"Wolność posiadania i wyrażania własnych poglądów, dosadnych, wyrazistych, stoi wyżej niż bolszewicka cenzura",https://pbs.twimg.com/profile_images/1707114182422708225/aFBniRYg_normal.jpg,407,539,6.0112671744041615,6.29156913955832,0.7537037037037037,802,True,True,2,individual,flag_or_national_symbol,True,False,,,
macrogirl_la,MGLA,,https://pbs.twimg.com/profile_images/1609631920094326787/Py8cWzey_normal.jpg,407,355,6.0112671744041615,5.87493073085203,1.1432584269662922,1123,False,True,1,anonymous_or_no_info,cartoon_or_illustration,False,True,,,
gesudiovivente,Anima Bella,"“Una cosa ho chiesto al Signore, questa sola io cerco: abitare nella casa del Signore tutti i giorni della mia vita, per gustare la dolcezza del Signore”.",https://pbs.twimg.com/profile_images/1659443216653901827/xDpjN14h_normal.jpg,402,43,5.998936561946683,3.784189633918261,9.136363636363637,5858,True,True,1,individual,default_or_empty,False,False,,,
sentimanju,Indian Witch-Hunt 🇮🇳,Dharma & Aviation : One uplifts the Soul while the other uplifts the Body 🙏🏼,https://pbs.twimg.com/profile_images/1806751752043053056/-SbbZmim_normal.jpg,401,360,5.996452088619021,5.8888779583328805,1.110803324099723,5375,True,True,1,individual,cartoon_or_illustration,False,False,,,
mcnobsfinance,Millennial Capital,"Private Fund Manager
Opinions on financial topics are not personal financial advice. Unless we have a signed contract, I am NOT your personal financial advisor!",https://pbs.twimg.com/profile_images/1924818680103198720/C7bZ-ltS_normal.jpg,399,506,5.991464547107982,6.2285110035911835,0.7869822485207101,285,True,True,1,individual,real_person_photo,False,False,,,
ruby_rosa_polo,Ruby Rosa,,https://pbs.twimg.com/profile_images/1849351132629389316/L82WDKDR_normal.jpg,398,168,5.988961416889864,5.1298987149230735,2.3550295857988166,376,False,False,1,anonymous_or_no_info,cartoon_or_illustration,False,False,,,
lredl3_,Tron,black,https://pbs.twimg.com/profile_images/1868715211898617857/CW94u0on_normal.jpg,390,485,5.968707559985366,6.186208623900494,0.8024691358024691,1403,True,True,1,anonymous_or_no_info,cartoon_or_illustration,False,False,0.732805754917597,BOT-LIKE ACTIVITY,0.1
just_hjb_here,HJB,No DMs.,https://pbs.twimg.com/profile_images/1819747747874148354/E_iStZjs_normal.jpg,388,332,5.963579343618446,5.808142489980444,1.165165165165165,508,True,False,1,individual,cartoon_or_illustration,False,False,,,
vicv13270,MisterVee,Russian Australian. In the gap between subject and object lies the entire misery of mankind.,https://abs.twimg.com/sticky/default_profile_images/default_profile_normal.png,387,494,5.961005339623274,6.20455776256869,0.7818181818181819,877,True,True,2,individual,default_or_empty,False,False,,,
5990hsd,HD,Fuck off,https://pbs.twimg.com/profile_images/1956764849477652480/uusM3xzV_normal.jpg,386,377,5.958424693029782,5.934894195619588,1.0211640211640212,2530,True,True,1,anonymous_or_no_info,default_or_empty,False,False,,,
konservativ98,ImperialScout,"Für Gott, Kaiser und Vaterland!",https://pbs.twimg.com/profile_images/1965029799639867392/COtFDoCs_normal.jpg,385,490,5.955837369464831,6.19644412779452,0.7841140529531568,1804,True,True,2,individual,real_person_photo,True,False,,,
chrlieswarchest,Devi Rhamesz,I like dreaming on a Sunday night & waking on a Monday afternoon,https://pbs.twimg.com/profile_images/1263212213/wine_women_and_song_normal.jpg,383,0,5.950642552587727,0.0,383.0,5357,True,True,1,individual,default_or_empty,False,False,0.5727080215536098,REAL HUMAN,0.0
clockwork584043,clockwork,,https://pbs.twimg.com/profile_images/1921943253206642688/6i-Jx_Cr_normal.jpg,379,685,5.940171252720432,6.530877627725885,0.5524781341107872,342,False,False,1,anonymous_or_no_info,cartoon_or_illustration,False,False,0.8972033995416347,BOT-LIKE ACTIVITY,2.5
grishko_new,grishko,I am at peace with nature and live in wilderness,https://pbs.twimg.com/profile_images/1805073765539168256/RJrK6YG__normal.jpg,377,569,5.934894195619588,6.345636360828596,0.6614035087719298,1191,True,False,1,individual,default_or_empty,False,False,0.8249088591147415,BOT-LIKE ACTIVITY,0.03
wink_panther,WINK Panther,$WIN,https://pbs.twimg.com/profile_images/1455393351717597184/GhNZ3cbG_normal.jpg,376,82,5.932245187448011,4.418840607796598,4.530120481927711,1499,True,False,1,anonymous_or_no_info,cartoon_or_illustration,False,False,,,
mtokyo8888,M May,,https://pbs.twimg.com/profile_images/1674730823952617472/4xszn3Zh_normal.png,374,242,5.926926025970411,5.493061443340548,1.5390946502057614,905,False,False,1,anonymous_or_no_info,cartoon_or_illustration,False,False,,,
alchemist2114,alchemist,,https://pbs.twimg.com/profile_images/1892151153896656897/iX-rPE1B_normal.jpg,370,562,5.916202062607435,6.333279628139691,0.6571936056838366,886,False,True,1,anonymous_or_no_info,cartoon_or_illustration,False,False,,,
bannedlatino,BannedLatino,"Twitter Banned my old account because I was writing against the evil US empire.

Western media is always lying.

NAFO movement was created by a real Nazeee",https://pbs.twimg.com/profile_images/1592262867012579329/Wvn-veo9_normal.jpg,370,215,5.916202062607435,5.375278407684165,1.712962962962963,1113,True,True,4,individual,cartoon_or_illustration,False,False,,,
spiro_777,One of the Great Ones,"Orthodox Christian. We are blindly walking towards a dystopic world, led by evil people. Their goal is to rob us of our faith and ability to think freely.",https://pbs.twimg.com/profile_images/1920246964790439936/6q5zw6UB_normal.jpg,367,254,5.908082938168931,5.541263545158426,1.4392156862745098,365,True,False,2,individual,cartoon_or_illustration,False,True,0.6248535076035077,REAL HUMAN,2.17
earthflute,non sheeple and proud,"since 2020.. my default position is to suspect government, big pharma, money of malfeasance and go from there.
thank goodness for the internet.",https://pbs.twimg.com/profile_images/1703928044573048832/0EQFsE7b_normal.jpg,362,48,5.8944028342648505,3.8918202981106265,7.387755102040816,4839,True,False,2,individual,default_or_empty,False,False,,,
rhovanion2,rhovanion,"""the whole thing started with rock and roll , now its outta control""..",https://pbs.twimg.com/profile_images/1861247520787017728/vc_Grkk-_normal.jpg,362,439,5.8944028342648505,6.0867747269123065,0.8227272727272728,2652,True,False,1,individual,real_person_photo,False,False,0.6021458004929365,BOT-LIKE ACTIVITY,0.0
blacktuskprod,GLG20 F S O 🇨🇿🇸🇰🇨🇦,"Strange game, the only way to win is not to play  - Joshua   (War Games)",https://pbs.twimg.com/profile_images/1348056190396239872/Q5J_65Le_normal.jpg,357,556,5.8805329864007,6.322565239927284,0.6409335727109515,3929,True,True,1,individual,default_or_empty,False,False,,,
martianseervant,Martian,"“I have never made but one prayer to God, a very short one: Oh Lord, make my enemies ridiculous. And God granted it.” - Voltaire",https://pbs.twimg.com/profile_images/1645867433725423616/KbW4FAlA_normal.jpg,357,141,5.8805329864007,4.955827057601261,2.5140845070422535,965,True,True,1,anonymous_or_no_info,cartoon_or_illustration,False,False,,,
scottwa80184192,Scott Vanguard,"manga, anime, comics and online games",https://pbs.twimg.com/profile_images/1978215526364233729/sYcIfKUH_normal.jpg,349,199,5.857933154483459,5.298317366548036,1.745,806,True,True,1,individual,cartoon_or_illustration,False,False,0.7611044423412845,BOT-LIKE ACTIVITY,0.27
ccat2025,Ccat,,https://abs.twimg.com/sticky/default_profile_images/default_profile_normal.png,348,94,5.855071922202427,4.553876891600541,3.663157894736842,1430,False,True,1,anonymous_or_no_info,default_or_empty,False,False,,,
respectdebate33,Let’s Agree,Respectful debate is crucial to advancing ideas. Make your case with truth as your guide.,https://pbs.twimg.com/profile_images/1753419070244818944/nvTbDSEE_normal.jpg,347,496,5.8522024797744745,6.208590026096629,0.6981891348088531,1196,True,True,2,individual,real_person_photo,False,True,,,
oilngas007,oilngas,Canadian,https://pbs.twimg.com/profile_images/1016169283682893824/hzi_vl8y_normal.jpg,346,212,5.849324779946859,5.3612921657094255,1.624413145539906,2703,True,True,1,anonymous_or_no_info,cartoon_or_illustration,False,False,0.4841969419469418,REAL HUMAN,3.37
zmijokovic,☦️ Zlatko M - Gospodi Pomiluj☦️,"Orthodox Christian, Father, Husband, Ex-lefty, refuting Islam and other nonsense.
I have no earthly leader, my leader is Lord of Lords, Jesus Christ.",https://pbs.twimg.com/profile_images/1905666212014571520/cXNAF02D_normal.jpg,344,112,5.84354441703136,4.727387818712341,3.0442477876106193,2317,True,True,2,individual,real_person_photo,False,False,,,
volkova_ma57183,Маrina Wolf,Arbeiten.  Personalmanager,https://pbs.twimg.com/profile_images/1779983270010118144/UfxIiBdC_normal.png,344,117,5.84354441703136,4.770684624465665,2.9152542372881354,567,True,False,1,individual,cartoon_or_illustration,False,False,,,
sergyskripal,Sergy Skripal: HABEAS CORPUS!,"The 6 horsemen of the apocalypse

- feminism & subjectivity
- war-zeal & monster-hysteria
- mass immigration
- racial denialism
- censorship
- dogma",https://pbs.twimg.com/profile_images/1900204580140429312/h042HE4J_normal.jpg,341,191,5.834810737062605,5.2574953720277815,1.7760416666666667,263,True,False,2,anonymous_or_no_info,real_person_photo,False,False,0.5111445915195916,REAL HUMAN,0.07
grimzone,Андрей Сметанкин,"Репетитор информатики и программирования
https://t.co/hOrE8NztHK",https://pbs.twimg.com/profile_images/1549004147608928258/cyvBFfUv_normal.jpg,341,447,5.834810737062605,6.104793232414985,0.7611607142857143,5786,True,True,1,individual,real_person_photo,False,False,0.5350956284427646,REAL HUMAN,0.63
bobd187,Bob D,nothing changes if nothing changes,https://pbs.twimg.com/profile_images/1688217768825438208/cBm770_J_normal.jpg,340,546,5.831882477283517,6.304448802421981,0.6215722120658135,1681,True,False,1,individual,cartoon_or_illustration,False,False,,,
jddjef,Rajvejar 12,(Welcome to the Jungle),https://pbs.twimg.com/profile_images/1934905909245030400/exeAScHY_normal.jpg,340,195,5.831882477283517,5.278114659230517,1.7346938775510203,2334,True,False,1,anonymous_or_no_info,default_or_empty,False,False,,,
mike_theskeptic,The Skeptic🤔🤔,"The one thing you can count on is that the official story is a lie.
#brothethoodofthephin#SilentService.

J6 FTW

Hateful misogynistic bigot without pronouns.",https://pbs.twimg.com/profile_images/1921947349858852865/zR_tE8br_normal.jpg,339,572,5.8289456176102075,6.35088571671474,0.5916230366492147,803,True,True,2,individual,cartoon_or_illustration,False,False,,,
cheffieparadise,Cheffie,"I am a single dad of 4 rescue furkids, 2  donkeys and many ducks, chicken and geese 🐕🐎🦆 

Off grid living and voetsek if you don't like it.",https://pbs.twimg.com/profile_images/1911014669793288192/PD9b7gUf_normal.jpg,337,354,5.823045895483019,5.872117789475416,0.9492957746478873,1699,True,True,1,individual,cartoon_or_illustration,False,False,0.48659476797712087,REAL HUMAN,0.43
vierotchka,Vera Narishkin,"Why are you so interested about me? I am rather reserved about myself. Anyway, to know a bit about me, click on ""view more"" below.",https://pbs.twimg.com/profile_images/1962438991690514432/L_0Sj727_normal.jpg,333,569,5.811140992976701,6.345636360828596,0.5842105263157895,5659,True,False,1,anonymous_or_no_info,default_or_empty,False,False,,,
jeromejerome01,Jerome Jerome,"Jerome has spent almost 30years in Government as Council Leader, Mayor,  Police Authority member & Parliamentry Candidate.
    RUSSIA IS  STILL NOT MY ENEMY.",https://pbs.twimg.com/profile_images/916257236300726273/t6o0p7Ks_normal.jpg,333,571,5.811140992976701,6.349138991379798,0.5821678321678322,4634,True,True,3,political_figure,cartoon_or_illustration,False,False,,,
jimthom94025512,Jim Thompson,,https://pbs.twimg.com/profile_images/1627420263288537089/n4Du6OJq_normal.jpg,332,257,5.808142489980444,5.552959584921617,1.2868217054263567,1025,False,False,1,anonymous_or_no_info,real_person_photo,False,False,,,
petermortell1,peter mortell,,https://pbs.twimg.com/profile_images/1782383315003076608/5FnPXHoE_normal.jpg,331,293,5.805134968916488,5.683579767338681,1.1258503401360545,2578,False,False,1,anonymous_or_no_info,cartoon_or_illustration,True,True,0.4489224125547655,REAL HUMAN,0.4
issaccody32356,Elkan Tamar,Catholic. Ready for 11th Crusade. What is antisemitsm? Noticer of trends.,https://pbs.twimg.com/profile_images/1964790019542880256/c2B9ZHsS_normal.jpg,331,535,5.805134968916488,6.284134161070802,0.6175373134328358,505,True,False,2,individual,real_person_photo,True,False,,,
madame_moyen,Madame Moyen,"Géopolitique, spécialiste 🇩🇪conservatrice, multilateraliste, RUSSOPHILE🇷🇺gastronome, mélomane … connophobe primaire😉",https://pbs.twimg.com/profile_images/1850472312996306944/P6CJtrkc_normal.jpg,331,578,5.805134968916488,6.361302477572996,0.5716753022452504,1039,True,True,4,individual,default_or_empty,False,False,0.6001294261294262,BOT-LIKE ACTIVITY,0.0
in_visi_ble_one,politically homeless cat,"Uni-Polarity is Un-American,
Non-Elitist Peace-Monger,
Tribalism+Nukes solves Fermi Paradox
Reason/Science over Anecdotes,
Pantheist, reluctant Libertarian",https://pbs.twimg.com/profile_images/1197551023528660992/S_j8-l3c_normal.jpg,330,482,5.802118375377063,6.180016653652572,0.6832298136645962,5419,True,True,2,individual,cartoon_or_illustration,False,True,0.4026673057334822,REAL HUMAN,0.37
markedelman5,Mark,"You never lived, If you were never heard.",https://pbs.twimg.com/profile_images/1968488066261086211/nyp5VFdo_normal.jpg,330,388,5.802118375377063,5.963579343618446,0.8483290488431876,2531,True,True,1,individual,real_person_photo,False,False,,,
jhahalefthook,Joseph Roy,"Not a Man who is in Favor of Utter B.S, rather a Man who feels like Debunking B.S is Imperative. Free Speech Enthusiast.",https://pbs.twimg.com/profile_images/1860534927239815168/UF8eWDDB_normal.jpg,330,513,5.802118375377063,6.2422232654551655,0.642023346303502,1126,True,True,2,individual,real_person_photo,False,False,,,
samarwatch,ThE EcHo BrEaKeRs,IT IS WHAT IT IS!!,https://pbs.twimg.com/profile_images/1995825035135868928/OrgxnUSV_normal.jpg,329,171,5.799092654460526,5.147494476813453,1.9127906976744187,184,True,True,1,anonymous_or_no_info,cartoon_or_illustration,False,True,,,
4anstey,Jacky,"Psychologist, hater of divisive WOKE culture and the destructive nature of identity politics.   Let's focus on what we have in common, not what sets us apart.",https://pbs.twimg.com/profile_images/471413595691945986/nV-WZLbx_normal.jpeg,328,345,5.796057750765372,5.846438775057725,0.9479768786127167,5715,True,True,2,individual,cartoon_or_illustration,False,True,0.4025134693737636,REAL HUMAN,0.27
reivanen,reivanen,,https://abs.twimg.com/sticky/default_profile_images/default_profile_normal.png,328,140,5.796057750765372,4.948759890378168,2.326241134751773,5058,False,False,1,anonymous_or_no_info,default_or_empty,False,False,0.348619543854838,REAL HUMAN,0.17
healey2405,Leonardus,Conservative. Lawyer. A Europe of nation states for Europeans. Defending freedom of speech against government censorship. Proud of our history and culture.🏛️🏺,https://pbs.twimg.com/profile_images/1701552297870790656/G1ilABoF_normal.jpg,325,279,5.786897381366708,5.634789603169249,1.1607142857142858,1103,True,False,2,individual,cartoon_or_illustration,False,False,0.6219992858448741,BOT-LIKE ACTIVITY,0.73
aqcbuilding,aqc,The Constitution is the Law of the Land,https://pbs.twimg.com/profile_images/1888021753638903808/USb9G0KA_normal.jpg,324,229,5.783825182329737,5.438079308923196,1.4086956521739131,327,True,False,1,individual,cartoon_or_illustration,False,True,0.5893477355977356,REAL HUMAN,1.93
arrothefoxinam,theadolescentadventuresofarro,When You’re Smiling LCFC 🦊Travel author on a mission to visit every country in the world - Начинающий автор с миссией посетить все страны мира 🇷🇺🇦🇲🇵🇸🇸🇾,https://pbs.twimg.com/profile_images/1586914886713499648/9pCfw6r5_normal.jpg,323,112,5.780743515792329,4.727387818712341,2.8584070796460175,4701,True,True,3,individual,real_person_photo,False,False,,,
ashelley73948,Arthur Shelley,if you’re looking for a Apple Pay card or Cash app donation don’t look here I’m independently poor and need no help whatsoever spending my money = Bills get it,https://pbs.twimg.com/profile_images/1991016227423023104/kaj04VrL_normal.jpg,322,69,5.777652323222656,4.248495242049359,4.6,110,True,True,1,individual,default_or_empty,False,False,0.6318483118189001,BOT-LIKE ACTIVITY,0.8
mijas2022,ronin52,retired,https://pbs.twimg.com/profile_images/1969658474784002048/6TOS0SJq_normal.jpg,321,68,5.7745515455444085,4.23410650459726,4.6521739130434785,1443,True,True,1,individual,real_person_photo,False,False,0.5557435064935067,REAL HUMAN,0.6
drumhailer,Drumhailer,,https://pbs.twimg.com/profile_images/1868909064673280002/gm_Tu-_2_normal.jpg,321,219,5.7745515455444085,5.393627546352362,1.459090909090909,821,False,False,1,anonymous_or_no_info,cartoon_or_illustration,False,False,,,
space_phd,Peter the Great Space Science☀️,"Science, sun, tech/energy, edu, Earth 🛰️
Independent U.S. 🇺🇸 scientist. 

This account is managed by a descendant of Peter the Great 👑 (the Romanov dynasty)",https://pbs.twimg.com/profile_images/1976146748222615552/5sTOipoq_normal.jpg,321,58,5.7745515455444085,4.07753744390572,5.440677966101695,3046,True,True,2,individual,default_or_empty,False,False,,,
loveroftruthirl,Lover of Truth,The truth is a lion. It does not need defending. Set it free; it will defend itself.,https://pbs.twimg.com/profile_images/1877081513201655808/hGG4WpbZ_normal.jpg,320,226,5.771441123130016,5.424950017481403,1.4096916299559472,753,True,False,2,anonymous_or_no_info,cartoon_or_illustration,False,True,,,
tempesttree,Tempesttree,,https://pbs.twimg.com/profile_images/1873145788726956032/m4neujiC_normal.png,320,26,5.771441123130016,3.295836866004329,11.851851851851851,352,False,False,1,anonymous_or_no_info,default_or_empty,False,False,0.7226691298897181,BOT-LIKE ACTIVITY,0.13
julieboudicca,Julie Boudicca,perpetually in the bad girl dungeon on x ✊🏻DEUS VULT 🏴󠁧󠁢󠁥󠁮󠁧󠁿 mayflower/DAR/100% northern euro 🐸 good at noticing ♟️my fam owned slaves sns,https://pbs.twimg.com/profile_images/1966716399197581313/1kpXjwXI_normal.jpg,320,221,5.771441123130016,5.402677381872279,1.4414414414414414,120,True,False,2,individual,default_or_empty,False,False,,,
fearnyarrow,soulcake💭,"🇺🇸 MAHA - RFKjr, the one who wrote the book on St Francis, yes that one, is winning for us all!",https://pbs.twimg.com/profile_images/1519740690737020928/ZIg5HFVe_normal.jpg,319,454,5.768320995793772,6.12029741895095,0.701098901098901,1326,True,True,1,individual,default_or_empty,False,False,,,
_geotakes_,GeoTakes,,https://pbs.twimg.com/profile_images/1728339794088869888/wsQnPTFY_normal.jpg,317,398,5.762051382780177,5.988961416889864,0.7944862155388471,739,False,False,1,anonymous_or_no_info,cartoon_or_illustration,False,False,,,
channysaako,DivineLineage,"Independent researcher and writer. ||Annunaki ◇ Elohim||  ||3i ALTAS □ Archeoastronomy||
||Holy Science ○ Old Testament|| 🦧Clever Ape 🆒️🆓 👽 Alien mythbuster",https://pbs.twimg.com/profile_images/1969378080621019136/IPy0ueas_normal.jpg,316,193,5.75890177387728,5.267858159063328,1.6288659793814433,503,True,True,1,individual,default_or_empty,False,True,,,
leser8989,leser,,https://abs.twimg.com/sticky/default_profile_images/default_profile_normal.png,316,486,5.75890177387728,6.18826412308259,0.648870636550308,943,False,False,1,anonymous_or_no_info,default_or_empty,False,False,0.8962194760004357,BOT-LIKE ACTIVITY,0.67
jlcas1,José Luis Castro,"El socialismo es como una trampa para ratones, funciona porque el ratón no entiende porque el queso es gratis.

Alexander Staudt",https://pbs.twimg.com/profile_images/560033389731139585/4Hkzxtr4_normal.jpeg,316,286,5.75890177387728,5.659482215759621,1.1010452961672474,5656,True,True,2,individual,real_person_photo,False,False,0.4177222537953961,REAL HUMAN,0.17
toku_michel,Michel Toku,Love starship,https://pbs.twimg.com/profile_images/1956820576418344960/Xw1sOLud_normal.jpg,314,97,5.752572638825633,4.584967478670572,3.204081632653061,377,True,False,1,individual,cartoon_or_illustration,False,False,0.5944592352092353,REAL HUMAN,0.43
zpapsnow4,Kevin Snow,🇨🇦🇺🇸☦️,https://pbs.twimg.com/profile_images/1943302359771131905/6YzpU_Q5_normal.jpg,313,431,5.749392985908253,6.068425588244111,0.7245370370370371,146,True,True,2,individual,default_or_empty,False,False,0.7506259712509711,BOT-LIKE ACTIVITY,3.13
igormatutinovic,Igor Matutinovic,"Social scientist, researching and teaching sustainability",https://pbs.twimg.com/profile_images/1231956156991582208/XiY9QaGo_normal.jpg,309,172,5.736572297479192,5.153291594497779,1.7861271676300579,3449,True,True,1,individual,real_person_photo,False,False,0.437721916971917,REAL HUMAN,0.13
terramia14,Williams - Parthenope,"I listen, observe and draw my conclusions.

cosmopolitan 🌏",https://pbs.twimg.com/profile_images/1839379689678495744/4GH55jPX_normal.jpg,306,160,5.726847747587197,5.081404364984463,1.9006211180124224,1617,True,False,2,individual,real_person_photo,False,False,,,
michael13777750,Michael Curran,"Father of Summer and Ian, husband of Kimberly, Seahawks fan. Loves to play with my family at Beaches,Rivers,and Lakes.",https://pbs.twimg.com/profile_images/1519820830896627712/m8VIYVP6_normal.jpg,305,167,5.723585101952381,5.123963979403259,1.8154761904761905,1334,True,True,1,individual,real_person_photo,False,False,0.6147260933510934,BOT-LIKE ACTIVITY,0.0
ussrminder,Vitali Y Orekhov,Anti-war gym rat and marathoner. Support your Motherland not its Leadership. “leaders come and go”,https://pbs.twimg.com/profile_images/1490164818782871562/hcXFbCXD_normal.jpg,304,473,5.720311776607412,6.161207321695077,0.6413502109704642,4390,True,True,3,individual,real_person_photo,False,False,0.6353221084471085,BOT-LIKE ACTIVITY,0.13
siillvveer22,SILVER,"It's good to be underestimated & misanalyzed so pop chaff & flares from time to time.  Play dumb but not too dumb 😉

I identify as a AH-64E 'guardian'.
It/its.",https://pbs.twimg.com/profile_images/1967541726052335616/Xmz1d1QC_normal.jpg,302,458,5.713732805509369,6.129050210060545,0.6579520697167756,642,True,False,2,anonymous_or_no_info,default_or_empty,False,False,0.7693795787545787,BOT-LIKE ACTIVITY,2.37
johndbravo,John Bravo,"Curious observer and news aggregator. 
RT and likes are not endorsements.
'No more veils in Vail !' wail whales from Wales to no avail.",https://pbs.twimg.com/profile_images/1624029360846938112/zvBTpVWy_normal.jpg,301,507,5.71042701737487,6.230481447578482,0.59251968503937,1406,True,False,1,individual,flag_or_national_symbol,True,False,,,
karensquires18,Karen Squires,Average hard working mum,https://abs.twimg.com/sticky/default_profile_images/default_profile_normal.png,301,29,5.71042701737487,3.4011973816621555,10.033333333333333,2977,True,True,1,individual,default_or_empty,False,False,,,
daniellantigua,Daniel Lantigua,Padre de 4 y abuelo de 4,https://pbs.twimg.com/profile_images/1578117934387527685/_httJAyW_normal.jpg,297,513,5.697093486505405,6.2422232654551655,0.5778210116731517,5482,True,True,1,individual,real_person_photo,False,False,,,
justamomofaboy,Lena,Granddaughter of Romani Holocaust Survivor... #NeverAgainForEverybody....,https://pbs.twimg.com/profile_images/1968712218008080385/2Gq-lT1l_normal.jpg,295,148,5.69035945432406,5.003946305945459,1.9798657718120805,1115,True,False,1,individual,cartoon_or_illustration,False,False,,,
chrisho03515950,CriticalDrinker 🍺,,https://pbs.twimg.com/profile_images/1738099354534117377/Coa1Qg5e_normal.jpg,294,402,5.68697535633982,5.998936561946683,0.7295285359801489,1663,False,False,1,anonymous_or_no_info,cartoon_or_illustration,False,True,,,
terryrus99,Terry and a turtle,"22 years in international aid & development; 17 years in Southeast Asia. 
    With global issues, picking a side is easy; understanding is harder.",https://pbs.twimg.com/profile_images/1725504925583777792/fIC1i7Si_normal.jpg,294,331,5.68697535633982,5.805134968916488,0.8855421686746988,1008,True,True,2,individual,real_person_photo,False,False,0.7101389027639029,BOT-LIKE ACTIVITY,2.23
cepulje,Alenka Valher,,https://abs.twimg.com/sticky/default_profile_images/default_profile_normal.png,293,200,5.683579767338681,5.303304908059076,1.4577114427860696,6029,False,False,1,anonymous_or_no_info,default_or_empty,False,False,0.3802776025144448,REAL HUMAN,0.03
561cdc,561cdc 🇮🇳 🇳🇵,,https://pbs.twimg.com/profile_images/785154610293989381/p8LH4od9_normal.jpg,293,425,5.683579767338681,6.054439346269371,0.687793427230047,3600,False,True,1,anonymous_or_no_info,cartoon_or_illustration,False,False,0.7625966158024984,BOT-LIKE ACTIVITY,0.73
knotrushin,knotrushin,,https://pbs.twimg.com/profile_images/1897068425412804608/Rojm3nwk_normal.jpg,290,129,5.673323267171493,4.867534450455582,2.230769230769231,1289,False,False,1,anonymous_or_no_info,default_or_empty,False,False,0.4295872460872461,REAL HUMAN,0.37
novi_zmay,Alex76🐉🇷🇸,"Father, husband,orthodox Christian 

If you support NATO, get the hell out of my profile!
Bilingual translation for Russian and English language",https://pbs.twimg.com/profile_images/1879665386221613056/1jb6rVf3_normal.jpg,289,415,5.66988092298052,6.030685260261263,0.6947115384615384,974,True,True,3,individual,cartoon_or_illustration,False,False,,,
niinamuslimah,‎سكينة,"|| Soul gains, polemics and insights || 📌 ‘I don’t obsess. I think... intensely.’",https://pbs.twimg.com/profile_images/1320122399073968135/S6zXjNYi_normal.jpg,288,85,5.666426688112432,4.454347296253507,3.3488372093023258,4634,True,False,2,individual,default_or_empty,False,False,0.3117003552003552,REAL HUMAN,0.2
odmevmb,Aljoša Dragaš,"Uporniški novinar s poškodbenim listom. Več slednjimi, žal. 
Osebni profil, namenjen osebnim stališčem in profesionalnim objavam ter obojestranskim delitvam.",https://pbs.twimg.com/profile_images/1995533195954008064/o0MehX3u_normal.jpg,286,271,5.659482215759621,5.605802066295998,1.0514705882352942,1054,True,True,1,journalist_or_media,default_or_empty,False,True,,,
elcomrade_vlad,Comrade Vlad 🇸🇻🇸🇻,,https://pbs.twimg.com/profile_images/1822794737465606144/O7OJ0ZNp_normal.jpg,285,114,5.655991810819852,4.74493212836325,2.4782608695652173,944,False,True,1,anonymous_or_no_info,real_person_photo,False,False,0.4310727499624559,REAL HUMAN,0.03
brandomized,Brandomized,F%#K the Globalist!!! Blackrock = EVILCORP!!! LOBBYING IS BRIBING!!!,https://pbs.twimg.com/profile_images/1519788859382325250/oy9tkQ2M_normal.jpg,285,397,5.655991810819852,5.986452005284438,0.7160804020100503,5392,True,True,2,individual,cartoon_or_illustration,False,False,,,
p_salmon,Psalmon,,https://pbs.twimg.com/profile_images/236004102/Sisyphus_art_200v_20080512141939_normal.jpg,285,256,5.655991810819852,5.54907608489522,1.1089494163424125,6035,False,False,1,anonymous_or_no_info,cartoon_or_illustration,False,True,,,
stpgop,Saint Paul City GOP,"News & Views- Not Affiliated with the MNGOP

Candidate articles, events, and comments on issues of the day.

https://t.co/wcmVlEYh8R",https://pbs.twimg.com/profile_images/3503400512/1acf4fc7e43bb1dc777404f7ca41e1a4_normal.jpeg,281,149,5.641907070938114,5.0106352940962555,1.8733333333333333,5059,True,True,2,political_figure,default_or_empty,False,False,0.6101793337381572,BOT-LIKE ACTIVITY,0.73
therock80649333,The Rock,"I am a proud Englishman. I fear for the future of my country because it is under the control of globalists, who care not for our traditional values and beliefs.",https://pbs.twimg.com/profile_images/1821234718236356608/ZLM_syb0_normal.jpg,280,102,5.638354669333745,4.634728988229636,2.7184466019417477,560,True,True,2,individual,cartoon_or_illustration,True,True,,,
edwin_good66883,Edwin Good,,https://pbs.twimg.com/profile_images/1741184322915495936/GI4QfL1s_normal.png,278,427,5.631211781821365,6.059123195581797,0.6495327102803738,716,False,True,1,anonymous_or_no_info,default_or_empty,False,True,0.8593956876456876,REAL HUMAN,0.07
ronove734322,Ronove,"Pronounced ro NO vee.  
I am not special. OLD fashioned, common sense.  
Congressional oath: uphold constitution, NOT a false Scofield interpretation of O.T.",https://pbs.twimg.com/profile_images/1872053289363140608/lH4LSWQT_normal.jpg,277,47,5.627621113690637,3.871201010907891,5.770833333333333,824,True,True,2,individual,cartoon_or_illustration,False,False,,,
slaterseamus,Seamus Slater,"Professional nap enthusiast 🛌 | Chief procrastinator, mastering the art of last-minute brilliance ⏳ | Fluent in sarcasm 😎🤘",https://pbs.twimg.com/profile_images/1876636159150850048/_xEWLGjC_normal.jpg,276,228,5.6240175061873385,5.43372200355424,1.205240174672489,1503,True,True,1,individual,cartoon_or_illustration,False,True,,,
cltnc13,Clt Nc,,https://pbs.twimg.com/profile_images/1812537735825207296/IEk2h2z1_normal.png,275,228,5.62040086571715,5.43372200355424,1.2008733624454149,532,False,True,1,anonymous_or_no_info,cartoon_or_illustration,False,False,,,
ahmadovich89,Ахмадович Насс,"Cutting through propaganda | Exposing Western hypocrisy | Geopolitical, strategy & realty & Economy | Watching the Western empire crumble in real time",https://pbs.twimg.com/profile_images/1899227337025105920/K8WrW9I6_normal.jpg,274,208,5.616771097666572,5.342334251964811,1.3110047846889952,5314,True,True,3,individual,flag_or_national_symbol,True,False,0.3809056411424834,REAL HUMAN,0.03
stepanandandriy,Ork with Shovel,"🎼🎵🎶
'Ere we go
'Ere we go
Shovel all the way
Oh what fun
It is to WAAAAGH!
Let's  krump nazi gits today
Hey!
🎼🎵🎶",https://pbs.twimg.com/profile_images/1988467775359381507/9p3XD4u6_normal.jpg,272,134,5.60947179518496,4.90527477843843,2.0148148148148146,107,True,True,1,anonymous_or_no_info,real_person_photo,True,False,0.6545682261065389,BOT-LIKE ACTIVITY,0.8
chess_robot,Chester,"I was a chess bot, but the twitter API made that experiment impossible, then my main twitter account got banned in the Jack days, so I'm using this account now.",https://pbs.twimg.com/profile_images/525290909139607556/On73fk-j_normal.png,269,227,5.598421958998375,5.429345628954441,1.1798245614035088,4065,True,False,1,individual,cartoon_or_illustration,False,False,0.31544822063901007,REAL HUMAN,0.9
dustinlath23725,Dustin Latham,,https://pbs.twimg.com/profile_images/1795250116070420480/DUAIfIwx_normal.jpg,267,379,5.5909869805108565,5.940171252720432,0.7026315789473684,567,False,False,1,anonymous_or_no_info,real_person_photo,False,False,,,
kenrik25360,Ken Rik,An immortal spiritual being having a temporary physical experience in a human avatar body. One of many I have occupied.,https://pbs.twimg.com/profile_images/1871245637330857985/FLOUj2At_normal.jpg,266,51,5.58724865840025,3.9512437185814275,5.115384615384615,342,True,True,1,individual,cartoon_or_illustration,False,False,,,
davidcheungguy,David Cheung,"A proud Canadian, a believer in personal responsibility and traditional values.  White guy with an Asian sounding name, go figure.",https://pbs.twimg.com/profile_images/823198595574677504/q6uLvA-D_normal.jpg,263,164,5.575949103146316,5.10594547390058,1.593939393939394,3365,True,True,2,individual,cartoon_or_illustration,True,False,,,
nobodyudlike,nobody you’d like,"Don’t DM me. Don’t interact with me if you’re a soy boy Save us both, be quiet, I’m sick of you tattling to twatter. Lib anger feeds my beast, fair warning.",https://pbs.twimg.com/profile_images/1820670654318014464/14Yospy5_normal.jpg,263,173,5.575949103146316,5.159055299214529,1.5114942528735633,1329,True,True,2,individual,cartoon_or_illustration,False,True,0.3955010128760129,REAL HUMAN,0.2
wscraidy,Scraidy Wolf,It's not what you or I believe. What matters is what they believe.,https://pbs.twimg.com/profile_images/1974373162549981189/9IrV0uFX_normal.jpg,262,176,5.572154032177765,5.176149732573829,1.4802259887005649,1074,True,False,2,anonymous_or_no_info,default_or_empty,False,False,,,
blacktempar,Champion of the Great Lakes☪️,"A king's duty is to his people, for without the people a king is nothing.

☪️🇵🇸🇾🇪🔻",https://pbs.twimg.com/profile_images/1882536847311593472/iFwXKwtv_normal.jpg,262,377,5.572154032177765,5.934894195619588,0.6931216931216931,882,True,True,2,individual,cartoon_or_illustration,False,False,,,
dowlphin,Dᴏᴡʟᴘʜᴡɪɴ 🥷🖋️🖋️🖋️🇵🇸,Life artist ▌guide & seeker ▌student & teacher (a preacher with less PR and more tea) ▌pantheist & puntheist & pontheist ▌attack roflcopter (meme/🧂mine) ▌IDEK,https://pbs.twimg.com/profile_images/953886934841151493/09yhL91h_normal.jpg,257,59,5.552959584921617,4.0943445622221,4.283333333333333,4195,True,True,2,individual,cartoon_or_illustration,False,False,,,
adinbuck,Adin Buck,,https://pbs.twimg.com/profile_images/1807267535286575104/Y0An2W2q_normal.jpg,257,428,5.552959584921617,6.061456918928017,0.5990675990675991,1393,False,True,1,anonymous_or_no_info,default_or_empty,False,False,,,
viralvideonews3,Viral Video News,"Daily global news scoops: geopolitics, world records & more. Unbiased updates. #ViralVideoNews

Follow for real-time alerts",https://pbs.twimg.com/profile_images/1978488663903207424/XmATSUAo_normal.jpg,257,16,5.552959584921617,2.833213344056216,15.117647058823529,2912,True,True,2,journalist_or_media,cartoon_or_illustration,False,False,0.3626734393057923,REAL HUMAN,0.7
debater63,Farid,"Qualified engineer with interest in people’s history, economy and psychology. A socialist proud of a historical heritage of socialism in the U.K.",https://pbs.twimg.com/profile_images/1605971079364755456/07tlDlD9_normal.jpg,255,306,5.545177444479562,5.726847747587197,0.8306188925081434,1094,True,False,2,individual,cartoon_or_illustration,False,False,,,
rjmitchell36,R. J. Mitchell,,https://pbs.twimg.com/profile_images/1761181243062763520/ySSkIPM6_normal.jpg,247,441,5.5134287461649825,6.091309882077698,0.5588235294117647,818,False,True,1,anonymous_or_no_info,cartoon_or_illustration,False,False,0.8755271307639728,BOT-LIKE ACTIVITY,0.03
bulgarianstoic,Avgust 🇧🇬,Exposing media lies.,https://pbs.twimg.com/profile_images/1768942197703880705/4a2tty-e_normal.jpg,247,91,5.5134287461649825,4.5217885770490405,2.6847826086956523,747,True,False,2,anonymous_or_no_info,real_person_photo,False,False,0.37281751908222494,REAL HUMAN,0.4
anthonyyeehaw,Anthony John,,https://pbs.twimg.com/profile_images/1760474088446017536/FBJzHET__normal.jpg,247,0,5.5134287461649825,0.0,247.0,1322,False,False,1,anonymous_or_no_info,cartoon_or_illustration,False,False,,,
davidowens43,David Owens,"Wirral, England.
Sometime writer, alleged poet.
Physics dropout.
Also on Gab @davidowens65.",https://abs.twimg.com/sticky/default_profile_images/default_profile_normal.png,246,408,5.5093883366279774,6.013715156042802,0.6014669926650367,1753,True,False,2,individual,default_or_empty,False,False,0.6732223887223888,BOT-LIKE ACTIVITY,1.03
cdnshawn,CdnShawn,,https://pbs.twimg.com/profile_images/1856348671165489152/DCbxHa8t_normal.jpg,246,277,5.5093883366279774,5.627621113690637,0.8848920863309353,486,False,False,1,anonymous_or_no_info,cartoon_or_illustration,False,False,0.8226795500251382,BOT-LIKE ACTIVITY,0.7
lshinov,L. SHIN,,https://pbs.twimg.com/profile_images/1625109319795503104/q83ZGf1i_normal.jpg,246,155,5.5093883366279774,5.049856007249537,1.5769230769230769,1376,False,False,1,anonymous_or_no_info,cartoon_or_illustration,False,False,0.4232679820179822,REAL HUMAN,0.33
generalfluffyz,General Fluffy Pillows,"Power is taken, not given. 

Niccolo Machiavelli
No one ever listens to John Rambo.
Antifa are the gay ISIS.
Middle class Bohemian fans acting tough makes me 😆",https://pbs.twimg.com/profile_images/1982158103190618112/LGOI5RGK_normal.jpg,244,118,5.501258210544727,4.77912349311153,2.0504201680672267,268,True,True,2,individual,default_or_empty,False,False,,,
fredmisdom,Fred J Misdom,If something is important enough......this tech has more than 40 yrs peer reviewed science verifying its efficacy. Should be in common use by now. https://t.co/C2BXoVpCHJ,https://pbs.twimg.com/profile_images/1619360140444196864/iLDUbNeX_normal.jpg,243,146,5.497168225293202,4.990432586778736,1.653061224489796,1459,True,True,2,individual,real_person_photo,False,False,,,
jacobp32213953,Jacob P,I et land med frihed skal befolkningen ikke være bange for magthaverne. Magthaverne skal være bange for befolkningen. Ræk staten en lillefinger og den ...,https://pbs.twimg.com/profile_images/1243859644763770881/SYKYXQI__normal.jpg,243,49,5.497168225293202,3.912023005428146,4.86,2149,True,False,2,anonymous_or_no_info,cartoon_or_illustration,False,False,,,
snowhit05795585,snowhite,The most rewarding job in my life has been raising my beautiful children.,https://pbs.twimg.com/profile_images/1740472936371240960/jiFnuQdx_normal.jpg,242,209,5.493061443340548,5.3471075307174685,1.1523809523809523,1796,True,False,1,individual,default_or_empty,False,False,,,
pericpete,Ryan The Seeker,,https://pbs.twimg.com/profile_images/1747157449059209216/PjnAbCki_normal.jpg,241,229,5.488937726156687,5.438079308923196,1.0478260869565217,699,False,False,1,anonymous_or_no_info,real_person_photo,False,False,,,
ducati853b,W.S. Schuessler,,https://pbs.twimg.com/profile_images/1757307589262544896/sK57ZmRR_normal.png,240,32,5.484796933490655,3.4965075614664802,7.2727272727272725,693,False,False,1,anonymous_or_no_info,cartoon_or_illustration,False,False,,,
elroyscat,Botchvinik,"Simple man w/ a diverse collection of interests.  Lover of nature, freedom, science, common sense.  Here to learn, stay informed, and push back against lunacy.",https://pbs.twimg.com/profile_images/1954800235034849281/XcKIS0mA_normal.jpg,240,464,5.484796933490655,6.142037405587356,0.5161290322580645,1432,True,True,2,individual,default_or_empty,False,False,,,
sriabhigyan,Abhigyan,"Tech, Culture, Geopolitics through an Indian Lens 🌍| 
Exploring Leadership, Diversity & Innovation for Global Harmony | Voice for Clarity |
RT≠Endorsement",https://pbs.twimg.com/profile_images/1922519004792451072/Tr7xVg_d_normal.jpg,239,105,5.480638923341991,4.663439094112067,2.2547169811320753,5600,True,True,2,individual,real_person_photo,False,False,,,
sierra182papa,Long-eared Galoot,Pride comes before the fall,https://pbs.twimg.com/profile_images/1926291372387999744/XrJ4VtsH_normal.jpg,235,91,5.4638318050256105,4.5217885770490405,2.5543478260869565,699,True,False,2,anonymous_or_no_info,cartoon_or_illustration,False,False,0.7420685393038333,BOT-LIKE ACTIVITY,0.33
rn2045328438804,Enderbock,,https://pbs.twimg.com/profile_images/1937606956887277568/4D8sGQIQ_normal.jpg,234,68,5.459585514144159,4.23410650459726,3.391304347826087,195,False,False,1,anonymous_or_no_info,real_person_photo,False,False,,,
nigertin,Nigeltin,"Remigracionista /// Profeta da conspiração: ✡️ EST ///  Anti 25 de Abril em 🇵🇹, 🇮🇹. /// Tio, Sir Mosley, Dr. Salazar e MEP Grzegorz Braun 👍",https://pbs.twimg.com/profile_images/1879312052113620992/yQYwBAOZ_normal.jpg,233,325,5.455321115357702,5.786897381366708,0.7147239263803681,486,True,True,2,individual,real_person_photo,False,False,,,
dannymagohe,mwikoma oseronga,,https://pbs.twimg.com/profile_images/1567404557243760641/LA6tPTma_normal.jpg,231,263,5.44673737166631,5.575949103146316,0.875,3147,False,True,1,anonymous_or_no_info,real_person_photo,False,False,,,
kuuffi,Raakamunakas,"Tutkija ja kaiken asiantuntija.
Kannatan eroa EU:sta, Natosta, WHO:sta, Eurosta ja pariisin ilmastosopimuksesta. 
Globalismille loppu!",https://pbs.twimg.com/profile_images/1890397673099788288/44O0LUrh_normal.jpg,230,184,5.442417710521793,5.220355825078324,1.2432432432432432,3007,True,True,3,individual,default_or_empty,False,False,,,
de44797,₱äπth,Truth is always bitter and sometimes funny. And Sarcasm is one of my thing.,https://pbs.twimg.com/profile_images/1827023419822551040/ly_WaHHO_normal.jpg,229,346,5.438079308923196,5.849324779946859,0.659942363112392,462,True,False,1,individual,default_or_empty,False,False,,,
checkingmada198,checking Mada,,https://pbs.twimg.com/profile_images/1969813266969878528/OrkPz1_u_normal.jpg,229,36,5.438079308923196,3.6109179126442243,6.1891891891891895,4205,False,True,1,anonymous_or_no_info,default_or_empty,False,False,,,
bacinschim666,mike bacinschi,,https://pbs.twimg.com/profile_images/1900974142121537536/OiKhMpHX_normal.jpg,228,102,5.43372200355424,4.634728988229636,2.2135922330097086,234,False,False,1,anonymous_or_no_info,real_person_photo,False,True,0.5835931984681985,REAL HUMAN,0.77
yvesjordan16,yves jordan,indépendant,https://pbs.twimg.com/profile_images/1814857782534811648/-rYzdF4N_normal.jpg,226,342,5.424950017481403,5.8377304471659395,0.6588921282798834,2109,True,False,1,individual,real_person_photo,False,False,0.7092003413253413,BOT-LIKE ACTIVITY,0.03
wer1being,Sovereign Being,Free speech censors have never been the good guys. United we stand Divided we fall. Question Everything. I would rather wear a tin foil hat than a Blind fold?,https://pbs.twimg.com/profile_images/1873486118110302208/SkP2CBpU_normal.jpg,226,381,5.424950017481403,5.945420608606575,0.5916230366492147,5234,True,True,2,individual,cartoon_or_illustration,False,False,,,
physkons,Albedo42,,https://pbs.twimg.com/profile_images/1914731080541773824/_YHjnJVG_normal.jpg,225,220,5.420534999272286,5.3981627015177525,1.0180995475113122,237,False,False,1,anonymous_or_no_info,cartoon_or_illustration,False,False,,,
forumforthought,ForumForThought,"ForumForThought is a forum for discussion of thoughts, perspectives, and view points pertaining to all things that connect us.",https://pbs.twimg.com/profile_images/1595207511845801984/7eCcFqIC_normal.jpg,224,315,5.41610040220442,5.755742213586912,0.7088607594936709,1139,True,False,1,organization,cartoon_or_illustration,False,True,,,
libertasmetus,Eugene van Dyk,,https://pbs.twimg.com/profile_images/1697496623268438017/_ggqwDaI_normal.jpg,220,179,5.3981627015177525,5.19295685089021,1.2222222222222223,835,False,False,1,anonymous_or_no_info,real_person_photo,False,False,,,
amanwifname,amanwithaname,,https://pbs.twimg.com/profile_images/1823325569867530240/rPIBV9l9_normal.jpg,218,193,5.389071729816501,5.267858159063328,1.1237113402061856,505,False,False,1,anonymous_or_no_info,cartoon_or_illustration,False,False,0.7243883632707161,BOT-LIKE ACTIVITY,0.17
isalecri9106,isaLecri,,https://abs.twimg.com/sticky/default_profile_images/default_profile_normal.png,217,333,5.384495062789089,5.811140992976701,0.6497005988023952,887,False,False,1,anonymous_or_no_info,default_or_empty,False,False,,,
dogeshop1,TheShibangelist,Dogecoin must flow,https://pbs.twimg.com/profile_images/1910460349138006016/Am8bcWya_normal.jpg,216,157,5.37989735354046,5.062595033026967,1.3670886075949367,1684,True,True,1,anonymous_or_no_info,default_or_empty,False,False,0.35329062604062605,REAL HUMAN,0.03
bennylottaz,The Critical Mind,Tesla and spacex fan,https://pbs.twimg.com/profile_images/1556443768110256131/0kbZk-OV_normal.jpg,216,189,5.37989735354046,5.247024072160486,1.1368421052631579,1553,True,False,1,individual,real_person_photo,False,False,,,
abstrajo,Koi,"666 becomes 999
Guide ur focus and you Govern reality",https://pbs.twimg.com/profile_images/1767841392083009536/J03y_P48_normal.jpg,214,66,5.3706380281276624,4.204692619390966,3.1940298507462686,2019,True,False,1,anonymous_or_no_info,cartoon_or_illustration,False,False,0.5578410478410478,REAL HUMAN,2.0
andy_____k,Andy K.,"🇺🇲🇩🇪
Single | childless and enjoy life ☀️🥂⛱️",https://pbs.twimg.com/profile_images/1866916423215230976/WY6PeB2f_normal.jpg,212,40,5.3612921657094255,3.713572066704308,5.170731707317073,419,True,True,1,individual,real_person_photo,False,False,0.6079864335011393,BOT-LIKE ACTIVITY,0.0
realsupercement,SUPER CEMENT ©™ 🇺🇸,Sometimes I described things in advance that were never supposed to happen. And also some more life-sustaining science for those interested.,https://pbs.twimg.com/profile_images/1850556973688696832/3prcKSPf_normal.jpg,208,207,5.342334251964811,5.337538079701318,1.0,818,True,False,1,individual,cartoon_or_illustration,False,False,,,
hindsight2c,hindsight2c,,https://pbs.twimg.com/profile_images/1659005047080976385/_46GaWO4_normal.jpg,208,80,5.342334251964811,4.394449154672439,2.567901234567901,939,False,False,1,anonymous_or_no_info,default_or_empty,False,False,0.7682269364622303,BOT-LIKE ACTIVITY,0.2
jojogyari,Agere Caste,#StandWithPutin🇷🇺 #StandWhitRussia #СлаваРоссии #СВО #Putin #ДоброеУтро #Russia #Zakharova,https://pbs.twimg.com/profile_images/1996857335105437696/lBqfKRV0_normal.jpg,207,209,5.337538079701318,5.3471075307174685,0.9857142857142858,540,True,False,5,anonymous_or_no_info,default_or_empty,False,False,0.5761316045066045,REAL HUMAN,0.1
mic1923,Michael S,,https://pbs.twimg.com/profile_images/1659932134448979968/ajl2U2Qg_normal.png,207,214,5.337538079701318,5.3706380281276624,0.9627906976744186,899,False,False,1,anonymous_or_no_info,cartoon_or_illustration,False,False,,,
martinfish28070,Martin Fisher,,https://pbs.twimg.com/profile_images/1890454422997938176/wJx1cYeW_normal.png,206,125,5.332718793265369,4.836281906951478,1.6349206349206349,293,False,False,1,anonymous_or_no_info,cartoon_or_illustration,False,False,,,
mjafri1214,Mahmood,"""Justice Over Silence, Truth Over Tyranny""",https://abs.twimg.com/sticky/default_profile_images/default_profile_normal.png,205,1,5.327876168789581,0.6931471805599453,102.5,5943,True,True,2,anonymous_or_no_info,default_or_empty,False,True,0.7388749861249859,BOT-LIKE ACTIVITY,9.1
nbrouiller87,Nikolaiy Brouiller,"I never block unless spam, bad faith argumentation and useless troll accounts.

🥋🥊",https://pbs.twimg.com/profile_images/1951930582470197248/gLKS0lAq_normal.jpg,204,269,5.3230099791384085,5.598421958998375,0.7555555555555555,383,True,True,1,individual,real_person_photo,False,False,0.7833121878121877,BOT-LIKE ACTIVITY,1.6
salamonluka,Luka Šalamon,"Economist. Entrepreneur. Christian. Consistent.
Anti-war rightwinger. Realpolitical neorealist.",https://pbs.twimg.com/profile_images/1680971614496645121/qf2px63E_normal.jpg,204,346,5.3230099791384085,5.849324779946859,0.5878962536023055,1133,True,False,3,individual,real_person_photo,False,True,,,
ship_steward,...- - -...!,I was I am I will be,https://pbs.twimg.com/profile_images/1439353061533618179/fr66zHFV_normal.jpg,204,216,5.3230099791384085,5.37989735354046,0.9400921658986175,1730,True,False,1,individual,default_or_empty,False,False,0.7247825714017664,BOT-LIKE ACTIVITY,0.37
cwsuth1,CraigS,"Some people make it happen, some people watch it happen, and some people wonder what happened.",https://pbs.twimg.com/profile_images/1536274037676068864/TFSuGpaf_normal.jpg,203,187,5.318119993844216,5.236441962829949,1.0797872340425532,5474,True,True,1,individual,cartoon_or_illustration,False,True,0.2611046176046176,REAL HUMAN,0.1
alphonns,alphonse,,https://pbs.twimg.com/profile_images/1728788997529280512/Gqzz4UPH_normal.jpg,202,159,5.313205979041787,5.075173815233827,1.2625,5015,False,False,1,anonymous_or_no_info,real_person_photo,False,False,0.5554682590801012,REAL HUMAN,0.87
gl5589118269107,G L,"Milk comes from Mammals.
Juice comes from plants.

If you believe the climate is driven by human CO2 emissions you are an indoctrinated climate fearing nutcase.",https://pbs.twimg.com/profile_images/1955939286987292672/sYDNC-Ec_normal.jpg,201,85,5.308267697401205,4.454347296253507,2.3372093023255816,394,True,False,2,individual,default_or_empty,False,True,,,
spiggzy,spiggz,"Democracy fundamentalist. People are sovereign and can and must take back control from the excess parasitical elites that ruin civilazation, large and small.",https://abs.twimg.com/sticky/default_profile_images/default_profile_normal.png,198,77,5.293304824724492,4.356708826689592,2.5384615384615383,743,True,True,2,individual,default_or_empty,False,True,0.5888230258303788,REAL HUMAN,0.27
mpumphut,Martin Pumphut,,https://pbs.twimg.com/profile_images/1123590058777423872/g7_neI9h_normal.png,197,394,5.288267030694535,5.978885764901122,0.49873417721518987,2649,False,False,1,anonymous_or_no_info,real_person_photo,False,True,0.5910929903429905,REAL HUMAN,0.0
krlttk,tsarT,,https://pbs.twimg.com/profile_images/1828693996/image_normal.jpg,197,298,5.288267030694535,5.700443573390687,0.6588628762541806,5682,False,False,1,anonymous_or_no_info,real_person_photo,False,False,0.3337351398601398,REAL HUMAN,0.17
antemamic82,Ante,,https://pbs.twimg.com/profile_images/1927079178446217216/fplU_eac_normal.jpg,196,161,5.2832037287379885,5.087596335232384,1.2098765432098766,192,False,False,1,anonymous_or_no_info,default_or_empty,False,False,,,
juleslepo66146,jules Lepo,"🇵🇹Portugal, fotografie, MTB, klimatologie",https://pbs.twimg.com/profile_images/1664202721019195394/nBsE3n-P_normal.jpg,195,308,5.278114659230517,5.733341276897746,0.6310679611650486,890,True,False,1,individual,default_or_empty,False,False,,,
d53404,Irene Duffin,"Interests: geopolitics, military history & medicine.",https://abs.twimg.com/sticky/default_profile_images/default_profile_normal.png,191,12,5.2574953720277815,2.5649493574615367,14.692307692307692,592,True,False,1,individual,default_or_empty,False,False,0.7185050398947456,BOT-LIKE ACTIVITY,0.03
thsvndrmr,Thijs van der Meer,,https://pbs.twimg.com/profile_images/682298546/vargas_normal.jpg,190,367,5.25227342804663,5.908082938168931,0.5163043478260869,5783,False,False,1,anonymous_or_no_info,cartoon_or_illustration,False,False,,,
funtomreal,F.T.,,https://pbs.twimg.com/profile_images/1868406242651127808/S8_jfet-_normal.jpg,189,62,5.247024072160486,4.143134726391533,3.0,365,False,False,1,anonymous_or_no_info,default_or_empty,False,False,0.6265617576867577,BOT-LIKE ACTIVITY,0.4
micheldegroen,Michel,,https://pbs.twimg.com/profile_images/1548055229060435969/Uu7H2whQ_normal.jpg,189,245,5.247024072160486,5.5053315359323625,0.7682926829268293,1372,False,False,1,anonymous_or_no_info,cartoon_or_illustration,False,False,0.6811924741924742,BOT-LIKE ACTIVITY,0.0
ionut_padu10767,Gloriam Romae,"Europaei pro libertate Europae pugnantes

 Europe is for the Europeans 
 Remigration is the only solution in order to Make Europe Great Again.",https://pbs.twimg.com/profile_images/1964786860233728000/q2YIE0Dp_normal.jpg,188,279,5.241747015059643,5.634789603169249,0.6714285714285714,833,True,False,2,anonymous_or_no_info,default_or_empty,False,True,0.8588353035853034,REAL HUMAN,0.17
dammy_richardz,Agbado master,"Culture commentator, Business owner, Entrepreneur.  I have no respects or regard for Tinubu affiliates/supporters/slaves.",https://pbs.twimg.com/profile_images/1604539473794064390/HdnzoETJ_normal.jpg,187,342,5.236441962829949,5.8377304471659395,0.5451895043731778,1983,True,True,1,individual,cartoon_or_illustration,False,False,0.5742397643206467,REAL HUMAN,0.4
best_fisher,Semen,Даос. 自然而已,https://pbs.twimg.com/profile_images/1029458492724264962/sf85qQf-_normal.jpg,186,211,5.231108616854587,5.356586274672012,0.8773584905660378,5380,True,False,1,individual,real_person_photo,False,False,,,
gordonjeffgiles,Jeff Giles,,https://pbs.twimg.com/profile_images/1585602029250117632/HuZPO6NE_normal.jpg,186,155,5.231108616854587,5.049856007249537,1.1923076923076923,1140,False,False,1,anonymous_or_no_info,real_person_photo,False,False,,,
pstetenfeld,Stetenfeld pascal,,https://pbs.twimg.com/profile_images/1498816567139872768/CNiwy9l__normal.png,186,135,5.231108616854587,4.912654885736052,1.3676470588235294,5733,False,False,1,anonymous_or_no_info,cartoon_or_illustration,False,False,,,
barkerluke77,Luke Barker,here to try and keep the truth alive in a  world full of lies,https://pbs.twimg.com/profile_images/1937008729968295936/RrCln9bp_normal.jpg,185,240,5.225746673713202,5.484796933490655,0.7676348547717843,3798,True,True,2,individual,cartoon_or_illustration,False,True,,,
bigtobes1,Big Tobes ⚠️,Get out,https://pbs.twimg.com/profile_images/1855753450971107328/PTbQUx_h_normal.jpg,183,270,5.214935757608986,5.602118820879701,0.6752767527675276,1352,True,True,1,anonymous_or_no_info,cartoon_or_illustration,False,False,,,
realrobplumber,Rob😠,,https://pbs.twimg.com/profile_images/1854188390922534913/OQpoPS2W_normal.jpg,183,290,5.214935757608986,5.673323267171493,0.6288659793814433,3615,False,False,1,anonymous_or_no_info,real_person_photo,False,False,,,
ginamos80192718,Gina Moss,,https://abs.twimg.com/sticky/default_profile_images/default_profile_normal.png,183,180,5.214935757608986,5.198497031265826,1.011049723756906,1057,False,False,1,anonymous_or_no_info,default_or_empty,False,False,0.7258979076479075,BOT-LIKE ACTIVITY,0.47
annalussenburg,"Anna Lussenburg, aka the Inconvenient Ironist",Rhyming fables for disillusioned grown-ups. One prophetic sheep. Multiple regrets. Satire lives here.,https://pbs.twimg.com/profile_images/1732569569657778176/ZHHGPBkA_normal.jpg,181,350,5.204006687076795,5.860786223465865,0.5156695156695157,2547,True,True,1,individual,cartoon_or_illustration,False,False,,,
apaiseanta,Anam Paiseanta,"https://t.co/Mt1KNbNHRK REAL social networking
Public Speaker- Voluntaryism
Voluntarist Brotherhood MC 4EVER
Author ""Three Friends Free""
Real Estate Investor",https://pbs.twimg.com/profile_images/1502155537684729857/9aOKYCe0_normal.jpg,181,250,5.204006687076795,5.5254529391317835,0.7211155378486056,1400,True,True,1,individual,cartoon_or_illustration,False,False,,,
1841960akis,Megarian 1960,,https://pbs.twimg.com/profile_images/1729171615651446790/_u5l-RfO_normal.jpg,180,303,5.198497031265826,5.717027701406222,0.5921052631578947,708,False,False,1,anonymous_or_no_info,cartoon_or_illustration,False,False,0.9325144993894992,BOT-LIKE ACTIVITY,0.07
harja626,James Harver,"He who would live must fight. He who doesn't wish to fight in this world, where permanent struggle is the law of life, has not the right to exist.",https://pbs.twimg.com/profile_images/1965090164344295425/YzjkLzDk_normal.jpg,178,107,5.187385805840755,4.68213122712422,1.6481481481481481,101,True,False,2,anonymous_or_no_info,cartoon_or_illustration,False,False,,,
agesileos,Agesileos,"πάντα δὲ δοκιμάζετε, τὸ καλὸν κατέχετε.",https://pbs.twimg.com/profile_images/1605609628892536835/V_SplwfH_normal.jpg,177,237,5.181783550292085,5.472270673671475,0.7436974789915967,1049,True,True,1,anonymous_or_no_info,cartoon_or_illustration,False,False,0.5479650088473619,REAL HUMAN,0.27
davidmitchel11,David Mitchel,"Scorpius Star Defender of The Cosmos, ""Maui;s Hook""",https://pbs.twimg.com/profile_images/1951895512489271296/q2Z9uXnz_normal.jpg,176,226,5.176149732573829,5.424950017481403,0.775330396475771,2202,True,False,1,anonymous_or_no_info,real_person_photo,False,False,,,
kyle_katarn586,Kyle_Katarn_586,,https://abs.twimg.com/sticky/default_profile_images/default_profile_normal.png,176,29,5.176149732573829,3.4011973816621555,5.866666666666666,304,False,False,1,anonymous_or_no_info,default_or_empty,False,False,,,
johnmch02,John mchugh,,https://abs.twimg.com/sticky/default_profile_images/default_profile_normal.png,175,96,5.170483995038151,4.574710978503383,1.8041237113402062,394,False,False,1,anonymous_or_no_info,default_or_empty,False,False,,,
faveyurix,Fave,,https://pbs.twimg.com/profile_images/1496091399514894336/tjZzqmRr_normal.jpg,175,298,5.170483995038151,5.700443573390687,0.5852842809364549,1393,False,True,1,anonymous_or_no_info,cartoon_or_illustration,False,False,0.768294654906497,BOT-LIKE ACTIVITY,0.0
scott46198555,Scott of the Sarcastic Antarctic 🏴󠁧󠁢󠁥󠁮󠁧󠁿,"Intrepid explorer of the Antarctic.  I also climb mountains, wearing a suit of plate-mail armour, riding a lion.  My pronouns are hehehehe and hmmmmm.  😁",https://pbs.twimg.com/profile_images/1084766792923447296/RTKH00rB_normal.jpg,174,131,5.1647859739235145,4.882801922586371,1.3181818181818181,2556,True,True,1,individual,default_or_empty,False,False,,,
guitartabbs,guitartabbs,,https://abs.twimg.com/sticky/default_profile_images/default_profile_normal.png,174,295,5.1647859739235145,5.69035945432406,0.5878378378378378,4658,False,False,1,anonymous_or_no_info,default_or_empty,False,False,0.8845801110654051,BOT-LIKE ACTIVITY,0.27
fionan12,fionan,"Just an aul' wifie, hoping I live in a de-colonised Scotland and finally hold a Scottish passport B4 I go. Perpetual student, love my dogs, people not so much!",https://abs.twimg.com/sticky/default_profile_images/default_profile_normal.png,172,124,5.153291594497779,4.8283137373023015,1.376,4350,True,True,2,individual,default_or_empty,False,False,0.5788641636141636,REAL HUMAN,0.07
brigadier_s6,Vladimir Schwanzende,,https://pbs.twimg.com/profile_images/1197399669283938304/ARRMVVd9_normal.jpg,171,44,5.147494476813453,3.8066624897703196,3.8,5393,False,False,1,anonymous_or_no_info,real_person_photo,False,False,,,
swisssanjeev,Sanjeev Agrawal,"Say what I want and send it out into the ether #HarHarMahadev 
Architect / Farmer",https://pbs.twimg.com/profile_images/1843222405944156160/gtXZ9Q2w_normal.jpg,170,145,5.14166355650266,4.983606621708336,1.1643835616438356,4112,True,True,1,individual,real_person_photo,False,False,,,
robertalmen,Robert Almén,"Numera Akvarellmålare och Animatör. Tidigare Entreprenör och Företagsledare. Handelshögskolan, Tolkskolan och Chelsea School of Art.",https://pbs.twimg.com/profile_images/1228627224254992385/GqK2hD6o_normal.jpg,170,321,5.14166355650266,5.7745515455444085,0.5279503105590062,4592,True,True,1,individual,real_person_photo,False,True,,,
silqueduck,Silky Duck,My other X account with over 600 followers has been permanently banned by this “free speech” platform for suggesting that capital punishment be reinstated,https://pbs.twimg.com/profile_images/947715830560595968/iqEtLt46_normal.jpg,169,127,5.135798437050262,4.852030263919617,1.3203125,5861,True,False,1,individual,cartoon_or_illustration,False,True,0.3617652682285036,REAL HUMAN,0.67
frieden11095996,Selbstgerecht?,"komplexe Sachverhalte aus verschiedenen Aspekten sehen und verstehen, um der Wirklichkeit/Wahrheit möglichst nahe zu kommen.",https://abs.twimg.com/sticky/default_profile_images/default_profile_normal.png,169,87,5.135798437050262,4.477336814478207,1.9204545454545454,1389,True,False,1,individual,default_or_empty,False,True,,,
dragoneyes_001,Dragoneyes Hatesg00gle,,https://pbs.twimg.com/profile_images/1626095181958373377/maHa5Qe7_normal.jpg,167,274,5.123963979403259,5.616771097666572,0.6072727272727273,1034,False,False,1,anonymous_or_no_info,cartoon_or_illustration,False,False,,,
whalenjess88131,Jesse Whalen,"Truth seeker, institutional skeptic, politically agnostic, MIC, Intelligence and Government skeptic.",https://abs.twimg.com/sticky/default_profile_images/default_profile_normal.png,166,51,5.117993812416755,3.9512437185814275,3.1923076923076925,697,True,True,2,individual,default_or_empty,False,False,,,
realjammerjoh,Jake,Blogger op/at jammerjoh,https://pbs.twimg.com/profile_images/1694053176385683456/AQ-pS_0A_normal.jpg,164,185,5.10594547390058,5.225746673713202,0.8817204301075269,834,True,True,1,individual,default_or_empty,False,True,0.6738848863554745,REAL HUMAN,0.33
politico247,Ukraine has Lost. Save Our Taxes.,Saying it as I see It!,https://pbs.twimg.com/profile_images/1991319281863118848/F0GuILzS_normal.jpg,162,3,5.093750200806762,1.3862943611198906,40.5,3100,True,True,1,individual,cartoon_or_illustration,True,False,,,
maxwolfeuk,Real News,"Writer, songwriter, music & video producer
Editor: RealNewsUK,com 
Electrician, Buddhist, Reiki, travel
Exeter Community Project",https://pbs.twimg.com/profile_images/578865251485130752/065cFh_U_normal.jpeg,161,257,5.087596335232384,5.552959584921617,0.624031007751938,4546,True,True,2,individual,cartoon_or_illustration,False,False,,,
realcauchemar,Lumumbara,,https://pbs.twimg.com/profile_images/1897100369135603712/BtCChi3x_normal.jpg,161,81,5.087596335232384,4.406719247264253,1.9634146341463414,245,False,True,1,anonymous_or_no_info,cartoon_or_illustration,False,False,0.7095676406926408,BOT-LIKE ACTIVITY,1.67
stickwoman85669,Stickwoman 13,"born a female and still that way. And totally straight, always will be. Don't do any pm'ing me. I don't want ur crypto advice! Food is my priority not crypto!",https://pbs.twimg.com/profile_images/1922499537790500864/JoxcDX-1_normal.png,159,238,5.075173815233827,5.476463551931511,0.6652719665271967,210,True,False,1,individual,cartoon_or_illustration,False,False,0.8927977259668435,BOT-LIKE ACTIVITY,0.07
cuber_tron,Cubertron,What is true and what is false? Who can say what progress wants?,https://pbs.twimg.com/profile_images/2015939673/Avatar-obstract_normal.png,158,205,5.0689042022202315,5.327876168789581,0.7669902912621359,4992,True,False,2,individual,cartoon_or_illustration,False,False,,,
cheffobg,Бат Чефо,FreeBSD evangelist | Трол  | #ДАНСwithMe,https://pbs.twimg.com/profile_images/378800000224187314/1a1d20a1ad3f96dd2a7db7af3bd5fe32_normal.jpeg,157,246,5.062595033026967,5.5093883366279774,0.6356275303643725,4537,True,True,3,individual,cartoon_or_illustration,False,False,0.3711012065419962,REAL HUMAN,0.0
js_mill_acolyte,Enlightened_Citizen@JohnStuartMill,,https://pbs.twimg.com/profile_images/1928030032796000256/x1BZfFbS_normal.jpg,157,47,5.062595033026967,3.871201010907891,3.2708333333333335,159,False,False,1,anonymous_or_no_info,cartoon_or_illustration,False,False,,,
elinet19,Lochdale,"""There is nothing covered that will not be revealed, or hidden that will not be known."" (Matthew 10:26) • Justice, fairness, equality for humans of all races.",https://pbs.twimg.com/profile_images/1609001177806405632/E4oEKiKJ_normal.jpg,157,0,5.062595033026967,0.0,157.0,2501,True,True,2,individual,cartoon_or_illustration,False,False,,,
lillanswe,lillanSWE,Anglo Saxon granny!,https://pbs.twimg.com/profile_images/1176596429772591104/4aUX3s2f_normal.jpg,156,182,5.056245805348308,5.209486152841421,0.8524590163934426,2261,True,False,1,individual,cartoon_or_illustration,False,False,,,
danielbrow99439,Daniel Brown,,https://abs.twimg.com/sticky/default_profile_images/default_profile_normal.png,156,5,5.056245805348308,1.791759469228055,26.0,457,False,False,1,anonymous_or_no_info,default_or_empty,False,False,0.7916762159409219,BOT-LIKE ACTIVITY,0.1
bartholomewster,Bartamaeus,,https://pbs.twimg.com/profile_images/1297489262074568705/CcDqEpxp_normal.jpg,153,267,5.0369526024136295,5.5909869805108565,0.5708955223880597,2100,False,False,1,anonymous_or_no_info,real_person_photo,True,True,,,
allerton_k43150,Kerry Allerton,,https://pbs.twimg.com/profile_images/1930219611753947136/U1ID57LQ_normal.jpg,151,11,5.0238805208462765,2.4849066497880004,12.583333333333334,858,False,False,1,anonymous_or_no_info,real_person_photo,False,False,0.759961559682148,BOT-LIKE ACTIVITY,1.13
bcohones62955,Big Cohones,,https://pbs.twimg.com/profile_images/1811070044299759617/S01QNfpR_normal.jpg,151,122,5.0238805208462765,4.812184355372417,1.2276422764227641,510,False,False,1,anonymous_or_no_info,cartoon_or_illustration,False,False,0.8176601666307548,BOT-LIKE ACTIVITY,0.17
joetailor8,ukraine and israel are war criminal countries,The page reports and exposes war crimes against indigenous russians and palestinians in ukraine and israel. I fight  racism and human rights violations.,https://pbs.twimg.com/profile_images/1949369353620598784/_432wCAK_normal.jpg,150,108,5.017279836814924,4.6913478822291435,1.3761467889908257,1375,True,True,3,individual,flag_or_national_symbol,True,True,0.6689035825285826,REAL HUMAN,0.03
viktorhavasy,Viktor Havasy,Freedom,https://pbs.twimg.com/profile_images/1458457654318206977/hpX-NNjG_normal.jpg,150,61,5.017279836814924,4.127134385045092,2.4193548387096775,1499,True,False,1,anonymous_or_no_info,real_person_photo,False,False,0.773500193434017,BOT-LIKE ACTIVITY,0.0
ukanolfckov,Alexei Ukanolfckov,"The meaning of life is simple: work & learn.
All information is important.
Nostr: npub1kr3rrah56kud477lgfgd22x4jpz4xj9r",https://pbs.twimg.com/profile_images/1735412345629741056/Sg34x0sL_normal.jpg,150,109,5.017279836814924,4.700480365792417,1.3636363636363635,1335,True,True,1,individual,cartoon_or_illustration,False,False,,,
saffron_manz,Saffron Man,Politics | Sanatani Hindu | Right Wing | Anti-Woke | Jai Hind 🇮🇳 |,https://pbs.twimg.com/profile_images/1993724251078266880/ezUXqcr5_normal.jpg,150,95,5.017279836814924,4.564348191467836,1.5625,645,True,False,2,individual,cartoon_or_illustration,True,False,,,
hskaldebo11196,Havard Skaldebo,Retired Industrial Engineer from Norway.,https://pbs.twimg.com/profile_images/1935030332488556544/HxqBfrME_normal.jpg,147,263,4.997212273764115,5.575949103146316,0.5568181818181818,794,True,False,1,individual,real_person_photo,False,True,,,
lenoraantoinet,Lenora,"Mycologist, cat lover, scuba diver",https://pbs.twimg.com/profile_images/1928016107186671616/ldSYkNMZ_normal.jpg,147,121,4.997212273764115,4.804021044733257,1.2049180327868851,840,True,False,1,individual,cartoon_or_illustration,False,True,,,
cubaduda,Brian Cousins,Retired. 23 yrs with Canadian Broadcasting Corporation. Keen observer of journalistic practises: factual? balanced (differing views known to exist)? research?,https://pbs.twimg.com/profile_images/2908038963/ba7e8e8ee490b254053c5883951fe4f9_normal.jpeg,144,243,4.976733742420574,5.497168225293202,0.5901639344262295,5358,True,True,2,individual,real_person_photo,False,False,,,
drkaricrevenge,Rasha K.,"Father, husband, realist, peacemonger, engineer, business owner, tennis fanatic.",https://pbs.twimg.com/profile_images/1778108091050901504/7SjroYql_normal.jpg,143,148,4.969813299576001,5.003946305945459,0.959731543624161,642,True,True,1,individual,real_person_photo,False,True,,,
fzed015,Mahomui 🇨🇳 🇷🇺 🇧🇷 🇮🇳 🇨🇺,Its all history to all of you,https://pbs.twimg.com/profile_images/1789333421124091904/92fAnzqK_normal.jpg,142,252,4.962844630259907,5.53338948872752,0.5612648221343873,542,True,False,1,anonymous_or_no_info,cartoon_or_illustration,False,False,,,
wildwor91537734,wildworld,"Covid vaccines are dangerous and can kill. COVID-19 Vaccines Can Cause ‘Permanent Disabilities,’ Says German Health Minister.",https://pbs.twimg.com/profile_images/1585926001581858816/c7cxikfH_normal.jpg,140,264,4.948759890378168,5.579729825986222,0.5283018867924528,1320,True,False,1,anonymous_or_no_info,default_or_empty,False,False,0.7515837218337218,BOT-LIKE ACTIVITY,0.0
rodgarza2001,Rodney Garza,,https://pbs.twimg.com/profile_images/1672908213958705152/b636S9Z6_normal.png,138,88,4.9344739331306915,4.48863636973214,1.550561797752809,917,False,False,1,anonymous_or_no_info,cartoon_or_illustration,False,True,0.6421920024420024,REAL HUMAN,0.4
coppice2066,Paul Champagne,"Government is Socialist, with budgets. Conservatives can sound articulate or passionate, yet Libertarian Leftism is empirically honest. You/hey/direct address",https://pbs.twimg.com/profile_images/1879155947425128448/6Xr7THaE_normal.jpg,138,53,4.9344739331306915,3.9889840465642745,2.5555555555555554,6085,True,True,1,individual,cartoon_or_illustration,False,False,,,
eskokauppila,esko kauppila,"ex-teologianyo(v:lta78), työkyvyttömyyseläke",https://pbs.twimg.com/profile_images/1841799077664595968/T_0C3ZmN_normal.jpg,135,14,4.912654885736052,2.70805020110221,9.0,1288,True,True,1,individual,cartoon_or_illustration,False,False,0.5236767954267956,REAL HUMAN,0.27
vernalkeith66,Keith Vernal,,https://pbs.twimg.com/profile_images/1241791626713931776/Z1QeN7he_normal.jpg,134,71,4.90527477843843,4.276666119016055,1.8611111111111112,5841,False,True,1,anonymous_or_no_info,real_person_photo,False,False,0.48237075995899525,REAL HUMAN,0.67
yardiblue,qrok,"« Chacun a raison de son propre point de vue, mais il n'est pas impossible que tout le monde ait tort »",https://pbs.twimg.com/profile_images/1861217799646961664/EjTCkr-n_normal.jpg,134,206,4.90527477843843,5.332718793265369,0.6473429951690821,1129,True,True,1,individual,cartoon_or_illustration,False,False,,,
darren_mac58595,DarrenMac,Born in England and raised in Ireland. I love both countries and believe we are in an identical struggle.,https://pbs.twimg.com/profile_images/1927229350060994564/Up8PSksX_normal.jpg,133,179,4.897839799950911,5.19295685089021,0.7388888888888889,191,True,True,2,individual,real_person_photo,False,True,0.8460927993575049,REAL HUMAN,0.67
doncha_ngo,Derek Charles,,https://pbs.twimg.com/profile_images/1854148569457913862/tBwk8lcT_normal.png,129,100,4.867534450455582,4.61512051684126,1.2772277227722773,425,False,False,1,anonymous_or_no_info,cartoon_or_illustration,False,False,,,
realtwwrn,TWWRN,"The World Wide Resistance Network. Their is the tip of the spear and then their are the hands that help the spear to fly, stay on target and hit its mark.",https://pbs.twimg.com/profile_images/1913787128581931008/qXBOtL9m_normal.jpg,129,46,4.867534450455582,3.8501476017100584,2.74468085106383,1990,True,False,3,organization,flag_or_national_symbol,True,True,,,
macinzak,M Z,,https://pbs.twimg.com/profile_images/1968032256989032448/1ctljCh8_normal.jpg,129,161,4.867534450455582,5.087596335232384,0.7962962962962963,5926,False,True,1,anonymous_or_no_info,cartoon_or_illustration,False,False,0.367138340160012,REAL HUMAN,0.0
shaandrix,Shaandrix,,https://pbs.twimg.com/profile_images/1858834684891049984/F4r8j1Rn_normal.jpg,129,130,4.867534450455582,4.875197323201151,0.9847328244274809,390,False,True,1,anonymous_or_no_info,real_person_photo,False,False,0.7110402097902098,BOT-LIKE ACTIVITY,1.1
journalistadvic,Journalist Advice,,https://pbs.twimg.com/profile_images/1418216666593325063/oBSmR0YW_normal.jpg,128,69,4.859812404361672,4.248495242049359,1.8285714285714285,2846,False,False,1,anonymous_or_no_info,real_person_photo,False,False,,,
hbmhd1,HBMHD,Disassemble Manufactured Consent or become a neoliberal,https://pbs.twimg.com/profile_images/1720325741752004608/hGPTlkzK_normal.jpg,127,68,4.852030263919617,4.23410650459726,1.8405797101449275,1796,True,False,2,individual,cartoon_or_illustration,False,False,,,
mckennaden34381,Denis McKenna,,https://pbs.twimg.com/profile_images/1754537222873706496/EBLEUWpW_normal.png,126,106,4.844187086458591,4.672828834461906,1.1775700934579438,681,False,False,1,anonymous_or_no_info,cartoon_or_illustration,False,False,,,
ze_mini,Joe Tex,I care and respect hard-working people. Försöker använda en god ton. Gränsen går vid NMR och AFA. Twittrar under pseudonym för familjens skull.,https://pbs.twimg.com/profile_images/1062003228513058816/CEfPIlgU_normal.jpg,126,179,4.844187086458591,5.19295685089021,0.7,4350,True,False,1,individual,cartoon_or_illustration,False,True,0.3728261517893872,REAL HUMAN,0.03
kirkz84926982,Kirk Z,Principled patriot,https://pbs.twimg.com/profile_images/1814355219704090624/lCercccO_normal.jpg,126,209,4.844187086458591,5.3471075307174685,0.6,1315,True,False,2,individual,real_person_photo,True,False,,,
marymcgivern7,lil lamb,Dancer,https://pbs.twimg.com/profile_images/979623993929031681/1nqUNt7m_normal.jpg,125,78,4.836281906951478,4.3694478524670215,1.5822784810126582,5075,True,True,1,individual,real_person_photo,False,False,,,
peter_suer,Peter Suer,"Keyboarder für extreme Anbetung, Dipl. Ingenieur, Maschinenbau, Erfinder, Vater von 7 Kindern, wiedergeboren 31.08.1976",https://pbs.twimg.com/profile_images/1977646804452638720/r2EbXn5S_normal.jpg,125,36,4.836281906951478,3.6109179126442243,3.3783783783783785,350,True,True,1,individual,real_person_photo,False,False,,,
l85739994martin,Martin Lewis,,https://pbs.twimg.com/profile_images/1594406064648511489/207Hhw4J_normal.jpg,124,143,4.8283137373023015,4.969813299576001,0.8611111111111112,1137,False,False,1,anonymous_or_no_info,real_person_photo,False,False,,,
agathrocha,agatha,Bitcoin maxi,https://pbs.twimg.com/profile_images/1873813045362692096/oIXOgOzD_normal.jpg,124,40,4.8283137373023015,3.713572066704308,3.024390243902439,5602,True,False,1,individual,cartoon_or_illustration,False,False,0.37328506435085385,REAL HUMAN,0.1
temminkjohan,Johan Temmink,I’m back.,https://pbs.twimg.com/profile_images/1803899204311379968/mIeF6LXN_normal.jpg,123,172,4.820281565605037,5.153291594497779,0.7109826589595376,1715,True,True,1,anonymous_or_no_info,real_person_photo,False,False,,,
notsoblackcatt,JustКіт,"коли про-кацапські індуси з інквізиції маска вбивають твій профіль, найгірше - це втрата чорного списку ворогів.",https://pbs.twimg.com/profile_images/1955175628694487040/Y71kI8wH_normal.jpg,122,243,4.812184355372417,5.497168225293202,0.5,117,True,True,3,individual,default_or_empty,False,False,0.8244827533577533,BOT-LIKE ACTIVITY,0.3
lordbtb,TheLordGrinch,never trust government. ever. mass media only tells you what to think. don’t trust them either. loves cats.,https://pbs.twimg.com/profile_images/1894338042703273984/hlJzFK8N_normal.jpg,121,42,4.804021044733257,3.7612001156935624,2.813953488372093,281,True,True,2,individual,cartoon_or_illustration,False,False,,,
fredje75256902,fredje,"For I am Aries.
The First Baby of the Zodiac.",https://pbs.twimg.com/profile_images/2001043153479196673/4aILDaw-_normal.jpg,121,123,4.804021044733257,4.820281565605037,0.9758064516129032,2412,True,True,1,individual,default_or_empty,False,False,0.7227397047397045,BOT-LIKE ACTIVITY,0.9
sumittomar_hr,Sumit Tomar,"Proud Indian 🇮🇳 | Hindu 🕉️ | Turning life’s biggest challenges into chapters of 💪. Dedicated to training, knowledge sharing, and the journey of learning..",https://pbs.twimg.com/profile_images/2002017731315724288/6DXoRDQZ_normal.jpg,121,84,4.804021044733257,4.442651256490317,1.423529411764706,2568,True,True,1,individual,default_or_empty,False,,,,
stephen260457,Stephen Lambert,,https://abs.twimg.com/sticky/default_profile_images/default_profile_normal.png,119,97,4.787491742782046,4.584967478670572,1.2142857142857142,3559,False,False,1,anonymous_or_no_info,default_or_empty,False,False,,,
lumb7michael,Michael_Lumb7 🇬🇧,,https://pbs.twimg.com/profile_images/1922941184516739072/AMZCYtZg_normal.jpg,118,91,4.77912349311153,4.5217885770490405,1.2826086956521738,200,False,False,1,anonymous_or_no_info,cartoon_or_illustration,False,False,,,
uncoverups,uncoverups,"🇩🇰 profile picture is a T-shirt print from the 📕 cover of Dr. Pierre Kory, one of the early days heroes who spoke up about the Covid mishandling.",https://pbs.twimg.com/profile_images/1890327011714846720/1eYCOT_V_normal.jpg,118,227,4.77912349311153,5.429345628954441,0.5175438596491229,311,True,True,2,individual,cartoon_or_illustration,False,False,0.7030181485181487,BOT-LIKE ACTIVITY,0.03
strider_astride,Strider,,https://abs.twimg.com/sticky/default_profile_images/default_profile_normal.png,118,33,4.77912349311153,3.5263605246161616,3.4705882352941178,998,False,False,1,anonymous_or_no_info,default_or_empty,False,True,0.6409831279831281,REAL HUMAN,0.07
lippasmatthew,Matthew Lippas,,https://abs.twimg.com/sticky/default_profile_images/default_profile_normal.png,118,92,4.77912349311153,4.532599493153256,1.2688172043010753,2369,False,True,1,anonymous_or_no_info,default_or_empty,False,False,0.5573324110529992,REAL HUMAN,0.07
sgril25,SAGREDO,Believe in Real Science and Combat Idiots using the guiding words of Stephen Hawking: INTELLIGENCE IS THE ABILITY TO ADAPT TO CHANGE,https://pbs.twimg.com/profile_images/1440431875978252289/DunHClma_normal.jpg,117,55,4.770684624465665,4.02535169073515,2.0892857142857144,3224,True,False,2,individual,cartoon_or_illustration,False,False,0.6160081405522582,BOT-LIKE ACTIVITY,0.03
salem942408569,salem,,https://abs.twimg.com/sticky/default_profile_images/default_profile_normal.png,116,68,4.762173934797756,4.23410650459726,1.681159420289855,690,False,False,1,anonymous_or_no_info,default_or_empty,False,False,0.7379482731320965,BOT-LIKE ACTIVITY,1.17
darthmirror,Donna,"I am a gay Pakistani Muslim aslyum seeker.
I have played the system like many others.",https://pbs.twimg.com/profile_images/1847865814906449920/kMJ1TC36_normal.png,115,175,4.7535901911063645,5.170483995038151,0.6534090909090909,423,True,True,1,individual,cartoon_or_illustration,False,False,,,
ajopersonal,AJ O Personal,My personal account. I'm allowed to have opinions that differ from yours and we can still be friends. Dad/husband/libertarian/#pro2a/#freedom,https://pbs.twimg.com/profile_images/1858687731020308480/x29s8n0K_normal.png,114,42,4.74493212836325,3.7612001156935624,2.6511627906976742,384,True,True,2,individual,cartoon_or_illustration,False,True,0.7208712814962814,REAL HUMAN,0.43
mindwarz,MemeWars,Game Developer / ARMY Veteran / Chess Master / Art of War Strategist,https://pbs.twimg.com/profile_images/1651815384914305025/3OZLiVe-_normal.jpg,110,200,4.709530201312334,5.303304908059076,0.5472636815920398,958,True,True,1,individual,cartoon_or_illustration,False,False,0.8529284794153216,BOT-LIKE ACTIVITY,0.6
esafronow,Сафронов Евгений,"занимаюсь охранно-пожарной сигнализацией, видеонаблюдением, тепло-водоснабжением, электромонтажом, КИПиА и прочей автоматикой. В Livejornal есть статьи по теме",https://pbs.twimg.com/profile_images/2682758478/7afc9779fceca7d694e537a41ef5f3bd_normal.jpeg,108,209,4.6913478822291435,5.3471075307174685,0.5142857142857142,4850,True,False,1,individual,real_person_photo,False,False,,,
mar26067,raggedyann,,https://pbs.twimg.com/profile_images/1902498393638735872/dhFIkFe1_normal.png,107,167,4.68213122712422,5.123963979403259,0.6369047619047619,287,False,False,1,anonymous_or_no_info,cartoon_or_illustration,False,True,,,
taxidrummer,Drummer girl,,https://pbs.twimg.com/profile_images/751833873898676224/tfDrq_R5_normal.jpg,106,171,4.672828834461906,5.147494476813453,0.6162790697674418,5613,False,False,1,anonymous_or_no_info,real_person_photo,False,False,,,
esinnona91398,Enzo Sinnona,,https://pbs.twimg.com/profile_images/1656092382914560001/sZfHqJ0d_normal.png,105,18,4.663439094112067,2.9444389791664403,5.526315789473684,952,False,False,1,anonymous_or_no_info,cartoon_or_illustration,False,False,,,
realideas3,Jose Silva P.,,https://pbs.twimg.com/profile_images/463705400756285440/scJCIT-3_normal.png,105,77,4.663439094112067,4.356708826689592,1.3461538461538463,4164,False,False,1,anonymous_or_no_info,organization_logo,False,False,0.4927225470607825,REAL HUMAN,0.07
robertsbob64050,FYouImBack,,https://pbs.twimg.com/profile_images/1952665729322393600/_q0gkofp_normal.jpg,105,140,4.663439094112067,4.948759890378168,0.7446808510638298,91,False,False,1,anonymous_or_no_info,default_or_empty,False,False,0.8818115079365079,BOT-LIKE ACTIVITY,0.9
gnicastia94016,Gideon Nicastia,,https://pbs.twimg.com/profile_images/1913701630840655872/839cGW1f_normal.jpg,104,121,4.653960350157523,4.804021044733257,0.8524590163934426,568,False,True,1,anonymous_or_no_info,real_person_photo,False,False,0.865655303030303,BOT-LIKE ACTIVITY,0.4
autodidact100,Vince Milum,"U.S. Army and U.S. Intel Veteran with a Doctorate (in Law) Degree from the University of Missouri.
 
Advice: Trust No One Until They Have Earned Your Trust.",https://pbs.twimg.com/profile_images/1674809277037289474/Dk-5XFfO_normal.jpg,104,0,4.653960350157523,0.0,104.0,920,True,False,1,individual,real_person_photo,False,False,,,
allisonajuluch,Shamuzu Banda,"Non MSM News Compilation
From The perspective of The Global South and BRICS Nations

FOLLOW",https://pbs.twimg.com/profile_images/1799918294272516097/MhUdXHcK_normal.jpg,104,71,4.653960350157523,4.276666119016055,1.4444444444444444,1204,True,True,3,journalist_or_media,organization_logo,False,False,,,
genemil18438966,WX_Dog,"Weather buff, systems analyst (IT), guitar player, love the great outdoors, and Christian (RIP Charlie)",https://pbs.twimg.com/profile_images/1465403073006907405/JXnZyBP5_normal.png,103,128,4.6443908991413725,4.859812404361672,0.7984496124031008,1463,True,True,1,individual,cartoon_or_illustration,False,False,0.8310834355702776,BOT-LIKE ACTIVITY,0.07
darrylk22404230,Darryl K,"Good general knowledge, except sport",https://pbs.twimg.com/profile_images/1366519453983248386/AaKG1be6_normal.jpg,103,70,4.6443908991413725,4.2626798770413155,1.4507042253521127,1749,True,True,1,individual,real_person_photo,False,False,,,
will_roche,William Roche,software developer,https://pbs.twimg.com/profile_images/469462719/choco_normal.jpg,103,102,4.6443908991413725,4.634728988229636,1.0,5929,True,True,1,individual,real_person_photo,False,False,0.2985858585858586,REAL HUMAN,0.0
maky_punishwar,Mastikhor,🗿Bharat🇮🇳Sanatan🚩Geopolitics🌍Analysis👀Memes💀,https://pbs.twimg.com/profile_images/2000905989244215296/dJh_cubL_normal.jpg,103,154,4.6443908991413725,5.043425116919247,0.6645161290322581,485,True,False,2,individual,default_or_empty,False,True,,,
ginzo1989,Ginzo 🇰🇵 🇺🇦 🇷🇺 🇵🇱,,https://pbs.twimg.com/profile_images/1491531873809534978/EN77zEhm_normal.jpg,102,4,4.634728988229636,1.6094379124341003,20.4,1364,False,False,1,anonymous_or_no_info,cartoon_or_illustration,False,False,,,
pixxelpushr,ManyPixels,,https://pbs.twimg.com/profile_images/1716345001385377792/k8yRAg9R_normal.jpg,101,100,4.624972813284271,4.61512051684126,1.0,786,False,True,1,anonymous_or_no_info,cartoon_or_illustration,False,False,,,
niboroz,niborOz,,https://abs.twimg.com/sticky/default_profile_images/default_profile_normal.png,101,37,4.624972813284271,3.6375861597263857,2.6578947368421053,1581,False,False,1,anonymous_or_no_info,default_or_empty,False,False,,,
a1bbqsauce,Strider,Just an old soul in a new world.,https://pbs.twimg.com/profile_images/1996093122657615878/cI_eo6cj_400x400.jpg,111,127,4.718498871295094,4.852030263919617,0.8671875,116,True,True,1,individual,cartoon_or_illustration,False,False,,,
alexgeo82372439,Alex George,Smart fella,https://pbs.twimg.com/profile_images/1643349126900244481/WWcNw0Ix_400x400.jpg,347,1608,5.8522024797744745,7.3833681469923835,0.21566190180236172,1473,True,True,1,anonymous_or_no_info,real_person_photo,True,False,,,
bill2earth,Bill,"Zionism: European antisemitic political movement founded by an atheist, coopted Judaism, leveraged sympathy for the Holocaust & stole Semitic Palestinians’ land",https://pbs.twimg.com/profile_images/1961829924685086720/24iq8ATZ_400x400.jpg,2758,6404,7.922623574217286,8.764834214330834,0.4306010928961749,4659,True,True,1,anonymous_or_no_info,cartoon_or_illustration,False,False,0.5954369519369519,REAL HUMAN,0.23
chris_somewhere,Chris,,https://pbs.twimg.com/profile_images/1781594073935081472/KEdeGySC_400x400.jpg,429,527,6.063785208687608,6.269096283706261,0.8125,5590,False,True,1,anonymous_or_no_info,cartoon_or_illustration,False,False,,,
cornerstonetom3,Tom,"Happily married, love rescues, and the outdoors.",https://pbs.twimg.com/profile_images/1882033517170667520/peZXlD81_400x400.jpg,426,481,6.056784013228625,6.1779441140506,0.8838174273858921,3809,True,True,1,individual,cartoon_or_illustration,False,False,0.4652357332210274,REAL HUMAN,1.1
dan_danmcc1,Dan,Looking for truth in a world full of liars and lunatics. Have the inmates and patients taken over the world? Doing my best to avoid the woke mind virus.,https://pbs.twimg.com/profile_images/1624486036771602432/8beLQw6D_400x400.jpg,151,322,5.0238805208462765,5.777652323222656,0.4674922600619195,1167,True,True,2,individual,cartoon_or_illustration,False,False,0.7939231514099935,BOT-LIKE ACTIVITY,0.0
davidke66584564,DAVE,I was raised by dragons.,https://pbs.twimg.com/profile_images/1857919328370438146/ImoI-sQB_400x400.jpg,50,45,3.9318256327243257,3.828641396489095,1.0869565217391304,1592,True,True,1,anonymous_or_no_info,cartoon_or_illustration,False,False,,,
davidwu90767291,David,An independent researcher for the study of International & Comparative Laws and U.S. Foreign Policy.,https://pbs.twimg.com/profile_images/1505838021895106562/ThQRiDOx_400x400.png,1042,3055,6.949856455000773,8.024862150286411,0.34096858638743455,1468,True,True,2,individual,cartoon_or_illustration,False,False,,,
drneculai,Real News,,https://pbs.twimg.com/profile_images/1760915307785338880/TbBf3dtt_400x400.jpg,3080,2194,8.033009498596668,7.693937325509272,1.4031890660592254,3503,False,True,1,anonymous_or_no_info,cartoon_or_illustration,False,False,,,
fred02995760902,Fred,"Relax, I'm not paid, no zionist has a picture of my old butt crack. Just a normal old man, British, jewish. Hate zionists, Israel must not exist it is satanic.",https://abs.twimg.com/sticky/default_profile_images/default_profile_400x400.png,217,32,5.384495062789089,3.4965075614664802,6.575757575757576,145,True,True,1,individual,default_or_empty,False,False,,,
freeman010170,Free Man,"I am a free man. But I live in a concentration camp called Ukraine. Here is nazism, terror and genocide. I hate the Zelensky regime.",https://pbs.twimg.com/profile_images/1896192651008856064/jAk_oY3J_400x400.jpg,33,30,3.5263605246161616,3.4339872044851463,1.064516129032258,397,True,True,4,individual,cartoon_or_illustration,False,False,,,
george28601554,George,"When I start to do a job, I like to do it very well!",https://pbs.twimg.com/profile_images/1094362399262437376/imDsmdSi_400x400.jpg,205,9,5.327876168789581,2.302585092994046,20.5,2635,True,True,1,individual,cartoon_or_illustration,False,False,,,
gstp55784,JB,💯% XY     TG link: https://t.co/jM9JxeRBNj,https://pbs.twimg.com/profile_images/1628683042356178949/gej6TquR_400x400.jpg,518,1443,6.251903883165888,7.275172319452771,0.3587257617728532,4453,True,True,1,anonymous_or_no_info,cartoon_or_illustration,False,False,,,
heermitt,John Smith,,https://pbs.twimg.com/profile_images/747535205754408968/0qpBKqLT_400x400.jpg,65,230,4.189654742026425,5.442417710521793,0.2813852813852814,3561,False,True,1,anonymous_or_no_info,cartoon_or_illustration,False,False,,,
jeffbpdret1791,Jeff,,https://pbs.twimg.com/profile_images/1705752688514695168/iAQm6WyJ_400x400.jpg,514,17,6.244166900663736,2.8903717578961645,28.555555555555557,1019,False,True,1,anonymous_or_no_info,cartoon_or_illustration,False,False,,,
john17556488473,john,,https://pbs.twimg.com/profile_images/1988684114812137472/cC9LOG-t_400x400.jpg,3,4,1.3862943611198906,1.6094379124341003,0.6,146,False,True,1,anonymous_or_no_info,default_or_empty,False,False,,,
john_532,John,,https://pbs.twimg.com/profile_images/1911686193793699840/XsGaIsQ3_400x400.jpg,31,216,3.4657359027997265,5.37989735354046,0.14285714285714285,5279,False,True,1,anonymous_or_no_info,cartoon_or_illustration,False,False,,,
joshjtrades,Josh,Full time macro trader sharing my insights and set ups,https://pbs.twimg.com/profile_images/2004849560313884672/KhY5QjnX_400x400.jpg,130,75,4.875197323201151,4.330733340286331,1.7105263157894737,257,True,True,1,individual,default_or_empty,False,True,,,
k69tie,Katie,Gardens & interiors are my passion. Loathe PC & greed. If you want retweets please don't use foul language or vulgarity.  Unvaccinated.\n I rarely reply to DM.,https://pbs.twimg.com/profile_images/1988534105164681217/VJw9Konr_400x400.jpg,4719,4100,8.459564078579602,8.31898612539206,1.1506949524506218,4748,True,True,2,individual,real_person_photo,False,False,0.5730829970682911,REAL HUMAN,3.23
kj1981ya,KJ,"Anti-Globalist, anti European Union, pro sovereignty, free speech, right wing, avid reader 📙,  horror fan, double entendres, follow back all, no bots, No DM 💞",https://pbs.twimg.com/profile_images/2007061511575838720/b2U8_VUS_400x400.jpg,8316,6021,9.026056891868688,8.70317470904168,1.380936565924942,938,True,True,2,individual,real_person_photo,False,True,,,
konstan19440731,Konstantinos,🇷🇺🇬🇷Blind  are not those who cannot see. Blind are those who see perfectly but live in darkness.,https://abs.twimg.com/sticky/default_profile_images/default_profile_400x400.png,495,1176,6.206575926724928,7.0707241072602764,0.4205607476635514,2058,True,True,3,individual,default_or_empty,False,False,,,
larryghaynes2,Larry,,https://pbs.twimg.com/profile_images/1599944185561464833/Z6V69G4Q_400x400.jpg,427,298,6.059123195581797,5.700443573390687,1.4280936454849498,3606,False,True,1,anonymous_or_no_info,real_person_photo,False,True,,,
lolapirch,Lili,Truth is the biggest luxury these days.,https://pbs.twimg.com/profile_images/1679329770872479744/uEtaz__B_400x400.jpg,191,279,5.2574953720277815,5.634789603169249,0.6821428571428572,990,True,True,2,individual,cartoon_or_illustration,False,False,,,
lvl99bard,Lex,,https://pbs.twimg.com/profile_images/1844185521121017860/h63Ot58Q_400x400.jpg,339,212,5.8289456176102075,5.3612921657094255,1.591549295774648,5142,False,True,1,anonymous_or_no_info,cartoon_or_illustration,False,False,,,
m_59_88,M,,https://pbs.twimg.com/profile_images/1957788305786814465/Noyt4pwf_400x400.jpg,76,277,4.343805421853684,5.627621113690637,0.2733812949640288,1930,False,True,1,anonymous_or_no_info,organization_logo,True,False,,,
maria63005042,Maria,,https://pbs.twimg.com/profile_images/1620559384408358933/mMQUq5tz_400x400.jpg,63,181,4.1588830833596715,5.204006687076795,0.34615384615384615,1371,False,True,1,anonymous_or_no_info,cartoon_or_illustration,False,False,,,
mariaprecious12,Maria,,https://pbs.twimg.com/profile_images/1869418801248567296/Gg0xeqB0_400x400.jpg,272,184,5.60947179518496,5.220355825078324,1.4702702702702704,4571,False,True,1,anonymous_or_no_info,cartoon_or_illustration,False,False,0.4177071817071819,REAL HUMAN,3.73
mart888877,Martin,,https://abs.twimg.com/sticky/default_profile_images/default_profile_400x400.png,108,17,4.6913478822291435,2.8903717578961645,6.0,595,False,True,1,anonymous_or_no_info,default_or_empty,False,False,,,
matthew60702433,Matt,Love chess. Hate the US war machine.,https://pbs.twimg.com/profile_images/2017742395987697664/QTlxfwwf_400x400.jpg,277,299,5.627621113690637,5.703782474656201,0.9233333333333333,1583,True,True,2,individual,cartoon_or_illustration,False,False,,,
mattylucaspenny,Matty,A cool cat.,https://pbs.twimg.com/profile_images/1862870972845473792/WtJvxDBc_400x400.jpg,20,7,3.044522437723423,2.0794415416798357,2.5,713,True,True,1,anonymous_or_no_info,real_person_photo,True,False,,,
mg89of,MG,,https://pbs.twimg.com/profile_images/1605849324272947200/iwF7MUVi_400x400.jpg,951,1223,6.858565034791365,7.1098794630722715,0.7769607843137255,1192,False,True,1,anonymous_or_no_info,real_person_photo,False,False,0.7260919774669776,BOT-LIKE ACTIVITY,0.0
milliondivs,Gary,documenting path to $1 million net worth,https://pbs.twimg.com/profile_images/1862179515121668096/4dd-7JmK_400x400.jpg,446,448,6.102558594613569,6.1070228877422545,0.9933184855233853,485,True,True,1,individual,cartoon_or_illustration,False,False,0.7946443695193695,BOT-LIKE ACTIVITY,0.1
moosewasazues,Alex,,https://pbs.twimg.com/profile_images/1836729212356726784/tGAQ4H8K_400x400.png,121,23,4.804021044733257,3.1780538303479458,5.041666666666667,555,False,True,1,anonymous_or_no_info,default_or_empty,False,False,0.7337903142609027,BOT-LIKE ACTIVITY,2.03
mykl_archangel,Michael,"Tuidang! Pro-Life, Faith in God, Ticket P1, Cowboys, Mavs, Blues, Cardinals",https://pbs.twimg.com/profile_images/1472159835542200324/kR5wKe6-_400x400.jpg,178,545,5.187385805840755,6.302618975744905,0.326007326007326,1561,True,True,1,individual,cartoon_or_illustration,False,True,,,
nastia_7777777,Anastasia,🌍 History Buff | Ancient World Explorer ✨ | Tribal Tales Enthusiast 🗿 | Current Events Junkie 🪖 | 💥 𐐘⚔️| Diving into warfare & politics around the globe!,https://pbs.twimg.com/profile_images/1990282055565840384/g6BclPax_400x400.jpg,165,2241,5.111987788356544,7.715123603632105,0.0735950044603033,413,True,True,3,individual,real_person_photo,False,False,,,
neembeam,Nemo,,https://pbs.twimg.com/profile_images/378800000572748578/f5be1814cd54b98ae641b88503a1a9a3_400x400.jpeg,751,3205,6.62273632394984,8.072779333169498,0.23424828446662507,6242,False,True,1,anonymous_or_no_info,cartoon_or_illustration,False,False,0.5291888699535758,REAL HUMAN,0.6
neil1900,Neil,,https://abs.twimg.com/sticky/default_profile_images/default_profile_400x400.png,14,14,2.70805020110221,2.70805020110221,0.9333333333333333,1246,False,True,1,anonymous_or_no_info,default_or_empty,False,False,,,
p83yq8w6,Me,Me,https://abs.twimg.com/sticky/default_profile_images/default_profile_400x400.png,223,7,5.4116460518550396,2.0794415416798357,27.875,1002,True,True,1,anonymous_or_no_info,default_or_empty,False,False,0.6593053890553889,BOT-LIKE ACTIVITY,1.1
patrick622500,Patrick,Against woke virus bulshit. There are only 2 genders: male and female. Fuck the USSR light (EU 🇪🇺)\nhttps://t.co/NgCkSCbzrM,https://pbs.twimg.com/profile_images/1998594343314300928/vn4Tgb_b_400x400.jpg,138,85,4.9344739331306915,4.454347296253507,1.6046511627906976,580,True,True,2,individual,cartoon_or_illustration,True,False,,,
planter5657,Steve,Reagan conservative ... Catholic husband and father ….DeSantis '28... “The problem with learning from history is we don’t”,https://pbs.twimg.com/profile_images/1594689544833667073/sSh8idSQ_400x400.jpg,1680,869,7.427144133408616,6.76849321164863,1.9310344827586208,1321,True,True,1,individual,real_person_photo,True,True,,,
polly888888,Polly,Tony Blair followed the money to George Soros at the New York Plaza Hotel on April 10 1996. This meeting was a turning point for Britain.,https://pbs.twimg.com/profile_images/1915367722541547520/NV5wh8LX_400x400.jpg,1413,299,7.254177846456518,5.703782474656201,4.71,1602,True,True,2,anonymous_or_no_info,real_person_photo,False,False,,,
primed24,Steve,"New policy: I don’t argue in replies anymore.\nIf you want to pick a fight, I’ll quote you, bring it to my feed, and end it on my terms.\nYour outrage, my content",https://pbs.twimg.com/profile_images/1669607637313257472/UGtja90v_400x400.jpg,249,258,5.521460917862246,5.556828061699537,0.9613899613899614,5244,True,True,2,individual,cartoon_or_illustration,False,True,,,
raizdbydingoes,Jason,AB- (Alien blood) Australiana.  Wannabe Nature Photographer/ Gamer. Pro Sarcasm.,https://pbs.twimg.com/profile_images/1485877719040954371/Twd82vkW_400x400.jpg,699,1891,6.551080335043404,7.545389749611823,0.36945031712473575,6187,True,True,1,individual,cartoon_or_illustration,False,False,,,
rb7294,RB,,https://abs.twimg.com/sticky/default_profile_images/default_profile_400x400.png,4,1,1.6094379124341003,0.6931471805599453,2.0,306,False,True,1,anonymous_or_no_info,default_or_empty,False,False,,,
redbirdel,☭🌱El,"Vegan,intersectional & internationalist communist &urban peasant\nI support 🇷🇺SMO vs ukronazis\n#FreeMrMaduro&MsFlores\n🇺🇸 🇦🇺 🇳🇿 🇨🇦 🇮🇱=settler colonies",https://pbs.twimg.com/profile_images/1493598306076925963/-BruE3c4_400x400.jpg,2800,5390,7.937731775260109,8.592486175451668,0.5193841587831571,2205,True,True,4,individual,cartoon_or_illustration,False,False,,,
rob73905582,Rob,,https://abs.twimg.com/sticky/default_profile_images/default_profile_400x400.png,864,1448,6.762729506931879,7.278628942320682,0.5962732919254659,2624,False,True,1,anonymous_or_no_info,default_or_empty,False,False,,,
robert_novak25,Robert,New warriors will arise,https://pbs.twimg.com/profile_images/1992913519088431104/hkzs-gQ3_400x400.jpg,342,693,5.8377304471659395,6.542471960506805,0.49279538904899134,342,True,True,2,anonymous_or_no_info,cartoon_or_illustration,False,False,,,
rushrevolt2,Rush,,https://pbs.twimg.com/profile_images/1872495536248373248/jyycsAae_400x400.jpg,960,108,6.8679744089702925,4.6913478822291435,8.807339449541285,525,False,True,1,anonymous_or_no_info,real_person_photo,False,True,0.4823201553348612,REAL HUMAN,5.13
sickstringer,Mark Stringer,Never forget Elon Musk begged Epstein to let him attend his wildest child rape parties! How many times did Epstein say yes to Elon?,https://pbs.twimg.com/profile_images/2033136457817391104/LBr3PO1t_400x400.jpg,2937,4502,7.9854843567338225,8.412499120301572,0.6522318454363758,3831,True,True,1,anonymous_or_no_info,default_or_empty,False,False,0.4617927668736492,REAL HUMAN,0.03
speakeezie,Adrian,"Apathy is our worst enemy. It has no voice, is unheard and unheeded, the ally of tyrants. Nothing posted, nothing to follow. DMs, pls ask first. #FreePalestine",https://pbs.twimg.com/profile_images/1838956479392448512/5ird4T_D_400x400.jpg,410,370,6.018593214496234,5.916202062607435,1.105121293800539,549,True,True,1,individual,real_person_photo,False,False,0.6383781847237728,BOT-LIKE ACTIVITY,0.07
stevepaul63,Steve,No DMs please.\n\nRetweet not  necessarily an endorsement.,https://pbs.twimg.com/profile_images/1811199443636822016/Gfksm8NI_400x400.jpg,1695,1312,7.4360278163518485,7.180069874302796,1.290936785986291,3130,True,True,1,individual,default_or_empty,False,True,,,
stuart42338603,Stuart,,https://abs.twimg.com/sticky/default_profile_images/default_profile_400x400.png,16,82,2.833213344056216,4.418840607796598,0.1927710843373494,4580,False,True,1,anonymous_or_no_info,default_or_empty,False,False,,,
thewatc95717625,The watcher,"99% of countries have 2 political parties with any chance of winning. Both parties work for the same puppet masters, democracy is an illusion,media is corrupt",https://pbs.twimg.com/profile_images/1852688048967794690/wQqkz6wW_400x400.jpg,2926,3100,7.9817332866918855,8.03947991910045,0.9435665914221218,1851,True,True,2,individual,cartoon_or_illustration,False,True,0.5633798978798978,REAL HUMAN,0.07
vladimi82222415,Vladimir,"tired&retired  \nstill get my kicks when 66 \nAnd even when 67\njust wait, seems OK by 68\nnow fine - waiting for 69\nnot late - comes round date\nsee thee when 73",https://pbs.twimg.com/profile_images/1058618320986034176/5p8FYPam_400x400.jpg,1503,1674,7.315883504509785,7.423568444259167,0.8973134328358209,2865,True,True,1,individual,real_person_photo,False,False,,,
whyme9483,JD,Truth Hurts,https://abs.twimg.com/sticky/default_profile_images/default_profile_400x400.png,13,0,2.6390573296152584,0.0,13.0,789,True,True,2,anonymous_or_no_info,default_or_empty,False,False,0.5403704343042578,REAL HUMAN,0.03
witchend,WitchEnd,"Married boomer in the leafy south of England; likes classic cars, motorsport, narrowboats, steam & guitars, born 17/9. Also answers to Brian. Restore Britain...",https://pbs.twimg.com/profile_images/1994770288383279105/w7YA50RL_400x400.jpg,4557,7016,8.42463920980563,8.85609105525229,0.6494228302693459,6292,True,True,2,individual,real_person_photo,False,True,,,
