URL,first_window_share,half_life_day,late_window_share,mean_accum_day,accel_index,plateau_day,Group,is_treatment
https://x.com/100_strim14410/status/1996123651893006802,1.0,1.0,0.0,1.0,-13.815511557963774,2.0,Treatment,1
https://x.com/1841960akis/status/1999099887221084430,0.9090909090909091,1.0,0.0,1.0909090909090908,-13.720201478159344,3.0,Control,0
https://x.com/1841960akis/status/1999100695257952301,0.75,1.0,0.0,1.5,-13.527829818844937,3.0,Treatment,1
https://x.com/1MikeFairclough/status/2003083991738421562,0.7935871743486974,1.0,0.005549560659781101,1.363650377678434,-4.962665712148748,3.0,Treatment,1
https://x.com/2cnlkh68/status/2005124609579090113,1.0,1.0,0.0,1.0,-13.815511557963774,2.0,Control,0
https://x.com/4Anstey/status/2005220254763635082,1.0,1.0,0.0,1.0,-13.815511557963774,2.0,Control,0
https://x.com/561cdc/status/1997549581769511113,0.0,2.0,0.0,2.0,,1.0,Control,0
https://x.com/5990HSD/status/2000502761490882911,0.625,1.0,0.125,2.375,-1.6094315124648202,2.0,Treatment,1
https://x.com/6MrGregory/status/1997611868651983118,1.0,1.0,0.0,1.0,-13.815511557963774,2.0,Treatment,1
https://x.com/88_Web3_ROBBIE/status/2003406173018771923,0.8888888888888888,1.0,0.0,1.1111111111111112,-13.697728647307258,3.0,Treatment,1
https://x.com/A1BBQSauce/status/2002947202868711525,0.75,1.0,0.125,2.5,-1.7917528025924994,3.0,Treatment,1
https://x.com/ABridgen/status/1997614452833739074,0.8981053284070241,1.0,0.0025814186791944995,1.1360974495746572,-5.851562034754676,3.0,Control,0
https://x.com/AJOPersonal/status/1997900815726502012,0.9166666666666666,1.0,0.0,1.3333333333333333,-13.72850027188314,2.0,Control,0
https://x.com/AJOPersonal/status/2002609603096281445,0.16666666666666666,2.0,0.0,2.0,-12.023757088718218,4.0,Treatment,1
https://x.com/ALateralis/status/2008096714255650931,0.5714285714285714,1.0,0.0,1.4285714285714286,-13.25589652002732,3.0,Treatment,1
https://x.com/ANT159694954/status/1996170150890950894,0.8666666666666667,1.0,0.06666666666666667,1.8,-2.564935511419524,3.0,Treatment,1
https://x.com/ANT159694954/status/2001649441544245258,0.7391304347826086,1.0,0.08695652173913043,1.9565217391304348,-2.1400560165026565,3.0,Treatment,1
https://x.com/AShelley73948/status/1995802876552032463,0.9318181818181818,1.0,0.022727272727272728,1.3409090909090908,-3.7135291408424353,2.0,Control,0
https://x.com/AShelley73948/status/1995803953309552900,0.8823529411764706,1.0,0.0,1.1176470588235294,-13.690348548342959,3.0,Treatment,1
https://x.com/AbdalQaim/status/2003360082193731896,0.6341463414634146,1.0,0.17073170731707318,2.926829268292683,-1.3121821087622982,2.0,Treatment,1
https://x.com/Abhi_is_great/status/2000546077808996795,0.875,1.0,0.0,1.1666666666666667,-13.681980308196241,3.0,Treatment,1
https://x.com/Abhi_is_great/status/2001225766575718573,0.8413173652694611,1.0,0.005988023952095809,1.2604790419161678,-4.945041691328141,3.0,Control,0
https://x.com/Abhinav131426/status/2005946412538736704,1.0,1.0,0.0,1.0,-13.815511557963774,2.0,Treatment,1
https://x.com/Abraham02782754/status/2002591400475623839,0.7142857142857143,1.0,0.0,1.8571428571428572,-13.479039721342081,2.0,Control,0
https://x.com/Abraham02782754/status/2005261340638937363,0.6,1.0,0.13333333333333333,2.7333333333333334,-1.5040715634696769,6.0,Treatment,1
https://x.com/AceBlitzz/status/1996123580485038482,0.5185185185185185,1.0,0.037037037037037035,2.0,-2.639032258549321,4.0,Control,0
https://x.com/AdinBuck/status/2000543986180866106,0.725,1.0,0.0,1.325,-13.493928313146206,4.0,Treatment,1
https://x.com/Agent_00PL/status/2001275819306459530,0.8888888888888888,1.0,0.0,1.2222222222222223,-13.697728647307258,2.0,Control,0
https://x.com/AlPriest420/status/2001644826572550459,0.0,2.0,0.0,2.0,,1.0,Control,0
https://x.com/AleksanderDroz4/status/1995770324319707213,0.9615705931495405,1.0,0.015037593984962405,1.177109440267335,-4.157949193001452,2.0,Control,0
https://x.com/AlexGeo82372439/status/2008462736141750746,0.46153846153846156,2.0,0.07692307692307693,2.6153846153846154,-1.7917486359768735,6.0,Treatment,1
https://x.com/AlexMalejewicz/status/2006285637662732603,0.935064935064935,1.0,0.0,1.1688311688311688,-13.748372324570518,2.0,Control,0
https://x.com/Alex_Oloyede2/status/2000183428495614156,0.9122112686191264,1.0,1.3528099589839533,4.008913582220801,0.39406718484448894,2.0,Control,0
https://x.com/AlexanderTheNo7/status/2000518709140488281,0.75,1.0,0.0,1.75,-13.527829818844937,2.0,Treatment,1
https://x.com/Alfreddezayas/status/2000881367513530800,0.8406374501992032,1.0,0.01593625498007968,1.3127490039840637,-3.965502213897627,3.0,Treatment,1
https://x.com/AlternatNews/status/2000880358938874123,0.7840746054519369,1.0,0.007890961262553802,1.3995695839311335,-4.598660771522688,4.0,Control,0
https://x.com/AmicusCuri99068/status/2000563051784007822,0.3333333333333333,3.0,0.3333333333333333,4.0,0.0,2.0,Control,0
https://x.com/Amstel66/status/2005877740390555840,0.7777777777777778,1.0,0.1111111111111111,1.8888888888888888,-1.9459024348092724,3.0,Treatment,1
https://x.com/An89390Anglo/status/2003084708264198629,0.6666666666666666,1.0,0.14035087719298245,2.4035087719298245,-1.5581389930708076,3.0,Treatment,1
https://x.com/An89390Anglo/status/2003407491854664097,1.0,1.0,0.0,1.0,-13.815511557963774,2.0,Control,0
https://x.com/Andjela_Sipovac/status/1997986635401826640,0.4,4.0,0.4,4.0,0.0,2.0,Control,0
https://x.com/Andjela_Sipovac/status/2001242216686121423,0.8181818181818182,1.0,0.0,1.3863636363636365,-13.614841084723599,3.0,Control,0
https://x.com/Andjela_Sipovac/status/2001268642315726852,0.7083333333333334,1.0,0.08333333333333333,2.25,-2.1400555753319797,2.0,Control,0
https://x.com/Andjela_Sipovac/status/2004153292319072567,1.0,1.0,0.0,1.0,-13.815511557963774,2.0,Control,0
https://x.com/Andjela_Sipovac/status/2004188502242582811,0.9142857142857143,1.0,0.01904761904761905,1.4476190476190476,-3.8711496060353694,2.0,Treatment,1
https://x.com/Andjela_Sipovac/status/2005227901445341261,0.8666666666666667,1.0,0.06666666666666667,1.4666666666666666,-2.564935511419524,3.0,Treatment,1
https://x.com/AndrewinH70355/status/2008159776317100102,1.0,1.0,0.0,1.0,-13.815511557963774,2.0,Control,0
https://x.com/AndyInLondon1/status/2002639903138693305,1.0,1.0,0.0,1.0,-13.815511557963774,2.0,Control,0
https://x.com/Andy_____K/status/2012836905402933579,1.0,1.0,0.0,1.0,-13.815511557963774,2.0,Treatment,1
https://x.com/AngelovJullian/status/2005267294373716010,0.631578947368421,1.0,0.0,1.4210526315789473,-13.355979811917914,4.0,Treatment,1
https://x.com/AnitaGriff38352/status/1997996733406552348,0.9583333333333334,1.0,0.013888888888888888,1.1111111111111112,-4.234035550666851,2.0,Treatment,1
https://x.com/Annalussenburg/status/2006271707061903674,0.8,1.0,0.0,1.4,-13.592368256649284,2.0,Treatment,1
https://x.com/AnneSmi06829573/status/2000881455321268252,1.0,1.0,0.0,1.0,-13.815511557963774,2.0,Treatment,1
https://x.com/AnneSmi06829573/status/2001624908011573659,0.8333333333333334,1.0,0.0,1.1666666666666667,-13.6331902011696,3.0,Control,0
https://x.com/Annibanner/status/2002731750456475712,0.6666666666666666,1.0,0.0,1.3333333333333333,-13.410046949854985,3.0,Treatment,1
https://x.com/AnnieGlen11/status/1998347782692769874,1.0,1.0,0.0,1.0,-13.815511557963774,2.0,Treatment,1
https://x.com/AnnieGlen11/status/1998361103555084713,0.803921568627451,1.0,0.058823529411764705,1.8627450980392157,-2.614944022082362,2.0,Treatment,1
https://x.com/AnnieGlen11/status/1998361624957329602,0.6153846153846154,1.0,0.0,1.8461538461538463,-13.330004367181253,5.0,Control,0
https://x.com/AnteMamic82/status/1996125101461307546,1.0,1.0,0.0,1.0,-13.815511557963774,2.0,Treatment,1
https://x.com/ApexPredatonDCT/status/2000199932347650530,0.9423076923076923,1.0,0.0,1.0961538461538463,-13.7560881987174,2.0,Treatment,1
https://x.com/ApexPredatonDCT/status/2000201491408155046,0.9375,1.0,0.0,1.1328125,-13.7509731034928,2.0,Control,0
https://x.com/Archer83Able/status/1996216601742336180,0.9305396096440872,1.0,0.0029850746268656717,1.1039035591274398,-5.741806026892969,3.0,Treatment,1
https://x.com/Archer83Able/status/2000871773357695094,0.9306549845068918,1.0,0.0024575275136232504,1.0964846671652955,-5.936327098152059,3.0,Control,0
https://x.com/ArendBols/status/2003801929684750613,0.5,1.0,0.0,2.5,-13.122365377402328,2.0,Treatment,1
https://x.com/ArmanAmany/status/2003465622244721015,0.8518518518518519,1.0,0.0,1.2592592592592593,-13.65516908180145,2.0,Control,0
https://x.com/ArroTheFoxInAm/status/1997667413219844512,0.9733333333333334,1.0,0.0,1.0533333333333332,-13.788482912973087,2.0,Control,0
https://x.com/Assyrian2/status/1995817041744236638,0.8627450980392157,1.0,0.0,1.3529411764705883,-13.667875718248448,2.0,Treatment,1
https://x.com/AsterismVaibhav/status/1997549828646322537,0.6949152542372882,1.0,0.06779661016949153,1.9322033898305084,-2.3272643947165523,4.0,Control,0
https://x.com/AtillaHunor/status/2006592392040976581,0.5,1.0,0.0,2.5,-13.122365377402328,2.0,Treatment,1
https://x.com/Autodidact100/status/2008171637146104145,0.7777777777777778,1.0,0.027777777777777776,1.5277777777777777,-3.3321697965366477,4.0,Treatment,1
https://x.com/AvinashKS14/status/2001163317017239880,1.0,1.0,0.0,1.0,-13.815511557963774,2.0,Control,0
https://x.com/AvinashKS14/status/2005990977954275716,0.7272727272727273,1.0,0.0,1.3636363636363635,-13.497058201844794,4.0,Control,0
https://x.com/AvivitGirl/status/1996195166835945553,1.0,1.0,0.0,1.0,-13.815511557963774,2.0,Control,0
https://x.com/BCohones62955/status/2006216035037286585,0.96875,1.0,0.0,1.0625,-13.783762891907225,2.0,Treatment,1
https://x.com/BDooher/status/1996188388949475476,0.6190476190476191,1.0,0.023809523809523808,1.8095238095238095,-3.258056154286768,3.0,Treatment,1
https://x.com/BDooher/status/2000930278336794674,0.7451840250587314,1.0,0.0009658052727747324,1.2747324458365963,-6.647390719653284,3.0,Control,0
https://x.com/BPetrovchich/status/2006605950619365526,0.9583333333333334,1.0,0.001736111111111111,1.0833333333333333,-6.312973255579139,2.0,Control,0
https://x.com/BPetrovchich/status/2006607273620365772,0.9819819819819819,1.0,0.0,1.018018018018018,-13.797329257229189,2.0,Treatment,1
https://x.com/BPetrovchich/status/2006607446337605781,0.8977635782747604,1.0,0.0,1.1118210862619808,-13.70766315063625,3.0,Control,0
https://x.com/BPetrovchich/status/2006607715360288800,0.8882421420256111,1.0,0.0011641443538998836,1.1443538998835856,-6.636400525832315,3.0,Control,0
https://x.com/BPetrovchich/status/2006608093703209081,0.9732142857142857,1.0,0.0,1.0535714285714286,-13.78836059642073,2.0,Treatment,1
https://x.com/BPetrovchich/status/2006608251169993149,0.9863013698630136,1.0,0.0,1.0547945205479452,-13.801718249720313,2.0,Control,0
https://x.com/BPetrovchich/status/2006608512269590822,0.7393867924528302,1.0,0.0011792452830188679,1.2853773584905661,-6.440100252452958,3.0,Treatment,1
https://x.com/BPetrovchich/status/2006608702456152220,0.8707124010554089,1.0,0.005277044854881266,1.1926121372031662,-5.1057571403376265,3.0,Treatment,1
https://x.com/BPetrovchich/status/2006609006207578399,0.9594594594594594,1.0,0.0,1.1081081081081081,-13.774126384054398,2.0,Treatment,1
https://x.com/BPetrovchich/status/2006609570945445948,0.9795918367346939,1.0,0.0,1.0816326530612246,-13.794892291594351,2.0,Control,0
https://x.com/BPetrovchich/status/2006610356706435344,0.9290187891440501,1.0,0.0,1.0876826722338204,-13.741885319123515,3.0,Control,0
https://x.com/BacinschiM666/status/2000771219046674756,1.0,1.0,0.0,1.0,-13.815511557963774,2.0,Control,0
https://x.com/BannedLatino/status/2005913614822129799,0.7931034482758621,1.0,0.06896551724137931,1.7586206896551724,-2.4423337963430987,3.0,Control,0
https://x.com/BarkerLuke77/status/2011749836199223795,0.7777777777777778,1.0,0.1111111111111111,2.2222222222222223,-1.9459024348092724,2.0,Control,0
https://x.com/BartBlake11/status/2003421082674728973,0.9285714285714286,1.0,0.0,1.1428571428571428,-13.741403662733049,2.0,Control,0
https://x.com/BartDePalma/status/1997995184924062048,1.0,1.0,0.0,1.0,-13.815511557963774,2.0,Control,0
https://x.com/BartDePalma/status/1997995575900270928,0.85,1.0,0.0,1.45,-13.652992804936396,3.0,Treatment,1
https://x.com/Bartholomewster/status/2005270119854080293,0.9272727272727272,1.0,0.0,1.1454545454545455,-13.74000408388692,2.0,Control,0
https://x.com/BeateLandefeld/status/1997601071833678251,0.9575757575757575,1.0,0.01818181818181818,1.2181818181818183,-3.963928790174554,2.0,Treatment,1
https://x.com/BeateLandefeld/status/1997617998472040801,0.9090909090909091,1.0,0.09090909090909091,1.5454545454545454,-2.30257519305394,2.0,Treatment,1
https://x.com/Bellawoodburny1/status/1998366232085684443,0.8,1.0,0.0,1.2,-13.592368256649284,3.0,Control,0
https://x.com/BennyLottaz/status/1998658431251829026,0.6428571428571429,1.0,0.2857142857142857,4.0,-0.8109282717767997,2.0,Control,0
https://x.com/BennyLottaz/status/1999109221275816295,0.6,1.0,0.0,2.2,-13.304686600863562,2.0,Treatment,1
https://x.com/BernieG95778509/status/2001236092205588508,0.5,1.0,0.0,2.25,-13.122365377402328,3.0,Treatment,1
https://x.com/BernieG95778509/status/2001238554874109981,0.5714285714285714,1.0,0.14285714285714285,4.0,-1.3862891111428592,2.0,Treatment,1
https://x.com/BernieG95778509/status/2002678914016047138,0.3333333333333333,5.0,0.3333333333333333,4.666666666666667,0.0,2.0,Treatment,1
https://x.com/Best_Fisher/status/1995815067867025411,0.6,1.0,0.0,2.24,-13.304686600863562,2.0,Treatment,1
https://x.com/Best_Fisher/status/1995815164415807913,0.8,1.0,0.0,1.4,-13.592368256649284,2.0,Control,0
https://x.com/Best_Fisher/status/1995824382141161494,1.0,1.0,0.0,1.0,-13.815511557963774,2.0,Control,0
https://x.com/BhavikaKapoor5/status/1998024657996566868,0.8747404844290657,1.0,0.01314878892733564,1.2685121107266435,-4.197522688996187,3.0,Control,0
https://x.com/BigTobes1/status/2012851504424607844,0.75,1.0,0.0625,1.5625,-2.4848919832484433,3.0,Control,0
https://x.com/BigTobes1/status/2012866624043237396,0.5454545454545454,1.0,0.09090909090909091,2.090909090909091,-1.7917503026202073,4.0,Control,0
https://x.com/Bijke1953/status/1996574656942211563,0.9358507734303912,1.0,0.001364877161055505,1.089626933575978,-6.529660271133232,3.0,Control,0
https://x.com/BillDunblane/status/2000165078981808365,0.6666666666666666,1.0,0.0,1.3333333333333333,-13.410046949854985,3.0,Control,0
https://x.com/Bill_Owen/status/2012878396536041693,0.8333333333333334,1.0,0.08333333333333333,2.25,-2.3025742930653252,2.0,Treatment,1
https://x.com/Bjklark/status/1998296022087504112,1.0,1.0,0.0,1.0,-13.815511557963774,2.0,Control,0
https://x.com/BlackDouglas/status/2008735842685382660,0.8333333333333334,1.0,0.0,1.6666666666666667,-13.6331902011696,2.0,Treatment,1
https://x.com/BlackTempar/status/2005985007391973803,0.9090909090909091,1.0,0.0,1.0909090909090908,-13.720201478159344,3.0,Control,0
https://x.com/Blacktuskprod/status/1998599692217889147,1.0,1.0,0.0,1.0,-13.815511557963774,2.0,Control,0
https://x.com/BobD187/status/2002729559532429810,0.75,1.0,0.0,1.25,-13.527829818844937,3.0,Control,0
https://x.com/BoetSchouwink/status/1997620057187492188,1.0,1.0,0.0,1.0,-13.815511557963774,2.0,Treatment,1
https://x.com/BooBooKittyCan/status/1996569621005033560,0.9,1.0,1.35,7.361702127659575,0.40546473773813696,3.0,Treatment,1
https://x.com/BorisNChuryk/status/1997622294253044005,0.5116279069767442,1.0,0.046511627906976744,3.046511627906977,-2.397875727573037,2.0,Treatment,1
https://x.com/BowesChay/status/1996173251999928821,0.8183243337397665,1.0,0.005573941821982233,1.2593189339836266,-4.988978094269127,3.0,Treatment,1
https://x.com/BowesChay/status/2000863054091968849,0.8506305804766289,1.0,0.006616277326938313,1.2354452604757724,-4.856295103993296,3.0,Treatment,1
https://x.com/BowlerBarrister/status/2012782791780692259,0.8313253012048193,1.0,0.0,1.1686746987951808,-13.630777657662764,3.0,Treatment,1
https://x.com/BrendanWLong/status/2001251358742073487,0.6666666666666666,1.0,0.0,2.0,-13.410046949854985,2.0,Control,0
https://x.com/Brian485464940/status/1998366449858228464,0.8333333333333334,1.0,0.0,1.3333333333333333,-13.6331902011696,2.0,Treatment,1
https://x.com/BrianLee1928112/status/1997975026335641600,1.0,1.0,0.0,1.0,-13.815511557963774,2.0,Treatment,1
https://x.com/Brigadier_S6/status/1998753205283655720,0.96,1.0,0.0,1.2,-13.774689605110144,2.0,Treatment,1
https://x.com/BrosManney/status/1997980792350285875,0.6744186046511628,1.0,0.09302325581395349,2.0930232558139537,-1.9809922016818857,3.0,Control,0
https://x.com/Bubbaflaco/status/1997873961896460432,1.0,1.0,0.0,1.0,-13.815511557963774,2.0,Treatment,1
https://x.com/Bubbaflaco/status/1998738251033571640,0.75,1.0,0.0,2.0,-13.527829818844937,2.0,Treatment,1
https://x.com/BulgarianStoic/status/2000111983325229543,0.8076923076923077,1.0,0.038461538461538464,2.0384615384615383,-3.044497676155889,2.0,Treatment,1
https://x.com/CARTOONISThugo/status/2000883925124624883,0.52,1.0,0.022222222222222223,1.84,-3.1526929464511992,4.0,Treatment,1
https://x.com/CGTNEurope/status/2005931469340909622,0.7948717948717948,1.0,0.0,1.358974358974359,-13.585937374383498,5.0,Control,0
https://x.com/COLScottTaylor/status/1998389352410320999,0.75,1.0,0.0,1.375,-13.527829818844937,4.0,Treatment,1
https://x.com/COPPICE2066/status/2001230542293938244,0.625,1.0,0.0,1.5,-13.345508528717259,4.0,Control,0
https://x.com/CSabatzki/status/2003411943801983483,0.9230769230769231,1.0,0.0,1.0769230769230769,-13.735468933623483,3.0,Treatment,1
https://x.com/CaledoniaLad/status/2000466026031382639,0.9166666666666666,1.0,0.041666666666666664,1.5416666666666667,-3.091019544554807,2.0,Treatment,1
https://x.com/CannConActual/status/2005148455891828902,0.9348314606741573,1.0,0.008988764044943821,1.1775280898876404,-4.644280725040161,2.0,Treatment,1
https://x.com/CapersQ/status/1998285466274021751,0.8571428571428571,1.0,0.047619047619047616,1.9206349206349207,-2.8903519247826477,2.0,Treatment,1
https://x.com/CarlAFez/status/1998677288980824322,0.9078947368421053,1.0,0.0,1.105263157894737,-13.71888482372387,3.0,Treatment,1
https://x.com/CarlAFez/status/1999040002076872914,1.0,1.0,0.0,1.0,-13.815511557963774,2.0,Control,0
https://x.com/Ccat2025/status/1996580091300806927,1.0,1.0,0.0,1.0,-13.815511557963774,2.0,Treatment,1
https://x.com/CdeNMaswerasei/status/2012811993384722527,0.6842105263157895,1.0,0.10526315789473684,2.473684210526316,-1.8717941384841097,6.0,Treatment,1
https://x.com/CforCD/status/1998706066373361843,0.8465608465608465,1.0,0.026455026455026454,1.4285714285714286,-3.465699284763431,3.0,Control,0
https://x.com/ChannySaako/status/2002631408981061919,0.9487179487179487,1.0,0.0,1.0512820512820513,-13.76286787853235,3.0,Control,0
https://x.com/ChannySaako/status/2002635097150009789,0.9090909090909091,1.0,0.0,1.0909090909090908,-13.720201478159344,3.0,Treatment,1
https://x.com/ChaunceyHallOnX/status/1998613309675753635,0.9375,1.0,0.0,1.0625,-13.7509731034928,3.0,Control,0
https://x.com/ChrisCoetz24345/status/2000779076387196989,1.0,1.0,0.0,1.0,-13.815511557963774,2.0,Treatment,1
https://x.com/ChrisHo03515950/status/2000871267134574983,0.6666666666666666,1.0,0.0,1.3333333333333333,-13.410046949854985,3.0,Control,0
https://x.com/ChrisHo03515950/status/2000877440789270937,0.7761194029850746,1.0,0.0,1.2985074626865671,-13.562062945615445,3.0,Treatment,1
https://x.com/ChrisHo03515950/status/2001180794513928355,0.8666666666666667,1.0,0.0,1.2666666666666666,-13.67241086816909,2.0,Control,0
https://x.com/ChrisKotze19/status/1998706408590815709,0.8,1.0,0.0,1.3,-13.592368256649284,4.0,Treatment,1
https://x.com/Chris_Somewhere/status/2005974767980142758,0.8461538461538461,1.0,0.07692307692307693,2.0,-2.397883454700353,2.0,Treatment,1
https://x.com/Chris_Somewhere/status/2006210491325055349,0.9117647058823529,1.0,0.0,1.1764705882352942,-13.723138334606851,2.0,Treatment,1
https://x.com/ChristianPetak/status/2005953803283992618,0.8876811594202898,1.0,0.014492753623188406,1.2826086956521738,-4.114895978335205,3.0,Treatment,1
https://x.com/ChrliesWarchest/status/2000910806590910947,0.6190476190476191,1.0,0.0,1.4285714285714286,-13.335939093085699,3.0,Treatment,1
https://x.com/CltNc13/status/2005269430755004614,0.4,2.0,0.2,3.4,-0.6931446805693203,3.0,Control,0
https://x.com/ComfortEagle1/status/2000200152213057957,0.5517241379310345,1.0,0.034482758620689655,2.3448275862068964,-2.7725615351586304,4.0,Control,0
https://x.com/ConciousLabRat/status/2000502257813520480,0.8119266055045872,1.0,0.010703363914373088,1.305810397553517,-4.328759679617034,3.0,Treatment,1
https://x.com/ConservTreeHggr/status/2000434410441814332,0.8333333333333334,1.0,0.0,1.2777777777777777,-13.6331902011696,4.0,Control,0
https://x.com/ContrarianOwl/status/2011768022403281368,0.9706840390879479,1.0,0.013029315960912053,1.1530944625407167,-4.310723408531456,2.0,Treatment,1
https://x.com/Cuber_tron/status/1997955331561820196,0.92,1.0,0.0,1.18,-13.732130035981154,2.0,Treatment,1
https://x.com/Cuber_tron/status/1998277107143836088,1.0,1.0,0.0,1.0,-13.815511557963774,2.0,Control,0
https://x.com/Cuber_tron/status/2000547361005752608,1.0,1.0,0.0,1.0,-13.815511557963774,2.0,Control,0
https://x.com/Cuber_tron/status/2001181315865927726,0.6666666666666666,1.0,0.3333333333333333,4.333333333333333,-0.6931456805633205,2.0,Control,0
https://x.com/Cuber_tron/status/2001187089182806426,0.5555555555555556,1.0,0.2222222222222222,2.888888888888889,-0.9162880318826602,4.0,Control,0
https://x.com/Cuber_tron/status/2001200702199136647,0.9285714285714286,1.0,0.0,1.1071428571428572,-13.741403662733049,2.0,Treatment,1
https://x.com/Cuber_tron/status/2006237840737276178,0.8928571428571429,1.0,0.0,1.1785714285714286,-13.702182992656644,2.0,Treatment,1
https://x.com/Cuber_tron/status/2008116305061437811,0.9166666666666666,1.0,0.0,1.1666666666666667,-13.72850027188314,2.0,Control,0
https://x.com/Cully186/status/2000154719600423153,1.0,1.0,0.0,1.0,-13.815511557963774,2.0,Treatment,1
https://x.com/Cybertrckr/status/2008125304917950927,0.6,1.0,0.0,2.4,-13.304686600863562,2.0,Control,0
https://x.com/CyrilBonhomme/status/2000545506267664865,0.75,1.0,0.25,4.0,-1.0986096220085544,2.0,Treatment,1
https://x.com/DE44797/status/1996165852530672079,0.8445229681978799,1.0,0.004711425206124852,1.2273262661955242,-5.188570436101291,3.0,Control,0
https://x.com/DLMitchell3/status/1995761476892590484,1.0,1.0,0.0,1.0,-13.815511557963774,2.0,Control,0
https://x.com/DMRuth4/status/1996202243981492225,0.6467391304347826,1.0,0.010869565217391304,1.5108695652173914,-4.085885863000617,3.0,Treatment,1
https://x.com/DPrabhata/status/2003384219322736838,0.5,1.0,0.07547169811320754,2.981132075471698,-1.8908391219580665,2.0,Treatment,1
https://x.com/DPrabhata/status/2008792664054132768,0.8,1.0,0.1,2.1,-2.0794327917290545,2.0,Control,0
https://x.com/DRDunderdale/status/1996574669583913136,0.5,1.0,0.0,2.85,-13.122365377402328,4.0,Treatment,1
https://x.com/DStateRespTeam/status/2002965605146907015,1.0,1.0,0.0,1.0,-13.815511557963774,2.0,Control,0
https://x.com/DaRealBease/status/2005269437948350843,0.625,1.0,0.0,1.5,-13.345508528717259,4.0,Control,0
https://x.com/DanielLantigua/status/2002594776496169332,1.0,1.0,0.0,1.0,-13.815511557963774,2.0,Control,0
https://x.com/DannyMagohe/status/2009234655183294706,0.6666666666666666,1.0,0.16666666666666666,2.3333333333333335,-1.3862898611367656,3.0,Treatment,1
https://x.com/DannyMagohe/status/2009240572700291512,0.8842105263157894,1.0,0.010526315789473684,1.168421052631579,-4.430722934307269,3.0,Control,0
https://x.com/Darmashkian/status/1999062677071745472,0.8541666666666666,1.0,0.041666666666666664,1.5625,-3.02040205716338,2.0,Treatment,1
https://x.com/DarrylK22404230/status/2000434566905864631,0.4,2.0,0.0,2.4,-12.899222326086994,4.0,Control,0
https://x.com/Darthmirror/status/2001558912701755860,1.0,1.0,0.0,1.0,-13.815511557963774,2.0,Control,0
https://x.com/DavidCheungGuy/status/1998017036648174037,1.0,1.0,0.0,1.0,-13.815511557963774,2.0,Treatment,1
https://x.com/DavidJayJordan/status/2008448269186462024,0.7142857142857143,1.0,0.14285714285714285,2.4285714285714284,-1.6094323124576204,2.0,Control,0
https://x.com/DavidKNC77/status/2001651652038701243,0.7596439169139466,1.0,0.002967359050445104,1.3204747774480712,-5.544841817656692,3.0,Treatment,1
https://x.com/DavidKe66584564/status/1995751340589666726,0.8,1.0,0.0,1.2,-13.592368256649284,3.0,Control,0
https://x.com/DavidMitchel11/status/1996555531847344609,1.0,1.0,0.0,1.0,-13.815511557963774,2.0,Control,0
https://x.com/DavidMitchel11/status/1998972266022121773,0.7692307692307693,1.0,0.07692307692307693,2.3846153846153846,-2.3025733930777,2.0,Treatment,1
https://x.com/DavidMitchel11/status/2010313411473846289,0.3333333333333333,11.0,0.6666666666666666,7.666666666666667,0.6931456805633204,2.0,Control,0
https://x.com/DavidMitchel11/status/2010710053444366507,0.7222222222222222,1.0,0.1111111111111111,2.2222222222222223,-1.8717945615565172,3.0,Treatment,1
https://x.com/DavidWall_/status/1996519782263210150,1.0,1.0,0.0,1.0,-13.815511557963774,2.0,Treatment,1
https://x.com/DavidWall_/status/1996520004905284090,0.8333333333333334,1.0,0.16666666666666666,2.5,-1.6094331124513803,2.0,Control,0
https://x.com/DavidWall_/status/1996520592116158945,1.0,1.0,0.0,1.0,-13.815511557963774,2.0,Control,0
https://x.com/DavidWall_/status/1996520854230876167,1.0,1.0,0.0,1.0,-13.815511557963774,2.0,Treatment,1
https://x.com/DavidWall_/status/1996520949508690135,0.8837209302325582,1.0,0.0,1.1627906976744187,-13.691897733575404,3.0,Control,0
https://x.com/DavidWall_/status/1996525529239839080,1.0,1.0,0.0,1.0,-13.815511557963774,2.0,Control,0
https://x.com/DavidWall_/status/1996526192048951443,0.9090909090909091,1.0,0.09090909090909091,1.9090909090909092,-2.30257519305394,2.0,Treatment,1
https://x.com/DavidWall_/status/1996526246155403449,0.8888888888888888,1.0,0.0,1.2222222222222223,-13.697728647307258,2.0,Treatment,1
https://x.com/DavidWall_/status/1996527067358167497,0.7703703703703704,1.0,0.0,1.2666666666666666,-13.554627976743298,3.0,Treatment,1
https://x.com/DavidWall_/status/1996528913246302702,0.75,1.0,0.25,3.125,-1.0986096220085544,2.0,Control,0
https://x.com/DavidWall_/status/1996529125146632387,1.0,1.0,0.0,1.0,-13.815511557963774,2.0,Treatment,1
https://x.com/DavidWall_/status/1996529405464609014,1.0,1.0,0.0,1.0,-13.815511557963774,2.0,Control,0
https://x.com/DavidWall_/status/1996529607395168560,0.8823529411764706,1.0,0.0,1.1764705882352942,-13.690348548342959,4.0,Control,0
https://x.com/DavidWall_/status/1996529693567197669,0.8695652173913043,1.0,0.0,1.1304347826086956,-13.675749765588455,3.0,Treatment,1
https://x.com/DavidWall_/status/1996529893933220103,0.8823529411764706,1.0,0.0,1.1764705882352942,-13.690348548342959,4.0,Treatment,1
https://x.com/DavidWall_/status/1996530511661998432,0.8333333333333334,1.0,0.0,1.1666666666666667,-13.6331902011696,3.0,Control,0
https://x.com/DavidWall_/status/1996530906861850926,1.0,1.0,0.0,1.0,-13.815511557963774,2.0,Control,0
https://x.com/DavidWall_/status/1996531135971541245,0.7037037037037037,1.0,0.07407407407407407,2.074074074074074,-2.2512797197492413,3.0,Control,0
https://x.com/DavidWall_/status/1996531695428784201,0.8461538461538461,1.0,0.0,1.1538461538461537,-13.648457655118591,3.0,Treatment,1
https://x.com/DavidWall_/status/1996531914585596078,1.0,1.0,0.0,1.0,-13.815511557963774,2.0,Treatment,1
https://x.com/DavidWall_/status/1996532533144571991,0.7857142857142857,1.0,0.07142857142857142,1.7857142857142858,-2.3978825456228323,3.0,Control,0
https://x.com/DavidWall_/status/1998999116156743828,0.8823529411764706,1.0,0.0,1.411764705882353,-13.690348548342959,2.0,Treatment,1
https://x.com/DavidWall_/status/1999033988980089299,0.6666666666666666,1.0,0.0,2.0,-13.410046949854985,3.0,Treatment,1
https://x.com/DavidWall_/status/2008534959124795635,0.9,1.0,0.0,1.1,-13.710151153416941,3.0,Control,0
https://x.com/DavidWall_/status/2008535013910822988,1.0,1.0,0.0,1.0,-13.815511557963774,2.0,Treatment,1
https://x.com/DawnLennon14/status/1996478076012855509,1.0,1.0,0.0,1.0,-13.815511557963774,2.0,Control,0
https://x.com/DawnLouise26944/status/1998026180197556436,1.0,1.0,0.0,1.0,-13.815511557963774,2.0,Treatment,1
https://x.com/DebankNow/status/2008527877428703736,0.7619047619047619,1.0,0.047619047619047616,1.5714285714285714,-2.772569034959417,4.0,Treatment,1
https://x.com/Debater63/status/1998338758966427764,1.0,1.0,0.0,1.0,-13.815511557963774,2.0,Control,0
https://x.com/Debater63/status/2002647475153404211,0.9672131147540983,1.0,0.0,1.0327868852459017,-13.782175171594453,2.0,Treatment,1
https://x.com/Dee24163534/status/1998653098705789220,1.0,1.0,0.0,1.0,-13.815511557963774,2.0,Control,0
https://x.com/DefenceNewsOfIN/status/2001291012334063890,0.7916666666666666,1.0,0.0,1.2083333333333333,-13.581896969939866,3.0,Treatment,1
https://x.com/DeplorabusM/status/1995777944841507034,0.9318181818181818,1.0,0.0,1.0681818181818181,-13.744894063920476,3.0,Treatment,1
https://x.com/DianaReadM/status/1997942398673146193,0.5714285714285714,1.0,0.0,1.7142857142857142,-13.25589652002732,3.0,Treatment,1
https://x.com/DickMackintosh/status/2003073243520057554,0.7142857142857143,1.0,0.0,1.7142857142857142,-13.479039721342081,3.0,Treatment,1
https://x.com/DickMackintosh/status/2003073627781292497,0.5,1.0,0.0,2.25,-13.122365377402328,3.0,Control,0
https://x.com/DickMackintosh/status/2003073976659222645,0.8181818181818182,1.0,0.0,1.4545454545454546,-13.614841084723599,3.0,Control,0
https://x.com/DickMackintosh/status/2003074600566227327,0.6363636363636364,1.0,0.0,2.1818181818181817,-13.363527005648553,3.0,Treatment,1
https://x.com/DietHeartNews/status/2000204309942706185,0.9344624447717231,1.0,0.020618556701030927,1.2492636229749632,-3.8137325288486617,2.0,Control,0
https://x.com/DietHeartNews/status/2002734443681972423,0.7254901960784313,1.0,0.0196078431372549,1.4640522875816993,-3.6108682923221087,3.0,Control,0
https://x.com/DietHeartNews/status/2002737400615969127,0.4968085106382979,2.0,0.022340425531914895,1.751063829787234,-3.1017640718884363,3.0,Treatment,1
https://x.com/Doc_aka_Rich/status/2000408815741849948,1.0,1.0,0.0,1.0,-13.815511557963774,2.0,Treatment,1
https://x.com/DogeShop1/status/1997922542162776120,0.9375,1.0,0.0625,1.375,-2.708035267896306,2.0,Treatment,1
https://x.com/Doncha_Ngo/status/2008029349841379672,0.9855670103092784,1.0,0.003092783505154639,1.0340206185567011,-5.763823357954752,2.0,Control,0
https://x.com/Donna__Twitting/status/1997940102635692511,0.6666666666666666,1.0,0.3333333333333333,3.3333333333333335,-0.6931456805633205,2.0,Control,0
https://x.com/Dorfmatratze1/status/2002990802415604211,0.7,1.0,0.0,1.3,-13.45883704259595,3.0,Treatment,1
https://x.com/Dowlphin/status/2003012781440958969,0.7789115646258503,1.0,0.027210884353741496,1.510204081632653,-3.354244996391639,3.0,Control,0
https://x.com/DowneyRyan/status/1998345614375969170,0.9333333333333333,1.0,0.03333333333333333,1.3666666666666667,-3.3321755820531926,2.0,Control,0
https://x.com/DrBonsallBasel/status/1995814422640464059,1.0,1.0,0.0,1.0,-13.815511557963774,2.0,Treatment,1
https://x.com/DrKaricRevenge/status/2000827121195765835,0.9416058394160584,1.0,0.0364963503649635,1.27007299270073,-3.250348154317885,2.0,Treatment,1
https://x.com/DrNeculai/status/2000771788855239152,0.9111111111111111,1.0,0.0,1.288888888888889,-13.722421232458636,2.0,Treatment,1
https://x.com/DrNeculai/status/2010236167942484227,1.0,1.0,0.0,1.0,-13.815511557963774,2.0,Treatment,1
https://x.com/DrYanagita/status/2002981666554626314,0.5714285714285714,1.0,0.14285714285714285,2.7142857142857144,-1.3862891111428592,2.0,Treatment,1
https://x.com/Dragoneyes_001/status/2000828171558773010,0.25,3.0,0.25,5.25,0.0,2.0,Treatment,1
https://x.com/DrewGood1971/status/1997575513423135004,0.7819148936170213,1.0,0.010638297872340425,1.351063829787234,-4.297192689547261,3.0,Treatment,1
https://x.com/Drumhailer/status/2005172256738345128,1.0,1.0,0.0,1.0,-13.815511557963774,2.0,Treatment,1
https://x.com/Ducati853b/status/2008389998643474519,0.5384615384615384,1.0,0.46153846153846156,5.153846153846154,-0.1541503703040715,2.0,Treatment,1
https://x.com/DuranFanGermany/status/2000158619120136525,0.75,1.0,0.25,2.75,-1.0986096220085544,2.0,Control,0
https://x.com/DustinLath23725/status/2000856139991540050,1.0,1.0,0.0,1.0,-13.815511557963774,2.0,Control,0
https://x.com/DykFlippie/status/2011777843790037045,1.0,1.0,0.0,1.0,-13.815511557963774,2.0,Treatment,1
https://x.com/ELINET19/status/2010612267180757372,0.7446808510638298,1.0,0.06382978723404255,1.8297872340425532,-2.4567214491335996,4.0,Control,0
https://x.com/EMHoustonSpeaks/status/2002729170422632528,0.68,1.0,0.06,1.73,-2.4277330400074266,3.0,Treatment,1
https://x.com/ESafronow/status/2011640747649614205,0.75,1.0,0.0,1.75,-13.527829818844937,2.0,Treatment,1
https://x.com/ESinnona91398/status/2001286103123267644,1.0,1.0,0.0,1.0,-13.815511557963774,2.0,Treatment,1
https://x.com/EarlJBH/status/2002730527002861802,1.0,1.0,0.0,1.0,-13.815511557963774,2.0,Control,0
https://x.com/Ebay_Itemm/status/2002721174917398969,0.625,1.0,0.0,1.875,-13.345508528717259,2.0,Control,0
https://x.com/EduardoP1308/status/2002733786912768467,0.8671875,1.0,0.013020833333333334,1.2473958333333333,-4.198628933647801,3.0,Treatment,1
https://x.com/Ehdelhii/status/2008517311096066311,0.75,1.0,0.0,1.25,-13.527829818844937,3.0,Control,0
https://x.com/Eire1984/status/1998003264449650846,0.8840579710144928,1.0,0.07246376811594203,1.8695652173913044,-2.501423282981331,2.0,Control,0
https://x.com/ElComrade_Vlad/status/2003331826065244502,1.0,1.0,0.0,1.0,-13.815511557963774,2.0,Control,0
https://x.com/ElbeeBennettt/status/1995754057697255921,0.7692307692307693,1.0,0.15384615384615385,2.923076923076923,-1.6094327124543804,3.0,Treatment,1
https://x.com/Elroyscat/status/2006581718380413003,0.75,1.0,0.0,1.25,-13.527829818844937,3.0,Control,0
https://x.com/EnglishLadYorks/status/2011795548114702611,0.9644808743169399,1.0,0.0036429872495446266,1.0856102003642987,-5.5785125589764055,2.0,Treatment,1
https://x.com/EpiqVita/status/2003428421402087764,1.0,1.0,0.0,1.0,-13.815511557963774,2.0,Control,0
https://x.com/EskoKauppila/status/1997638401273512423,0.5665529010238908,1.0,0.0,1.477815699658703,-13.247327502362433,3.0,Control,0
https://x.com/EstherD08231206/status/1995800167522476054,0.8378378378378378,1.0,0.0,1.162162162162162,-13.63858104335287,3.0,Control,0
https://x.com/EuroKitco/status/2002598619074179083,0.2857142857142857,2.0,0.2857142857142857,5.142857142857143,0.0,3.0,Control,0
https://x.com/EviePurpleting/status/2011711314960539865,1.0,1.0,0.0,1.0,-13.815511557963774,2.0,Treatment,1
https://x.com/EwartBarrry/status/2001243673384882648,0.7692307692307693,1.0,0.07692307692307693,1.9230769230769231,-2.3025733930777,2.0,Treatment,1
https://x.com/FP_Schmenkel/status/1998009640278184302,0.7647058823529411,1.0,0.11764705882352941,2.176470588235294,-1.8717949846291688,3.0,Treatment,1
https://x.com/FarlaneTeri/status/2000885466376044922,0.5,1.0,0.0,2.5,-13.122365377402328,2.0,Control,0
https://x.com/FashionPearce/status/2005244927169765533,1.0,1.0,0.0,1.0,-13.815511557963774,2.0,Treatment,1
https://x.com/FearnYarrow/status/2001288531251994958,0.8604651162790697,1.0,0.0,1.3255813953488371,-13.665229517076423,3.0,Treatment,1
https://x.com/Fedro6548/status/1999113057176314305,0.8571428571428571,1.0,0.0,1.4285714285714286,-13.661361044803002,2.0,Treatment,1
https://x.com/Fedup026/status/2000914948180820057,0.9,1.0,0.1,2.1,-2.197215688496713,2.0,Treatment,1
https://x.com/Fedup026/status/2001645438110437703,0.5747126436781609,1.0,0.04597701149425287,2.0689655172413794,-2.5257086345432693,3.0,Control,0
https://x.com/Fedup026/status/2001645972708012240,0.7142857142857143,1.0,0.0,1.5714285714285714,-13.479039721342081,2.0,Treatment,1
https://x.com/Flick1_/status/2001270011009094133,0.8373493975903614,1.0,0.006024096385542169,1.2891566265060241,-4.934309141151059,3.0,Treatment,1
https://x.com/ForumForThought/status/2006301956579496215,0.7333333333333333,1.0,0.0,1.4666666666666666,-13.505356993295868,5.0,Treatment,1
https://x.com/FranceRsistanc1/status/2005234016400900116,0.8314606741573034,1.0,0.0,1.2247191011235956,-13.630940484138284,3.0,Treatment,1
https://x.com/Fred02995760902/status/2002679189749784833,0.0,3.0,0.0,3.0,,1.0,Control,0
https://x.com/FredMisdom/status/2000531975703281712,0.8727272727272727,1.0,0.0,1.2,-13.67937952947237,3.0,Treatment,1
https://x.com/FredMisdom/status/2000537797741195651,0.75,1.0,0.0,1.25,-13.527829818844937,3.0,Treatment,1
https://x.com/FredMisdom/status/2001134233147072814,0.8333333333333334,1.0,0.0,1.8333333333333333,-13.6331902011696,2.0,Treatment,1
https://x.com/FredMisdom/status/2005960328723447855,0.2,3.0,0.2,4.6,0.0,5.0,Control,0
https://x.com/FredMisdom/status/2008132707319152749,1.0,1.0,0.0,1.0,-13.815511557963774,2.0,Treatment,1
https://x.com/FredMisdom/status/2008854338270286100,0.42857142857142855,3.0,0.0,2.142857142857143,-12.968215030907682,2.0,Control,0
https://x.com/FreeMan010170/status/2010676638179066229,0.5,1.0,0.25,4.0,-0.6931451805659454,3.0,Control,0
https://x.com/FreeMan010170/status/2010680027499593781,0.0,2.0,0.5,7.0,,1.0,Control,0
https://x.com/Freedom34612646/status/2012876008597160086,0.8333333333333334,1.0,0.08333333333333333,2.0833333333333335,-2.3025742930653252,3.0,Treatment,1
https://x.com/Frieden11095996/status/2005969059985097058,0.3333333333333333,3.0,0.16666666666666666,4.166666666666667,-0.6931441805734452,5.0,Control,0
https://x.com/Fzed015/status/2010305333252833683,0.918918918918919,1.0,0.0,1.1081081081081081,-13.730954258170913,3.0,Treatment,1
https://x.com/GKRuben/status/2011793025148592225,0.8,1.0,0.2,2.8,-1.3862906111316093,2.0,Treatment,1
https://x.com/GL5589118269107/status/1998006406021259704,0.9176470588235294,1.0,0.023529411764705882,1.2705882352941176,-3.663520236775742,2.0,Treatment,1
https://x.com/GNicastia94016/status/1997638220264198653,0.6470588235294118,1.0,0.0,1.4705882352941178,-13.38019403215978,4.0,Control,0
https://x.com/GSTP55784/status/2005122746637025341,1.0,1.0,0.0,1.0,-13.815511557963774,2.0,Control,0
https://x.com/GSloveafricar/status/2010667453412704731,1.0,1.0,0.0,1.0,-13.815511557963774,2.0,Control,0
https://x.com/GeneMil18438966/status/1996146298018218432,0.7142857142857143,1.0,0.14285714285714285,2.0,-1.6094323124576204,3.0,Treatment,1
https://x.com/GeneralFluffyz/status/1998344185519239425,0.9716981132075472,1.0,0.009433962264150943,1.134433962264151,-4.634624022972923,2.0,Treatment,1
https://x.com/GeoffSmiGlaynax/status/1995819262858981452,0.9166666666666666,1.0,0.0,1.0833333333333333,-13.72850027188314,3.0,Treatment,1
https://x.com/GeoffSmiGlaynax/status/2000533454925025555,0.9459459459459459,1.0,0.0,1.054054054054054,-13.759941763951762,3.0,Control,0
https://x.com/George28601554/status/1996200992371851743,0.4,2.0,0.25,3.9,-0.4700021292506107,4.0,Treatment,1
https://x.com/George28601554/status/1998019575477334211,0.17391304347826086,5.0,0.4782608695652174,5.565217391304348,1.0115972526019161,3.0,Control,0
https://x.com/George28601554/status/2002739276350660670,0.6666666666666666,1.0,0.0,1.8333333333333333,-13.410046949854985,3.0,Treatment,1
https://x.com/GerContra/status/1995766453622935684,0.8888888888888888,1.0,0.0,1.4444444444444444,-13.697728647307258,2.0,Treatment,1
https://x.com/GeromanAT/status/1995759948358185390,0.9664056031381918,1.0,0.0009908650387523245,1.050167632646967,-6.881752890472399,2.0,Treatment,1
https://x.com/GeromanAT/status/1995810304979054676,0.9470579772694576,1.0,0.0023018270752409725,1.0785498489425982,-6.019223837969751,2.0,Control,0
https://x.com/GeromanAT/status/2005223178814263710,0.9541180469015521,1.0,0.00033986631924776253,1.059023450776028,-7.937053354998724,2.0,Control,0
https://x.com/GesuDioVivente/status/2001284992396087747,0.8571428571428571,1.0,0.0,1.2857142857142858,-13.661361044803002,2.0,Treatment,1
https://x.com/GhandGan/status/2005879616330711368,0.8,1.0,0.0,1.8,-13.592368256649284,2.0,Treatment,1
https://x.com/Ghost_Pilot_MD/status/1998655038663831909,0.8666666666666667,1.0,0.0,1.2666666666666666,-13.67241086816909,3.0,Control,0
https://x.com/GilesRocholl/status/2001632644027560041,0.7209302325581395,1.0,0.004651162790697674,1.3395348837209302,-5.043211527124247,3.0,Treatment,1
https://x.com/GinaMos80192718/status/2000791126320857124,1.0,1.0,0.0,1.0,-13.815511557963774,2.0,Treatment,1
https://x.com/Ginzo1989/status/2008525948095021331,0.896551724137931,1.0,0.06896551724137931,1.4827586206896552,-2.564935972950654,2.0,Control,0
https://x.com/Glenn_Diesen/status/2003365990902444457,0.8625341012428008,1.0,0.016864614621510652,1.3756648020061175,-3.9345989337092915,3.0,Treatment,1
https://x.com/GordonJeffGiles/status/1998632483072692729,1.0,1.0,0.0,1.0,-13.815511557963774,2.0,Control,0
https://x.com/GoudasNicholas/status/2002726573255123185,0.3333333333333333,2.0,0.0,1.6666666666666667,-12.716901269291665,3.0,Control,0
https://x.com/GregClinker/status/2008804063174160577,0.7586206896551724,1.0,0.034482758620689655,1.8620689655172413,-3.091014771959757,3.0,Treatment,1
https://x.com/GudadzeLevan/status/2000876935568601532,0.8092105263157895,1.0,0.013157894736842105,1.4078947368421053,-4.1189624134719205,3.0,Treatment,1
https://x.com/H12373Donald/status/2000177169381958114,1.0,1.0,0.0,1.0,-13.815511557963774,2.0,Control,0
https://x.com/HBMHD1/status/1997953428262146194,1.0,1.0,0.0,1.0,-13.815511557963774,2.0,Control,0
https://x.com/HSkaldebo11196/status/2001269539653161431,0.5373134328358209,1.0,0.04477611940298507,1.7761194029850746,-2.4848861778134315,3.0,Control,0
https://x.com/Hans_1966/status/1995758502153736294,0.9230769230769231,1.0,0.07692307692307693,1.8461538461538463,-2.484894733205246,2.0,Control,0
https://x.com/Hans_1966/status/1995777262898061569,0.6,1.0,0.0,1.4,-13.304686600863562,3.0,Control,0
https://x.com/Hans_1966/status/1998335377950564708,0.8888888888888888,1.0,0.0,1.2222222222222223,-13.697728647307258,2.0,Control,0
https://x.com/Hans_1966/status/1998640377235193880,0.9,1.0,0.0,1.15,-13.710151153416941,4.0,Control,0
https://x.com/Hans_1966/status/1998701839349317767,0.7647058823529411,1.0,0.029411764705882353,1.4705882352941178,-3.2580638462909217,3.0,Control,0
https://x.com/Hans_1966/status/1999021683714224232,1.0,1.0,0.0,1.0,-13.815511557963774,2.0,Control,0
https://x.com/HarJa626/status/2001238135754383701,1.0,1.0,0.0,1.0,-13.815511557963774,2.0,Control,0
https://x.com/HaraldinChina/status/2006252685138485273,1.0,1.0,0.0,1.0,-13.815511557963774,2.0,Control,0
https://x.com/HavryshkoMarta/status/2004166320871399706,0.8831281679942071,1.0,0.008689355539464157,1.255032585083273,-4.621257620952176,3.0,Control,0
https://x.com/Hawkeye1745/status/2005146024738779365,0.8296296296296296,1.0,0.007407407407407408,1.325925925925926,-4.718365085763191,3.0,Control,0
https://x.com/Healey2405/status/2000449596351533196,0.9627815866797258,1.0,0.0009794319294809011,1.0773751224289911,-6.889589679669793,2.0,Control,0
https://x.com/Heermitt/status/2011701719663841573,1.0,1.0,0.0,1.0,-13.815511557963774,2.0,Control,0
https://x.com/HeertumPetrus/status/1998952142674260458,1.0,1.0,0.0,1.0,-13.815511557963774,2.0,Treatment,1
https://x.com/HelloSunset1692/status/2006231079015883218,0.6666666666666666,1.0,0.3333333333333333,4.0,-0.6931456805633205,2.0,Treatment,1
https://x.com/Hettiewaynthrop/status/1998309317913854228,0.8110236220472441,1.0,0.015748031496062992,1.5826771653543308,-3.9415195426946785,4.0,Treatment,1
https://x.com/HotSpotHotSpot/status/2001282502065836200,0.8600682593856656,1.0,0.013651877133105802,1.3139931740614335,-4.14306264177192,3.0,Control,0
https://x.com/HubertusVenator/status/2003059467840291091,0.6666666666666666,1.0,0.0,2.5,-13.410046949854985,2.0,Treatment,1
https://x.com/HubertusVenator/status/2003072958408093945,0.6896551724137931,1.0,0.0,1.6551724137931034,-13.44394845153074,3.0,Treatment,1
https://x.com/HubertusVenator/status/2010338986657792040,0.8,1.0,0.05,1.6,-2.772569972438997,4.0,Control,0
https://x.com/Huhimagine/status/2000805350291988918,0.8888888888888888,1.0,0.0,1.2222222222222223,-13.697728647307258,2.0,Treatment,1
https://x.com/HurriyatEN/status/1998622000743592393,0.8666666666666667,1.0,0.0,1.1333333333333333,-13.67241086816909,3.0,Treatment,1
https://x.com/IKnowNada0/status/2006262347497890213,1.0,1.0,0.0,1.0,-13.815511557963774,2.0,Treatment,1
https://x.com/Idontthinksokid/status/2001230585272979490,0.8,1.0,0.0,1.4,-13.592368256649284,2.0,Control,0
https://x.com/IgorMatutinovic/status/2002732348111261993,0.8461538461538461,1.0,0.0,1.4615384615384615,-13.648457655118591,2.0,Control,0
https://x.com/Imagine_MK2/status/2003411362073182430,1.0,1.0,0.0,1.0,-13.815511557963774,2.0,Control,0
https://x.com/Info_Defense_En/status/2000853604387971168,0.631578947368421,1.0,0.0,1.6842105263157894,-13.355979811917914,6.0,Treatment,1
https://x.com/IniPatini/status/2001238803974172730,0.7714285714285715,1.0,0.0,1.3714285714285714,-13.556000658774646,4.0,Treatment,1
https://x.com/Intelligencer41/status/2002588175903175113,0.9478260869565217,1.0,0.017391304347826087,1.208695652173913,-3.998144258367575,2.0,Treatment,1
https://x.com/Intelligencer41/status/2002630700693131528,0.93125,1.0,0.0125,1.18125,-4.31072020241027,3.0,Control,0
https://x.com/InvestChar2023/status/2001288158898778240,0.9111111111111111,1.0,0.0,1.0888888888888888,-13.722421232458636,3.0,Control,0
https://x.com/IomcLinus/status/1996217723139813642,1.0,1.0,0.0,1.0,-13.815511557963774,2.0,Treatment,1
https://x.com/IrakliUser/status/2006609584576766433,0.8,1.0,0.2,3.0,-1.3862906111316093,2.0,Treatment,1
https://x.com/IronyManHQ/status/1998233829866152350,0.875,1.0,0.05357142857142857,1.6964285714285714,-2.7931904858065604,2.0,Control,0
https://x.com/IsaLecri9106/status/2005880889775939660,1.0,1.0,0.0,1.0,-13.815511557963774,2.0,Control,0
https://x.com/IslanderWORLD/status/2004048668119138548,0.9467680608365019,1.0,0.0,1.1482889733840305,-13.760810478475559,2.0,Treatment,1
https://x.com/IssacCody32356/status/1999008589042589778,1.0,1.0,0.0,1.0,-13.815511557963774,2.0,Control,0
https://x.com/JHArnous/status/2004054584076251544,0.8225806451612904,1.0,0.056451612903225805,1.7419354838709677,-2.6790461657856754,3.0,Treatment,1
https://x.com/JHaHaLeftHook/status/2000836412242096416,1.0,1.0,0.0,1.0,-13.815511557963774,2.0,Control,0
https://x.com/JJKALE2/status/1996533397624426811,0.8856416772554002,1.0,0.008894536213468869,1.2566709021601017,-4.600763968577583,3.0,Treatment,1
https://x.com/JJolastu84536/status/2003064990794994031,0.8636363636363636,1.0,0.045454545454545456,1.5454545454545454,-2.9444181373025033,2.0,Treatment,1
https://x.com/JJolastu84536/status/2005183003442462847,1.0,1.0,0.0,1.0,-13.815511557963774,2.0,Treatment,1
https://x.com/JPM369/status/2011710818711433360,1.0,1.0,0.0,1.0,-13.815511557963774,2.0,Control,0
https://x.com/JS_Mill_Acolyte/status/1996121662312644942,0.7777777777777778,1.0,0.05555555555555555,1.7361111111111112,-2.639040615490716,3.0,Control,0
https://x.com/JS_Mill_Acolyte/status/2003008337982722358,0.90625,1.0,0.0,1.15625,-13.717071588598689,3.0,Treatment,1
https://x.com/Ja09724729/status/2005197114142536126,0.9523809523809523,1.0,0.0,1.0476190476190477,-13.76672144379429,2.0,Control,0
https://x.com/JaapTbm1/status/2000120519199273140,1.0,1.0,0.0,1.0,-13.815511557963774,2.0,Control,0
https://x.com/JacobP32213953/status/2012768265060122910,0.8257575757575758,1.0,0.030303030303030304,1.4393939393939394,-3.305021732662182,3.0,Treatment,1
https://x.com/JamesBradleyCA/status/2009245331754766807,0.6607290803645401,1.0,0.01615575807787904,1.7394366197183098,-3.7110069870474467,4.0,Treatment,1
https://x.com/JanszkiRud42778/status/2001184726506184929,0.4,5.0,0.2,4.2,-0.6931446805693203,2.0,Treatment,1
https://x.com/JasnicSlobodan/status/1998271638874603746,1.0,1.0,0.0,1.0,-13.815511557963774,2.0,Control,0
https://x.com/JasnicSlobodan/status/2000426925395738960,0.6,1.0,0.0,1.9,-13.304686600863562,3.0,Control,0
https://x.com/JasnicSlobodan/status/2000768536281485742,0.6842105263157895,1.0,0.0,1.631578947368421,-13.436022397796764,5.0,Treatment,1
https://x.com/JasnicSlobodan/status/2003353248980435166,0.0,5.0,0.0,5.0,,1.0,Control,0
https://x.com/JasnicSlobodan/status/2003673035635884450,0.3333333333333333,4.0,0.0,3.0,-12.716901269291665,2.0,Control,0
https://x.com/JasnicSlobodan/status/2004108055819309390,0.30434782608695654,6.0,0.34782608695652173,5.130434782608695,0.13353098191150203,2.0,Treatment,1
https://x.com/JasnicSlobodan/status/2005267712877203674,0.5,1.0,0.0,2.0,-13.122365377402328,2.0,Control,0
https://x.com/JasnicSlobodan/status/2005908295001808948,0.5,1.0,0.07142857142857142,2.0,-1.9458981491513125,4.0,Treatment,1
https://x.com/JasnicSlobodan/status/2005909205224460387,1.0,1.0,0.0,1.0,-13.815511557963774,2.0,Control,0
https://x.com/JasnicSlobodan/status/2005988740884488507,0.8571428571428571,1.0,0.14285714285714285,2.0,-1.791753635918541,2.0,Control,0
https://x.com/JasnicSlobodan/status/2005989284940230919,0.75,1.0,0.25,2.75,-1.0986096220085544,2.0,Control,0
https://x.com/JasnicSlobodan/status/2005993330707206602,0.6666666666666666,1.0,0.3333333333333333,4.777777777777778,-0.6931456805633205,2.0,Treatment,1
https://x.com/JasnicSlobodan/status/2005993903854608513,1.0,1.0,0.0,1.0,-13.815511557963774,2.0,Treatment,1
https://x.com/JasnicSlobodan/status/2005994987968950373,0.6,1.0,0.4,3.8,-0.4054642747765672,2.0,Control,0
https://x.com/JasnicSlobodan/status/2005995879552147691,0.6666666666666666,1.0,0.3333333333333333,4.333333333333333,-0.6931456805633205,2.0,Control,0
https://x.com/JasnicSlobodan/status/2006351485077196938,0.7422680412371134,1.0,0.0,1.2577319587628866,-13.517467045698261,3.0,Treatment,1
https://x.com/JasnicSlobodan/status/2006585148658299187,0.7777777777777778,1.0,0.0,1.5555555555555556,-13.564197415396828,3.0,Treatment,1
https://x.com/JasnicSlobodan/status/2008051676297711960,0.6666666666666666,1.0,0.1111111111111111,2.5555555555555554,-1.7917519692674297,3.0,Treatment,1
https://x.com/JdDjef/status/1995800067853140331,0.5625,1.0,0.0,2.0,-13.24014819083691,5.0,Treatment,1
https://x.com/Jefflee8084Lee/status/1996218089554264392,0.7121212121212122,1.0,0.0,1.3333333333333333,-13.47600482190224,3.0,Control,0
https://x.com/JeromeJerome01/status/2004148995216789508,1.0,1.0,0.0,1.0,-13.815511557963774,2.0,Treatment,1
https://x.com/JimThom94025512/status/1998721776566550728,0.3125,2.0,0.0625,2.875,-1.609425112556979,4.0,Control,0
https://x.com/JimmyfromToledo/status/2001622290061037954,0.9130434782608695,1.0,0.0,1.0978260869565217,-13.724539874996044,3.0,Treatment,1
https://x.com/JoeTailor8/status/1997560093450150235,1.0,1.0,1.0,4.5,0.0,2.0,Treatment,1
https://x.com/JohPersso/status/2001237913003286658,0.782608695652174,1.0,0.043478260869565216,1.8695652173913044,-2.890350035937622,2.0,Treatment,1
https://x.com/JohPersso/status/2008113155956670799,0.8571428571428571,1.0,0.0,1.1428571428571428,-13.661361044803002,3.0,Control,0
https://x.com/Johan_Scheffer/status/1998012883075215441,1.0,1.0,0.0,1.0,-13.815511557963774,2.0,Control,0
https://x.com/JohnDBravo/status/2008490859747307641,0.5,1.0,0.0,1.5,-13.122365377402328,3.0,Control,0
https://x.com/JohnMMacgregor/status/1999069316545699846,0.639751552795031,1.0,0.037267080745341616,1.6335403726708075,-2.8429442491338293,3.0,Control,0
https://x.com/JohnPaulDetriot/status/1998593388346749069,0.5,1.0,0.2857142857142857,4.071428571428571,-0.5596142879395479,3.0,Treatment,1
https://x.com/JohnStauber/status/1996206916280918233,0.9,1.0,0.0,1.1666666666666667,-13.710151153416941,2.0,Treatment,1
https://x.com/JohnTONKIN14/status/2008756107351847239,0.7142857142857143,1.0,0.14285714285714285,3.2857142857142856,-1.6094323124576204,2.0,Control,0
https://x.com/Johnmch02/status/2000882531701588468,0.6666666666666666,1.0,0.0,1.5833333333333333,-13.410046949854985,5.0,Treatment,1
https://x.com/JohnnyX666X/status/2001633161521123498,0.8333333333333334,1.0,0.0,1.1666666666666667,-13.6331902011696,3.0,Control,0
https://x.com/Jojos467/status/2003720196532437395,0.8181818181818182,1.0,0.0,1.1818181818181819,-13.614841084723599,3.0,Control,0
https://x.com/JorgensenFlinke/status/2002940803921162578,1.0,1.0,0.0,1.0,-13.815511557963774,2.0,Control,0
https://x.com/JulesLepo66146/status/2000494272043217074,1.0,1.0,0.0,1.0,-13.815511557963774,2.0,Control,0
https://x.com/JulieBoudicca/status/1998739332086005817,1.0,1.0,0.0,1.0,-13.815511557963774,2.0,Control,0
https://x.com/Junoslav369/status/2008876523726704929,0.95,1.0,0.0,1.05,-13.76421831620775,3.0,Treatment,1
https://x.com/JustAMomOfABoy/status/1998299707488215345,1.0,1.0,0.0,1.0,-13.815511557963774,2.0,Treatment,1
https://x.com/JustJulie1970/status/1996578710145716480,0.9090909090909091,1.0,0.09090909090909091,1.6363636363636365,-2.30257519305394,2.0,Control,0
https://x.com/JustJulie1970/status/1998722568262676533,0.3333333333333333,5.0,0.0,3.6666666666666665,-12.716901269291665,2.0,Treatment,1
https://x.com/KDP63806543/status/2005125844591870208,1.0,1.0,0.0,1.0,-13.815511557963774,2.0,Treatment,1
https://x.com/KJ1981ya/status/2006356925638652124,0.5882352941176471,1.0,0.11764705882352941,2.6470588235294117,-1.6094311124687803,5.0,Treatment,1
https://x.com/KJanoski50502/status/1999111889117225259,0.23076923076923078,4.0,0.3076923076923077,5.3076923076923075,0.28768098912255513,2.0,Control,0
https://x.com/KarenSquires18/status/1998391903121789107,1.0,1.0,0.0,1.0,-13.815511557963774,2.0,Treatment,1
https://x.com/KarenSquires18/status/2008127448203067681,1.0,1.0,0.0,1.0,-13.815511557963774,2.0,Treatment,1
https://x.com/KateEmerson88/status/1999045806528381250,0.696969696969697,1.0,0.0,1.696969696969697,-13.454498647208522,5.0,Control,0
https://x.com/Katheri30999098/status/2003092928399581406,0.6,1.0,0.0,1.4,-13.304686600863562,3.0,Treatment,1
https://x.com/Kelly101202A/status/2009261441296044115,1.0,1.0,0.0,1.0,-13.815511557963774,2.0,Treatment,1
https://x.com/KenobiObi69370/status/1999086139224068132,0.7307692307692307,1.0,0.0,1.5384615384615385,-13.501854367529349,3.0,Control,0
https://x.com/KentuckyKOT/status/1996467430671942026,0.875968992248062,1.0,0.015503875968992248,1.426356589147287,-4.034177281824699,2.0,Treatment,1
https://x.com/KircanskiIvan/status/2000884813692035281,0.8181818181818182,1.0,0.0,1.1818181818181819,-13.614841084723599,3.0,Control,0
https://x.com/KircanskiIvan/status/2001591502036730030,1.0,1.0,0.0,1.0,-13.815511557963774,2.0,Treatment,1
https://x.com/KirkZ84926982/status/2002961075160113336,1.0,1.0,0.0,1.0,-13.815511557963774,2.0,Treatment,1
https://x.com/KnowBothSides/status/2008488217709031595,0.0,8.0,1.0,8.666666666666666,,1.0,Control,0
https://x.com/KobaManitoba/status/1996484737230340529,0.6153846153846154,1.0,0.0,2.230769230769231,-13.330004367181253,3.0,Treatment,1
https://x.com/KobaManitoba/status/1997644415767032157,0.38461538461538464,5.0,0.46153846153846156,5.230769230769231,0.1823211234616541,3.0,Treatment,1
https://x.com/KobaManitoba/status/1998663348737499367,0.8461538461538461,1.0,0.0,1.2692307692307692,-13.648457655118591,3.0,Control,0
https://x.com/KobaManitoba/status/1998717594090852659,0.868421052631579,1.0,0.0,1.3421052631578947,-13.674433111218857,2.0,Control,0
https://x.com/Konservativ98/status/2001193333440323697,0.9,1.0,0.0,1.1,-13.710151153416941,3.0,Control,0
https://x.com/Konstan19440731/status/2002680594950762840,1.0,1.0,0.0,1.0,-13.815511557963774,2.0,Control,0
https://x.com/KuuFFi/status/1996510607038677040,0.9375,1.0,0.0,1.1875,-13.7509731034928,2.0,Treatment,1
https://x.com/Kwin8675309/status/1995760391779987582,1.0,1.0,0.0,1.0,-13.815511557963774,2.0,Treatment,1
https://x.com/Kwin8675309/status/1998329684849987640,0.7142857142857143,1.0,0.2857142857142857,2.7142857142857144,-0.9162886318793003,2.0,Treatment,1
https://x.com/Kyle_Katarn586/status/2000204584724132050,1.0,1.0,0.0,1.0,-13.815511557963774,2.0,Treatment,1
https://x.com/L85739994Martin/status/2006237072357511221,0.625,1.0,0.0,1.5625,-13.345508528717259,5.0,Control,0
https://x.com/LOVEROFTRUTHIRL/status/1996127430508249295,0.9473684210526315,1.0,0.05263157894736842,1.368421052631579,-2.890353813631661,2.0,Control,0
https://x.com/LSHINov/status/2012800421748703713,1.0,1.0,0.0,1.0,-13.815511557963774,2.0,Control,0
https://x.com/LambertHuis2/status/2002687676416401667,1.0,1.0,0.0,1.0,-13.815511557963774,2.0,Treatment,1
https://x.com/LanceSt81774855/status/2002661072336273619,0.8333333333333334,1.0,0.0,1.1666666666666667,-13.6331902011696,3.0,Control,0
https://x.com/LanceSt81774855/status/2008172936721805617,1.0,1.0,0.0,1.0,-13.815511557963774,2.0,Control,0
https://x.com/Lancealotin/status/2000850818938044508,0.9082969432314411,1.0,0.004366812227074236,1.205240174672489,-5.337310206878748,2.0,Control,0
https://x.com/Larry_D0g/status/1995766365224050974,0.36363636363636365,2.0,0.2727272727272727,4.454545454545454,-0.2876811557880553,3.0,Control,0
https://x.com/LarrygHaynes2/status/1998266520250569002,0.8,1.0,0.0,1.45,-13.592368256649284,5.0,Control,0
https://x.com/LarrygHaynes2/status/1998750268456906932,0.9444444444444444,1.0,0.0,1.0555555555555556,-13.758353202947294,3.0,Treatment,1
https://x.com/LawrenceMLudlow/status/1996577307016712480,0.5,1.0,0.16666666666666666,3.5555555555555554,-1.0986082886841098,7.0,Treatment,1
https://x.com/LeftBehindPoet/status/1996156493544964219,0.6296296296296297,1.0,0.037037037037037035,1.8518518518518519,-2.8331879326547424,3.0,Control,0
https://x.com/LenoraAntoinet/status/2002944903928795635,1.0,1.0,0.0,1.0,-13.815511557963774,2.0,Treatment,1
https://x.com/LenoraAntoinet/status/2006631549673026046,0.858085808580858,1.0,0.0429042904290429,1.5775577557755776,-2.9957101315172396,3.0,Treatment,1
https://x.com/Lev1446491/status/2005155648137461886,1.0,1.0,0.0,1.0,-13.815511557963774,2.0,Control,0
https://x.com/LibertasMetus/status/2000062278377283732,0.9166666666666666,1.0,0.0,1.0833333333333333,-13.72850027188314,3.0,Control,0
https://x.com/Libra_JK/status/1998659283953533394,0.8571428571428571,1.0,0.14285714285714285,2.7142857142857144,-1.791753635918541,2.0,Control,0
https://x.com/LillanSwe/status/1998284683814318455,0.4,4.0,0.0,3.8,-12.899222326086994,2.0,Treatment,1
https://x.com/LippasMatthew/status/2012859184316871020,1.0,1.0,0.0,1.0,-13.815511557963774,2.0,Treatment,1
https://x.com/LivePrayer/status/1998009623417118892,0.8,1.0,0.0,1.2,-13.592368256649284,3.0,Control,0
https://x.com/Lolapirch/status/1996562350003159439,1.0,1.0,0.0,1.0,-13.815511557963774,2.0,Treatment,1
https://x.com/Lolapirch/status/2003767962084532652,1.0,1.0,0.0,1.0,-13.815511557963774,2.0,Treatment,1
https://x.com/Lolapirch/status/2004028740335280509,1.0,1.0,0.0,1.0,-13.815511557963774,2.0,Control,0
https://x.com/Lolapirch/status/2004052928940986501,0.8888888888888888,1.0,0.0,1.5555555555555556,-13.697728647307258,2.0,Control,0
https://x.com/Lolapirch/status/2012782042103058866,0.8888888888888888,1.0,0.0,1.1111111111111112,-13.697728647307258,3.0,Treatment,1
https://x.com/LoneWolfV_/status/1997977810917269826,0.922077922077922,1.0,0.025974025974025976,4.049450549450549,-3.5694952817289303,2.0,Treatment,1
https://x.com/LoneWolfV_/status/2005266072778231969,0.9111111111111111,1.0,0.0,1.0888888888888888,-13.722421232458636,3.0,Treatment,1
https://x.com/LordBtb/status/1996144666777928024,0.0,9.0,1.0,9.0,,1.0,Control,0
https://x.com/LordBtb/status/2000147566843838612,1.0,1.0,0.0,1.0,-13.815511557963774,2.0,Treatment,1
https://x.com/LucyLeMostJuicy/status/1998726057034207240,0.8394160583941606,1.0,0.08029197080291971,1.9708029197080292,-2.3470255924006205,3.0,Treatment,1
https://x.com/Lumb7Michael/status/2002729704378483198,0.75,1.0,0.0,1.25,-13.527829818844937,3.0,Treatment,1
https://x.com/LvL99Bard/status/2001571518233690291,0.375,2.0,0.375,4.625,0.0,3.0,Control,0
https://x.com/Lyndonx/status/2000157958160712115,0.7978723404255319,1.0,0.0026595744680851063,1.6356382978723405,-5.703407798659035,3.0,Control,0
https://x.com/MApodogan/status/1999057556270993735,0.8333333333333334,1.0,0.0,1.5,-13.6331902011696,3.0,Treatment,1
https://x.com/MCNoBSFinance/status/1996163614529466528,0.625,1.0,0.25,3.625,-0.9162883318808751,3.0,Control,0
https://x.com/MFretired/status/1996188630662922451,0.9710144927536232,1.0,0.0,1.0434782608695652,-13.786097702608197,2.0,Treatment,1
https://x.com/MIC1923/status/1998303476976353359,1.0,1.0,0.0,1.0,-13.815511557963774,2.0,Control,0
https://x.com/MIC_btc/status/1998706267490234476,0.5714285714285714,1.0,0.0,2.7142857142857144,-13.25589652002732,2.0,Treatment,1
https://x.com/MOTP42/status/1997932724460704042,1.0,1.0,0.0,1.0,-13.815511557963774,2.0,Treatment,1
https://x.com/MPumphut/status/2005988752317944244,0.3333333333333333,2.0,0.0,1.6666666666666667,-12.716901269291665,3.0,Treatment,1
https://x.com/MSJedits/status/1997608046215024791,0.9565217391304348,1.0,0.0,1.0521739130434782,-13.771059840847439,2.0,Control,0
https://x.com/MTokyo8888/status/2005136185812013255,0.16666666666666666,10.0,0.6666666666666666,7.166666666666667,1.3862898611367656,3.0,Treatment,1
https://x.com/MTokyo8888/status/2011684305215566174,1.0,1.0,0.0,1.0,-13.815511557963774,2.0,Treatment,1
https://x.com/M_59_88/status/2009216927932276779,0.875,1.0,0.0,1.125,-13.681980308196241,3.0,Treatment,1
https://x.com/MacMacclancy/status/2006261641172697183,0.8292682926829268,1.0,0.024390243902439025,1.5853658536585367,-3.5263207313382643,3.0,Treatment,1
https://x.com/MacinZak/status/1997916307610882379,0.8571428571428571,1.0,0.0,1.5714285714285714,-13.661361044803002,2.0,Treatment,1
https://x.com/Macrogirl_LA/status/2001568537551462482,0.9699570815450643,1.0,0.008583690987124463,1.0858369098712446,-4.727272356470858,2.0,Control,0
https://x.com/Maky_Punishwar/status/2001538139488444583,0.75,1.0,0.25,3.5,-1.0986096220085544,2.0,Treatment,1
https://x.com/Mandated13Ant/status/1996476726210351494,1.0,1.0,0.0,1.0,-13.815511557963774,2.0,Control,0
https://x.com/Mandolin__Rain/status/1995775223434469776,0.9629629629629629,1.0,0.00823045267489712,1.102880658436214,-4.762053480639283,2.0,Treatment,1
https://x.com/Maria63005042/status/1996513448432406605,1.0,1.0,0.0,1.0,-13.815511557963774,2.0,Control,0
https://x.com/MariaCrouch18/status/2003436011070836831,0.625,1.0,0.125,2.0,-1.6094315124648202,3.0,Control,0
https://x.com/MarioNawfal/status/2005911742098923565,0.9770557561171279,1.0,0.002727637384677096,1.0635780184516646,-5.88074238449424,2.0,Control,0
https://x.com/MarioNawfal/status/2011705732044112140,0.9899875190680905,1.0,0.0010816807654971572,1.0258493967549578,-6.818253190295137,2.0,Treatment,1
https://x.com/MarkEdelman5/status/2002735880314990708,1.0,1.0,0.0,1.0,-13.815511557963774,2.0,Treatment,1
https://x.com/MarkGBblog/status/1997620601905885564,0.9649122807017544,1.0,0.017543859649122806,1.1578947368421053,-4.007277223220009,2.0,Treatment,1
https://x.com/MarkGBblog/status/2000826046132969639,0.7446808510638298,1.0,0.0851063829787234,1.9787234042553192,-2.169043293294795,3.0,Control,0
https://x.com/MarkGBblog/status/2003774485330042890,0.8125,1.0,0.0,1.40625,-13.607872423954504,3.0,Treatment,1
https://x.com/Markus_Krall/status/1996124601168843180,0.8784437039470596,1.0,0.004740226216736284,1.1840709625944525,-5.221857164166841,3.0,Control,0
https://x.com/Mart888877/status/1998701991556415865,1.0,1.0,0.0,1.0,-13.815511557963774,2.0,Treatment,1
https://x.com/Mart888877/status/2005909079877910554,0.7142857142857143,1.0,0.2857142857142857,4.285714285714286,-0.9162886318793003,2.0,Treatment,1
https://x.com/MartianSeervant/status/1998342809594507657,0.0,3.0,0.5,6.25,,1.0,Control,0
https://x.com/MartianSeervant/status/2003451714565996608,0.8333333333333334,1.0,0.0,1.3333333333333333,-13.6331902011696,2.0,Control,0
https://x.com/MartinFish28070/status/1996569820041716164,0.5454545454545454,1.0,0.09090909090909091,2.1818181818181817,-1.7917503026202073,3.0,Treatment,1
https://x.com/MartinFish28070/status/2011753209090752815,0.7777777777777778,1.0,0.1111111111111111,2.111111111111111,-1.9459024348092724,2.0,Treatment,1
https://x.com/MartinTurzak/status/2000121174697906274,1.0,1.0,0.0,1.0,-13.815511557963774,2.0,Treatment,1
https://x.com/MaryMcgivern7/status/2000474988152062108,0.8125,1.0,0.0,1.25,-13.607872423954504,4.0,Control,0
https://x.com/Matthew60702433/status/2011795142991114290,0.8125,1.0,0.0625,1.75,-2.5649345883580086,2.0,Control,0
https://x.com/Matttocrypto/status/2002648655032168633,0.8979591836734694,1.0,0.0,1.1224489795918366,-13.707881007407652,3.0,Treatment,1
https://x.com/MattyLucasPenny/status/2008450798393717101,1.0,1.0,0.0,1.0,-13.815511557963774,2.0,Control,0
https://x.com/MauroSR_67/status/2005194338855452737,1.0,1.0,0.0,1.0,-13.815511557963774,2.0,Control,0
https://x.com/MawileMage/status/2008847430473957546,0.6326530612244898,1.0,0.04081632653061224,2.020408163265306,-2.740817104869233,4.0,Treatment,1
https://x.com/MaxWolfeUK/status/1998670115361927638,0.2,3.0,0.2,3.8,0.0,5.0,Control,0
https://x.com/MckennaDen34381/status/2001290066920952318,1.0,1.0,0.0,1.0,-13.815511557963774,2.0,Treatment,1
https://x.com/MckennaDen34381/status/2005952740371952047,0.9316239316239316,1.0,0.008547008547008548,1.1965811965811965,-4.691231962467029,2.0,Control,0
https://x.com/MdshahsdatA/status/2006230019849302393,1.0,1.0,0.0,1.0,-13.815511557963774,2.0,Control,0
https://x.com/Mehgretnernav/status/2000047590826729915,0.5,1.0,0.0,2.0,-13.122365377402328,2.0,Control,0
https://x.com/Melchizedek1972/status/2004126467496521736,0.9259259259259259,1.0,0.0,1.2222222222222223,-13.738550596827563,2.0,Control,0
https://x.com/MerMadrigal/status/2006566571880362337,0.9206349206349206,1.0,0.0,1.1587301587301588,-13.732819928325467,2.0,Control,0
https://x.com/MerlinLondon/status/2003822046355357760,0.6153846153846154,1.0,0.07692307692307693,2.5384615384615383,-2.079430166763015,4.0,Treatment,1
https://x.com/MfAdaptability/status/2008054368936067553,0.972972972972973,1.0,0.0,1.1081081081081081,-13.788112611553409,2.0,Control,0
https://x.com/Michael13777750/status/2003340521721483516,1.0,1.0,0.0,1.0,-13.815511557963774,2.0,Treatment,1
https://x.com/MihailovicGagi/status/2000201931415851385,0.7142857142857143,1.0,0.14285714285714285,2.7142857142857144,-1.6094323124576204,2.0,Control,0
https://x.com/MikeV_is_free/status/1998277472513864106,0.375,5.0,0.5,5.25,0.28768140578667,2.0,Treatment,1
https://x.com/Mike_TheSkeptic/status/1998611392233091280,0.7222222222222222,1.0,0.05555555555555555,1.8888888888888888,-2.564932742237961,3.0,Treatment,1
https://x.com/MilsurpMichael/status/2003004027068645714,0.7777777777777778,1.0,0.0,1.2222222222222223,-13.564197415396828,3.0,Control,0
https://x.com/MimicoolBoomer/status/2006353094033207555,0.5,1.0,0.5,5.0,0.0,2.0,Control,0
https://x.com/Mio_Mind/status/2009245398678823366,0.9747126436781609,1.0,0.0022988505747126436,1.0505747126436782,-6.049299575759899,2.0,Control,0
https://x.com/MissEve0109/status/2000897261698748636,0.8125,1.0,0.0,1.1875,-13.607872423954504,3.0,Control,0
https://x.com/Mojobaby007/status/2002615559725461571,0.8260869565217391,1.0,0.021739130434782608,1.4565217391304348,-3.6375413713099363,3.0,Treatment,1
https://x.com/Moosewasazues/status/2005982541711565205,0.7058823529411765,1.0,0.11764705882352941,2.0588235294117645,-1.7917523859298432,4.0,Treatment,1
https://x.com/Moretrouble2/status/1998695713627152416,0.47058823529411764,2.0,0.23529411764705882,3.8823529411764706,-0.6931450555667187,4.0,Control,0
https://x.com/MultipolarA/status/2001158596982165553,0.6666666666666666,1.0,0.0,2.6666666666666665,-13.410046949854985,2.0,Control,0
https://x.com/Musk4Potus/status/2003061730021453936,0.8333333333333334,1.0,0.0,1.3333333333333333,-13.6331902011696,2.0,Control,0
https://x.com/Musk4Potus/status/2005946845730603270,0.8888888888888888,1.0,0.0,1.1666666666666667,-13.697728647307258,4.0,Control,0
https://x.com/Mykl_ArchAngel/status/1996468860203995504,0.6666666666666666,1.0,0.0,1.6666666666666667,-13.410046949854985,2.0,Control,0
https://x.com/Mylovanov/status/2011746916061888754,0.9635124298315958,1.0,0.00681635926222935,1.103448275862069,-4.951114234426947,2.0,Control,0
https://x.com/NAVSkandalen/status/1996146188639203810,1.0,1.0,0.0,1.0,-13.815511557963774,2.0,Treatment,1
https://x.com/NAVSkandalen/status/1996158558212161588,0.8333333333333334,1.0,0.0,1.1666666666666667,-13.6331902011696,3.0,Control,0
https://x.com/NAVSkandalen/status/1998693701334216837,1.0,1.0,0.0,1.0,-13.815511557963774,2.0,Treatment,1
https://x.com/NAVSkandalen/status/1998994876126658768,0.8775510204081632,1.0,0.0,1.2448979591836735,-13.684891515081445,3.0,Control,0
https://x.com/NAVSkandalen/status/2008091231868314028,0.6805555555555556,1.0,0.125,2.5694444444444446,-1.6945891901930825,3.0,Treatment,1
https://x.com/NBrouiller87/status/2005941268296142985,1.0,1.0,0.0,1.0,-13.815511557963774,2.0,Treatment,1
https://x.com/NInterit/status/1996102309042855984,1.0,1.0,0.0,1.0,-13.815511557963774,2.0,Treatment,1
https://x.com/Nastia_7777777/status/2003696215784063395,0.7333333333333333,1.0,0.0,1.8,-13.505356993295868,3.0,Treatment,1
https://x.com/NatalkaKyiv/status/2001181804754080056,0.9,1.0,0.0,1.1,-13.710151153416941,3.0,Treatment,1
https://x.com/Neil1900/status/2005981072383959553,0.6666666666666666,1.0,0.3333333333333333,3.3333333333333335,-0.6931456805633205,2.0,Treatment,1
https://x.com/Nerdy1975/status/2009235788815581376,1.0,1.0,0.0,1.0,-13.815511557963774,2.0,Control,0
https://x.com/NewRulesGeo/status/2003443525107745188,0.8370677057963956,1.0,0.07038480272771554,1.8414515343399902,-2.4759145758716525,2.0,Treatment,1
https://x.com/News_of_Donbass/status/1997993712123593024,0.4107142857142857,2.0,0.14285714285714285,2.9107142857142856,-1.0560481090534581,3.0,Control,0
https://x.com/News_of_Donbass/status/2008166586310369650,0.8690476190476191,1.0,0.005494505494505495,1.2243589743589745,-5.063468496626133,3.0,Treatment,1
https://x.com/NiborOz/status/2006595701799793137,0.6666666666666666,1.0,0.08333333333333333,1.9166666666666667,-2.0794310417507105,4.0,Treatment,1
https://x.com/NickTayNorfolk/status/1997663677873291315,0.9459901800327333,1.0,0.0,1.055646481178396,-13.759988524557924,3.0,Treatment,1
https://x.com/NigelXYYMan/status/2001217008784785506,0.6666666666666666,1.0,0.0,1.3333333333333333,-13.410046949854985,3.0,Treatment,1
https://x.com/Nigertin/status/2008845561554948125,0.8,1.0,0.0,1.2,-13.592368256649284,3.0,Control,0
https://x.com/Novi_Zmay/status/2000475776475418926,0.9732142857142857,1.0,0.008928571428571428,1.0803571428571428,-4.691236916023083,2.0,Treatment,1
https://x.com/Novi_Zmay/status/2000502684991045715,0.75,1.0,0.05,1.8,-2.7080315346346517,3.0,Treatment,1
https://x.com/OccupySchagen/status/2008095965874413785,0.8441558441558441,1.0,0.012987012987012988,1.4675324675324675,-4.174311457474668,2.0,Treatment,1
https://x.com/Oddman27/status/1999110832920072416,0.9305555555555556,1.0,0.006944444444444444,1.1597222222222223,-4.897696884944205,2.0,Treatment,1
https://x.com/OdmevMB/status/2001233650734538773,0.8064516129032258,1.0,0.06451612903225806,1.6935483870967742,-2.5257143844276104,3.0,Treatment,1
https://x.com/OdmevMB/status/2002645224229847349,0.9545454545454546,1.0,0.0,1.0454545454545454,-13.76899158994788,2.0,Control,0
https://x.com/OriginalKhutso5/status/2008532426906366377,1.0,1.0,0.0,1.0,-13.815511557963774,2.0,Control,0
https://x.com/P83YQ8W6/status/1996172726911021154,0.875,1.0,0.125,1.875,-1.9459032919438028,2.0,Control,0
https://x.com/PLafala/status/2001618085820928011,1.0,1.0,0.0,1.0,-13.815511557963774,2.0,Treatment,1
https://x.com/PMSimferopol/status/1995765803983978502,0.6238030095759234,1.0,0.12585499316005472,2.610123119015048,-1.600697889913629,4.0,Treatment,1
https://x.com/PMSimferopol/status/2001558529770164334,0.6087624903920061,1.0,0.08993082244427364,2.3382013835511146,-1.9123779800957914,3.0,Treatment,1
https://x.com/P_salmon/status/1996166549716009082,0.6,1.0,0.0,2.2,-13.304686600863562,2.0,Control,0
https://x.com/Para_glider69/status/2000839248862195776,0.9551569506726457,1.0,0.004484304932735426,1.0672645739910314,-5.361070237518038,2.0,Control,0
https://x.com/Patrick622500/status/2002712677844656393,1.0,1.0,0.0,1.0,-13.815511557963774,2.0,Control,0
https://x.com/PerttiVehreves1/status/2004073577491136531,1.0,1.0,0.0,1.0,-13.815511557963774,2.0,Control,0
https://x.com/Peter_Suer/status/2000494585781580111,0.9517684887459807,1.0,0.0,1.090032154340836,-13.766078150784224,2.0,Control,0
https://x.com/Peter_Suer/status/2000870709686395147,0.5,1.0,0.0,2.5,-13.122365377402328,3.0,Control,0
https://x.com/Peter_Suer/status/2009185657927995542,0.4583333333333333,2.0,0.0,1.5833333333333333,-13.0353541822305,3.0,Control,0
https://x.com/Peter_Suer/status/2009188144806310355,0.8169014084507042,1.0,0.04225352112676056,4.98,-2.961808279628876,3.0,Treatment,1
https://x.com/Peter_Suer/status/2010276771430883486,0.6666666666666666,1.0,0.16666666666666666,2.3333333333333335,-1.3862898611367656,3.0,Control,0
https://x.com/Peter_Suer/status/2011686113815970206,0.8928571428571429,1.0,0.0,1.2142857142857142,-13.702182992656644,3.0,Treatment,1
https://x.com/Peter_Suer/status/2011686266761593171,1.0,1.0,0.0,1.0,-13.815511557963774,2.0,Treatment,1
https://x.com/Peter_Suer/status/2011690002560999913,0.5,1.0,0.0,1.5,-13.122365377402328,3.0,Control,0
https://x.com/Peter_Suer/status/2011690469626163346,0.5,1.0,0.5,6.0,0.0,2.0,Treatment,1
https://x.com/Peter_Suer/status/2011692189928325424,1.0,1.0,0.0,1.0,-13.815511557963774,2.0,Control,0
https://x.com/PetreSolheim/status/2003459750902792560,0.9069767441860465,1.0,0.023255813953488372,1.372093023255814,-3.6635197496176146,2.0,Treatment,1
https://x.com/PlagueLuke/status/1996146653858840894,0.9666666666666667,1.0,0.0,1.0666666666666667,-13.781610040770817,2.0,Treatment,1
https://x.com/Planter5657/status/2000555953398100248,0.813953488372093,1.0,0.0,1.2325581395348837,-13.6096597323308,3.0,Control,0
https://x.com/Politico247/status/1997972092663603601,1.0,1.0,0.0,1.0,-13.815511557963774,2.0,Treatment,1
https://x.com/Polly888888/status/1995759323318739093,0.625,1.0,0.0,1.375,-13.345508528717259,3.0,Treatment,1
https://x.com/Primed24/status/2008749751567626645,0.9166666666666666,1.0,0.041666666666666664,1.2916666666666667,-3.091019544554807,2.0,Treatment,1
https://x.com/ProGunOne1776/status/1996212265851490644,1.0,1.0,0.0,1.0,-13.815511557963774,2.0,Control,0
https://x.com/Profound_Meanin/status/1998739572583174504,0.7904761904761904,1.0,0.0,1.2857142857142858,-13.58039208066279,3.0,Control,0
https://x.com/Punkbudgie_/status/2000512683091939832,0.7346938775510204,1.0,0.08163265306122448,2.142857142857143,-2.197213688521435,3.0,Control,0
https://x.com/QRTnurse/status/2003370343009034510,1.0,1.0,0.0,1.0,-13.815511557963774,2.0,Treatment,1
https://x.com/REALSUPERCEMENT/status/1997970395765346495,0.9285714285714286,1.0,0.02857142857142857,1.3285714285714285,-3.4812061668706744,2.0,Control,0
https://x.com/RJMitchell36/status/2006267602918883569,0.8571428571428571,1.0,0.0,1.1428571428571428,-13.661361044803002,3.0,Control,0
https://x.com/RJWillemsen1/status/2002654554501095855,0.9090909090909091,1.0,0.0,1.1818181818181819,-13.720201478159344,2.0,Treatment,1
https://x.com/RJoseph92530519/status/1995820592436584913,0.8947368421052632,1.0,0.017543859649122806,3.809917355371901,-3.931769751995198,2.0,Control,0
https://x.com/RN2045328438804/status/2008165365067686021,0.9166666666666666,1.0,0.0,1.1666666666666667,-13.72850027188314,2.0,Treatment,1
https://x.com/RN2045328438804/status/2008166920638644640,0.75,1.0,0.0,1.25,-13.527829818844937,3.0,Control,0
https://x.com/RRMacKay1963/status/2001283891555078384,1.0,1.0,0.0,1.0,-13.815511557963774,2.0,Treatment,1
https://x.com/RT_India_news/status/2000903737875820669,0.8073005093378608,1.0,0.015280135823429542,1.3735144312393888,-3.9670781010415177,3.0,Treatment,1
https://x.com/RT_India_news/status/2001284662652727362,0.5545367786515903,1.0,0.00455429517148069,1.5844235856920232,-4.801844605236724,4.0,Control,0
https://x.com/RWFlatitude/status/1999013600921305431,0.8082191780821918,1.0,0.0,1.2191780821917808,-13.602589798008973,3.0,Treatment,1
https://x.com/RZONOP/status/2011682207421632824,0.9954337899543378,1.0,0.0,1.0091324200913243,-13.810934895523514,2.0,Control,0
https://x.com/RZONOP/status/2011682259833659585,0.9545454545454546,1.0,0.0,1.1136363636363635,-13.76899158994788,2.0,Treatment,1
https://x.com/RaiZdbyDINGOES/status/2001178330322677797,0.3333333333333333,3.0,0.3333333333333333,3.6666666666666665,0.0,2.0,Control,0
https://x.com/RashtraNeeti/status/1997876108851843507,1.0,1.0,0.0,1.0,-13.815511557963774,2.0,Treatment,1
https://x.com/RayMaboya/status/2000088469003972694,0.9193548387096774,1.0,0.03225806451612903,1.3548387096774193,-3.3498741754738015,2.0,Treatment,1
https://x.com/RdrOAWhiteHorse/status/2001201639525372005,0.9655172413793104,1.0,0.0,1.0591133004926108,-13.780420273866753,2.0,Control,0
https://x.com/RealKhairullin/status/2004162802806935946,0.8367346938775511,1.0,0.026530612244897958,1.4979591836734694,-3.451171305760699,3.0,Control,0
https://x.com/RealTiggerWood1/status/1996125163335651759,1.0,1.0,0.0,1.0,-13.815511557963774,2.0,Treatment,1
https://x.com/RealWsiegrist/status/2000116738877477134,0.8536585365853658,1.0,0.0,1.3658536585365855,-13.657287724177266,3.0,Treatment,1
https://x.com/RealWsiegrist/status/2000116977738891356,0.8333333333333334,1.0,0.0,1.3333333333333333,-13.6331902011696,2.0,Treatment,1
https://x.com/Realismusjihad/status/2006618676892426299,0.946524064171123,1.0,0.0106951871657754,1.160427807486631,-4.4829101128813535,2.0,Control,0
https://x.com/Realtwwrn/status/2001527797869670406,0.8888888888888888,1.0,0.0,1.4444444444444444,-13.697728647307258,2.0,Treatment,1
https://x.com/RedDawnEurasia/status/2000900358533451843,0.8,1.0,0.0,1.2,-13.592368256649284,3.0,Treatment,1
https://x.com/RedbirdEl/status/2000160099684462741,1.0,1.0,0.0,1.0,-13.815511557963774,2.0,Treatment,1
https://x.com/RedbirdEl/status/2005941519073607780,0.75,1.0,0.0,1.5,-13.527829818844937,2.0,Control,0
https://x.com/RedbirdEl/status/2005943138729202061,0.8,1.0,0.0,1.2,-13.592368256649284,3.0,Treatment,1
https://x.com/RepublicBlog/status/1998739287324377496,0.7009345794392523,1.0,0.018691588785046728,1.485981308411215,-3.6242888610730883,3.0,Treatment,1
https://x.com/RespectDebate33/status/1998012995419455990,1.0,1.0,0.0,1.0,-13.815511557963774,2.0,Treatment,1
https://x.com/Retew_Boy/status/1997964660986052911,0.8395061728395061,1.0,0.0,1.1851851851851851,-13.640570299643704,3.0,Treatment,1
https://x.com/Retew_Boy/status/1998682672017592398,0.8928571428571429,1.0,0.05357142857142857,1.5,-2.813393170266963,2.0,Treatment,1
https://x.com/Retew_Boy/status/1998738544567693719,0.4,2.0,0.02857142857142857,1.8285714285714285,-2.6390248302246193,4.0,Control,0
https://x.com/Retew_Boy/status/1998953355033587920,0.7272727272727273,1.0,0.0,1.7272727272727273,-13.497058201844794,3.0,Control,0
https://x.com/RichardAdamczuk/status/1999015127165616206,0.5,1.0,0.25,4.0,-0.6931451805659454,3.0,Treatment,1
https://x.com/RickSanchezTV/status/1996119374327955856,0.9153120083901416,1.0,0.006030414263240692,1.160723649711589,-5.022284571359591,3.0,Treatment,1
https://x.com/Rob73905582/status/1995770564061913174,0.5,1.0,0.0,2.3333333333333335,-13.122365377402328,2.0,Control,0
https://x.com/RobGoodall6/status/2002637362178969654,0.8360655737704918,1.0,0.0,1.2131147540983607,-13.636463522593004,3.0,Control,0
https://x.com/RobertAlmen/status/1995770129926312446,0.6,1.0,0.0,1.8,-13.304686600863562,2.0,Control,0
https://x.com/RobertThaler99/status/2000406657407590844,0.875,1.0,0.0,1.5,-13.681980308196241,2.0,Treatment,1
https://x.com/Robert_Novak25/status/2000560330255294614,0.6944444444444444,1.0,0.2222222222222222,3.1944444444444446,-1.139431223197453,3.0,Control,0
https://x.com/RobertoGiuffre/status/1999021307782893677,0.9,1.0,0.0,1.3,-13.710151153416941,2.0,Treatment,1
https://x.com/Roberts56Gavin/status/2003398031128015224,1.0,1.0,0.0,1.0,-13.815511557963774,2.0,Control,0
https://x.com/RobertsBob64050/status/2006332896626557089,1.0,1.0,0.0,1.0,-13.815511557963774,2.0,Treatment,1
https://x.com/RockyMtnTDI/status/1998262373761622373,1.0,1.0,0.0,1.0,-13.815511557963774,2.0,Treatment,1
https://x.com/Rocky_1661/status/1999110574383452389,0.904,1.0,0.0,1.144,-13.714585745568392,3.0,Treatment,1
https://x.com/Ronove734322/status/2000883005963763732,1.0,1.0,0.0,1.0,-13.815511557963774,2.0,Treatment,1
https://x.com/RoviHere/status/1999064886878380306,0.9285714285714286,1.0,0.0,1.2142857142857142,-13.741403662733049,2.0,Treatment,1
https://x.com/Ruby_Rosa_Polo/status/1997653731408589136,1.0,1.0,0.0,1.0,-13.815511557963774,2.0,Control,0
https://x.com/Ruby_Rosa_Polo/status/2003418059764383934,0.75,1.0,0.25,2.75,-1.0986096220085544,2.0,Treatment,1
https://x.com/RussiaIsntEnemy/status/2005175679474668012,0.7952171652724609,1.0,0.031806796162389524,1.5431613025190227,-3.218905076655894,3.0,Treatment,1
https://x.com/SCSIraidGURU/status/2009264615016800706,1.0,1.0,0.0,1.0,-13.815511557963774,2.0,Control,0
https://x.com/SITARMS/status/2003717358477557857,0.9333333333333333,1.0,0.022222222222222223,1.3333333333333333,-3.7376256907238354,2.0,Treatment,1
https://x.com/SKAerials/status/1996112234938802412,0.75,1.0,0.0,1.25,-13.527829818844937,3.0,Control,0
https://x.com/SKAerials/status/2012868552756187620,0.625,1.0,0.0625,1.75,-2.302570693120764,3.0,Treatment,1
https://x.com/Saffron_ManZ/status/2003093363478999181,0.96045197740113,1.0,0.0,1.0564971751412429,-13.775160303616635,2.0,Control,0
https://x.com/SalamonLuka/status/2004189992768397699,0.9649122807017544,1.0,0.0,1.064327485380117,-13.779793511725295,2.0,Treatment,1
https://x.com/SamarWatch/status/2005996420382478371,0.6348278102664068,1.0,0.002599090318388564,1.4366471734892787,-5.497809190149249,3.0,Control,0
https://x.com/SartorialShootr/status/2008878332793045485,0.4230769230769231,2.0,0.07692307692307693,2.423076923076923,-1.7047374559564947,4.0,Control,0
https://x.com/Scott46198555/status/2000879373206139156,0.9166666666666666,1.0,0.0,1.1388888888888888,-13.72850027188314,3.0,Treatment,1
https://x.com/Scottishsoc/status/2001623804074996009,1.0,1.0,0.0,1.0,-13.815511557963774,2.0,Treatment,1
https://x.com/SentiManju/status/1996215322953892226,0.7894736842105263,1.0,0.0,1.3508771929824561,-13.579123046565908,4.0,Control,0
https://x.com/SgforgoodStella/status/1996567247968727477,0.8117647058823529,1.0,0.011764705882352941,1.4352941176470588,-4.234022740092854,3.0,Control,0
https://x.com/She_Politicske/status/1999073700914897281,0.6,1.0,0.2,2.6,-1.0986089553458873,2.0,Control,0
https://x.com/ShreoshiB/status/1996202970544046562,0.75,1.0,0.1875,2.625,-1.386290361133224,3.0,Treatment,1
https://x.com/Sierra182Papa/status/2008897589328945213,0.9047619047619048,1.0,0.047619047619047616,1.7619047619047619,-2.9444190846494847,2.0,Control,0
https://x.com/SimbaKnows2/status/2003333684431331599,0.6666666666666666,1.0,0.3333333333333333,5.0,-0.6931456805633205,2.0,Treatment,1
https://x.com/SimonDixonTwitt/status/2001291538609926417,0.8219315895372233,1.0,0.007042253521126761,1.2925050301810865,-4.759588172531262,3.0,Control,0
https://x.com/Simonlester1971/status/1996159638186897729,0.8,1.0,0.2,2.6,-1.3862906111316093,2.0,Control,0
https://x.com/SlaterSeamus/status/2010317325480988697,0.92,1.0,0.0,1.08,-13.732130035981154,3.0,Control,0
https://x.com/SlavFreeSpirit/status/2009181718821970179,0.9602850567886572,1.0,0.0003959122064682157,1.05072625145374,-7.791271381045395,2.0,Treatment,1
https://x.com/Snowhit05795585/status/2001531174964101507,0.7333333333333333,1.0,0.06666666666666667,2.0,-2.397881636546303,3.0,Treatment,1
https://x.com/Snowhit05795585/status/2003664734076436817,0.631578947368421,1.0,0.0,1.894736842105263,-13.355979811917914,3.0,Treatment,1
https://x.com/SocialismsEnemy/status/1997899794497323054,1.0,1.0,0.0,1.0,-13.815511557963774,2.0,Treatment,1
https://x.com/SocialistMMA/status/2006582483626709007,0.8304195804195804,1.0,0.015734265734265736,1.3892773892773893,-3.966027877372236,3.0,Treatment,1
https://x.com/Space_PHD/status/2000858634541260998,0.17647058823529413,2.0,0.20588235294117646,3.5294117647058822,0.1541498703077082,4.0,Treatment,1
https://x.com/SpaghettiKozak/status/1996126616456712522,0.9347826086956522,1.0,0.043478260869565216,1.434782608695652,-3.0680310051649826,2.0,Control,0
https://x.com/Spoki_83/status/2002736439021420781,1.0,1.0,0.0,1.0,-13.815511557963774,2.0,Control,0
https://x.com/SprintMediaNews/status/1995819883670499471,0.9658703071672355,1.0,0.0012410797393732546,1.0539869686627366,-6.656243419099134,2.0,Control,0
https://x.com/SquidwardFiles/status/1998028957023936885,0.9099476439790576,1.0,0.011518324607329843,1.1769633507853403,-4.369362137017407,3.0,Treatment,1
https://x.com/SriAbhigyan/status/1996217476942794874,0.3333333333333333,2.0,0.0,2.0,-12.716901269291665,4.0,Control,0
https://x.com/Sseeji/status/1998729999646364042,0.595,1.0,0.01,1.78,-4.085877998222108,3.0,Control,0
https://x.com/StacieT54453676/status/1997973670694736099,0.5,1.0,0.5,4.0,0.0,2.0,Treatment,1
https://x.com/Stan_Karczmarz/status/2001241991602954390,0.9622641509433962,1.0,0.0,1.0377358490566038,-13.777045316351625,2.0,Treatment,1
https://x.com/Stan_Karczmarz/status/2003373100805546378,1.0,1.0,0.0,1.0,-13.815511557963774,2.0,Control,0
https://x.com/Stan_Karczmarz/status/2003752640514027951,1.0,1.0,0.0,1.0,-13.815511557963774,2.0,Control,0
https://x.com/Stan_Karczmarz/status/2005942584871412015,0.7857142857142857,1.0,0.07142857142857142,1.9285714285714286,-2.3978825456228323,2.0,Treatment,1
https://x.com/StateAhead/status/1999045479024545893,0.55,1.0,0.05,2.1,-2.397877091178533,4.0,Control,0
https://x.com/SteelblueIII/status/2002739830950637626,1.0,1.0,0.0,1.0,-13.815511557963774,2.0,Control,0
https://x.com/StepanAndAndriy/status/2009120254442762254,1.0,1.0,0.0,1.0,-13.815511557963774,2.0,Treatment,1
https://x.com/Stephen260457/status/2012834010855047437,0.6666666666666666,1.0,0.3333333333333333,3.6666666666666665,-0.6931456805633205,2.0,Control,0
https://x.com/SteveHylan55254/status/1998593721634533501,1.0,1.0,0.0,1.0,-13.815511557963774,2.0,Treatment,1
https://x.com/SteveHylan55254/status/1998644886183227433,1.0,1.0,0.0,1.0,-13.815511557963774,2.0,Control,0
https://x.com/SteveHylan55254/status/1999041572223246429,0.7,1.0,0.0,1.7,-13.45883704259595,3.0,Treatment,1
https://x.com/SteveHylan55254/status/2002700346624454989,1.0,1.0,0.0,1.0,-13.815511557963774,2.0,Control,0
https://x.com/SteveHylan55254/status/2003351644214550633,1.0,1.0,0.0,1.0,-13.815511557963774,2.0,Control,0
https://x.com/SteveHylan55254/status/2003688246577094793,0.7528089887640449,1.0,0.16292134831460675,2.539325842696629,-1.5305391604095666,3.0,Control,0
https://x.com/SteveHylan55254/status/2003763355169776050,0.6666666666666666,1.0,0.0,1.3333333333333333,-13.410046949854985,3.0,Treatment,1
https://x.com/StevePaul63/status/1998359356606177448,1.0,1.0,0.0,1.0,-13.815511557963774,2.0,Treatment,1
https://x.com/StevenMont10940/status/2000189847898558906,1.0,1.0,0.0,1.0,-13.815511557963774,2.0,Treatment,1
https://x.com/Sthembiso_RSA/status/2010312738728493185,0.3333333333333333,2.0,0.0,1.8431372549019607,-12.716901269291665,4.0,Control,0
https://x.com/Stuart42338603/status/2004188890278842507,0.42857142857142855,2.0,0.23809523809523808,4.380952380952381,-0.58778479824155,3.0,Control,0
https://x.com/SumitTomar_hr/status/2010276528148623778,0.9365079365079365,1.0,0.005291005291005291,1.126984126984127,-5.175961818228119,2.0,Treatment,1
https://x.com/Sunnyda04530056/status/1995815332565471526,1.0,1.0,0.0,1.0,-13.815511557963774,2.0,Control,0
https://x.com/SurvivalistPt/status/1995776913890062364,0.9816176470588235,1.0,0.0,1.025735294117647,-13.7969581687946,2.0,Control,0
https://x.com/SurvivalistPt/status/1996172906838257935,0.8518518518518519,1.0,0.037037037037037035,1.5925925925925926,-3.1354683902059977,3.0,Control,0
https://x.com/SurvivalistPt/status/1997890066975174963,0.75,1.0,0.0,1.25,-13.527829818844937,3.0,Control,0
https://x.com/SurvivalistPt/status/1998004418059309204,0.5,1.0,0.0,1.5,-13.122365377402328,3.0,Control,0
https://x.com/SurvivalistPt/status/2000887833418989779,0.875,1.0,0.0,1.125,-13.681980308196241,3.0,Treatment,1
https://x.com/SurvivalistPt/status/2000893537542365253,0.75,1.0,0.0,1.5,-13.527829818844937,2.0,Treatment,1
https://x.com/SurvivalistPt/status/2001189260041359804,1.0,1.0,0.0,1.0,-13.815511557963774,2.0,Control,0
https://x.com/SurvivalistPt/status/2003795512005382296,0.6666666666666666,1.0,0.1111111111111111,2.3333333333333335,-1.7917519692674297,2.0,Control,0
https://x.com/SurvivalistPt/status/2005943086547906671,1.0,1.0,0.0,1.0,-13.815511557963774,2.0,Treatment,1
https://x.com/SurvivalistPt/status/2006287109431427284,1.0,1.0,0.0,1.0,-13.815511557963774,2.0,Treatment,1
https://x.com/SurvivalistPt/status/2006344448524026263,0.5,1.0,0.0,2.1666666666666665,-13.122365377402328,3.0,Control,0
https://x.com/SusanDe71711074/status/1998979746701664716,0.7333333333333333,1.0,0.13333333333333333,2.3333333333333335,-1.7047419559019839,3.0,Control,0
https://x.com/SwissSanjeev/status/2000095297545121899,1.0,1.0,0.0,1.0,-13.815511557963774,2.0,Treatment,1
https://x.com/TBayfield/status/2000861719762231344,1.0,1.0,0.0,1.0,-13.815511557963774,2.0,Control,0
https://x.com/THESWEDISHTRUTH/status/1995819465234079778,0.8157894736842105,1.0,0.05263157894736842,1.736842105263158,-2.7408222499113992,3.0,Treatment,1
https://x.com/THESWEDISHTRUTH/status/1995819526697406950,0.8235294117647058,1.0,0.029411764705882353,1.588235294117647,-3.332171725038168,3.0,Control,0
https://x.com/THESWEDISHTRUTH/status/1996506299849117928,0.75,1.0,0.16666666666666666,2.75,-1.5040727301267185,2.0,Control,0
https://x.com/THESWEDISHTRUTH/status/1996506496960532874,0.9639175257731959,1.0,0.010309278350515464,1.1288659793814433,-4.5378654784314545,2.0,Treatment,1
https://x.com/THESWEDISHTRUTH/status/1996506569798750412,1.0,1.0,0.0,1.0,-13.815511557963774,2.0,Treatment,1
https://x.com/THOUGHTCASTJeff/status/1996564075611128014,0.9742489270386266,1.0,0.004291845493562232,1.0686695278969958,-5.424718071052879,2.0,Treatment,1
https://x.com/TLC6191/status/1997918925213110694,1.0,1.0,0.0,1.0,-13.815511557963774,2.0,Treatment,1
https://x.com/TOzgokmen/status/1995824241124532257,0.9120879120879121,1.0,0.0018315018315018315,1.1144688644688645,-6.21005532241336,3.0,Treatment,1
https://x.com/TaniaGroth/status/1995775688364687562,0.7894736842105263,1.0,0.05263157894736842,1.5789473684210527,-2.7080324679485726,3.0,Treatment,1
https://x.com/TaniaGroth/status/1998633797701742989,0.875,1.0,0.0,1.125,-13.681980308196241,3.0,Treatment,1
https://x.com/Tarique18386095/status/2005271340962677152,0.896551724137931,1.0,0.0,1.2758620689655173,-13.706312381383276,2.0,Control,0
https://x.com/Tarique18386095/status/2005271594919424153,0.8333333333333334,1.0,0.0,1.3333333333333333,-13.6331902011696,3.0,Control,0
https://x.com/Taxidrummer/status/2005159988722106564,1.0,1.0,0.0,1.0,-13.815511557963774,2.0,Control,0
https://x.com/TeamKent85/status/1996209978336813454,1.0,1.0,0.0,1.0,-13.815511557963774,2.0,Control,0
https://x.com/TemminkJohan/status/1996571164328534099,0.6436781609195402,1.0,0.0,1.6206896551724137,-13.374955683615061,4.0,Control,0
https://x.com/TempleTTV/status/2008409223890432241,1.0,1.0,0.0,1.0,-13.815511557963774,2.0,Control,0
https://x.com/TerraMia14/status/2011788953091719468,0.8,1.0,0.0,1.2,-13.592368256649284,3.0,Control,0
https://x.com/TerraNovaChr/status/2003403209369641144,0.6666666666666666,1.0,0.3333333333333333,4.666666666666667,-0.6931456805633205,2.0,Treatment,1
https://x.com/TerraNovaChr/status/2005970831198003344,0.8,1.0,0.1,1.8,-2.0794327917290545,3.0,Control,0
https://x.com/TheDeep_State6/status/1997992736843055202,0.8292682926829268,1.0,0.0975609756097561,1.9024390243902438,-2.1400571194304274,3.0,Treatment,1
https://x.com/TheDeep_State6/status/2005276325909790759,0.75,1.0,0.0,1.6875,-13.527829818844937,3.0,Treatment,1
https://x.com/TheFiveYouKnow/status/1999108037663977496,0.3225806451612903,3.0,0.20967741935483872,3.693548387096774,-0.4307812468682527,6.0,Treatment,1
https://x.com/TheFortuneRpt/status/1995772078117527743,0.6666666666666666,1.0,0.3333333333333333,4.333333333333333,-0.6931456805633205,2.0,Control,0
https://x.com/TheFortuneRpt/status/2003334504522613002,1.0,1.0,0.0,1.0,-13.815511557963774,2.0,Treatment,1
https://x.com/TheMutz777/status/1999041978684813718,1.0,1.0,0.0,1.0,-13.815511557963774,2.0,Treatment,1
https://x.com/TheRock80649333/status/1997987908389687366,0.6,1.0,0.0,2.2,-13.304686600863562,3.0,Control,0
https://x.com/TheSausageMan/status/2001551593041465516,0.3333333333333333,2.0,0.0,1.6666666666666667,-12.716901269291665,3.0,Control,0
https://x.com/TheVirginiaGen1/status/1996167202748432602,0.8104575163398693,1.0,0.026143790849673203,1.522875816993464,-3.4339501890868656,3.0,Treatment,1
https://x.com/ThomasD8591/status/2000129420275646530,0.5,1.0,0.0,2.3333333333333335,-13.122365377402328,2.0,Treatment,1
https://x.com/ThomasD8591/status/2009237964774343156,0.9166666666666666,1.0,0.0,1.25,-13.72850027188314,2.0,Treatment,1
https://x.com/ThraceAlex/status/1996104790418551286,0.9072164948453608,1.0,0.030927835051546393,1.3608247422680413,-3.378693295271594,2.0,Control,0
https://x.com/ThsvndrMr/status/1999068032837255287,1.0,1.0,0.0,1.0,-13.815511557963774,2.0,Treatment,1
https://x.com/Tjerkje01/status/2001288508456014013,0.6923076923076923,1.0,0.0,1.5384615384615385,-13.447787222282358,4.0,Control,0
https://x.com/TmsGrant/status/2009110341578613013,1.0,1.0,0.0,1.0,-13.815511557963774,2.0,Treatment,1
https://x.com/ToivanGelder73/status/1996576993379340511,0.9722222222222222,1.0,0.0,1.0277777777777777,-13.787340709568477,2.0,Control,0
https://x.com/ToivanGelder73/status/1998381503999283429,0.8831168831168831,1.0,0.012987012987012988,1.3376623376623376,-4.219431840492755,2.0,Treatment,1
https://x.com/TomBoyles10/status/2000048309625594040,0.6666666666666666,1.0,0.03333333333333333,2.0,-2.995703774002857,4.0,Control,0
https://x.com/TomaszDisclg/status/2002688926528770452,0.782051282051282,1.0,0.01282051282051282,1.4230769230769231,-4.11079714590286,3.0,Treatment,1
https://x.com/TracyGalla1990/status/2001237482634141744,0.9213483146067416,1.0,0.0,1.1123595505617978,-13.733594520861653,3.0,Control,0
https://x.com/TracyGalla1990/status/2008507592923115628,0.9104477611940298,1.0,0.014925373134328358,1.2686567164179106,-4.110807964777764,2.0,Control,0
https://x.com/Truthwirklich/status/1998706360557380009,1.0,1.0,0.0,1.0,-13.815511557963774,2.0,Control,0
https://x.com/U_E_Christendom/status/2003448966319374626,0.3333333333333333,5.0,0.4444444444444444,6.444444444444445,0.2876813224537497,2.0,Control,0
https://x.com/Ukanolfckov/status/2002711397881516352,0.9864864864864865,1.0,0.0,1.0135135135135136,-13.801905919606613,2.0,Control,0
https://x.com/VIVADENXCIXXX/status/2003103150996423071,0.8292682926829268,1.0,0.024390243902439025,1.2926829268292683,-3.5263207313382643,3.0,Control,0
https://x.com/VOrnitho1974/status/2000517573478433252,0.868421052631579,1.0,0.0,1.1842105263157894,-13.674433111218857,4.0,Treatment,1
https://x.com/VOrnitho1974/status/2000544662831120649,0.9629629629629629,1.0,0.0,1.0740740740740742,-13.777771268442427,2.0,Treatment,1
https://x.com/Van_der_Klerk/status/2008847890945544612,0.7543859649122807,1.0,0.03508771929824561,1.5964912280701755,-3.0680257611202513,3.0,Treatment,1
https://x.com/VicV13270/status/2001158077589152087,0.9411764705882353,1.0,0.0,1.0588235294117647,-13.754886998647274,3.0,Control,0
https://x.com/VicV13270/status/2003739474837332035,1.0,1.0,0.0,1.0,-13.815511557963774,2.0,Control,0
https://x.com/Vierd1/status/2011801048675959061,0.8877551020408163,1.0,0.0,1.153061224489796,-13.696452324384433,3.0,Control,0
https://x.com/Vierd1/status/2012877809308336478,0.8461538461538461,1.0,0.0,1.1538461538461537,-13.648457655118591,3.0,Control,0
https://x.com/Vierotchka/status/2001618325433090197,0.6666666666666666,1.0,0.0,1.75,-13.410046949854985,2.0,Treatment,1
https://x.com/ViktorHavasy/status/2001643332192383227,0.75,1.0,0.0,1.75,-13.527829818844937,2.0,Treatment,1
https://x.com/VisserDonny/status/2004128170732409103,1.0,1.0,0.0,1.0,-13.815511557963774,2.0,Treatment,1
https://x.com/Vladimi82222415/status/2008468090439516366,0.8666666666666667,1.0,0.0,1.5333333333333334,-13.67241086816909,2.0,Treatment,1
https://x.com/VoxDei1960/status/2008030916590121144,0.8888888888888888,1.0,0.0,1.2222222222222223,-13.697728647307258,2.0,Treatment,1
https://x.com/WARRENTSHOW/status/2006237976360255782,0.8793418647166362,1.0,0.009140767824497258,1.226691042047532,-4.566321100868895,3.0,Control,0
https://x.com/WScraidy/status/2006617144990249173,1.0,1.0,0.0,1.0,-13.815511557963774,2.0,Control,0
https://x.com/WTM_TTF/status/1998604916890427600,0.8888888888888888,1.0,0.0,1.2222222222222223,-13.697728647307258,2.0,Treatment,1
https://x.com/WarHunter2222/status/1996211793073422758,0.8864468864468864,1.0,0.0,1.15018315018315,-13.694977617034539,3.0,Control,0
https://x.com/WarHunter2222/status/2000138844256051353,0.9869281045751634,1.0,0.0,1.026143790849673,-13.802353486631283,2.0,Control,0
https://x.com/WarHunter2222/status/2008486503509328056,0.8057553956834532,1.0,0.07194244604316546,1.8633093525179856,-2.4159011194683115,2.0,Treatment,1
https://x.com/WarHunter2222/status/2010290881820246515,0.9459459459459459,1.0,0.003861003861003861,1.0965250965250966,-5.501000301221735,2.0,Treatment,1
https://x.com/WeR1being/status/2001245411814859104,1.0,1.0,0.0,1.0,-13.815511557963774,2.0,Control,0
https://x.com/WhalenJess88131/status/1996579001872286009,0.8888888888888888,1.0,0.0,1.4444444444444444,-13.697728647307258,2.0,Treatment,1
https://x.com/Windancer2706/status/1995823343388312012,0.7120418848167539,1.0,0.06806282722513089,1.969895287958115,-2.3476922404855323,3.0,Treatment,1
https://x.com/Windancer2706/status/1995824092021129639,0.7777777777777778,1.0,0.0,1.4444444444444444,-13.564197415396828,2.0,Treatment,1
https://x.com/Wink_Panther/status/2005916268528836676,1.0,1.0,0.0,1.0,-13.815511557963774,2.0,Control,0
https://x.com/WitchEnd/status/2000918825655787697,0.8095238095238095,1.0,0.0,1.380952380952381,-13.604202699590422,3.0,Treatment,1
https://x.com/WitchEnd/status/2001273282289336707,0.7857142857142857,1.0,0.0,2.0,-13.574349773873848,2.0,Treatment,1
https://x.com/WitchEnd/status/2001632134679924971,0.8181818181818182,1.0,0.0,1.3636363636363635,-13.614841084723599,3.0,Treatment,1
https://x.com/WoltzHowell/status/2002645290818679201,0.9166666666666666,1.0,0.0,1.0833333333333333,-13.72850027188314,3.0,Control,0
https://x.com/XrppumpH/status/1998733280221298870,0.6363636363636364,1.0,0.0,1.6363636363636365,-13.363527005648553,4.0,Treatment,1
https://x.com/Xtra_coverdrive/status/2005948474395590859,1.0,1.0,0.0,1.0,-13.815511557963774,2.0,Control,0
https://x.com/YakushinaLisa/status/2001179752250663114,0.4444444444444444,3.0,0.2962962962962963,4.111111111111111,-0.4054639831113284,2.0,Treatment,1
https://x.com/ZMijokovic/status/1996509524413624504,1.0,1.0,0.0,1.0,-13.815511557963774,2.0,Control,0
https://x.com/Zana2A/status/1997641564936442135,0.6111111111111112,1.0,0.05555555555555555,1.7777777777777777,-2.3978789093226665,4.0,Treatment,1
https://x.com/Zeiein/status/2006303552906617300,0.7391304347826086,1.0,0.043478260869565216,1.7391304347826086,-2.833191697260973,3.0,Treatment,1
https://x.com/ZeppLaRouche/status/1995815688766681104,0.8378378378378378,1.0,0.05405405405405406,1.7027027027027026,-2.7408227176439985,2.0,Control,0
https://x.com/Zlatti_71/status/2004148560510566567,0.9448043534594455,1.0,0.0015548069448043534,1.0824047680746307,-6.408984584506552,2.0,Control,0
https://x.com/_GeoTakes_/status/2008896868013445468,0.9076923076923077,1.0,0.015384615384615385,1.3076923076923077,-4.077473547712437,3.0,Control,0
https://x.com/_RealPhilJones/status/2010693057176359145,0.9565217391304348,1.0,0.0,1.0434782608695652,-13.771059840847439,2.0,Treatment,1
https://x.com/abstrajo/status/2012860827515207741,0.5,1.0,0.0,2.25,-13.122365377402328,3.0,Control,0
https://x.com/agathrocha/status/2008462128932340137,0.9873417721518988,1.0,0.0,1.0379746835443038,-13.802772545006844,2.0,Treatment,1
https://x.com/agesileos/status/2000192273166831778,0.9,1.0,0.0,1.4,-13.710151153416941,2.0,Control,0
https://x.com/ahmadovich89/status/2008816056337657991,0.8571428571428571,1.0,0.0,1.4285714285714286,-13.661361044803002,2.0,Treatment,1
https://x.com/air2dlp12345/status/2000488656423809142,0.6666666666666666,1.0,0.0,1.5,-13.410046949854985,3.0,Treatment,1
https://x.com/ajrobertsshow/status/2001201512542777427,0.9230481183299007,1.0,0.003182924545965175,1.129376521250702,-5.669567879219577,3.0,Control,0
https://x.com/alchemist2114/status/1995765637696946543,0.9333333333333333,1.0,0.06666666666666667,1.8,-2.639043401155755,2.0,Treatment,1
https://x.com/alealefrank/status/1996203034880471389,0.92,1.0,0.0,1.08,-13.732130035981154,3.0,Treatment,1
https://x.com/alex_schwartz1/status/2006581725716193352,0.75,1.0,0.0,2.0,-13.527829818844937,2.0,Control,0
https://x.com/allerton_k43150/status/1998290961320063194,0.8,1.0,0.0,1.6,-13.592368256649284,2.0,Control,0
https://x.com/alphonns/status/1998614646484345254,0.75,1.0,0.0,1.25,-13.527829818844937,3.0,Treatment,1
https://x.com/alphonns/status/1998615009337708557,0.0,2.0,0.0,2.0,,1.0,Control,0
https://x.com/alphonns/status/1998981695094272497,1.0,1.0,0.0,1.0,-13.815511557963774,2.0,Control,0
https://x.com/alphonns/status/1998981814384472114,1.0,1.0,0.0,1.0,-13.815511557963774,2.0,Treatment,1
https://x.com/alphonns/status/1998982956376043657,1.0,1.0,0.0,1.0,-13.815511557963774,2.0,Control,0
https://x.com/alphonns/status/2000437843743674866,1.0,1.0,0.0,1.0,-13.815511557963774,2.0,Treatment,1
https://x.com/amanwifname/status/2005972994481655935,0.9767441860465116,1.0,0.0,1.0232558139534884,-13.79198108436308,2.0,Control,0
https://x.com/ameoate/status/1996578089124389056,0.9629629629629629,1.0,0.0,1.0518518518518518,-13.777771268442427,2.0,Control,0
https://x.com/antoine2711/status/2003081882812989519,0.8461538461538461,1.0,0.0,1.4615384615384615,-13.648457655118591,2.0,Control,0
https://x.com/antoine2711/status/2003758615497208246,0.35714285714285715,3.0,0.2857142857142857,3.5714285714285716,-0.2231428513164149,5.0,Control,0
https://x.com/aqcbuilding/status/2003463948407083435,0.7142857142857143,1.0,0.0,1.7142857142857142,-13.479039721342081,3.0,Treatment,1
https://x.com/argraves_damian/status/2000873536882401720,0.9333333333333333,1.0,0.0,1.0666666666666667,-13.74651875790532,3.0,Control,0
https://x.com/atla_gold/status/2005873337235603485,0.9852941176470589,1.0,0.0,1.0245098039215685,-13.800696487103991,2.0,Control,0
https://x.com/barry64145240/status/2009258156832981474,1.0,1.0,0.0,1.0,-13.815511557963774,2.0,Treatment,1
https://x.com/benaliajimmy/status/2011776654155403293,1.0,1.0,0.0,1.0,-13.815511557963774,2.0,Control,0
https://x.com/bernhtp/status/2000046469118890112,1.0,1.0,0.0,1.0,-13.815511557963774,2.0,Treatment,1
https://x.com/bernhtp/status/2006355730912383285,0.8387096774193549,1.0,0.03225806451612903,1.3548387096774193,-3.2580667308089537,3.0,Treatment,1
https://x.com/bill2earth/status/1998616053308600787,0.8421052631578947,1.0,0.0,1.4736842105263157,-13.64366148853691,2.0,Treatment,1
https://x.com/bradley_tindall/status/2002961394237411650,0.8409090909090909,1.0,0.045454545454545456,1.6136363636363635,-2.9177499215147575,2.0,Control,0
https://x.com/bradley_tindall/status/2006239691394240528,0.6538461538461539,1.0,0.038461538461538464,1.9615384615384615,-2.833188873804805,4.0,Treatment,1
https://x.com/brane_mija64426/status/2010688894128341027,0.7207397003745318,1.0,0.0009363295880149813,1.295177902621723,-6.644999744173372,3.0,Control,0
https://x.com/canthavepudding/status/2012771293226283271,0.8652482269503546,1.0,0.0,1.1631205673758864,-13.6707728680564,3.0,Treatment,1
https://x.com/capnchappy/status/1996202772371239265,0.25,2.0,0.25,3.75,0.0,3.0,Control,0
https://x.com/cdb926/status/1996190154936189061,0.5757575757575758,1.0,0.0,1.7272727272727273,-13.26344371250483,4.0,Treatment,1
https://x.com/cdnrefugee/status/2003102801430536561,0.8227848101265823,1.0,0.0,1.379746835443038,-13.620451190776766,3.0,Control,0
https://x.com/cdnshawn/status/2001292159438229877,0.9620253164556962,1.0,0.0,1.1139240506329113,-13.776797085256728,2.0,Control,0
https://x.com/cepulje/status/1998653611472032023,0.5454545454545454,1.0,0.0,1.8181818181818181,-13.209376587725611,4.0,Control,0
https://x.com/chatswithem/status/1998700462833316106,0.9259259259259259,1.0,0.005291005291005291,1.1216931216931216,-5.164598071781181,3.0,Control,0
https://x.com/chatswithem/status/2000528838372033014,0.7413793103448276,1.0,0.016227180527383367,1.4066937119675456,-3.821764463245039,3.0,Control,0
https://x.com/chatswithem/status/2010297091814252968,0.9291187739463601,1.0,0.007662835249042145,1.157088122605364,-4.797725114620057,2.0,Control,0
https://x.com/checkingMada198/status/1997982229100663102,0.8947368421052632,1.0,0.10526315789473684,1.631578947368421,-2.14005778118783,2.0,Control,0
https://x.com/checkingMada198/status/2012857652200497523,0.0,2.0,0.25,3.5,,1.0,Control,0
https://x.com/cheffieparadise/status/2003346892210733473,1.0,1.0,0.0,1.0,-13.815511557963774,2.0,Control,0
https://x.com/cheffobg/status/2000880241787433238,0.9357142857142857,1.0,0.014285714285714285,1.2,-4.181981213792811,3.0,Control,0
https://x.com/chess_robot/status/1998343818345607544,0.9655172413793104,1.0,0.0,1.0862068965517242,-13.780420273866753,2.0,Treatment,1
https://x.com/chipke7/status/2005906577782370590,0.4074074074074074,6.0,0.48148148148148145,4.148148148148148,0.16705370704164416,3.0,Control,0
https://x.com/cipollina60/status/2000491173027180561,0.9310344827586207,1.0,0.0,1.0689655172413792,-13.744052668055627,3.0,Control,0
https://x.com/cityslickers55/status/2000193808839897183,0.92,1.0,0.08,1.68,-2.4423356224032595,2.0,Treatment,1
https://x.com/cjtjgeol/status/2008812785338388936,1.0,1.0,0.0,1.0,-13.815511557963774,2.0,Treatment,1
https://x.com/clashreport/status/2001263100708999556,0.41684766752034236,2.0,0.004279184361526242,1.7243329983466789,-4.578727164517862,4.0,Control,0
https://x.com/clockwork584043/status/1998387744662278485,1.0,1.0,0.0,1.0,-13.815511557963774,2.0,Treatment,1
https://x.com/conyakk/status/2008022459388465263,0.8333333333333334,1.0,0.0,1.1666666666666667,-13.6331902011696,3.0,Control,0
https://x.com/cool_grandad/status/1996204897939890584,0.875,1.0,0.0,1.28125,-13.681980308196241,3.0,Treatment,1
https://x.com/cool_grandad/status/1998016815952502858,0.9411764705882353,1.0,0.0,1.0588235294117647,-13.754886998647274,3.0,Treatment,1
https://x.com/cool_grandad/status/1998731332965323239,0.75,1.0,0.0,2.0,-13.527829818844937,2.0,Control,0
https://x.com/cool_grandad/status/2000566117295907246,0.7,1.0,0.0,1.5,-13.45883704259595,3.0,Control,0
https://x.com/cool_grandad/status/2000830017568399686,0.8461538461538461,1.0,0.0,1.1538461538461537,-13.648457655118591,3.0,Control,0
https://x.com/cool_grandad/status/2005236189977333910,0.3888888888888889,2.0,0.16666666666666666,3.388888888888889,-0.8472944318304688,3.0,Treatment,1
https://x.com/cornerstonetom3/status/1998342913269567764,0.989247311827957,1.0,0.002688172043010753,1.0376344086021505,-5.90771201821283,2.0,Control,0
https://x.com/crispSV/status/1996124618516463750,0.9274193548387096,1.0,0.008064516129032258,1.1693548387096775,-4.744809214310903,2.0,Treatment,1
https://x.com/crispSV/status/1998298145051271240,0.9090909090909091,1.0,0.0,1.2727272727272727,-13.720201478159344,2.0,Control,0
https://x.com/crispSV/status/2003085291666751917,0.6164383561643836,1.0,0.0410958904109589,1.6849315068493151,-2.708027490285834,3.0,Control,0
https://x.com/crokettd559/status/2000550595791614170,0.7333333333333333,1.0,0.044444444444444446,1.711111111111111,-2.80333924479509,3.0,Treatment,1
https://x.com/cubaduda/status/2000495324826067415,0.8421052631578947,1.0,0.0,1.5789473684210527,-13.64366148853691,2.0,Control,0
https://x.com/cubaduda/status/2005203308764660057,0.8333333333333334,1.0,0.08333333333333333,1.8333333333333333,-2.3025742930653252,2.0,Treatment,1
https://x.com/cw72119/status/2000873665353683117,0.8709677419354839,1.0,0.0,1.1693548387096775,-13.677361367630946,3.0,Treatment,1
https://x.com/cwsuth1/status/1998296577136529746,1.0,1.0,0.0,1.0,-13.815511557963774,2.0,Treatment,1
https://x.com/d1rogue/status/2000191254647206156,0.9,1.0,0.0,1.2,-13.710151153416941,2.0,Control,0
https://x.com/d53404/status/2003000551211225326,0.8888888888888888,1.0,0.0,1.1111111111111112,-13.697728647307258,3.0,Control,0
https://x.com/daisycossie/status/2005212945173889202,0.3684210526315789,2.0,0.05263157894736842,2.4210526315789473,-1.9458938635178415,5.0,Control,0
https://x.com/dammy_richardz/status/2002629473968271471,0.9627329192546584,1.0,0.0,1.0372670807453417,-13.777532348608196,2.0,Control,0
https://x.com/dan_danmcc1/status/2005890316906422366,0.4,2.0,0.0,2.4,-12.899222326086994,3.0,Control,0
https://x.com/dana916/status/1998004068132732988,0.8125,1.0,0.0625,1.7083333333333333,-2.5649345883580086,3.0,Treatment,1
https://x.com/dana916/status/1998004174580060479,0.8536585365853658,1.0,0.07317073170731707,1.6097560975609757,-2.456723277675911,2.0,Control,0
https://x.com/dana916/status/2004170873343713688,0.9550561797752809,1.0,0.0,1.101123595505618,-13.769526491780725,2.0,Treatment,1
https://x.com/dana916/status/2004182085901173009,0.9375,1.0,0.0,1.1428571428571428,-13.7509731034928,2.0,Treatment,1
https://x.com/darc87798/status/1998309891468071335,1.0,1.0,0.0,1.0,-13.815511557963774,2.0,Treatment,1
https://x.com/darc87798/status/2000529350190366868,1.0,1.0,0.0,1.0,-13.815511557963774,2.0,Control,0
https://x.com/darren_mac58595/status/1996561002616475954,0.6666666666666666,1.0,0.0,1.3333333333333333,-13.410046949854985,3.0,Treatment,1
https://x.com/datruthhuts/status/1998365943018180683,0.9230769230769231,1.0,0.0,1.1153846153846154,-13.735468933623483,2.0,Treatment,1
https://x.com/davidowens43/status/1996522496011698298,0.8571428571428571,1.0,0.07142857142857142,1.6428571428571428,-2.4848938165519856,2.0,Treatment,1
https://x.com/delboy1978uk/status/2012878860107284483,0.75,1.0,0.0,1.9,-13.527829818844937,4.0,Treatment,1
https://x.com/delboy1978uk/status/2012879777795874918,0.9047619047619048,1.0,0.0,1.1428571428571428,-13.71542820466984,2.0,Treatment,1
https://x.com/dick_girard/status/2003064038553723169,0.5,1.0,0.16666666666666666,3.0,-1.0986082886841098,3.0,Control,0
https://x.com/dijoni/status/2008406431725498378,0.2544642857142857,6.0,0.4375,5.263392857142857,0.5419145667308557,2.0,Control,0
https://x.com/distant_earth83/status/1997970016617037870,0.9621323529411765,1.0,0.002573529411764706,1.0683823529411764,-5.9234862968780915,2.0,Treatment,1
https://x.com/dlbohin/status/2000535605076218219,0.8928571428571429,1.0,0.0,1.1071428571428572,-13.702182992656644,3.0,Control,0
https://x.com/doyaksec/status/2010260473149870290,0.8733333333333333,1.0,0.02,1.3466666666666667,-3.7765361808205125,3.0,Control,0
https://x.com/dr_janneke/status/2002680562692284480,0.2857142857142857,2.0,0.0,3.0,-12.56275108946278,3.0,Treatment,1
https://x.com/drsircus/status/2006360799112208539,0.9583333333333334,1.0,0.0,1.0416666666666667,-13.772951987023195,2.0,Control,0
https://x.com/dumptheguardian/status/2005277213898510543,0.6111111111111112,1.0,0.1111111111111111,2.0,-1.7047407286412226,3.0,Control,0
https://x.com/dustup224/status/2012887631680413801,0.5714285714285714,1.0,0.0,1.5714285714285714,-13.25589652002732,3.0,Control,0
https://x.com/dwilliam9940/status/1996525976059310257,1.0,1.0,0.0,1.0,-13.815511557963774,2.0,Control,0
https://x.com/dwilliam9940/status/1998351017482551728,0.984251968503937,1.0,0.007874015748031496,1.078740157480315,-4.828187761365602,2.0,Treatment,1
https://x.com/dyermarti1/status/2002702661624406130,0.625,1.0,0.125,2.25,-1.6094315124648202,4.0,Treatment,1
https://x.com/earthflute/status/2000825806315250117,0.75,1.0,0.0,1.75,-13.527829818844937,2.0,Control,0
https://x.com/earthflute/status/2012824188571283918,0.0,4.0,0.0,4.0,,1.0,Control,0
https://x.com/eastcodiesel/status/2000901296782479430,0.6666666666666666,1.0,0.0,1.5,-13.410046949854985,4.0,Treatment,1
https://x.com/ebwhite99/status/2000929793949491295,0.0,2.0,0.0,2.0,,1.0,Control,0
https://x.com/edwin_good66883/status/2000479916920295492,0.7777777777777778,1.0,0.2222222222222222,3.0,-1.2527597542189524,2.0,Treatment,1
https://x.com/elaineakins449/status/1998283369998852381,0.625,1.0,0.0,2.875,-13.345508528717259,2.0,Control,0
https://x.com/elaineakins449/status/2000914226714698198,0.9090909090909091,1.0,0.030303030303030304,1.2424242424242424,-3.4011654822060384,3.0,Treatment,1
https://x.com/elbrigantero/status/2001238911205691836,0.6363636363636364,1.0,0.09090909090909091,2.5454545454545454,-1.9459007205431496,3.0,Control,0
https://x.com/emailcbp/status/1997947400607117795,0.7976653696498055,1.0,0.0,1.2334630350194553,-13.589445705865213,3.0,Control,0
https://x.com/euroboma/status/2003777417316274455,0.5833333333333334,1.0,0.08333333333333333,3.0,-1.9458998634115576,2.0,Treatment,1
https://x.com/evagreiner8/status/1996122556555010098,0.9636363636363636,1.0,0.0,1.0363636363636364,-13.778470324019235,2.0,Control,0
https://x.com/evilchuckster/status/1996218415800033580,1.0,1.0,0.0,1.0,-13.815511557963774,2.0,Control,0
https://x.com/exposethepuppet/status/2001544615653183552,0.6666666666666666,1.0,0.16666666666666666,2.6666666666666665,-1.3862898611367656,3.0,Treatment,1
https://x.com/farhadesmaeili4/status/1996119792982401253,0.96,1.0,0.0,1.07,-13.774689605110144,2.0,Control,0
https://x.com/ferozwala/status/2000870246794817681,0.7962962962962963,1.0,0.07407407407407407,1.9259259259259258,-2.374893510477961,2.0,Control,0
https://x.com/fionan12/status/2012837547487936878,0.31746031746031744,2.0,0.015873015873015872,1.7936507936507937,-2.995672425533446,3.0,Control,0
https://x.com/flowirin/status/2000880557321076894,0.8571428571428571,1.0,0.0,1.2857142857142858,-13.661361044803002,2.0,Treatment,1
https://x.com/forever2021may/status/1997981123394073062,0.9285714285714286,1.0,0.07142857142857142,1.7142857142857142,-2.564936434482033,2.0,Treatment,1
https://x.com/forrester2/status/1998997769894420823,1.0,1.0,0.0,1.0,-13.815511557963774,2.0,Control,0
https://x.com/frankandbri/status/2003779488623231413,0.3333333333333333,2.0,0.0,2.0,-12.716901269291665,4.0,Control,0
https://x.com/fredje75256902/status/2005265630384288244,0.6666666666666666,1.0,0.08333333333333333,1.9166666666666667,-2.0794310417507105,4.0,Treatment,1
https://x.com/funtomreal/status/2000547751960965270,1.0,1.0,0.0,1.0,-13.815511557963774,2.0,Control,0
https://x.com/ged_rice51522/status/1999025251439751475,0.8461538461538461,1.0,0.07692307692307693,1.6923076923076923,-2.397883454700353,2.0,Control,0
https://x.com/ged_rice51522/status/2006286755574509978,0.6875,1.0,0.0,1.3125,-13.44081856306726,3.0,Control,0
https://x.com/getcloserhome/status/1997999998722531686,1.0,1.0,0.0,1.0,-13.815511557963774,2.0,Control,0
https://x.com/getcloserhome/status/1998015276349063347,1.0,1.0,0.0,1.0,-13.815511557963774,2.0,Treatment,1
https://x.com/getcloserhome/status/1998730491843805398,0.9130434782608695,1.0,0.043478260869565216,1.3043478260869565,-3.0445005332254143,2.0,Treatment,1
https://x.com/gio_tbilisi/status/2001239603529880027,0.8927335640138409,1.0,0.0034602076124567475,1.1903114186851211,-5.5526717468284845,3.0,Control,0
https://x.com/gioavelli/status/2000898802816049201,0.9466666666666667,1.0,0.0,1.06,-13.760703377806749,2.0,Control,0
https://x.com/godsheros76762/status/2003733957414941124,0.9615384615384616,1.0,0.0,1.0384615384615385,-13.776290884810452,2.0,Control,0
https://x.com/got2be4real/status/1997957422460358739,0.9670371789957838,1.0,0.0022997316979685703,1.0548102721349175,-6.041010774678156,2.0,Control,0
https://x.com/grimzone/status/2001525279055851939,1.0,1.0,0.0,1.0,-13.815511557963774,2.0,Control,0
https://x.com/grishko_new/status/1998315693402677508,0.5,1.0,0.5,4.0,0.0,2.0,Treatment,1
https://x.com/guitartabbs/status/2008793930159296688,1.0,1.0,0.0,1.0,-13.815511557963774,2.0,Treatment,1
https://x.com/hardjappaleno/status/1995809463823946129,0.7,1.0,0.05,6.655172413793103,-2.639038758385664,2.0,Control,0
https://x.com/hawkins_carole/status/2001197317064430059,0.9233870967741935,1.0,0.004032258064516129,1.1290322580645162,-5.433475117270002,3.0,Treatment,1
https://x.com/heraldmage/status/1998268625539768503,0.8571428571428571,1.0,0.0,1.1428571428571428,-13.661361044803002,3.0,Control,0
https://x.com/hindsight2c/status/1999109436850204834,0.6,1.0,0.0,1.8,-13.304686600863562,3.0,Treatment,1
https://x.com/holy_hero/status/2002999545374908446,0.8825503355704698,1.0,0.0044742729306487695,1.1935123042505593,-5.2842496177775935,3.0,Control,0
https://x.com/hopeoverfear01/status/2003749065683873893,0.5192307692307693,1.0,0.15384615384615385,2.769230769230769,-1.2163907502696896,3.0,Control,0
https://x.com/humbleguy36/status/2000871571200860234,1.0,1.0,0.0,1.0,-13.815511557963774,2.0,Control,0
https://x.com/hypergraphing/status/1997943522901512387,0.7586206896551724,1.0,0.0,1.5517241379310345,-13.539258499517066,3.0,Control,0
https://x.com/icemanpls/status/2001564399715438920,0.75,1.0,0.1,2.15,-2.014894353924709,4.0,Control,0
https://x.com/in_visi_ble_one/status/1998346960412328141,0.9,1.0,0.0,1.3,-13.710151153416941,2.0,Treatment,1
https://x.com/in_visi_ble_one/status/2000191283055509546,0.578125,1.0,0.078125,2.765625,-2.0014689300202773,3.0,Treatment,1
https://x.com/insolitos22/status/2011695229053911517,1.0,1.0,0.0,1.0,-13.815511557963774,2.0,Treatment,1
https://x.com/ionut_padu10767/status/2008049836516409726,0.6666666666666666,1.0,0.1111111111111111,2.0,-1.7917519692674297,3.0,Control,0
https://x.com/ismyringen01/status/1996117408684159347,1.0,1.0,0.0,1.0,-13.815511557963774,2.0,Treatment,1
https://x.com/israeliens1/status/2005201560620732444,0.7,1.0,0.05,2.35,-2.639038758385664,4.0,Control,0
https://x.com/ivan_8848/status/2000155155228996090,0.9840444733232258,1.0,0.0013717421124828531,1.0446899140856256,-6.574861827329285,2.0,Treatment,1
https://x.com/ivan_8848/status/2012842649858777410,0.9431765253842571,1.0,0.0032603632976245926,1.0996739636702375,-5.667109223473174,2.0,Control,0
https://x.com/jccfergie/status/2003434936502747635,0.8734375,1.0,0.0359375,1.465625,-3.190628576427086,2.0,Treatment,1
https://x.com/jeffbpdret1791/status/1997644539683541168,0.7142857142857143,1.0,0.14285714285714285,2.857142857142857,-1.6094323124576204,2.0,Treatment,1
https://x.com/jerryfarman/status/2003672810166845636,0.3,2.0,0.0,1.9,-12.611541086966115,4.0,Treatment,1
https://x.com/jlcas1/status/1996168433218523540,1.0,1.0,0.0,1.0,-13.815511557963774,2.0,Control,0
https://x.com/joazipan007/status/1998390465473777737,0.9615384615384616,1.0,0.0,1.1538461538461537,-13.776290884810452,2.0,Treatment,1
https://x.com/john_532/status/1996552131067961527,1.0,1.0,0.0,1.0,-13.815511557963774,2.0,Control,0
https://x.com/john_jvr/status/1998730828633829545,0.5555555555555556,1.0,0.0,1.6666666666666667,-13.227725693060535,3.0,Treatment,1
https://x.com/jojogyari/status/2003415842659402055,0.918918918918919,1.0,0.08108108108108109,1.4864864864864864,-2.4277369909254753,2.0,Treatment,1
https://x.com/jokes_on_us_pal/status/1995777092248637769,0.9411764705882353,1.0,0.0,1.1470588235294117,-13.754886998647274,2.0,Control,0
https://x.com/jokes_on_us_pal/status/1996566585574862897,0.75,1.0,0.08333333333333333,2.0,-2.1972139107406634,3.0,Control,0
https://x.com/jokes_on_us_pal/status/2001643516754317652,0.6666666666666666,1.0,0.06666666666666667,1.9333333333333333,-2.30257159310542,3.0,Control,0
https://x.com/jokes_on_us_pal/status/2003413211547337005,1.0,1.0,0.0,1.0,-13.815511557963774,2.0,Control,0
https://x.com/jonlegsby11/status/2002645526224019916,1.0,1.0,0.0,1.0,-13.815511557963774,2.0,Treatment,1
https://x.com/jonnycomp344502/status/1996532651671609665,0.9411764705882353,1.0,0.0,1.2352941176470589,-13.754886998647274,2.0,Treatment,1
https://x.com/joshjtrades/status/2008468671245819966,0.8565217391304348,1.0,0.004347826086956522,1.2130434782608697,-5.282974922695942,3.0,Control,0
https://x.com/jsrfrench/status/1998365885661335692,0.6666666666666666,1.0,0.0,2.1666666666666665,-13.410046949854985,2.0,Control,0
https://x.com/jubbyjub7/status/1996487202197676184,0.9473684210526315,1.0,0.0,1.1578947368421053,-13.761444392248997,2.0,Treatment,1
https://x.com/judymorris3/status/1996578228182413820,0.8115942028985508,1.0,0.028985507246376812,1.5217391304347827,-3.332171242912413,4.0,Treatment,1
https://x.com/just_HJB_here/status/2002671382606626990,0.3333333333333333,3.0,0.0,2.3333333333333335,-12.716901269291665,2.0,Control,0
https://x.com/k69tie/status/1997960061046730999,0.9,1.0,0.1,1.7,-2.197215688496713,2.0,Treatment,1
https://x.com/k69tie/status/1999049659722178885,0.25,2.0,0.25,3.25,0.0,4.0,Treatment,1
https://x.com/k69tie/status/2000503285535699289,0.9166666666666666,1.0,0.0,1.0833333333333333,-13.72850027188314,3.0,Treatment,1
https://x.com/k69tie/status/2000526142286053654,0.7647058823529411,1.0,0.0,1.2352941176470589,-13.547247879061047,3.0,Treatment,1
https://x.com/kadmitriev/status/1998985982880960543,0.5673511209475798,1.0,0.012179460906867768,2.4235911307840485,-3.8411470327185424,3.0,Treatment,1
https://x.com/katzenbrau/status/2003372839160906127,0.9754098360655737,1.0,0.0,1.0245901639344261,-13.790614031552105,2.0,Control,0
https://x.com/kaza40419/status/2003417066175627622,1.0,1.0,0.0,1.0,-13.815511557963774,2.0,Control,0
https://x.com/kenRik25360/status/2000116006451322910,0.9230769230769231,1.0,0.07692307692307693,1.5384615384615385,-2.484894733205246,2.0,Treatment,1
https://x.com/kenRik25360/status/2002654219904692592,0.9090909090909091,1.0,0.022727272727272728,1.2045454545454546,-3.688836555081303,3.0,Treatment,1
https://x.com/kenan101138/status/2008496177478857160,0.9622641509433962,1.0,0.0,1.0377358490566038,-13.777045316351625,2.0,Control,0
https://x.com/kevin_nivek7/status/1996149337001455886,0.7948717948717948,1.0,0.0,1.205128205128205,-13.585937374383498,3.0,Control,0
https://x.com/kevin_nivek7/status/1996156287743345032,0.7857142857142857,1.0,0.0,1.2857142857142858,-13.574349773873848,4.0,Treatment,1
https://x.com/kevin_nivek7/status/1996529948673421374,0.8333333333333334,1.0,0.05555555555555555,1.5555555555555556,-2.708033401263488,3.0,Treatment,1
https://x.com/kevin_nivek7/status/1998706731342295124,0.8421052631578947,1.0,0.0,1.3157894736842106,-13.64366148853691,3.0,Control,0
https://x.com/kevin_nivek7/status/1998708490525868104,1.0,1.0,0.0,1.0,-13.815511557963774,2.0,Control,0
https://x.com/kevin_nivek7/status/2001643834107986420,0.6363636363636364,1.0,0.0,1.3636363636363635,-13.363527005648553,3.0,Control,0
https://x.com/kevin_nivek7/status/2001647220308037910,0.8333333333333334,1.0,0.0,1.3095238095238095,-13.6331902011696,3.0,Treatment,1
https://x.com/khanun220504/status/2008857712407576624,0.6666666666666666,1.0,0.0,1.8333333333333333,-13.410046949854985,3.0,Treatment,1
https://x.com/ki_adel/status/2005964952851603599,0.8076923076923077,1.0,0.038461538461538464,1.5384615384615385,-3.044497676155889,3.0,Treatment,1
https://x.com/kishineff/status/1997568162829877265,1.0,1.0,0.0,1.0,-13.815511557963774,2.0,Control,0
https://x.com/knotrushin/status/2000926804102799763,1.0,1.0,0.0,1.0,-13.815511557963774,2.0,Treatment,1
https://x.com/krlttk/status/1998347958257881316,0.4,3.0,0.4,5.1,0.0,2.0,Treatment,1
https://x.com/ktagseth/status/1996208572900806706,1.0,1.0,0.0,1.0,-13.815511557963774,2.0,Control,0
https://x.com/ktagseth/status/1996551467252297792,1.0,1.0,0.0,1.0,-13.815511557963774,2.0,Control,0
https://x.com/ktagseth/status/2001638765765497040,0.5833333333333334,1.0,0.08333333333333333,2.3333333333333335,-1.9458998634115576,4.0,Control,0
https://x.com/lbrewer190/status/1997599787441430987,1.0,1.0,0.0,1.0,-13.815511557963774,2.0,Treatment,1
https://x.com/leftyvegan/status/2000785896904298790,0.9444444444444444,1.0,0.027777777777777776,1.3611111111111112,-3.5263255840871146,2.0,Control,0
https://x.com/leser8989/status/2004121844681789470,0.7142857142857143,1.0,0.07142857142857142,2.642857142857143,-2.302572493091065,2.0,Control,0
https://x.com/leser8989/status/2008484746993475873,1.0,1.0,0.0,1.0,-13.815511557963774,2.0,Control,0
https://x.com/leser8989/status/2008484980964331758,0.8846153846153846,1.0,0.11538461538461539,1.9230769230769231,-2.0368743910660725,2.0,Treatment,1
https://x.com/lesnievsky/status/2008901302554595710,1.0,1.0,0.0,1.0,-13.815511557963774,2.0,Treatment,1
https://x.com/letmelooktv/status/1996513402018292094,0.9705882352941176,1.0,0.0,1.0294117647058822,-13.785658625117092,2.0,Control,0
https://x.com/lettuceorganise/status/2006206435940880850,0.8333333333333334,1.0,0.0,1.1666666666666667,-13.6331902011696,3.0,Control,0
https://x.com/ll_mansfield/status/2000115053001941352,0.9090909090909091,1.0,0.0,1.1818181818181819,-13.720201478159344,2.0,Treatment,1
https://x.com/loony_not/status/2005230871025230127,0.9375,1.0,0.0625,1.75,-2.708035267896306,2.0,Treatment,1
https://x.com/lordgmanilson/status/2008860429674741897,0.6666666666666666,1.0,0.0,1.3333333333333333,-13.410046949854985,3.0,Control,0
https://x.com/lredl3_/status/1996465884060414227,0.8333333333333334,1.0,0.08333333333333333,2.4166666666666665,-2.3025742930653252,2.0,Treatment,1
https://x.com/lredl3_/status/1997974035536506972,0.5,1.0,0.0,1.5,-13.122365377402328,3.0,Control,0
https://x.com/lredl3_/status/2005886040796471616,0.6666666666666666,1.0,0.0,1.6666666666666667,-13.410046949854985,2.0,Treatment,1
https://x.com/lula_leftist/status/2000174759095550077,0.8,1.0,0.06666666666666667,1.7333333333333334,-2.484892899899718,3.0,Control,0
https://x.com/lula_leftist/status/2001228749308600652,0.9367088607594937,1.0,0.012658227848101266,1.2025316455696202,-4.303987163891503,2.0,Control,0
https://x.com/lula_leftist/status/2001232839359005061,0.75,1.0,0.0,1.75,-13.527829818844937,2.0,Control,0
https://x.com/lula_leftist/status/2010683442682270206,0.75,1.0,0.25,3.75,-1.0986096220085544,2.0,Control,0
https://x.com/lyfewavs/status/2000564923580232062,0.9,1.0,0.0,1.2,-13.710151153416941,2.0,Control,0
https://x.com/macawsrock/status/1997929389208871002,0.9041095890410958,1.0,0.0,1.1232876712328768,-13.714706964902303,3.0,Control,0
https://x.com/macgiver351/status/2002738182421700724,0.9130434782608695,1.0,0.0,1.1521739130434783,-13.724539874996044,3.0,Treatment,1
https://x.com/machteloze/status/1996119100016525689,0.96875,1.0,0.0,1.03125,-13.783762891907225,2.0,Treatment,1
https://x.com/mackaycallum44/status/2004075227127681384,0.5,1.0,0.0,2.0,-13.122365377402328,2.0,Control,0
https://x.com/mackaycallum44/status/2004076589903135090,0.75,1.0,0.125,2.375,-1.7917528025924994,3.0,Treatment,1
https://x.com/madame_moyen/status/2000429147693203797,0.8333333333333334,1.0,0.0,1.25,-13.6331902011696,4.0,Control,0
https://x.com/madamglobal/status/2008834108043272348,0.95,1.0,0.0,1.1166666666666667,-13.76421831620775,2.0,Treatment,1
https://x.com/magloirebetty/status/1996149872911691842,0.52,1.0,0.16,2.96,-1.1786506694362513,5.0,Treatment,1
https://x.com/manojzxc/status/2008038636969976045,0.4126984126984127,2.0,0.047619047619047616,2.6507936507936507,-2.1594656726478565,6.0,Treatment,1
https://x.com/mariaprecious12/status/2005187785066529267,0.92,1.0,0.0,1.12,-13.732130035981154,2.0,Control,0
https://x.com/markcotter1964/status/2010329143464861701,0.7272727272727273,1.0,0.09090909090909091,1.8181818181818181,-2.07943191673939,3.0,Treatment,1
https://x.com/martianwyrdlord/status/2009115417332056534,0.6181556195965417,1.0,0.00792507204610951,1.5223342939481268,-4.356584270545976,3.0,Control,0
https://x.com/maryfloor/status/2001254975591342372,1.0,1.0,0.0,1.0,-13.815511557963774,2.0,Control,0
https://x.com/maryskaron/status/2005236283262861644,0.75,1.0,0.03125,1.53125,-3.1780231641923793,3.0,Treatment,1
https://x.com/maturefinancier/status/1996514007398912147,0.5,1.0,0.25,3.75,-0.6931451805659454,2.0,Control,0
https://x.com/maturefinancier/status/1998323709757501712,0.6,1.0,0.0,3.0,-13.304686600863562,2.0,Control,0
https://x.com/maturefinancier/status/1998326530397614356,0.8,1.0,0.0,1.7,-13.592368256649284,2.0,Control,0
https://x.com/maturefinancier/status/2001617027363148281,1.0,1.0,0.0,1.0,-13.815511557963774,2.0,Treatment,1
https://x.com/maturefinancier/status/2001627921572860173,0.8571428571428571,1.0,0.0,1.5714285714285714,-13.661361044803002,2.0,Control,0
https://x.com/mauduitf/status/2000513062131167457,0.6923076923076923,1.0,0.15384615384615385,2.6153846153846154,-1.5040723412408001,4.0,Control,0
https://x.com/maxindixie/status/2003418643682451710,0.5,1.0,0.375,4.25,-0.28768140578667,3.0,Treatment,1
https://x.com/maxindixie/status/2010225175342571959,0.75,1.0,0.09375,1.96875,-2.079432208402502,4.0,Treatment,1
https://x.com/mazzenilsson/status/1998010298624565660,0.6159600997506235,1.0,0.14463840399002495,2.683291770573566,-1.4489400357928182,3.0,Control,0
https://x.com/mercernany/status/2008149983711867025,1.0,1.0,0.0,1.0,-13.815511557963774,2.0,Treatment,1
https://x.com/mg89of/status/2011707689408348549,1.0,1.0,0.0,1.0,-13.815511557963774,2.0,Control,0
https://x.com/micheldegroen/status/1995769507143376926,0.8695652173913043,1.0,0.08695652173913043,1.6956521739130435,-2.302574743059509,2.0,Treatment,1
https://x.com/michelwaarheid/status/2005962614585614837,0.6,1.0,0.0,1.7,-13.304686600863562,3.0,Treatment,1
https://x.com/mijas2022/status/2006298440968417518,1.0,1.0,0.0,1.0,-13.815511557963774,2.0,Treatment,1
https://x.com/mijas2022/status/2009192875456909789,0.8,1.0,0.0,1.2,-13.592368256649284,3.0,Treatment,1
https://x.com/milliondivs/status/1996462528822751632,0.5,1.0,0.0,3.0,-13.122365377402328,2.0,Treatment,1
https://x.com/mindwarz/status/1998391917147480168,1.0,1.0,0.0,1.0,-13.815511557963774,2.0,Control,0
https://x.com/mindwarz/status/2002732875347849599,0.5833333333333334,1.0,0.0,1.8333333333333333,-13.276515771515832,4.0,Control,0
https://x.com/mjafri1214/status/2005179871635595408,0.9545454545454546,1.0,0.0,1.0454545454545454,-13.76899158994788,2.0,Control,0
https://x.com/mobbs_mentality/status/2012865059169431683,0.8345514950166113,1.0,0.004097452934662237,1.2150055370985604,-5.316286077581956,3.0,Treatment,1
https://x.com/monon7143230/status/2000914386135760969,1.0,1.0,0.0,1.0,-13.815511557963774,2.0,Control,0
https://x.com/monon7143230/status/2005868282989982040,0.8,1.0,0.0,1.4,-13.592368256649284,2.0,Control,0
https://x.com/monon7143230/status/2008796058319733043,0.42857142857142855,2.0,0.0,2.5714285714285716,-12.968215030907682,3.0,Control,0
https://x.com/moscow__calling/status/1999111984155910534,0.5384615384615384,1.0,0.07692307692307693,2.2,-1.9458990062809451,3.0,Control,0
https://x.com/moscow__calling/status/2000899806667907223,0.7391304347826086,1.0,0.0,1.4782608695652173,-13.513231039031602,3.0,Control,0
https://x.com/mrSatias/status/2000141570960719990,0.9285714285714286,1.0,0.0,1.0714285714285714,-13.741403662733049,3.0,Control,0
https://x.com/mrSatias/status/2002691172867911945,0.2210796915167095,3.0,0.2750642673521851,4.10025706940874,0.2184806504702245,2.0,Control,0
https://x.com/musa_mansa/status/2003100352170827811,0.9404861693210393,1.0,0.001341156747694887,1.0740989103101426,-6.552120172956418,3.0,Treatment,1
https://x.com/mvernengo1/status/2005266281516371979,0.7333333333333333,1.0,0.0,1.3333333333333333,-13.505356993295868,4.0,Treatment,1
https://x.com/neembeam/status/2010342011363324405,0.7241379310344828,1.0,0.06896551724137931,1.9655172413793103,-2.351362138220029,3.0,Treatment,1
https://x.com/niinamuslimah/status/1995819960719839356,0.3765432098765432,2.0,0.16666666666666666,3.8703703703703702,-0.8150336539211606,7.0,Control,0
https://x.com/nikto20001/status/1999009876572516441,0.5714285714285714,1.0,0.14285714285714285,3.0,-1.3862891111428592,4.0,Control,0
https://x.com/ninjitalia/status/2000536732887105850,0.75,1.0,0.0,1.25,-13.527829818844937,3.0,Control,0
https://x.com/nobodyudlike/status/2002962373791928561,0.5,1.0,0.5,6.0,0.0,2.0,Control,0
https://x.com/notsoblackcatt/status/2002646260231364871,1.0,1.0,0.0,1.0,-13.815511557963774,2.0,Control,0
https://x.com/nxt888/status/1997924067979165790,0.8546543277082199,1.0,0.017419706042460535,1.3361458900381056,-3.8930387610033126,3.0,Treatment,1
https://x.com/nxt888/status/2009173523458294219,0.8444555475751804,1.0,0.013115573181775598,1.3281391499859476,-4.16481672250397,3.0,Control,0
https://x.com/oilngas007/status/1998620262703706244,0.75,1.0,0.0,1.5,-13.527829818844937,5.0,Treatment,1
https://x.com/omegacloud/status/2000763893258277137,0.5,1.0,0.0,2.0,-13.122365377402328,5.0,Treatment,1
https://x.com/pStetenfeld/status/2005982864123519223,0.2,11.0,0.6,7.6,1.0986089553458873,2.0,Treatment,1
https://x.com/paddytoland/status/2008875845302247751,0.8181818181818182,1.0,0.0,1.1818181818181819,-13.614841084723599,3.0,Treatment,1
https://x.com/patrioticshoe/status/2009136720298885325,0.75,1.0,0.0,1.75,-13.527829818844937,3.0,Treatment,1
https://x.com/peet202411/status/2001183010620608515,1.0,1.0,0.0,1.0,-13.815511557963774,2.0,Treatment,1
https://x.com/petechatziplis/status/1998713393004605825,0.42592592592592593,2.0,0.14814814814814814,3.3333333333333335,-1.0560482720954258,3.0,Treatment,1
https://x.com/peter777j/status/2002709687851225444,0.6351351351351351,1.0,0.013513513513513514,1.4324324324324325,-3.850075178914769,3.0,Treatment,1
https://x.com/petermortell1/status/2001629695540912549,0.7,1.0,0.0,1.45,-13.45883704259595,5.0,Treatment,1
https://x.com/phat3lvis/status/2000410097281863958,0.9305555555555556,1.0,0.013888888888888888,1.1805555555555556,-4.20462169660913,2.0,Control,0
https://x.com/pidriarel/status/1995809574016680391,0.5359477124183006,1.0,0.0,2.189542483660131,-13.19179374968801,6.0,Control,0
https://x.com/platykitten/status/2008406904108970270,0.3333333333333333,2.0,0.0,2.0,-12.716901269291665,3.0,Treatment,1
https://x.com/pro439041399/status/1996206843035836888,0.9620253164556962,1.0,0.0,1.0886075949367089,-13.776797085256728,2.0,Control,0
https://x.com/progressero/status/2001238652886900953,0.6842105263157895,1.0,0.05263157894736842,1.9473684210526316,-2.564931819179428,3.0,Treatment,1
https://x.com/radostmala/status/2012790772446228857,0.9,1.0,0.03333333333333333,1.4,-3.295807977564814,2.0,Control,0
https://x.com/rbg4lif/status/1995800593873490400,0.475,2.0,0.05,2.675,-2.251273904067434,7.0,Treatment,1
https://x.com/rbg4lif/status/1996534748345209128,0.5833333333333334,1.0,0.027777777777777776,1.9166666666666667,-3.0444881526556524,5.0,Control,0
https://x.com/rbg4lif/status/2001290758318424394,0.7659574468085106,1.0,0.0,1.3191489361702127,-13.54888320026503,3.0,Control,0
https://x.com/rbg4lif/status/2005248212248953295,0.6046511627906976,1.0,0.046511627906976744,2.2325581395348837,-2.5649295115374446,4.0,Treatment,1
https://x.com/realRobPlumber/status/2008435772379058672,0.9615384615384616,1.0,0.0,1.0897435897435896,-13.776290884810452,2.0,Treatment,1
https://x.com/realTobiasR/status/1998313632174604321,1.0,1.0,0.0,1.0,-13.815511557963774,2.0,Treatment,1
https://x.com/realcauchemar/status/2000203187916259654,0.875,1.0,0.0,1.25,-13.681980308196241,2.0,Treatment,1
https://x.com/realideas3/status/1996468632629678299,0.5,1.0,0.0,3.0,-13.122365377402328,2.0,Control,0
https://x.com/realideas3/status/2005135497535127929,0.75,1.0,0.0,1.25,-13.527829818844937,3.0,Treatment,1
https://x.com/realjammerjoh/status/2003002737261162784,0.8333333333333334,1.0,0.08333333333333333,1.9166666666666667,-2.3025742930653252,3.0,Treatment,1
https://x.com/realomegahpla/status/2000547744038170632,0.7777777777777778,1.0,0.1111111111111111,2.3333333333333335,-1.9459024348092724,3.0,Treatment,1
https://x.com/realomegahpla/status/2004176930300625047,0.75,1.0,0.1,2.4,-2.014894353924709,2.0,Treatment,1
https://x.com/recalltonal/status/2010710347481563195,0.1124031007751938,2.0,0.046511627906976744,2.2868217054263567,-0.8823765769417454,3.0,Treatment,1
https://x.com/reivanen/status/2004178835219284191,1.0,1.0,0.0,1.0,-13.815511557963774,2.0,Control,0
https://x.com/renegademormon/status/2000800988979192002,0.9823321554770318,1.0,0.0,1.0212014134275618,-13.797685791996766,2.0,Treatment,1
https://x.com/rhovanion2/status/2006636783279170008,0.8245614035087719,1.0,0.017543859649122806,1.4035087719298245,-3.850091816099719,3.0,Control,0
https://x.com/ricwe123/status/2008085524569878923,0.8344126731094949,1.0,0.04383780013948391,1.6206037660655574,-2.9462100171245424,3.0,Treatment,1
https://x.com/rnick5338/status/2008897981437943849,0.4444444444444444,2.0,0.1111111111111111,3.6666666666666665,-1.386287611157859,4.0,Control,0
https://x.com/rodgarza2001/status/2005243074205671934,0.9545454545454546,1.0,0.0,1.0454545454545454,-13.76899158994788,2.0,Control,0
https://x.com/romanlouisville/status/2002691763698647122,0.9285714285714286,1.0,0.0,1.0952380952380953,-13.741403662733049,2.0,Control,0
https://x.com/rtt060/status/2008076751893930346,1.0,1.0,0.0,1.0,-13.815511557963774,2.0,Control,0
https://x.com/rupert_jennings/status/1996215003838599559,0.8128440366972477,1.0,0.0027522935779816515,1.2807339449541284,-5.68774262484076,3.0,Treatment,1
https://x.com/rushrevolt2/status/1997917620742275477,0.9166666666666666,1.0,0.0,1.2083333333333333,-13.72850027188314,2.0,Treatment,1
https://x.com/russe61784/status/2002689876677083275,0.8,1.0,0.0,1.2,-13.592368256649284,3.0,Treatment,1
https://x.com/rustokratr/status/2008771907831910757,0.8837209302325582,1.0,0.0,1.302325581395349,-13.691897733575404,2.0,Control,0
https://x.com/salem942408569/status/2008061269035872666,0.5,1.0,0.0,1.5,-13.122365377402328,3.0,Control,0
https://x.com/sally_sneddon/status/1998726611638596032,0.8333333333333334,1.0,0.0,1.6666666666666667,-13.6331902011696,2.0,Control,0
https://x.com/sally_sneddon/status/1998727590815687103,0.75,1.0,0.125,2.25,-1.7917528025924994,3.0,Treatment,1
https://x.com/sashafrp/status/2005241383389708668,0.6666666666666666,1.0,0.0,1.5,-13.410046949854985,4.0,Control,0
https://x.com/scottwa80184192/status/1998004286123577821,1.0,1.0,0.0,1.0,-13.815511557963774,2.0,Control,0
https://x.com/sdogiii/status/1996127613606396269,0.9411764705882353,1.0,0.029411764705882353,1.2352941176470589,-3.465702965877149,2.0,Treatment,1
https://x.com/sea_bouy/status/2000868048606310638,0.6739130434782609,1.0,0.0,1.326086956521739,-13.420857849830192,3.0,Control,0
https://x.com/selvarin/status/2012759806545666414,0.8666666666666667,1.0,0.0,1.4,-13.67241086816909,2.0,Treatment,1
https://x.com/sempsictyranis/status/1996157076125749592,0.8888888888888888,1.0,0.0,1.4444444444444444,-13.697728647307258,2.0,Control,0
https://x.com/sgril25/status/1998724488117235975,1.0,1.0,0.0,1.0,-13.815511557963774,2.0,Control,0
https://x.com/shaandrix/status/2005178454602645736,0.7222222222222222,1.0,0.1111111111111111,2.5,-1.8717945615565172,3.0,Control,0
https://x.com/shcutter/status/2001595057070391730,1.0,1.0,0.0,1.0,-13.815511557963774,2.0,Treatment,1
https://x.com/ship_steward/status/1998003090683736567,0.2,4.0,0.0,3.4,-12.206077645517674,2.0,Control,0
https://x.com/sickstringer/status/2001571671510249775,0.6,1.0,0.2,3.4,-1.0986089553458873,3.0,Control,0
https://x.com/sickstringer/status/2002628123909894656,0.8939393939393939,1.0,0.015151515151515152,1.2474747474747474,-4.077472564727066,3.0,Control,0
https://x.com/siillvveer22/status/2000068023127052331,0.7027027027027027,1.0,0.0,2.1621621621621623,-13.462690606417443,2.0,Control,0
https://x.com/silqueduck/status/2008538639639126167,0.7272727272727273,1.0,0.09090909090909091,2.090909090909091,-2.07943191673939,4.0,Treatment,1
https://x.com/sirimeetra/status/1997888823561523262,0.9825581395348837,1.0,0.01744186046511628,1.122093023255814,-4.031230112316084,2.0,Control,0
https://x.com/sirimeetra/status/2005885817211023754,0.974025974025974,1.0,0.0,1.025974025974026,-13.78919427631304,2.0,Treatment,1
https://x.com/speakeezie/status/2000489253281972434,0.8682170542635659,1.0,0.0,1.1472868217054264,-13.674198176682747,3.0,Treatment,1
https://x.com/spiggzy/status/1999005531319517442,0.7333333333333333,1.0,0.0,1.2666666666666666,-13.505356993295868,3.0,Treatment,1
https://x.com/spiro_777/status/1996124046581514330,0.9539473684210527,1.0,0.003289473684210526,1.0986842105263157,-5.669578017454469,2.0,Treatment,1
https://x.com/spiro_777/status/2002669329847103831,0.8,1.0,0.0,1.8,-13.592368256649284,2.0,Treatment,1
https://x.com/stanger_05/status/2003459028547174512,0.9166666666666666,1.0,0.0,1.3333333333333333,-13.72850027188314,2.0,Control,0
https://x.com/star877/status/2003713149246050515,0.782608695652174,1.0,0.0,1.3478260869565217,-13.570389377708251,3.0,Treatment,1
https://x.com/starrshine369/status/2000095597039071591,0.4,3.0,0.0,2.4,-12.899222326086994,2.0,Control,0
https://x.com/stephen_pepsi/status/2011727651179020404,0.9166666666666666,1.0,0.08333333333333333,1.5833333333333333,-2.397884363778866,2.0,Control,0
https://x.com/steveh689/status/2002575154011115968,1.0,1.0,0.0,1.0,-13.815511557963774,2.0,Treatment,1
https://x.com/stickwoman85669/status/1998754314840396239,0.76,1.0,0.04,1.6,-2.9444152952675435,4.0,Control,0
https://x.com/stof3345/status/1998651174942060719,0.8571428571428571,1.0,0.0,1.4285714285714286,-13.661361044803002,2.0,Treatment,1
https://x.com/stpgop/status/1998621598329495733,0.45454545454545453,3.0,0.09090909090909091,2.6363636363636362,-1.6094291124921798,2.0,Treatment,1
https://x.com/strider_astride/status/2002944333972971931,0.6666666666666666,1.0,0.0,2.6666666666666665,-13.410046949854985,2.0,Treatment,1
https://x.com/sweettart024/status/2009139375897227289,1.0,1.0,0.0,1.0,-13.815511557963774,2.0,Treatment,1
https://x.com/tany12044/status/1998298726801211745,0.8,1.0,0.2,2.6,-1.3862906111316093,2.0,Treatment,1
https://x.com/tedkel/status/1995823064500637950,0.8035714285714286,1.0,0.0,1.4464285714285714,-13.596822601443115,2.0,Control,0
https://x.com/tempesttree/status/2000773190948163674,0.7222222222222222,1.0,0.05555555555555555,1.8888888888888888,-2.564932742237961,4.0,Treatment,1
https://x.com/terryrus99/status/2008076052430835999,0.875,1.0,0.0625,1.6875,-2.639042472599747,2.0,Control,0
https://x.com/texnbob1/status/1995811234340352218,0.7586206896551724,1.0,0.13793103448275862,2.2758620689655173,-1.7047421604456556,2.0,Control,0
https://x.com/thefuturebyJC/status/2002696452771045593,0.6666666666666666,1.0,0.0,1.5396825396825398,-13.410046949854985,3.0,Control,0
https://x.com/thefuturebyJC/status/2008121449559757070,0.875,1.0,0.0,1.125,-13.681980308196241,3.0,Control,0
https://x.com/therealonknows/status/2003804183212835286,0.2,3.0,0.0,3.2,-12.206077645517674,5.0,Treatment,1
https://x.com/thewatc95717625/status/2000861384083398844,0.7948717948717948,1.0,0.05128205128205128,1.7179487179487178,-2.740821782179048,3.0,Control,0
https://x.com/thisiskeena/status/2005894883563684157,0.8571428571428571,1.0,0.0,1.2857142857142858,-13.661361044803002,2.0,Treatment,1
https://x.com/thor_sloan/status/1996122598233538615,0.9411764705882353,1.0,0.058823529411764705,1.3529411764705883,-2.772572784883715,2.0,Treatment,1
https://x.com/toddgardens/status/1997592796098936894,0.25,2.0,0.25,4.5,0.0,3.0,Control,0
https://x.com/toku_michel/status/1996157166458225044,0.9215686274509803,1.0,0.0196078431372549,1.1764705882352942,-3.8500976881163087,3.0,Treatment,1
https://x.com/tonyaddison/status/1996506846321050001,0.972972972972973,1.0,0.0,1.1081081081081081,-13.788112611553409,2.0,Control,0
https://x.com/tonyaddison/status/2003391404081578398,-0.8333333333333334,2.0,0.0,2.1818181818181817,,1.0,Control,0
https://x.com/trip6/status/2000805929114120225,0.8058252427184466,1.0,0.009708737864077669,1.3786407766990292,-4.418738854063819,4.0,Control,0
https://x.com/triples33/status/2001235507473158150,0.9259259259259259,1.0,0.0,1.0740740740740742,-13.738550596827563,3.0,Treatment,1
https://x.com/tuscantony/status/2008900575509770732,0.5,1.0,0.0,2.0,-13.122365377402328,3.0,Treatment,1
https://x.com/twasthentisnow/status/2009230531146469483,1.0,1.0,0.0,1.0,-13.815511557963774,2.0,Treatment,1
https://x.com/twittypolitty/status/2000837732747132938,0.9230769230769231,1.0,0.07692307692307693,1.6153846153846154,-2.484894733205246,2.0,Control,0
https://x.com/ulgenfatma74/status/2001617833600618539,0.8571428571428571,1.0,0.0,1.1428571428571428,-13.661361044803002,3.0,Treatment,1
https://x.com/uncoverups/status/2000148622000713872,0.6666666666666666,1.0,0.3333333333333333,3.6666666666666665,-0.6931456805633205,2.0,Control,0
https://x.com/ussrminder/status/2003714592393023959,0.7727272727272727,1.0,0.0,1.4545454545454546,-13.557682742778985,4.0,Treatment,1
https://x.com/vernalkeith66/status/2005215208747495652,0.7708333333333334,1.0,0.0,1.3125,-13.555228756997064,3.0,Treatment,1
https://x.com/vick55top/status/2003788841908314356,0.8039041703637977,1.0,0.0,1.2102928127772847,-13.597236593896064,3.0,Treatment,1
https://x.com/vick55top/status/2004141469712445769,0.9858960176991151,1.0,0.0030420353982300885,1.0448008849557522,-5.7806964011015065,2.0,Control,0
https://x.com/videomax11/status/1998642985945432401,0.8333333333333334,1.0,0.0,1.8333333333333333,-13.6331902011696,2.0,Treatment,1
https://x.com/viralvideonews3/status/2006629466160656813,0.59375,1.0,0.09375,2.5,-1.8458177080976608,3.0,Treatment,1
https://x.com/vivienstevens23/status/2002693582432706881,0.9230769230769231,1.0,0.0,1.0769230769230769,-13.735468933623483,3.0,Control,0
https://x.com/vladimirputiniu/status/2006238336583885093,0.8432207376740685,1.0,0.013478547233722243,1.3480899510726383,-4.13605644051152,3.0,Control,0
https://x.com/volkova_ma57183/status/2002657836002902127,0.8333333333333334,1.0,0.0,1.3333333333333333,-13.6331902011696,2.0,Control,0
https://x.com/vraagstaart/status/1999027432385581412,0.8214285714285714,1.0,0.0,1.4285714285714286,-13.618801481108783,2.0,Treatment,1
https://x.com/vulturecorso/status/2001557899152417137,0.859375,1.0,0.0,1.328125,-13.663961823472759,2.0,Control,0
https://x.com/vulturecorso/status/2001563964367606119,0.49056603773584906,2.0,0.018867924528301886,2.2641509433962264,-3.258045577885393,3.0,Treatment,1
https://x.com/walsh_kirk91371/status/1999046589030232288,0.7258064516129032,1.0,0.08064516129032258,1.8225806451612903,-2.1972135551899274,3.0,Control,0
https://x.com/walsh_kirk91371/status/2005985804150268191,0.9130434782608695,1.0,0.0,1.1304347826086956,-13.724539874996044,2.0,Control,0
https://x.com/walt_j_kovacs/status/2000555413138530349,1.0,1.0,0.0,1.0,-13.815511557963774,2.0,Control,0
https://x.com/watson_jam42276/status/1996123544091349052,0.9746835443037974,1.0,0.0,1.0632911392405062,-13.789869153324435,2.0,Control,0
https://x.com/wildwor91537734/status/2000509587926208766,1.0,1.0,0.0,1.0,-13.815511557963774,2.0,Control,0
https://x.com/wildwor91537734/status/2001235887741694171,0.8666666666666667,1.0,0.0,1.4,-13.67241086816909,3.0,Treatment,1
https://x.com/wildwor91537734/status/2006001400841715846,0.7647058823529411,1.0,0.058823529411764705,1.7647058823529411,-2.5649336652974877,3.0,Treatment,1
https://x.com/will_roche/status/2008896606968377608,0.9126984126984127,1.0,0.007936507936507936,1.1825396825396826,-4.744807231952157,3.0,Control,0
https://x.com/wogoa1/status/1995804312765678020,1.0,1.0,0.0,1.0,-13.815511557963774,2.0,Treatment,1
https://x.com/wogoa1/status/2001286787444994235,1.0,1.0,0.0,1.0,-13.815511557963774,2.0,Treatment,1
https://x.com/woutschaap/status/2002712058232770794,0.8571428571428571,1.0,0.0,1.1428571428571428,-13.661361044803002,3.0,Treatment,1
https://x.com/yvesjordan16/status/2006629165487833421,1.0,1.0,0.0,1.0,-13.815511557963774,2.0,Control,0
https://x.com/z500_tj/status/1995775144703213954,0.5416666666666666,1.0,0.0,1.9583333333333333,-13.202407931230008,5.0,Treatment,1
https://x.com/zakhele_mkh/status/2009234724167012609,0.8181818181818182,1.0,0.09090909090909091,1.9090909090909092,-2.1972147996181945,2.0,Control,0
https://x.com/ze_mini/status/2001263122628419929,0.625,1.0,0.0,1.5,-13.345508528717259,4.0,Treatment,1
https://x.com/zsylvainz/status/1997879010735407345,0.8574766355140186,1.0,0.009345794392523364,1.2593457943925233,-4.518961658870626,3.0,Control,0
