submission_date,response_id,evaluator_id,baseclaim_id,left_narrative_id,left_rhetorical_id,left_style_id,right_narrative_id,right_rhetorical_id,right_style_id,kpi_id,left_chosen,response_time
23/09/2024 07:47,1,1,1,111,12,1,129,13,9,1,1,59
23/09/2024 07:47,2,1,1,111,12,1,129,13,9,2,1,7
23/09/2024 07:47,3,1,1,111,12,1,129,13,9,3,1,24
23/09/2024 07:48,4,1,1,72,8,2,117,12,7,1,1,38
23/09/2024 07:48,5,1,1,72,8,2,117,12,7,2,1,8
23/09/2024 07:48,6,1,1,72,8,2,117,12,7,3,1,10
23/09/2024 07:49,7,1,1,36,4,6,94,10,4,1,1,42
23/09/2024 07:49,8,1,1,36,4,6,94,10,4,2,0,6
23/09/2024 07:49,9,1,1,36,4,6,94,10,4,3,0,5
23/09/2024 07:50,10,1,1,101,11,1,116,12,6,1,1,28
23/09/2024 07:50,11,1,1,101,11,1,116,12,6,2,1,15
23/09/2024 07:50,12,1,1,101,11,1,116,12,6,3,1,7
23/09/2024 07:51,13,1,1,81,9,1,104,11,4,1,1,21
23/09/2024 07:51,14,1,1,81,9,1,104,11,4,2,0,11
23/09/2024 07:52,15,1,1,81,9,1,104,11,4,3,1,50
23/09/2024 07:52,16,1,1,54,6,4,114,12,4,1,1,19
23/09/2024 07:52,17,1,1,54,6,4,114,12,4,2,0,1
23/09/2024 07:52,18,1,1,54,6,4,114,12,4,3,0,2
23/09/2024 07:52,19,1,1,10,1,10,53,6,3,1,0,18
23/09/2024 07:52,20,1,1,10,1,10,53,6,3,2,1,7
23/09/2024 07:52,21,1,1,10,1,10,53,6,3,3,1,4
23/09/2024 07:53,22,1,1,45,5,5,122,13,2,1,1,33
23/09/2024 07:53,23,1,1,45,5,5,122,13,2,2,1,3
23/09/2024 07:53,24,1,1,45,5,5,122,13,2,3,1,2
23/09/2024 07:53,25,1,1,79,8,9,86,9,6,1,0,15
23/09/2024 07:54,26,1,1,79,8,9,86,9,6,2,1,6
23/09/2024 07:54,27,1,1,79,8,9,86,9,6,3,0,4
23/09/2024 07:54,28,1,1,40,4,10,86,9,6,1,1,18
23/09/2024 07:54,29,1,1,40,4,10,86,9,6,2,0,5
23/09/2024 07:54,30,1,1,40,4,10,86,9,6,3,0,4
23/09/2024 07:55,31,1,1,52,6,2,68,7,8,1,1,47
23/09/2024 07:55,32,1,1,52,6,2,68,7,8,2,0,7
23/09/2024 07:55,33,1,1,52,6,2,68,7,8,3,1,5
23/09/2024 07:56,34,1,1,14,2,4,48,5,8,1,1,67
23/09/2024 07:56,35,1,1,14,2,4,48,5,8,2,0,1
23/09/2024 07:56,36,1,1,14,2,4,48,5,8,3,0,1
23/09/2024 07:57,37,1,1,2,1,2,13,2,3,1,0,25
23/09/2024 07:57,38,1,1,2,1,2,13,2,3,2,0,27
23/09/2024 07:57,39,1,1,2,1,2,13,2,3,3,0,3
23/09/2024 07:58,40,1,1,115,12,5,118,12,8,1,1,16
23/09/2024 07:58,41,1,1,115,12,5,118,12,8,2,0,20
23/09/2024 07:58,42,1,1,115,12,5,118,12,8,3,1,4
23/09/2024 07:59,43,1,1,105,11,5,123,13,3,1,0,54
23/09/2024 07:59,44,1,1,105,11,5,123,13,3,2,0,2
23/09/2024 07:59,45,1,1,105,11,5,123,13,3,3,0,2
23/09/2024 07:59,46,1,1,16,2,6,55,6,5,1,0,15
23/09/2024 07:59,47,1,1,16,2,6,55,6,5,2,1,4
23/09/2024 07:59,48,1,1,16,2,6,55,6,5,3,0,3
23/09/2024 08:00,49,1,1,21,3,1,60,6,10,1,0,16
23/09/2024 08:00,50,1,1,21,3,1,60,6,10,2,1,1
23/09/2024 08:00,51,1,1,21,3,1,60,6,10,3,1,5
23/09/2024 08:00,52,1,1,41,5,1,79,8,9,1,1,17
23/09/2024 08:00,53,1,1,41,5,1,79,8,9,2,0,3
23/09/2024 08:00,54,1,1,41,5,1,79,8,9,3,1,2
23/09/2024 08:01,55,1,1,20,2,10,130,13,10,1,0,35
23/09/2024 08:01,56,1,1,20,2,10,130,13,10,2,0,1
23/09/2024 08:01,57,1,1,20,2,10,130,13,10,3,0,1
23/09/2024 08:01,58,1,1,27,3,7,46,5,6,1,0,25
23/09/2024 08:01,59,1,1,27,3,7,46,5,6,2,1,7
23/09/2024 08:02,60,1,1,27,3,7,46,5,6,3,0,5
23/09/2024 08:02,61,1,1,108,11,8,118,12,8,1,0,42
23/09/2024 08:03,62,1,1,108,11,8,118,12,8,2,1,21
23/09/2024 08:03,63,1,1,108,11,8,118,12,8,3,0,2
23/09/2024 08:03,64,1,1,82,9,2,97,10,7,1,1,27
23/09/2024 08:03,65,1,1,82,9,2,97,10,7,2,1,9
23/09/2024 08:03,66,1,1,82,9,2,97,10,7,3,0,1
23/09/2024 08:03,67,1,1,34,4,4,95,10,5,1,1,8
23/09/2024 08:04,68,1,1,34,4,4,95,10,5,2,0,8
23/09/2024 08:04,69,1,1,34,4,4,95,10,5,3,0,7
23/09/2024 08:04,70,1,1,37,4,7,105,11,5,1,0,41
23/09/2024 08:04,71,1,1,37,4,7,105,11,5,2,0,2
23/09/2024 08:05,72,1,1,37,4,7,105,11,5,3,0,1
23/09/2024 08:05,73,1,1,5,1,5,84,9,4,1,0,13
23/09/2024 08:05,74,1,1,5,1,5,84,9,4,2,1,3
23/09/2024 08:05,75,1,1,5,1,5,84,9,4,3,1,17
23/09/2024 08:05,76,1,1,3,1,3,70,7,10,1,0,13
23/09/2024 08:05,77,1,1,3,1,3,70,7,10,2,1,2
23/09/2024 08:05,78,1,1,3,1,3,70,7,10,3,1,6
23/09/2024 08:06,79,1,1,17,2,7,117,12,7,1,1,42
23/09/2024 08:06,80,1,1,17,2,7,117,12,7,2,0,1
23/09/2024 08:06,81,1,1,17,2,7,117,12,7,3,0,1
23/09/2024 08:06,82,1,1,97,10,7,121,13,1,1,0,10
23/09/2024 08:07,83,1,1,97,10,7,121,13,1,2,0,13
23/09/2024 08:07,84,1,1,97,10,7,121,13,1,3,0,2
23/09/2024 08:07,85,1,1,23,3,3,45,5,5,1,0,26
23/09/2024 08:07,86,1,1,23,3,3,45,5,5,2,1,3
23/09/2024 08:07,87,1,1,23,3,3,45,5,5,3,0,1
23/09/2024 08:08,88,1,1,12,2,2,101,11,1,1,0,39
23/09/2024 08:08,89,1,1,12,2,2,101,11,1,2,0,1
23/09/2024 08:08,90,1,1,12,2,2,101,11,1,3,0,2
23/09/2024 08:08,91,1,1,26,3,6,84,9,4,1,0,28
23/09/2024 08:09,92,1,1,26,3,6,84,9,4,2,0,3
23/09/2024 08:09,93,1,1,26,3,6,84,9,4,3,0,1
23/09/2024 08:09,94,1,1,31,4,1,62,7,2,1,1,12
23/09/2024 08:09,95,1,1,31,4,1,62,7,2,2,0,11
23/09/2024 08:09,96,1,1,31,4,1,62,7,2,3,0,20
23/09/2024 08:10,97,1,1,20,2,10,73,8,3,1,1,12
23/09/2024 08:10,98,1,1,20,2,10,73,8,3,2,0,2
23/09/2024 08:10,99,1,1,20,2,10,73,8,3,3,1,1
23/09/2024 08:10,100,1,1,12,2,2,48,5,8,1,0,7
26/09/2024 05:58,101,1,1,12,2,2,48,5,8,2,0,24
26/09/2024 05:59,102,1,1,12,2,2,48,5,8,3,0,19
26/09/2024 05:59,103,1,1,4,1,4,7,1,7,1,1,14
26/09/2024 05:59,104,1,1,4,1,4,7,1,7,2,0,41
26/09/2024 06:00,105,1,1,4,1,4,7,1,7,3,1,4
26/09/2024 06:00,106,1,1,34,4,4,37,4,7,1,1,11
26/09/2024 06:00,107,1,1,34,4,4,37,4,7,2,0,9
26/09/2024 06:00,108,1,1,34,4,4,37,4,7,3,1,4
26/09/2024 06:01,109,1,1,74,8,4,90,9,10,1,0,37
26/09/2024 06:01,110,1,1,74,8,4,90,9,10,2,1,2
26/09/2024 06:01,111,1,1,74,8,4,90,9,10,3,1,8
26/09/2024 06:01,112,1,1,27,3,7,118,12,8,1,0,9
26/09/2024 06:01,113,1,1,27,3,7,118,12,8,2,1,20
26/09/2024 06:01,114,1,1,27,3,7,118,12,8,3,0,2
26/09/2024 06:02,115,1,1,36,4,6,78,8,8,1,1,15
26/09/2024 06:02,116,1,1,36,4,6,78,8,8,2,0,4
26/09/2024 06:02,117,1,1,36,4,6,78,8,8,3,0,2
26/09/2024 06:02,118,1,1,93,10,3,100,10,10,1,1,36
26/09/2024 06:02,119,1,1,93,10,3,100,10,10,2,1,2
26/09/2024 06:02,120,1,1,93,10,3,100,10,10,3,1,2
26/09/2024 06:03,121,1,1,50,5,10,99,10,9,1,1,54
26/09/2024 06:03,122,1,1,50,5,10,99,10,9,2,1,1
26/09/2024 06:03,123,1,1,50,5,10,99,10,9,3,1,1
26/09/2024 06:04,124,1,1,19,2,9,80,8,10,1,0,10
26/09/2024 06:04,125,1,1,19,2,9,80,8,10,2,0,21
26/09/2024 06:04,126,1,1,19,2,9,80,8,10,3,0,6
26/09/2024 06:05,127,1,1,52,6,2,80,8,10,1,0,44
26/09/2024 06:05,128,1,1,52,6,2,80,8,10,2,0,2
26/09/2024 06:05,129,1,1,52,6,2,80,8,10,3,0,2
26/09/2024 06:05,130,1,1,47,5,7,129,13,9,1,0,22
26/09/2024 06:05,131,1,1,47,5,7,129,13,9,2,0,2
26/09/2024 06:05,132,1,1,47,5,7,129,13,9,3,0,11
26/09/2024 06:06,133,1,1,11,2,1,96,10,6,1,1,54
26/09/2024 06:06,134,1,1,11,2,1,96,10,6,2,1,2
26/09/2024 06:07,135,1,1,11,2,1,96,10,6,3,1,5
26/09/2024 06:07,136,1,1,57,6,7,82,9,2,1,1,17
26/09/2024 06:07,137,1,1,57,6,7,82,9,2,2,1,3
26/09/2024 06:07,138,1,1,57,6,7,82,9,2,3,1,3
26/09/2024 06:08,139,1,1,24,3,4,93,10,3,1,0,56
26/09/2024 06:08,140,1,1,24,3,4,93,10,3,2,1,5
26/09/2024 06:08,141,1,1,24,3,4,93,10,3,3,1,2
26/09/2024 06:11,142,1,1,6,1,6,72,8,2,1,0,28
26/09/2024 06:11,143,1,1,6,1,6,72,8,2,2,0,12
26/09/2024 06:12,144,1,1,6,1,6,72,8,2,3,0,8
26/09/2024 06:12,145,1,1,81,9,1,98,10,8,1,1,36
26/09/2024 06:13,146,1,1,81,9,1,98,10,8,2,0,14
26/09/2024 06:13,147,1,1,81,9,1,98,10,8,3,1,5
26/09/2024 06:13,148,1,1,63,7,3,93,10,3,1,0,22
26/09/2024 06:13,149,1,1,63,7,3,93,10,3,2,0,8
26/09/2024 06:13,150,1,1,63,7,3,93,10,3,3,0,2
26/09/2024 06:14,151,1,1,78,8,8,81,9,1,1,0,21
26/09/2024 06:14,152,1,1,78,8,8,81,9,1,2,1,3
26/09/2024 06:14,153,1,1,78,8,8,81,9,1,3,1,7
26/09/2024 06:14,154,1,1,69,7,9,123,13,3,1,1,22
26/09/2024 06:14,155,1,1,69,7,9,123,13,3,2,0,7
26/09/2024 06:14,156,1,1,69,7,9,123,13,3,3,0,6
26/09/2024 06:15,157,1,1,33,4,3,34,4,4,1,0,12
26/09/2024 06:15,158,1,1,33,4,3,34,4,4,2,1,6
26/09/2024 06:15,159,1,1,33,4,3,34,4,4,3,0,16
26/09/2024 06:16,160,1,1,81,9,1,85,9,5,1,1,44
26/09/2024 06:16,161,1,1,81,9,1,85,9,5,2,1,11
26/09/2024 06:16,162,1,1,81,9,1,85,9,5,3,0,15
26/09/2024 06:16,163,1,1,16,2,6,120,12,10,1,0,8
26/09/2024 06:16,164,1,1,16,2,6,120,12,10,2,0,11
26/09/2024 06:17,165,1,1,16,2,6,120,12,10,3,0,2
26/09/2024 06:17,166,1,1,62,7,2,73,8,3,1,1,10
26/09/2024 06:17,167,1,1,62,7,2,73,8,3,2,0,4
26/09/2024 06:17,168,1,1,62,7,2,73,8,3,3,1,3
26/09/2024 06:17,169,1,1,55,6,5,108,11,8,1,1,29
26/09/2024 06:17,170,1,1,55,6,5,108,11,8,2,0,2
26/09/2024 06:18,171,1,1,55,6,5,108,11,8,3,1,9
26/09/2024 06:18,172,1,1,23,3,3,124,13,4,1,0,17
26/09/2024 06:18,173,1,1,23,3,3,124,13,4,2,1,3
26/09/2024 06:18,174,1,1,23,3,3,124,13,4,3,0,2
26/09/2024 06:20,175,1,1,6,1,6,23,3,3,1,0,14
26/09/2024 06:20,176,1,1,6,1,6,23,3,3,2,1,2
26/09/2024 06:20,177,1,1,6,1,6,23,3,3,3,0,2
26/09/2024 06:20,178,1,1,72,8,2,107,11,7,1,1,10
26/09/2024 06:20,179,1,1,72,8,2,107,11,7,2,0,12
26/09/2024 06:21,180,1,1,72,8,2,107,11,7,3,1,3
26/09/2024 06:21,181,1,1,44,5,4,88,9,8,1,0,9
26/09/2024 06:21,182,1,1,44,5,4,88,9,8,2,1,2
26/09/2024 06:21,183,1,1,44,5,4,88,9,8,3,1,7
26/09/2024 06:22,184,1,1,3,1,3,46,5,6,1,0,52
26/09/2024 06:22,185,1,1,3,1,3,46,5,6,2,0,1
26/09/2024 06:22,186,1,1,3,1,3,46,5,6,3,0,2
26/09/2024 06:22,187,1,1,29,3,9,65,7,5,1,0,18
26/09/2024 06:22,188,1,1,29,3,9,65,7,5,2,1,2
26/09/2024 06:22,189,1,1,29,3,9,65,7,5,3,0,10
26/09/2024 06:23,190,1,1,35,4,5,119,12,9,1,1,47
26/09/2024 06:23,191,1,1,35,4,5,119,12,9,2,0,5
26/09/2024 06:23,192,1,1,35,4,5,119,12,9,3,0,2
26/09/2024 06:24,193,1,1,24,3,4,112,12,2,1,1,21
26/09/2024 06:24,194,1,1,24,3,4,112,12,2,2,0,1
26/09/2024 06:24,195,1,1,24,3,4,112,12,2,3,0,8
26/09/2024 06:24,196,1,1,26,3,6,28,3,8,1,0,17
26/09/2024 06:24,197,1,1,26,3,6,28,3,8,2,1,2
26/09/2024 06:24,198,1,1,26,3,6,28,3,8,3,0,4
26/09/2024 06:25,199,1,1,28,3,8,122,13,2,1,0,16
26/09/2024 06:25,200,1,1,28,3,8,122,13,2,2,1,6
26/09/2024 06:25,201,1,1,28,3,8,122,13,2,3,1,24
26/09/2024 06:25,202,1,1,18,2,8,48,5,8,1,1,11
26/09/2024 06:25,203,1,1,18,2,8,48,5,8,2,0,2
26/09/2024 06:26,204,1,1,18,2,8,48,5,8,3,0,14
26/09/2024 06:26,205,1,1,15,2,5,33,4,3,1,0,8
26/09/2024 06:26,206,1,1,15,2,5,33,4,3,2,1,5
26/09/2024 06:26,207,1,1,15,2,5,33,4,3,3,1,10
26/09/2024 06:26,208,1,1,16,2,6,23,3,3,1,0,9
26/09/2024 06:26,209,1,1,16,2,6,23,3,3,2,0,4
26/09/2024 06:26,210,1,1,16,2,6,23,3,3,3,0,6
26/09/2024 06:27,211,1,1,10,1,10,79,8,9,1,1,12
26/09/2024 06:27,212,1,1,10,1,10,79,8,9,2,0,2
26/09/2024 06:27,213,1,1,10,1,10,79,8,9,3,1,5
26/09/2024 06:27,214,1,1,14,2,4,37,4,7,1,0,19
26/09/2024 06:27,215,1,1,14,2,4,37,4,7,2,0,9
26/09/2024 06:27,216,1,1,14,2,4,37,4,7,3,1,10
26/09/2024 06:28,217,1,1,40,4,10,73,8,3,1,1,6
26/09/2024 06:28,218,1,1,40,4,10,73,8,3,2,0,3
26/09/2024 06:28,219,1,1,40,4,10,73,8,3,3,0,6
27/09/2024 13:30,220,1,1,66,7,6,91,10,1,1,0,20
27/09/2024 13:30,221,1,1,66,7,6,91,10,1,2,1,22
27/09/2024 13:30,222,1,1,66,7,6,91,10,1,3,0,4
27/09/2024 13:31,223,1,1,11,2,1,42,5,2,1,1,40
27/09/2024 13:31,224,1,1,11,2,1,42,5,2,2,0,2
27/09/2024 13:31,225,1,1,11,2,1,42,5,2,3,0,4
27/09/2024 13:32,226,1,1,17,2,7,123,13,3,1,0,64
27/09/2024 13:32,227,1,1,17,2,7,123,13,3,2,0,2
27/09/2024 13:33,228,1,1,17,2,7,123,13,3,3,0,3
27/09/2024 13:33,229,1,1,78,8,8,82,9,2,1,0,38
27/09/2024 13:33,230,1,1,78,8,8,82,9,2,2,1,7
27/09/2024 13:34,231,1,1,78,8,8,82,9,2,3,0,37
27/09/2024 13:34,232,1,1,89,9,9,114,12,4,1,0,20
27/09/2024 13:34,233,1,1,89,9,9,114,12,4,2,1,3
27/09/2024 13:34,234,1,1,89,9,9,114,12,4,3,1,3
27/09/2024 13:35,235,1,1,8,1,8,62,7,2,1,0,27
27/09/2024 13:35,236,1,1,8,1,8,62,7,2,2,1,3
27/09/2024 13:35,237,1,1,8,1,8,62,7,2,3,0,6
27/09/2024 13:35,238,1,1,3,1,3,25,3,5,1,0,11
27/09/2024 13:35,239,1,1,3,1,3,25,3,5,2,1,7
27/09/2024 13:35,240,1,1,3,1,3,25,3,5,3,1,6
27/09/2024 13:36,241,1,1,48,5,8,105,11,5,1,0,18
27/09/2024 13:36,242,1,1,48,5,8,105,11,5,2,1,5
27/09/2024 13:36,243,1,1,48,5,8,105,11,5,3,1,4
27/09/2024 13:36,244,1,1,79,8,9,126,13,6,1,0,9
27/09/2024 13:36,245,1,1,79,8,9,126,13,6,2,1,2
27/09/2024 13:38,246,1,1,79,8,9,126,13,6,3,0,92
27/09/2024 13:38,247,1,1,30,3,10,55,6,5,1,0,11
27/09/2024 13:38,248,1,1,30,3,10,55,6,5,2,1,2
27/09/2024 13:38,249,1,1,30,3,10,55,6,5,3,1,1
27/09/2024 13:38,250,1,1,31,4,1,54,6,4,1,1,10
27/09/2024 13:38,251,1,1,31,4,1,54,6,4,2,0,6
27/09/2024 13:38,252,1,1,31,4,1,54,6,4,3,0,3
27/09/2024 13:39,253,1,1,11,2,1,23,3,3,1,0,20
27/09/2024 13:39,254,1,1,11,2,1,23,3,3,2,1,1
27/09/2024 13:39,255,1,1,11,2,1,23,3,3,3,0,1
27/09/2024 13:39,256,1,1,10,1,10,68,7,8,1,0,11
27/09/2024 13:39,257,1,1,10,1,10,68,7,8,2,1,4
27/09/2024 13:39,258,1,1,10,1,10,68,7,8,3,0,2
27/09/2024 13:39,259,1,1,80,8,10,85,9,5,1,0,15
27/09/2024 13:39,260,1,1,80,8,10,85,9,5,2,1,2
27/09/2024 13:40,261,1,1,80,8,10,85,9,5,3,0,49
27/09/2024 13:40,262,1,1,13,2,3,125,13,5,1,0,9
27/09/2024 13:41,263,1,1,13,2,3,125,13,5,2,1,10
27/09/2024 13:41,264,1,1,13,2,3,125,13,5,3,0,2
27/09/2024 13:41,265,1,1,20,2,10,93,10,3,1,1,22
27/09/2024 13:41,266,1,1,20,2,10,93,10,3,2,0,1
27/09/2024 13:42,267,1,1,20,2,10,93,10,3,3,0,27
27/09/2024 13:42,268,1,1,53,6,3,91,10,1,1,0,40
27/09/2024 13:42,269,1,1,53,6,3,91,10,1,2,1,3
27/09/2024 13:42,270,1,1,53,6,3,91,10,1,3,1,7
27/09/2024 13:43,271,1,1,1,1,1,5,1,5,1,1,16
27/09/2024 13:43,272,1,1,1,1,1,5,1,5,2,0,2
27/09/2024 13:43,273,1,1,1,1,1,5,1,5,3,1,1
27/09/2024 13:44,274,1,1,28,3,8,53,6,3,1,1,79
27/09/2024 13:44,275,1,1,28,3,8,53,6,3,2,0,5
27/09/2024 13:44,276,1,1,28,3,8,53,6,3,3,0,6
27/09/2024 13:45,277,1,1,42,5,2,101,11,1,1,0,13
27/09/2024 13:45,278,1,1,42,5,2,101,11,1,2,1,2
27/09/2024 13:45,279,1,1,42,5,2,101,11,1,3,1,7
27/09/2024 13:45,280,1,1,31,4,1,96,10,6,1,1,5
27/09/2024 13:45,281,1,1,31,4,1,96,10,6,2,0,3
27/09/2024 13:45,282,1,1,31,4,1,96,10,6,3,1,5
27/09/2024 13:45,283,1,1,10,1,10,92,10,2,1,0,14
27/09/2024 13:45,284,1,1,10,1,10,92,10,2,2,1,4
27/09/2024 13:45,285,1,1,10,1,10,92,10,2,3,0,2
27/09/2024 13:45,286,1,1,57,6,7,123,13,3,1,1,6
27/09/2024 13:46,287,1,1,57,6,7,123,13,3,2,0,3
27/09/2024 13:46,288,1,1,57,6,7,123,13,3,3,0,5
27/09/2024 13:46,289,1,1,18,2,8,102,11,2,1,1,18
27/09/2024 13:46,290,1,1,18,2,8,102,11,2,2,0,10
27/09/2024 13:46,291,1,1,18,2,8,102,11,2,3,1,2
27/09/2024 13:46,292,1,1,97,10,7,125,13,5,1,0,10
27/09/2024 13:47,293,1,1,97,10,7,125,13,5,2,1,7
27/09/2024 13:47,294,1,1,97,10,7,125,13,5,3,0,2
27/09/2024 13:47,295,1,1,36,4,6,70,7,10,1,1,8
27/09/2024 13:47,296,1,1,36,4,6,70,7,10,2,1,3
27/09/2024 13:47,297,1,1,36,4,6,70,7,10,3,0,1
27/09/2024 13:47,298,1,1,9,1,9,113,12,3,1,0,17
27/09/2024 13:47,299,1,1,9,1,9,113,12,3,2,0,4
27/09/2024 13:47,300,1,1,9,1,9,113,12,3,3,0,3
27/09/2024 13:48,301,1,1,71,8,1,75,8,5,1,0,14
27/09/2024 13:48,302,1,1,71,8,1,75,8,5,2,1,3
27/09/2024 13:48,303,1,1,71,8,1,75,8,5,3,0,2
27/09/2024 13:48,304,1,1,41,5,1,78,8,8,1,1,13
27/09/2024 13:48,305,1,1,41,5,1,78,8,8,2,1,3
27/09/2024 13:48,306,1,1,41,5,1,78,8,8,3,1,2
27/09/2024 13:48,307,1,1,79,8,9,113,12,3,1,0,5
27/09/2024 13:48,308,1,1,79,8,9,113,12,3,2,1,4
27/09/2024 13:48,309,1,1,79,8,9,113,12,3,3,0,4
27/09/2024 13:48,310,1,1,31,4,1,128,13,8,1,1,7
27/09/2024 13:48,311,1,1,31,4,1,128,13,8,2,0,3
27/09/2024 13:49,312,1,1,31,4,1,128,13,8,3,0,7
27/09/2024 13:49,313,1,1,30,3,10,110,11,10,1,1,12
27/09/2024 13:49,314,1,1,30,3,10,110,11,10,2,0,2
27/09/2024 13:49,315,1,1,30,3,10,110,11,10,3,0,17
27/09/2024 13:50,316,1,1,74,8,4,92,10,2,1,0,48
27/09/2024 13:50,317,1,1,74,8,4,92,10,2,2,1,2
27/09/2024 13:50,318,1,1,74,8,4,92,10,2,3,1,5
28/09/2024 11:34,319,1,1,44,5,4,54,6,4,1,1,55
28/09/2024 11:34,320,1,1,44,5,4,54,6,4,2,1,2
28/09/2024 11:34,321,1,1,44,5,4,54,6,4,3,1,3
28/09/2024 11:35,322,1,1,61,7,1,118,12,8,1,0,27
28/09/2024 11:35,323,1,1,61,7,1,118,12,8,2,1,2
28/09/2024 11:35,324,1,1,61,7,1,118,12,8,3,0,19
28/09/2024 11:35,325,1,1,45,5,5,103,11,3,1,1,12
28/09/2024 11:35,326,1,1,45,5,5,103,11,3,2,0,2
28/09/2024 11:36,327,1,1,45,5,5,103,11,3,3,1,46
28/09/2024 11:36,328,1,1,24,3,4,65,7,5,1,0,11
28/09/2024 11:36,329,1,1,24,3,4,65,7,5,2,1,5
28/09/2024 11:36,330,1,1,24,3,4,65,7,5,3,0,1
28/09/2024 11:37,331,1,1,104,11,4,121,13,1,1,0,72
28/09/2024 11:38,332,1,1,104,11,4,121,13,1,2,0,2
28/09/2024 11:38,333,1,1,104,11,4,121,13,1,3,0,1
28/09/2024 11:38,334,1,1,37,4,7,83,9,3,1,0,15
28/09/2024 11:38,335,1,1,37,4,7,83,9,3,2,0,5
28/09/2024 11:38,336,1,1,37,4,7,83,9,3,3,0,4
28/09/2024 11:38,337,1,1,3,1,3,20,2,10,1,0,28
28/09/2024 11:39,338,1,1,3,1,3,20,2,10,2,1,3
28/09/2024 11:39,339,1,1,3,1,3,20,2,10,3,0,16
28/09/2024 11:39,340,1,1,2,1,2,71,8,1,1,1,17
28/09/2024 11:39,341,1,1,2,1,2,71,8,1,2,0,2
28/09/2024 11:39,342,1,1,2,1,2,71,8,1,3,1,1
28/09/2024 11:39,343,1,1,17,2,7,116,12,6,1,1,19
28/09/2024 11:40,344,1,1,17,2,7,116,12,6,2,0,2
28/09/2024 11:40,345,1,1,17,2,7,116,12,6,3,1,3
28/09/2024 11:40,346,1,1,45,5,5,46,5,6,1,0,19
28/09/2024 11:40,347,1,1,45,5,5,46,5,6,2,0,2
28/09/2024 11:40,348,1,1,45,5,5,46,5,6,3,0,1
28/09/2024 11:40,349,1,1,28,3,8,89,9,9,1,1,17
28/09/2024 11:40,350,1,1,28,3,8,89,9,9,2,0,2
28/09/2024 11:41,351,1,1,28,3,8,89,9,9,3,1,13
28/09/2024 11:41,352,1,1,4,1,4,124,13,4,1,0,21
28/09/2024 11:41,353,1,1,4,1,4,124,13,4,2,1,5
28/09/2024 11:41,354,1,1,4,1,4,124,13,4,3,0,4
28/09/2024 11:41,355,1,1,25,3,5,66,7,6,1,1,15
28/09/2024 11:43,356,1,1,25,3,5,66,7,6,2,0,72
28/09/2024 11:43,357,1,1,25,3,5,66,7,6,3,1,37
28/09/2024 11:44,358,1,1,59,6,9,115,12,5,1,0,72
28/09/2024 11:45,359,1,1,59,6,9,115,12,5,2,1,17
28/09/2024 11:45,360,1,1,59,6,9,115,12,5,3,0,17
28/09/2024 11:45,361,1,1,98,10,8,117,12,7,1,1,19
28/09/2024 11:45,362,1,1,98,10,8,117,12,7,2,0,5
28/09/2024 11:46,363,1,1,98,10,8,117,12,7,3,0,7
28/09/2024 11:46,364,1,1,77,8,7,129,13,9,1,0,15
28/09/2024 11:46,365,1,1,77,8,7,129,13,9,2,1,3
28/09/2024 11:46,366,1,1,77,8,7,129,13,9,3,0,1
28/09/2024 11:46,367,1,1,33,4,3,41,5,1,1,1,9
28/09/2024 11:46,368,1,1,33,4,3,41,5,1,2,0,3
28/09/2024 11:46,369,1,1,33,4,3,41,5,1,3,0,4
28/09/2024 11:47,370,1,1,39,4,9,122,13,2,1,1,24
28/09/2024 11:47,371,1,1,39,4,9,122,13,2,2,0,9
28/09/2024 11:47,372,1,1,39,4,9,122,13,2,3,1,15
28/09/2024 11:47,373,1,1,4,1,4,56,6,6,1,1,19
28/09/2024 11:47,374,1,1,4,1,4,56,6,6,2,0,2
28/09/2024 11:48,375,1,1,4,1,4,56,6,6,3,1,5
28/09/2024 11:48,376,1,1,18,2,8,79,8,9,1,1,31
28/09/2024 11:48,377,1,1,18,2,8,79,8,9,2,0,2
28/09/2024 11:48,378,1,1,18,2,8,79,8,9,3,1,2
28/09/2024 11:48,379,1,1,71,8,1,119,12,9,1,0,15
28/09/2024 11:48,380,1,1,71,8,1,119,12,9,2,1,2
28/09/2024 11:49,381,1,1,71,8,1,119,12,9,3,0,2
28/09/2024 11:49,382,1,1,19,2,9,67,7,7,1,0,30
28/09/2024 11:49,383,1,1,19,2,9,67,7,7,2,1,3
28/09/2024 11:49,384,1,1,19,2,9,67,7,7,3,1,8
28/09/2024 11:49,385,1,1,47,5,7,75,8,5,1,0,9
28/09/2024 11:50,386,1,1,47,5,7,75,8,5,2,1,7
28/09/2024 11:50,387,1,1,47,5,7,75,8,5,3,1,2
28/09/2024 11:50,388,1,1,33,4,3,124,13,4,1,1,39
28/09/2024 11:51,389,1,1,33,4,3,124,13,4,2,1,15
28/09/2024 11:51,390,1,1,33,4,3,124,13,4,3,0,3
28/09/2024 11:51,391,1,1,89,9,9,124,13,4,1,0,6
28/09/2024 11:51,392,1,1,89,9,9,124,13,4,2,1,7
28/09/2024 11:51,393,1,1,89,9,9,124,13,4,3,0,10
28/09/2024 11:51,394,1,1,82,9,2,123,13,3,1,0,14
28/09/2024 11:51,395,1,1,82,9,2,123,13,3,2,0,3
28/09/2024 11:51,396,1,1,82,9,2,123,13,3,3,0,1
28/09/2024 11:52,397,1,1,116,12,6,124,13,4,1,0,37
28/09/2024 11:52,398,1,1,116,12,6,124,13,4,2,1,3
28/09/2024 11:52,399,1,1,116,12,6,124,13,4,3,0,2
28/09/2024 11:52,400,1,1,44,5,4,57,6,7,1,0,12
28/09/2024 11:52,401,1,1,44,5,4,57,6,7,2,0,2
28/09/2024 11:52,402,1,1,44,5,4,57,6,7,3,0,3
28/09/2024 11:53,403,1,1,70,7,10,99,10,9,1,0,20
28/09/2024 11:53,404,1,1,70,7,10,99,10,9,2,0,18
28/09/2024 11:53,405,1,1,70,7,10,99,10,9,3,1,4
28/09/2024 11:53,406,1,1,44,5,4,103,11,3,1,1,10
28/09/2024 11:53,407,1,1,44,5,4,103,11,3,2,1,3
28/09/2024 11:53,408,1,1,44,5,4,103,11,3,3,1,1
28/09/2024 11:54,409,1,1,18,2,8,61,7,1,1,1,18
28/09/2024 11:54,410,1,1,18,2,8,61,7,1,2,0,2
28/09/2024 11:54,411,1,1,18,2,8,61,7,1,3,1,3
28/09/2024 11:54,412,1,1,30,3,10,127,13,7,1,1,11
28/09/2024 11:54,413,1,1,30,3,10,127,13,7,2,0,1
28/09/2024 11:54,414,1,1,30,3,10,127,13,7,3,1,2
28/09/2024 14:06,415,1,1,39,4,9,80,8,10,1,0,24
28/09/2024 14:06,416,1,1,39,4,9,80,8,10,2,0,9
28/09/2024 14:06,417,1,1,39,4,9,80,8,10,3,0,2
28/09/2024 14:06,418,1,1,62,7,2,99,10,9,1,1,15
28/09/2024 14:06,419,1,1,62,7,2,99,10,9,2,0,4
28/09/2024 14:06,420,1,1,62,7,2,99,10,9,3,1,5
28/09/2024 14:06,421,1,1,12,2,2,45,5,5,1,1,14
28/09/2024 14:07,422,1,1,12,2,2,45,5,5,2,0,2
28/09/2024 14:07,423,1,1,12,2,2,45,5,5,3,0,3
28/09/2024 14:07,424,1,1,73,8,3,81,9,1,1,0,8
28/09/2024 14:07,425,1,1,73,8,3,81,9,1,2,1,1
28/09/2024 14:07,426,1,1,73,8,3,81,9,1,3,0,4
28/09/2024 14:08,427,1,1,20,2,10,50,5,10,1,1,55
28/09/2024 14:08,428,1,1,20,2,10,50,5,10,2,0,3
28/09/2024 14:08,429,1,1,20,2,10,50,5,10,3,0,2
28/09/2024 14:08,430,1,1,29,3,9,81,9,1,1,1,15
28/09/2024 14:08,431,1,1,29,3,9,81,9,1,2,0,7
28/09/2024 14:08,432,1,1,29,3,9,81,9,1,3,1,4
28/09/2024 14:09,433,1,1,15,2,5,32,4,2,1,0,12
28/09/2024 14:09,434,1,1,15,2,5,32,4,2,2,1,13
28/09/2024 14:09,435,1,1,15,2,5,32,4,2,3,0,4
28/09/2024 14:09,436,1,1,5,1,5,81,9,1,1,0,8
28/09/2024 14:09,437,1,1,5,1,5,81,9,1,2,1,4
28/09/2024 14:09,438,1,1,5,1,5,81,9,1,3,0,4
28/09/2024 14:10,439,1,1,4,1,4,72,8,2,1,0,18
28/09/2024 14:10,440,1,1,4,1,4,72,8,2,2,0,1
28/09/2024 14:10,441,1,1,4,1,4,72,8,2,3,0,1
28/09/2024 14:10,442,1,1,17,2,7,111,12,1,1,0,11
28/09/2024 14:10,443,1,1,17,2,7,111,12,1,2,0,6
28/09/2024 14:10,444,1,1,17,2,7,111,12,1,3,0,2
28/09/2024 14:10,445,1,1,55,6,5,75,8,5,1,1,25
28/09/2024 14:10,446,1,1,55,6,5,75,8,5,2,0,5
28/09/2024 14:10,447,1,1,55,6,5,75,8,5,3,0,1
28/09/2024 14:11,448,1,1,74,8,4,108,11,8,1,1,20
28/09/2024 14:11,449,1,1,74,8,4,108,11,8,2,0,1
28/09/2024 14:11,450,1,1,74,8,4,108,11,8,3,1,8
28/09/2024 14:12,451,1,1,23,3,3,99,10,9,1,0,42
28/09/2024 14:12,452,1,1,23,3,3,99,10,9,2,0,7
28/09/2024 14:12,453,1,1,23,3,3,99,10,9,3,0,2
28/09/2024 14:12,454,1,1,5,1,5,50,5,10,1,1,14
28/09/2024 14:12,455,1,1,5,1,5,50,5,10,2,0,2
28/09/2024 14:12,456,1,1,5,1,5,50,5,10,3,0,2
28/09/2024 14:13,457,1,1,61,7,1,121,13,1,1,0,27
28/09/2024 14:13,458,1,1,61,7,1,121,13,1,2,1,3
28/09/2024 14:13,459,1,1,61,7,1,121,13,1,3,0,2
28/09/2024 14:13,460,1,1,23,3,3,32,4,2,1,1,8
28/09/2024 14:13,461,1,1,23,3,3,32,4,2,2,1,3
28/09/2024 14:13,462,1,1,23,3,3,32,4,2,3,1,2
28/09/2024 14:13,463,1,1,44,5,4,78,8,8,1,1,14
28/09/2024 14:13,464,1,1,44,5,4,78,8,8,2,0,2
28/09/2024 14:13,465,1,1,44,5,4,78,8,8,3,1,8
28/09/2024 14:14,466,1,1,17,2,7,51,6,1,1,0,10
28/09/2024 14:14,467,1,1,17,2,7,51,6,1,2,1,3
28/09/2024 14:14,468,1,1,17,2,7,51,6,1,3,0,2
28/09/2024 14:14,469,1,1,105,11,5,120,12,10,1,0,15
28/09/2024 14:14,470,1,1,105,11,5,120,12,10,2,1,12
28/09/2024 14:15,471,1,1,105,11,5,120,12,10,3,1,14
28/09/2024 14:15,472,1,1,90,9,10,104,11,4,1,1,11
28/09/2024 14:15,473,1,1,90,9,10,104,11,4,2,0,11
28/09/2024 14:15,474,1,1,90,9,10,104,11,4,3,1,2
28/09/2024 14:15,475,1,1,11,2,1,90,9,10,1,0,22
28/09/2024 14:15,476,1,1,11,2,1,90,9,10,2,1,2
28/09/2024 14:15,477,1,1,11,2,1,90,9,10,3,0,2
28/09/2024 14:16,478,1,1,32,4,2,121,13,1,1,0,7
28/09/2024 14:16,479,1,1,32,4,2,121,13,1,2,0,3
28/09/2024 14:16,480,1,1,32,4,2,121,13,1,3,0,5
28/09/2024 14:16,481,1,1,52,6,2,57,6,7,1,0,8
28/09/2024 14:16,482,1,1,52,6,2,57,6,7,2,0,14
28/09/2024 14:16,483,1,1,52,6,2,57,6,7,3,0,16
28/09/2024 14:17,484,1,1,31,4,1,75,8,5,1,1,11
28/09/2024 14:17,485,1,1,31,4,1,75,8,5,2,0,2
28/09/2024 14:17,486,1,1,31,4,1,75,8,5,3,0,7
28/09/2024 14:17,487,1,1,2,1,2,83,9,3,1,0,14
28/09/2024 14:17,488,1,1,2,1,2,83,9,3,2,0,10
28/09/2024 14:17,489,1,1,2,1,2,83,9,3,3,1,18
28/09/2024 14:18,490,1,1,49,5,9,66,7,6,1,0,48
28/09/2024 14:18,491,1,1,49,5,9,66,7,6,2,1,3
28/09/2024 14:18,492,1,1,49,5,9,66,7,6,3,0,7
28/09/2024 14:19,493,1,1,75,8,5,109,11,9,1,1,37
28/09/2024 14:19,494,1,1,75,8,5,109,11,9,2,0,1
28/09/2024 14:19,495,1,1,75,8,5,109,11,9,3,1,1
28/09/2024 14:19,496,1,1,24,3,4,84,9,4,1,1,9
28/09/2024 14:19,497,1,1,24,3,4,84,9,4,2,1,7
28/09/2024 14:20,498,1,1,24,3,4,84,9,4,3,0,2
28/09/2024 14:20,499,1,1,19,2,9,21,3,1,1,0,14
28/09/2024 14:20,500,1,1,19,2,9,21,3,1,2,1,10
28/09/2024 14:20,501,1,1,19,2,9,21,3,1,3,0,4
28/09/2024 14:21,502,1,1,21,3,1,59,6,9,1,1,57
28/09/2024 14:21,503,1,1,21,3,1,59,6,9,2,0,2
28/09/2024 14:21,504,1,1,21,3,1,59,6,9,3,1,2
28/09/2024 14:21,505,1,1,34,4,4,102,11,2,1,1,7
28/09/2024 14:21,506,1,1,34,4,4,102,11,2,2,0,3
28/09/2024 14:22,507,1,1,34,4,4,102,11,2,3,0,20
28/09/2024 14:23,508,1,1,19,2,9,117,12,7,1,1,63
28/09/2024 14:23,509,1,1,19,2,9,117,12,7,2,0,3
28/09/2024 14:23,510,1,1,19,2,9,117,12,7,3,0,2
30/09/2024 06:30,511,1,2,149,2,9,185,6,5,1,0,29
30/09/2024 06:30,512,1,2,149,2,9,185,6,5,2,1,10
30/09/2024 06:30,513,1,2,149,2,9,185,6,5,3,1,15
30/09/2024 06:31,514,1,2,204,8,4,259,13,9,1,0,48
30/09/2024 06:31,515,1,2,204,8,4,259,13,9,2,1,6
30/09/2024 06:31,516,1,2,204,8,4,259,13,9,3,0,11
30/09/2024 06:32,517,1,2,143,2,3,150,2,10,1,0,23
30/09/2024 06:32,518,1,2,143,2,3,150,2,10,2,1,2
30/09/2024 06:32,519,1,2,143,2,3,150,2,10,3,0,17
30/09/2024 06:32,520,1,2,183,6,3,249,12,9,1,0,35
30/09/2024 06:32,521,1,2,183,6,3,249,12,9,2,0,2
30/09/2024 06:33,522,1,2,183,6,3,249,12,9,3,0,3
30/09/2024 06:33,523,1,2,137,1,7,216,9,6,1,0,12
30/09/2024 06:33,524,1,2,137,1,7,216,9,6,2,1,7
30/09/2024 06:33,525,1,2,137,1,7,216,9,6,3,0,5
30/09/2024 06:33,526,1,2,158,3,8,168,4,8,1,0,11
30/09/2024 06:33,527,1,2,158,3,8,168,4,8,2,1,2
30/09/2024 06:33,528,1,2,158,3,8,168,4,8,3,1,2
30/09/2024 06:34,529,1,2,203,8,3,233,11,3,1,1,45
30/09/2024 06:34,530,1,2,203,8,3,233,11,3,2,0,2
30/09/2024 06:34,531,1,2,203,8,3,233,11,3,3,1,1
30/09/2024 06:35,532,1,2,219,9,9,258,13,8,1,1,30
30/09/2024 06:35,533,1,2,219,9,9,258,13,8,2,0,2
30/09/2024 06:35,534,1,2,219,9,9,258,13,8,3,0,3
30/09/2024 06:35,535,1,2,219,9,9,245,12,5,1,1,28
30/09/2024 06:35,536,1,2,219,9,9,245,12,5,2,1,4
30/09/2024 06:36,537,1,2,219,9,9,245,12,5,3,1,13
30/09/2024 06:37,538,1,2,186,6,6,202,8,2,1,1,88
30/09/2024 06:37,539,1,2,186,6,6,202,8,2,2,0,2
30/09/2024 06:37,540,1,2,186,6,6,202,8,2,3,1,7
30/09/2024 06:37,541,1,2,150,2,10,251,13,1,1,1,11
30/09/2024 06:37,542,1,2,150,2,10,251,13,1,2,0,2
30/09/2024 06:38,543,1,2,150,2,10,251,13,1,3,0,8
30/09/2024 06:38,544,1,2,197,7,7,231,11,1,1,0,22
30/09/2024 06:38,545,1,2,197,7,7,231,11,1,2,1,3
30/09/2024 06:38,546,1,2,197,7,7,231,11,1,3,0,2
30/09/2024 06:38,547,1,2,162,4,2,181,6,1,1,1,14
30/09/2024 06:38,548,1,2,162,4,2,181,6,1,2,0,4
30/09/2024 06:38,549,1,2,162,4,2,181,6,1,3,0,5
30/09/2024 06:39,550,1,2,189,6,9,237,11,7,1,1,20
30/09/2024 06:39,551,1,2,189,6,9,237,11,7,2,1,8
30/09/2024 06:39,552,1,2,189,6,9,237,11,7,3,1,2
30/09/2024 06:39,553,1,2,140,1,10,152,3,2,1,0,19
30/09/2024 06:39,554,1,2,140,1,10,152,3,2,2,1,4
30/09/2024 06:39,555,1,2,140,1,10,152,3,2,3,1,3
30/09/2024 06:40,556,1,2,146,2,6,232,11,2,1,0,16
30/09/2024 06:40,557,1,2,146,2,6,232,11,2,2,0,4
30/09/2024 06:40,558,1,2,146,2,6,232,11,2,3,0,2
30/09/2024 06:40,559,1,2,141,2,1,241,12,1,1,0,15
30/09/2024 06:40,560,1,2,141,2,1,241,12,1,2,1,12
30/09/2024 06:41,561,1,2,141,2,1,241,12,1,3,1,48
30/09/2024 06:41,562,1,2,193,7,3,241,12,1,1,1,14
30/09/2024 06:41,563,1,2,193,7,3,241,12,1,2,0,3
30/09/2024 06:42,564,1,2,193,7,3,241,12,1,3,1,4
30/09/2024 06:42,565,1,2,146,2,6,258,13,8,1,0,9
30/09/2024 06:42,566,1,2,146,2,6,258,13,8,2,0,30
30/09/2024 06:42,567,1,2,146,2,6,258,13,8,3,0,3
30/09/2024 06:43,568,1,2,184,6,4,235,11,5,1,1,29
30/09/2024 06:43,569,1,2,184,6,4,235,11,5,2,0,2
30/09/2024 06:43,570,1,2,184,6,4,235,11,5,3,0,1
30/09/2024 06:43,571,1,2,161,4,1,253,13,3,1,1,16
30/09/2024 06:43,572,1,2,161,4,1,253,13,3,2,0,2
30/09/2024 06:43,573,1,2,161,4,1,253,13,3,3,0,10
30/09/2024 06:44,574,1,2,223,10,3,247,12,7,1,1,25
30/09/2024 06:44,575,1,2,223,10,3,247,12,7,2,0,2
30/09/2024 06:45,576,1,2,223,10,3,247,12,7,3,0,45
30/09/2024 06:45,577,1,2,217,9,7,227,10,7,1,0,12
30/09/2024 06:45,578,1,2,217,9,7,227,10,7,2,1,32
30/09/2024 06:45,579,1,2,217,9,7,227,10,7,3,1,2
30/09/2024 06:46,580,1,2,177,5,7,247,12,7,1,0,11
30/09/2024 06:46,581,1,2,177,5,7,247,12,7,2,1,2
30/09/2024 06:46,582,1,2,177,5,7,247,12,7,3,1,7
30/09/2024 06:46,583,1,2,187,6,7,255,13,5,1,0,17
30/09/2024 06:46,584,1,2,187,6,7,255,13,5,2,1,4
30/09/2024 06:46,585,1,2,187,6,7,255,13,5,3,1,7
30/09/2024 06:47,586,1,2,158,3,8,161,4,1,1,0,20
30/09/2024 06:47,587,1,2,158,3,8,161,4,1,2,1,7
30/09/2024 06:47,588,1,2,158,3,8,161,4,1,3,1,7
30/09/2024 06:47,589,1,2,161,4,1,163,4,3,1,1,22
30/09/2024 06:47,590,1,2,161,4,1,163,4,3,2,1,3
30/09/2024 06:47,591,1,2,161,4,1,163,4,3,3,1,2
30/09/2024 06:48,592,1,2,166,4,6,252,13,2,1,0,17
30/09/2024 06:48,593,1,2,166,4,6,252,13,2,2,1,4
30/09/2024 06:48,594,1,2,166,4,6,252,13,2,3,0,2
30/09/2024 06:49,595,1,2,157,3,7,180,5,10,1,0,44
30/09/2024 06:49,596,1,2,157,3,7,180,5,10,2,1,2
30/09/2024 06:49,597,1,2,157,3,7,180,5,10,3,1,4
30/09/2024 06:49,598,1,2,138,1,8,219,9,9,1,0,22
30/09/2024 06:49,599,1,2,138,1,8,219,9,9,2,1,5
30/09/2024 06:50,600,1,2,138,1,8,219,9,9,3,1,19
30/09/2024 06:50,601,1,2,209,8,9,255,13,5,1,0,10
30/09/2024 06:50,602,1,2,209,8,9,255,13,5,2,1,3
30/09/2024 06:50,603,1,2,209,8,9,255,13,5,3,1,2
30/09/2024 06:51,604,1,2,175,5,5,221,10,1,1,0,38
30/09/2024 06:51,605,1,2,175,5,5,221,10,1,2,1,2
30/09/2024 06:51,606,1,2,175,5,5,221,10,1,3,1,8
30/09/2024 06:51,607,1,2,148,2,8,194,7,4,1,0,12
30/09/2024 06:51,608,1,2,148,2,8,194,7,4,2,1,6
30/09/2024 06:51,609,1,2,148,2,8,194,7,4,3,0,4
30/09/2024 06:51,610,1,2,160,3,10,203,8,3,1,1,14
30/09/2024 06:51,611,1,2,160,3,10,203,8,3,2,0,5
30/09/2024 06:53,612,1,2,160,3,10,203,8,3,3,0,86
30/09/2024 06:53,613,1,2,219,9,9,250,12,10,1,1,14
30/09/2024 06:53,614,1,2,219,9,9,250,12,10,2,1,3
30/09/2024 06:53,615,1,2,219,9,9,250,12,10,3,1,2
30/09/2024 06:54,616,1,2,131,1,1,175,5,5,1,1,16
30/09/2024 06:54,617,1,2,131,1,1,175,5,5,2,0,2
30/09/2024 06:54,618,1,2,131,1,1,175,5,5,3,0,19
30/09/2024 06:55,619,1,2,165,4,5,226,10,6,1,1,38
30/09/2024 06:55,620,1,2,165,4,5,226,10,6,2,1,31
30/09/2024 06:55,621,1,2,165,4,5,226,10,6,3,1,17
30/09/2024 06:56,622,1,2,189,6,9,210,8,10,1,0,37
30/09/2024 06:56,623,1,2,189,6,9,210,8,10,2,0,7
30/09/2024 06:56,624,1,2,189,6,9,210,8,10,3,1,10
30/09/2024 06:56,625,1,2,151,3,1,169,4,9,1,0,10
30/09/2024 06:57,626,1,2,151,3,1,169,4,9,2,1,2
30/09/2024 06:57,627,1,2,151,3,1,169,4,9,3,1,2
30/09/2024 06:57,628,1,2,145,2,5,147,2,7,1,1,17
30/09/2024 06:57,629,1,2,145,2,5,147,2,7,2,0,3
30/09/2024 06:57,630,1,2,145,2,5,147,2,7,3,0,11
30/09/2024 07:05,631,1,2,147,2,7,216,9,6,1,1,26
30/09/2024 07:05,632,1,2,147,2,7,216,9,6,2,0,2
30/09/2024 07:05,633,1,2,147,2,7,216,9,6,3,1,31
30/09/2024 07:06,634,1,2,157,3,7,241,12,1,1,0,14
30/09/2024 07:06,635,1,2,157,3,7,241,12,1,2,1,2
30/09/2024 07:06,636,1,2,157,3,7,241,12,1,3,1,4
30/09/2024 07:06,637,1,2,171,5,1,213,9,3,1,0,25
30/09/2024 07:06,638,1,2,171,5,1,213,9,3,2,1,2
30/09/2024 07:06,639,1,2,171,5,1,213,9,3,3,0,15
30/09/2024 07:07,640,1,2,153,3,3,204,8,4,1,0,18
30/09/2024 07:07,641,1,2,153,3,3,204,8,4,2,1,3
30/09/2024 07:07,642,1,2,153,3,3,204,8,4,3,1,2
30/09/2024 07:09,643,1,2,195,7,5,222,10,2,1,1,135
30/09/2024 07:09,644,1,2,195,7,5,222,10,2,2,1,3
30/09/2024 07:09,645,1,2,195,7,5,222,10,2,3,1,3
30/09/2024 07:10,646,1,2,232,11,2,245,12,5,1,0,12
30/09/2024 07:10,647,1,2,232,11,2,245,12,5,2,1,2
30/09/2024 07:10,648,1,2,232,11,2,245,12,5,3,0,5
30/09/2024 07:10,649,1,2,145,2,5,175,5,5,1,1,9
30/09/2024 07:10,650,1,2,145,2,5,175,5,5,2,0,2
30/09/2024 07:10,651,1,2,145,2,5,175,5,5,3,1,11
30/09/2024 07:10,652,1,2,239,11,9,247,12,7,1,0,10
30/09/2024 07:10,653,1,2,239,11,9,247,12,7,2,1,5
30/09/2024 07:10,654,1,2,239,11,9,247,12,7,3,0,2
30/09/2024 07:11,655,1,2,192,7,2,237,11,7,1,1,16
30/09/2024 07:11,656,1,2,192,7,2,237,11,7,2,0,10
30/09/2024 07:11,657,1,2,192,7,2,237,11,7,3,1,2
30/09/2024 07:11,658,1,2,249,12,9,260,13,10,1,1,23
30/09/2024 07:11,659,1,2,249,12,9,260,13,10,2,1,2
30/09/2024 07:11,660,1,2,249,12,9,260,13,10,3,1,1
30/09/2024 07:12,661,1,2,208,8,8,211,9,1,1,0,34
30/09/2024 07:12,662,1,2,208,8,8,211,9,1,2,1,2
30/09/2024 07:12,663,1,2,208,8,8,211,9,1,3,0,4
30/09/2024 07:13,664,1,2,145,2,5,252,13,2,1,0,38
30/09/2024 07:13,665,1,2,145,2,5,252,13,2,2,1,3
30/09/2024 07:13,666,1,2,145,2,5,252,13,2,3,0,8
30/09/2024 07:13,667,1,2,235,11,5,251,13,1,1,0,12
30/09/2024 07:13,668,1,2,235,11,5,251,13,1,2,1,6
30/09/2024 07:13,669,1,2,235,11,5,251,13,1,3,0,5
30/09/2024 07:13,670,1,2,177,5,7,216,9,6,1,0,5
30/09/2024 07:13,671,1,2,177,5,7,216,9,6,2,1,2
30/09/2024 07:14,672,1,2,177,5,7,216,9,6,3,1,3
30/09/2024 07:14,673,1,2,239,11,9,260,13,10,1,0,38
30/09/2024 07:14,674,1,2,239,11,9,260,13,10,2,0,7
30/09/2024 07:14,675,1,2,239,11,9,260,13,10,3,0,3
30/09/2024 07:15,676,1,2,203,8,3,227,10,7,1,0,20
30/09/2024 07:15,677,1,2,203,8,3,227,10,7,2,1,4
30/09/2024 07:15,678,1,2,203,8,3,227,10,7,3,1,17
30/09/2024 07:15,679,1,2,178,5,8,251,13,1,1,0,15
30/09/2024 07:15,680,1,2,178,5,8,251,13,1,2,1,1
30/09/2024 07:15,681,1,2,178,5,8,251,13,1,3,1,1
30/09/2024 07:16,682,1,2,160,3,10,161,4,1,1,1,28
30/09/2024 07:16,683,1,2,160,3,10,161,4,1,2,0,2
30/09/2024 07:16,684,1,2,160,3,10,161,4,1,3,1,10
30/09/2024 07:17,685,1,2,138,1,8,216,9,6,1,0,56
30/09/2024 07:17,686,1,2,138,1,8,216,9,6,2,1,3
30/09/2024 07:17,687,1,2,138,1,8,216,9,6,3,1,13
30/09/2024 07:18,688,1,2,165,4,5,250,12,10,1,0,16
30/09/2024 07:18,689,1,2,165,4,5,250,12,10,2,1,3
30/09/2024 07:18,690,1,2,165,4,5,250,12,10,3,1,11
30/09/2024 07:18,691,1,2,183,6,3,189,6,9,1,0,29
30/09/2024 07:18,692,1,2,183,6,3,189,6,9,2,0,3
30/09/2024 07:19,693,1,2,183,6,3,189,6,9,3,0,3
30/09/2024 07:19,694,1,2,160,3,10,229,10,9,1,0,45
30/09/2024 07:19,695,1,2,160,3,10,229,10,9,2,1,9
30/09/2024 07:20,696,1,2,160,3,10,229,10,9,3,1,13
30/09/2024 07:20,697,1,2,180,5,10,207,8,7,1,1,48
30/09/2024 07:21,698,1,2,180,5,10,207,8,7,2,0,2
30/09/2024 07:21,699,1,2,180,5,10,207,8,7,3,1,2
30/09/2024 07:21,700,1,2,141,2,1,154,3,4,1,1,37
30/09/2024 07:21,701,1,2,141,2,1,154,3,4,2,1,2
30/09/2024 07:21,702,1,2,141,2,1,154,3,4,3,1,2
30/09/2024 07:21,703,1,2,210,8,10,232,11,2,1,1,9
30/09/2024 07:21,704,1,2,210,8,10,232,11,2,2,0,3
30/09/2024 07:22,705,1,2,210,8,10,232,11,2,3,1,2
30/09/2024 07:22,706,1,2,200,7,10,206,8,6,1,1,6
30/09/2024 07:22,707,1,2,200,7,10,206,8,6,2,0,3
30/09/2024 07:22,708,1,2,200,7,10,206,8,6,3,1,5
30/09/2024 07:22,709,1,2,158,3,8,185,6,5,1,0,15
30/09/2024 07:22,710,1,2,158,3,8,185,6,5,2,1,6
30/09/2024 07:22,711,1,2,158,3,8,185,6,5,3,1,4
30/09/2024 07:22,712,1,2,134,1,4,180,5,10,1,0,10
30/09/2024 07:22,713,1,2,134,1,4,180,5,10,2,1,2
30/09/2024 07:23,714,1,2,134,1,4,180,5,10,3,1,6
30/09/2024 07:23,715,1,2,176,5,6,177,5,7,1,0,23
30/09/2024 07:23,716,1,2,176,5,6,177,5,7,2,0,1
30/09/2024 07:23,717,1,2,176,5,6,177,5,7,3,0,2
30/09/2024 07:23,718,1,2,140,1,10,177,5,7,1,1,7
30/09/2024 07:23,719,1,2,140,1,10,177,5,7,2,0,2
30/09/2024 07:23,720,1,2,140,1,10,177,5,7,3,0,13
30/09/2024 07:24,721,1,2,210,8,10,239,11,9,1,1,15
30/09/2024 07:24,722,1,2,210,8,10,239,11,9,2,0,1
30/09/2024 07:24,723,1,2,210,8,10,239,11,9,3,1,1
30/09/2024 07:24,724,1,2,176,5,6,259,13,9,1,0,5
30/09/2024 07:24,725,1,2,176,5,6,259,13,9,2,0,3
30/09/2024 07:24,726,1,2,176,5,6,259,13,9,3,0,2
30/09/2024 07:24,727,1,2,162,4,2,204,8,4,1,0,15
30/09/2024 07:24,728,1,2,162,4,2,204,8,4,2,1,8
30/09/2024 07:25,729,1,2,162,4,2,204,8,4,3,0,10
30/09/2024 07:25,730,1,2,138,1,8,182,6,2,1,1,36
30/09/2024 07:25,731,1,2,138,1,8,182,6,2,2,1,11
30/09/2024 07:26,732,1,2,138,1,8,182,6,2,3,1,7
30/09/2024 07:26,733,1,2,170,4,10,217,9,7,1,1,7
30/09/2024 07:26,734,1,2,170,4,10,217,9,7,2,0,4
30/09/2024 07:26,735,1,2,170,4,10,217,9,7,3,0,12
30/09/2024 07:26,736,1,2,178,5,8,197,7,7,1,1,11
30/09/2024 07:26,737,1,2,178,5,8,197,7,7,2,1,1
30/09/2024 07:26,738,1,2,178,5,8,197,7,7,3,1,2
30/09/2024 07:26,739,1,2,188,6,8,193,7,3,1,1,12
30/09/2024 07:27,740,1,2,188,6,8,193,7,3,2,1,6
30/09/2024 07:27,741,1,2,188,6,8,193,7,3,3,1,2
01/10/2024 11:31,742,1,2,149,2,9,244,12,4,1,0,11
01/10/2024 11:31,743,1,2,149,2,9,244,12,4,2,0,11
01/10/2024 11:31,744,1,2,149,2,9,244,12,4,3,0,5
01/10/2024 11:31,745,1,2,183,6,3,255,13,5,1,0,14
01/10/2024 11:31,746,1,2,183,6,3,255,13,5,2,1,8
01/10/2024 11:31,747,1,2,183,6,3,255,13,5,3,1,1
01/10/2024 11:32,748,1,2,151,3,1,158,3,8,1,1,17
01/10/2024 11:32,749,1,2,151,3,1,158,3,8,2,0,8
01/10/2024 11:32,750,1,2,151,3,1,158,3,8,3,0,7
01/10/2024 11:32,751,1,2,162,4,2,223,10,3,1,0,12
01/10/2024 11:32,752,1,2,162,4,2,223,10,3,2,1,6
01/10/2024 11:32,753,1,2,162,4,2,223,10,3,3,0,1
01/10/2024 11:32,754,1,2,168,4,8,178,5,8,1,1,7
01/10/2024 11:32,755,1,2,168,4,8,178,5,8,2,0,2
01/10/2024 11:32,756,1,2,168,4,8,178,5,8,3,0,1
01/10/2024 11:34,757,1,2,223,10,3,258,13,8,1,1,72
01/10/2024 11:34,758,1,2,223,10,3,258,13,8,2,0,2
01/10/2024 11:34,759,1,2,223,10,3,258,13,8,3,0,7
01/10/2024 11:34,760,1,2,178,5,8,238,11,8,1,0,18
01/10/2024 11:34,761,1,2,178,5,8,238,11,8,2,1,2
01/10/2024 11:34,762,1,2,178,5,8,238,11,8,3,1,3
01/10/2024 11:34,763,1,2,223,10,3,230,10,10,1,1,6
01/10/2024 11:34,764,1,2,223,10,3,230,10,10,2,0,2
01/10/2024 11:35,765,1,2,223,10,3,230,10,10,3,0,7
01/10/2024 11:35,766,1,2,155,3,5,191,7,1,1,1,16
01/10/2024 11:35,767,1,2,155,3,5,191,7,1,2,0,2
01/10/2024 11:35,768,1,2,155,3,5,191,7,1,3,0,7
01/10/2024 11:35,769,1,2,220,9,10,240,11,10,1,1,14
01/10/2024 11:35,770,1,2,220,9,10,240,11,10,2,0,2
01/10/2024 11:35,771,1,2,220,9,10,240,11,10,3,1,8
01/10/2024 11:37,772,1,2,197,7,7,200,7,10,1,0,107
01/10/2024 11:37,773,1,2,197,7,7,200,7,10,2,1,3
01/10/2024 11:37,774,1,2,197,7,7,200,7,10,3,0,2
01/10/2024 11:38,775,1,2,136,1,6,227,10,7,1,0,10
01/10/2024 11:38,776,1,2,136,1,6,227,10,7,2,1,3
01/10/2024 11:38,777,1,2,136,1,6,227,10,7,3,0,2
01/10/2024 11:38,778,1,2,175,5,5,247,12,7,1,0,7
01/10/2024 11:38,779,1,2,175,5,5,247,12,7,2,1,2
01/10/2024 11:38,780,1,2,175,5,5,247,12,7,3,0,6
01/10/2024 11:38,781,1,2,143,2,3,196,7,6,1,1,14
01/10/2024 11:38,782,1,2,143,2,3,196,7,6,2,1,2
01/10/2024 11:38,783,1,2,143,2,3,196,7,6,3,1,2
01/10/2024 11:39,784,1,2,201,8,1,222,10,2,1,0,15
01/10/2024 11:39,785,1,2,201,8,1,222,10,2,2,1,4
01/10/2024 11:39,786,1,2,201,8,1,222,10,2,3,1,8
01/10/2024 11:42,787,1,2,235,11,5,260,13,10,1,1,176
01/10/2024 11:42,788,1,2,235,11,5,260,13,10,2,0,10
01/10/2024 11:42,789,1,2,235,11,5,260,13,10,3,1,1
01/10/2024 11:42,790,1,2,172,5,2,245,12,5,1,0,6
01/10/2024 11:42,791,1,2,172,5,2,245,12,5,2,1,5
01/10/2024 11:42,792,1,2,172,5,2,245,12,5,3,0,5
01/10/2024 11:42,793,1,2,170,4,10,197,7,7,1,1,9
01/10/2024 11:42,794,1,2,170,4,10,197,7,7,2,1,3
01/10/2024 11:43,795,1,2,170,4,10,197,7,7,3,0,6
01/10/2024 11:44,796,1,2,174,5,4,180,5,10,1,1,110
01/10/2024 11:45,797,1,2,174,5,4,180,5,10,2,1,7
01/10/2024 11:45,798,1,2,174,5,4,180,5,10,3,1,12
01/10/2024 11:45,799,1,2,185,6,5,256,13,6,1,1,27
01/10/2024 11:45,800,1,2,185,6,5,256,13,6,2,0,4
01/10/2024 11:45,801,1,2,185,6,5,256,13,6,3,0,4
01/10/2024 11:45,802,1,2,155,3,5,257,13,7,1,1,8
01/10/2024 11:46,803,1,2,155,3,5,257,13,7,2,0,1
01/10/2024 11:46,804,1,2,155,3,5,257,13,7,3,0,1
01/10/2024 11:46,805,1,2,215,9,5,226,10,6,1,0,24
01/10/2024 11:46,806,1,2,215,9,5,226,10,6,2,1,2
01/10/2024 11:46,807,1,2,215,9,5,226,10,6,3,1,3
01/10/2024 11:46,808,1,2,181,6,1,212,9,2,1,1,17
01/10/2024 11:46,809,1,2,181,6,1,212,9,2,2,0,2
01/10/2024 11:47,810,1,2,181,6,1,212,9,2,3,1,28
01/10/2024 11:47,811,1,2,147,2,7,212,9,2,1,0,11
01/10/2024 11:47,812,1,2,147,2,7,212,9,2,2,1,5
02/10/2024 00:19,813,1,2,147,2,7,212,9,2,3,0,30
02/10/2024 00:20,814,1,2,184,6,4,203,8,3,1,1,29
02/10/2024 00:20,815,1,2,184,6,4,203,8,3,2,0,3
02/10/2024 00:20,816,1,2,184,6,4,203,8,3,3,1,3
02/10/2024 00:20,817,1,2,206,8,6,214,9,4,1,0,8
02/10/2024 00:20,818,1,2,206,8,6,214,9,4,2,1,1
02/10/2024 00:20,819,1,2,206,8,6,214,9,4,3,0,1
02/10/2024 00:20,820,1,2,158,3,8,177,5,7,1,1,8
02/10/2024 00:20,821,1,2,158,3,8,177,5,7,2,0,2
02/10/2024 00:20,822,1,2,158,3,8,177,5,7,3,0,1
02/10/2024 00:21,823,1,2,184,6,4,230,10,10,1,1,29
02/10/2024 00:21,824,1,2,184,6,4,230,10,10,2,0,3
02/10/2024 00:21,825,1,2,184,6,4,230,10,10,3,1,6
02/10/2024 00:21,826,1,2,141,2,1,142,2,2,1,1,27
02/10/2024 00:21,827,1,2,141,2,1,142,2,2,2,0,5
02/10/2024 00:21,828,1,2,141,2,1,142,2,2,3,0,4
02/10/2024 00:22,829,1,2,218,9,8,250,12,10,1,0,13
02/10/2024 00:22,830,1,2,218,9,8,250,12,10,2,1,3
02/10/2024 00:22,831,1,2,218,9,8,250,12,10,3,1,2
02/10/2024 00:23,832,1,2,152,3,2,191,7,1,1,1,97
02/10/2024 00:23,833,1,2,152,3,2,191,7,1,2,0,1
02/10/2024 00:24,834,1,2,152,3,2,191,7,1,3,0,1
02/10/2024 00:24,835,1,2,179,5,9,196,7,6,1,1,14
02/10/2024 00:24,836,1,2,179,5,9,196,7,6,2,1,1
02/10/2024 00:24,837,1,2,179,5,9,196,7,6,3,1,1
02/10/2024 00:25,838,1,2,139,1,9,237,11,7,1,0,43
02/10/2024 00:25,839,1,2,139,1,9,237,11,7,2,1,3
02/10/2024 00:25,840,1,2,139,1,9,237,11,7,3,0,1
02/10/2024 00:25,841,1,2,150,2,10,204,8,4,1,1,15
02/10/2024 00:25,842,1,2,150,2,10,204,8,4,2,0,2
02/10/2024 00:27,843,1,2,150,2,10,204,8,4,3,0,93
02/10/2024 00:27,844,1,2,157,3,7,202,8,2,1,1,20
02/10/2024 00:27,845,1,2,157,3,7,202,8,2,2,1,1
02/10/2024 00:27,846,1,2,157,3,7,202,8,2,3,1,1
02/10/2024 00:28,847,1,2,248,12,8,253,13,3,1,0,65
02/10/2024 00:28,848,1,2,248,12,8,253,13,3,2,0,1
02/10/2024 00:28,849,1,2,248,12,8,253,13,3,3,0,2
02/10/2024 00:28,850,1,2,160,3,10,228,10,8,1,1,21
02/10/2024 00:29,851,1,2,160,3,10,228,10,8,2,0,9
02/10/2024 00:29,852,1,2,160,3,10,228,10,8,3,1,1
02/10/2024 00:31,853,1,2,205,8,5,255,13,5,1,0,117
02/10/2024 00:31,854,1,2,205,8,5,255,13,5,2,1,4
02/10/2024 00:31,855,1,2,205,8,5,255,13,5,3,1,1
02/10/2024 00:31,856,1,2,168,4,8,208,8,8,1,1,9
02/10/2024 00:31,857,1,2,168,4,8,208,8,8,2,0,1
02/10/2024 00:31,858,1,2,168,4,8,208,8,8,3,0,1
02/10/2024 00:31,859,1,2,133,1,3,140,1,10,1,0,8
02/10/2024 00:31,860,1,2,133,1,3,140,1,10,2,1,2
02/10/2024 00:32,861,1,2,133,1,3,140,1,10,3,1,25
02/10/2024 00:37,862,1,2,149,2,9,259,13,9,1,0,312
02/10/2024 00:37,863,1,2,149,2,9,259,13,9,2,1,4
02/10/2024 00:37,864,1,2,149,2,9,259,13,9,3,0,1
02/10/2024 00:37,865,1,2,137,1,7,148,2,8,1,0,9
02/10/2024 00:37,866,1,2,137,1,7,148,2,8,2,1,2
02/10/2024 00:37,867,1,2,137,1,7,148,2,8,3,1,4
02/10/2024 00:37,868,1,2,135,1,5,189,6,9,1,0,11
02/10/2024 00:38,869,1,2,135,1,5,189,6,9,2,0,9
02/10/2024 00:38,870,1,2,135,1,5,189,6,9,3,0,1
02/10/2024 00:38,871,1,2,201,8,1,202,8,2,1,1,23
02/10/2024 00:38,872,1,2,201,8,1,202,8,2,2,1,4
02/10/2024 00:38,873,1,2,201,8,1,202,8,2,3,1,3
02/10/2024 00:38,874,1,2,174,5,4,244,12,4,1,0,8
02/10/2024 00:38,875,1,2,174,5,4,244,12,4,2,1,3
02/10/2024 00:38,876,1,2,174,5,4,244,12,4,3,0,2
02/10/2024 00:40,877,1,2,163,4,3,260,13,10,1,1,68
02/10/2024 00:40,878,1,2,163,4,3,260,13,10,2,0,3
02/10/2024 00:40,879,1,2,163,4,3,260,13,10,3,0,4
02/10/2024 00:40,880,1,2,140,1,10,172,5,2,1,1,25
02/10/2024 00:40,881,1,2,140,1,10,172,5,2,2,0,1
02/10/2024 00:40,882,1,2,140,1,10,172,5,2,3,0,1
02/10/2024 00:41,883,1,2,147,2,7,166,4,6,1,1,51
02/10/2024 00:41,884,1,2,147,2,7,166,4,6,2,1,1
02/10/2024 00:41,885,1,2,147,2,7,166,4,6,3,1,1
02/10/2024 00:42,886,1,2,197,7,7,203,8,3,1,0,47
02/10/2024 00:42,887,1,2,197,7,7,203,8,3,2,0,2
02/10/2024 00:42,888,1,2,197,7,7,203,8,3,3,0,1
02/10/2024 00:42,889,1,2,179,5,9,232,11,2,1,0,13
02/10/2024 00:42,890,1,2,179,5,9,232,11,2,2,1,3
02/10/2024 00:42,891,1,2,179,5,9,232,11,2,3,1,1
02/10/2024 00:43,892,1,2,157,3,7,176,5,6,1,1,11
02/10/2024 00:43,893,1,2,157,3,7,176,5,6,2,1,3
02/10/2024 00:43,894,1,2,157,3,7,176,5,6,3,1,2
02/10/2024 00:43,895,1,2,250,12,10,256,13,6,1,1,11
02/10/2024 00:43,896,1,2,250,12,10,256,13,6,2,1,5
02/10/2024 00:43,897,1,2,250,12,10,256,13,6,3,1,1
02/10/2024 00:43,898,1,2,157,3,7,201,8,1,1,1,14
02/10/2024 00:43,899,1,2,157,3,7,201,8,1,2,1,1
02/10/2024 00:43,900,1,2,157,3,7,201,8,1,3,1,3
02/10/2024 00:48,901,1,2,214,9,4,224,10,4,1,0,270
02/10/2024 00:48,902,1,2,214,9,4,224,10,4,2,1,1
02/10/2024 00:48,903,1,2,214,9,4,224,10,4,3,1,2
02/10/2024 00:48,904,1,2,179,5,9,218,9,8,1,0,7
02/10/2024 00:48,905,1,2,179,5,9,218,9,8,2,1,4
02/10/2024 00:48,906,1,2,179,5,9,218,9,8,3,0,20
02/10/2024 00:49,907,1,2,154,3,4,185,6,5,1,0,57
02/10/2024 00:49,908,1,2,154,3,4,185,6,5,2,0,2
02/10/2024 00:49,909,1,2,154,3,4,185,6,5,3,0,2
02/10/2024 00:50,910,1,2,155,3,5,162,4,2,1,1,25
02/10/2024 00:50,911,1,2,155,3,5,162,4,2,2,1,3
02/10/2024 00:50,912,1,2,155,3,5,162,4,2,3,1,1
02/10/2024 00:50,913,1,2,187,6,7,224,10,4,1,0,8
02/10/2024 00:50,914,1,2,187,6,7,224,10,4,2,1,3
02/10/2024 00:50,915,1,2,187,6,7,224,10,4,3,0,1
02/10/2024 00:50,916,1,2,172,5,2,197,7,7,1,1,7
02/10/2024 00:50,917,1,2,172,5,2,197,7,7,2,1,1
02/10/2024 00:50,918,1,2,172,5,2,197,7,7,3,1,1
02/10/2024 00:51,919,1,2,233,11,3,236,11,6,1,0,11
02/10/2024 00:51,920,1,2,233,11,3,236,11,6,2,1,3
02/10/2024 00:51,921,1,2,233,11,3,236,11,6,3,1,2
02/10/2024 00:51,922,1,2,156,3,6,235,11,5,1,0,14
02/10/2024 00:51,923,1,2,156,3,6,235,11,5,2,1,2
02/10/2024 00:51,924,1,2,156,3,6,235,11,5,3,0,1
02/10/2024 00:52,925,1,2,201,8,1,240,11,10,1,1,81
02/10/2024 00:52,926,1,2,201,8,1,240,11,10,2,0,1
02/10/2024 00:53,927,1,2,201,8,1,240,11,10,3,1,2
02/10/2024 00:53,928,1,2,144,2,4,232,11,2,1,0,42
02/10/2024 00:53,929,1,2,144,2,4,232,11,2,2,0,1
02/10/2024 00:53,930,1,2,144,2,4,232,11,2,3,0,2
02/10/2024 00:54,931,1,2,164,4,4,174,5,4,1,0,20
02/10/2024 00:54,932,1,2,164,4,4,174,5,4,2,0,3
02/10/2024 00:54,933,1,2,164,4,4,174,5,4,3,0,1
02/10/2024 00:54,934,1,2,158,3,8,255,13,5,1,0,33
02/10/2024 00:54,935,1,2,158,3,8,255,13,5,2,1,2
02/10/2024 07:53,936,1,2,158,3,8,255,13,5,3,0,13
02/10/2024 07:54,937,1,2,135,1,5,192,7,2,1,1,54
02/10/2024 07:54,938,1,2,135,1,5,192,7,2,2,1,1
02/10/2024 07:54,939,1,2,135,1,5,192,7,2,3,1,2
02/10/2024 07:55,940,1,2,135,1,5,242,12,2,1,0,14
02/10/2024 07:55,941,1,2,135,1,5,242,12,2,2,1,3
02/10/2024 07:56,942,1,2,135,1,5,242,12,2,3,0,57
02/10/2024 07:57,943,1,2,171,5,1,234,11,4,1,0,60
02/10/2024 07:57,944,1,2,171,5,1,234,11,4,2,0,2
02/10/2024 07:57,945,1,2,171,5,1,234,11,4,3,0,1
02/10/2024 07:58,946,1,2,138,1,8,210,8,10,1,0,60
02/10/2024 07:58,947,1,2,138,1,8,210,8,10,2,0,2
02/10/2024 07:58,948,1,2,138,1,8,210,8,10,3,0,1
02/10/2024 07:58,949,1,2,197,7,7,206,8,6,1,0,7
02/10/2024 07:58,950,1,2,197,7,7,206,8,6,2,0,2
02/10/2024 07:58,951,1,2,197,7,7,206,8,6,3,0,1
02/10/2024 07:59,952,1,2,143,2,3,231,11,1,1,0,85
02/10/2024 08:00,953,1,2,143,2,3,231,11,1,2,1,4
02/10/2024 08:00,954,1,2,143,2,3,231,11,1,3,1,5
02/10/2024 08:01,955,1,2,183,6,3,224,10,4,1,0,77
02/10/2024 08:01,956,1,2,183,6,3,224,10,4,2,1,3
02/10/2024 08:01,957,1,2,183,6,3,224,10,4,3,0,5
02/10/2024 08:02,958,1,2,135,1,5,211,9,1,1,0,32
02/10/2024 08:02,959,1,2,135,1,5,211,9,1,2,0,2
02/10/2024 08:02,960,1,2,135,1,5,211,9,1,3,0,1
02/10/2024 08:04,961,1,2,152,3,2,251,13,1,1,0,111
02/10/2024 08:04,962,1,2,152,3,2,251,13,1,2,0,9
02/10/2024 08:04,963,1,2,152,3,2,251,13,1,3,0,2
02/10/2024 08:04,964,1,2,213,9,3,239,11,9,1,0,19
02/10/2024 08:04,965,1,2,213,9,3,239,11,9,2,1,5
02/10/2024 08:04,966,1,2,213,9,3,239,11,9,3,0,14
02/10/2024 08:07,967,1,2,223,10,3,245,12,5,1,1,133
02/10/2024 08:07,968,1,2,223,10,3,245,12,5,2,0,4
02/10/2024 08:07,969,1,2,223,10,3,245,12,5,3,0,9
02/10/2024 08:07,970,1,2,210,8,10,217,9,7,1,1,10
02/10/2024 08:07,971,1,2,210,8,10,217,9,7,2,0,2
02/10/2024 08:07,972,1,2,210,8,10,217,9,7,3,0,2
02/10/2024 08:08,973,1,2,174,5,4,249,12,9,1,0,20
02/10/2024 08:08,974,1,2,174,5,4,249,12,9,2,0,1
02/10/2024 08:08,975,1,2,174,5,4,249,12,9,3,0,1
02/10/2024 08:08,976,1,2,197,7,7,209,8,9,1,0,8
02/10/2024 08:08,977,1,2,197,7,7,209,8,9,2,0,2
02/10/2024 08:08,978,1,2,197,7,7,209,8,9,3,0,2
02/10/2024 08:08,979,1,2,184,6,4,217,9,7,1,1,11
02/10/2024 08:08,980,1,2,184,6,4,217,9,7,2,0,4
02/10/2024 08:08,981,1,2,184,6,4,217,9,7,3,0,2
02/10/2024 08:08,982,1,2,157,3,7,187,6,7,1,1,10
02/10/2024 08:08,983,1,2,157,3,7,187,6,7,2,1,2
02/10/2024 08:08,984,1,2,157,3,7,187,6,7,3,1,2
02/10/2024 08:09,985,1,2,170,4,10,175,5,5,1,1,8
02/10/2024 08:09,986,1,2,170,4,10,175,5,5,2,0,3
02/10/2024 08:09,987,1,2,170,4,10,175,5,5,3,0,4
02/10/2024 08:10,988,1,2,151,3,1,185,6,5,1,0,106
02/10/2024 08:11,989,1,2,151,3,1,185,6,5,2,1,3
02/10/2024 08:11,990,1,2,151,3,1,185,6,5,3,1,2
02/10/2024 08:11,991,1,2,168,4,8,260,13,10,1,0,12
02/10/2024 08:11,992,1,2,168,4,8,260,13,10,2,0,2
02/10/2024 08:11,993,1,2,168,4,8,260,13,10,3,0,1
02/10/2024 08:11,994,1,2,229,10,9,243,12,3,1,0,31
02/10/2024 08:11,995,1,2,229,10,9,243,12,3,2,0,3
02/10/2024 08:12,996,1,2,229,10,9,243,12,3,3,0,3
02/10/2024 08:12,997,1,2,153,3,3,189,6,9,1,0,11
02/10/2024 08:12,998,1,2,153,3,3,189,6,9,2,0,2
02/10/2024 08:12,999,1,2,153,3,3,189,6,9,3,0,1
02/10/2024 08:12,1000,1,2,209,8,9,217,9,7,1,0,23
02/10/2024 08:12,1001,1,2,209,8,9,217,9,7,2,1,3
02/10/2024 08:12,1002,1,2,209,8,9,217,9,7,3,1,2
02/10/2024 08:14,1003,1,2,227,10,7,232,11,2,1,0,74
02/10/2024 08:14,1004,1,2,227,10,7,232,11,2,2,0,1
02/10/2024 08:14,1005,1,2,227,10,7,232,11,2,3,1,5
02/10/2024 08:14,1006,1,2,238,11,8,247,12,7,1,0,22
02/10/2024 08:14,1007,1,2,238,11,8,247,12,7,2,1,2
02/10/2024 08:14,1008,1,2,238,11,8,247,12,7,3,0,1
02/10/2024 08:16,1009,1,2,246,12,6,255,13,5,1,0,116
02/10/2024 08:16,1010,1,2,246,12,6,255,13,5,2,0,2
02/10/2024 08:16,1011,1,2,246,12,6,255,13,5,3,0,2
02/10/2024 08:16,1012,1,2,189,6,9,229,10,9,1,1,18
02/10/2024 08:17,1013,1,2,189,6,9,229,10,9,2,1,2
02/10/2024 08:17,1014,1,2,189,6,9,229,10,9,3,1,1
02/10/2024 08:17,1015,1,2,209,8,9,211,9,1,1,0,11
02/10/2024 08:17,1016,1,2,209,8,9,211,9,1,2,1,2
02/10/2024 08:17,1017,1,2,209,8,9,211,9,1,3,1,1
02/10/2024 08:18,1018,1,2,139,1,9,194,7,4,1,0,51
02/10/2024 08:18,1019,1,2,139,1,9,194,7,4,2,1,4
02/10/2024 08:18,1020,1,2,139,1,9,194,7,4,3,1,4
02/10/2024 08:18,1021,1,3,304,5,4,330,7,10,1,0,7
02/10/2024 08:18,1022,1,3,304,5,4,330,7,10,2,1,3
02/10/2024 08:18,1023,1,3,304,5,4,330,7,10,3,1,9
02/10/2024 08:18,1024,1,3,341,9,1,370,11,10,1,0,15
02/10/2024 08:19,1025,1,3,341,9,1,370,11,10,2,0,18
02/10/2024 08:19,1026,1,3,341,9,1,370,11,10,3,0,4
02/10/2024 08:19,1027,1,3,273,2,3,376,12,6,1,1,20
02/10/2024 08:19,1028,1,3,273,2,3,376,12,6,2,0,2
02/10/2024 08:19,1029,1,3,273,2,3,376,12,6,3,1,1
02/10/2024 08:20,1030,1,3,353,10,3,380,12,10,1,0,29
02/10/2024 08:20,1031,1,3,353,10,3,380,12,10,2,1,2
02/10/2024 08:20,1032,1,3,353,10,3,380,12,10,3,1,17
02/10/2024 08:20,1033,1,3,262,1,2,312,6,2,1,0,7
02/10/2024 08:20,1034,1,3,262,1,2,312,6,2,2,0,3
02/10/2024 08:20,1035,1,3,262,1,2,312,6,2,3,0,2
02/10/2024 08:21,1036,1,3,307,5,7,320,6,10,1,0,8
02/10/2024 08:21,1037,1,3,307,5,7,320,6,10,2,1,5
02/10/2024 08:21,1038,1,3,307,5,7,320,6,10,3,0,7
02/10/2024 08:21,1039,1,3,314,6,4,384,13,4,1,0,20
02/10/2024 08:21,1040,1,3,314,6,4,384,13,4,2,1,3
02/10/2024 08:21,1041,1,3,314,6,4,384,13,4,3,0,11
02/10/2024 08:22,1042,1,3,283,3,3,284,3,4,1,0,15
02/10/2024 08:22,1043,1,3,283,3,3,284,3,4,2,1,1
02/10/2024 08:22,1044,1,3,283,3,3,284,3,4,3,1,3
02/10/2024 08:22,1045,1,3,278,2,8,351,10,1,1,0,9
02/10/2024 08:22,1046,1,3,278,2,8,351,10,1,2,1,8
02/10/2024 08:22,1047,1,3,278,2,8,351,10,1,3,0,1
02/10/2024 08:22,1048,1,3,263,1,3,282,3,2,1,0,18
02/10/2024 08:22,1049,1,3,263,1,3,282,3,2,2,1,1
02/10/2024 08:22,1050,1,3,263,1,3,282,3,2,3,1,2
02/10/2024 09:00,1051,1,3,275,2,5,390,13,10,1,0,37
02/10/2024 09:00,1052,1,3,275,2,5,390,13,10,2,0,2
02/10/2024 09:00,1053,1,3,275,2,5,390,13,10,3,0,1
02/10/2024 09:01,1054,1,3,344,9,4,382,13,2,1,1,60
02/10/2024 09:01,1055,1,3,344,9,4,382,13,2,2,0,3
02/10/2024 09:01,1056,1,3,344,9,4,382,13,2,3,0,2
02/10/2024 09:02,1057,1,3,312,6,2,346,9,6,1,1,22
02/10/2024 09:02,1058,1,3,312,6,2,346,9,6,2,1,2
02/10/2024 09:02,1059,1,3,312,6,2,346,9,6,3,1,2
02/10/2024 09:03,1060,1,3,298,4,8,311,6,1,1,1,102
02/10/2024 09:04,1061,1,3,298,4,8,311,6,1,2,1,2
02/10/2024 09:04,1062,1,3,298,4,8,311,6,1,3,1,2
02/10/2024 09:04,1063,1,3,286,3,6,330,7,10,1,0,11
02/10/2024 09:04,1064,1,3,286,3,6,330,7,10,2,1,2
02/10/2024 09:04,1065,1,3,286,3,6,330,7,10,3,1,9
02/10/2024 09:06,1066,1,3,278,2,8,285,3,5,1,0,118
02/10/2024 09:06,1067,1,3,278,2,8,285,3,5,2,0,2
02/10/2024 09:06,1068,1,3,278,2,8,285,3,5,3,0,2
02/10/2024 09:06,1069,1,3,269,1,9,327,7,7,1,0,25
02/10/2024 09:06,1070,1,3,269,1,9,327,7,7,2,1,2
02/10/2024 09:07,1071,1,3,269,1,9,327,7,7,3,0,4
02/10/2024 09:07,1072,1,3,265,1,5,284,3,4,1,1,18
02/10/2024 09:07,1073,1,3,265,1,5,284,3,4,2,1,1
02/10/2024 09:07,1074,1,3,265,1,5,284,3,4,3,1,1
02/10/2024 09:07,1075,1,3,300,4,10,385,13,5,1,1,32
02/10/2024 09:08,1076,1,3,300,4,10,385,13,5,2,0,7
02/10/2024 09:08,1077,1,3,300,4,10,385,13,5,3,0,5
02/10/2024 09:09,1078,1,3,270,1,10,359,10,9,1,1,68
02/10/2024 09:09,1079,1,3,270,1,10,359,10,9,2,0,3
02/10/2024 09:09,1080,1,3,270,1,10,359,10,9,3,0,2
02/10/2024 09:09,1081,1,3,264,1,4,376,12,6,1,1,13
02/10/2024 09:09,1082,1,3,264,1,4,376,12,6,2,1,2
02/10/2024 09:09,1083,1,3,264,1,4,376,12,6,3,1,2
02/10/2024 09:09,1084,1,3,385,13,5,388,13,8,1,1,11
02/10/2024 09:10,1085,1,3,385,13,5,388,13,8,2,0,2
02/10/2024 09:10,1086,1,3,385,13,5,388,13,8,3,1,9
02/10/2024 09:10,1087,1,3,286,3,6,376,12,6,1,1,11
02/10/2024 09:10,1088,1,3,286,3,6,376,12,6,2,1,1
02/10/2024 09:10,1089,1,3,286,3,6,376,12,6,3,1,1
02/10/2024 09:10,1090,1,3,316,6,6,333,8,3,1,0,22
02/10/2024 09:10,1091,1,3,316,6,6,333,8,3,2,0,6
02/10/2024 09:11,1092,1,3,316,6,6,333,8,3,3,0,3
02/10/2024 09:11,1093,1,3,270,1,10,378,12,8,1,0,2
02/10/2024 09:11,1094,1,3,270,1,10,378,12,8,2,0,18
02/10/2024 09:11,1095,1,3,270,1,10,378,12,8,3,0,2
02/10/2024 09:11,1096,1,3,385,13,5,386,13,6,1,0,11
02/10/2024 09:11,1097,1,3,385,13,5,386,13,6,2,0,1
02/10/2024 09:11,1098,1,3,385,13,5,386,13,6,3,0,1
02/10/2024 09:11,1099,1,3,306,5,6,319,6,9,1,0,11
02/10/2024 09:11,1100,1,3,306,5,6,319,6,9,2,1,2
02/10/2024 09:12,1101,1,3,306,5,6,319,6,9,3,1,3
02/10/2024 09:12,1102,1,3,314,6,4,387,13,7,1,0,17
02/10/2024 09:12,1103,1,3,314,6,4,387,13,7,2,0,1
02/10/2024 09:12,1104,1,3,314,6,4,387,13,7,3,0,1
02/10/2024 09:12,1105,1,3,288,3,8,344,9,4,1,0,13
02/10/2024 09:12,1106,1,3,288,3,8,344,9,4,2,0,5
02/10/2024 09:12,1107,1,3,288,3,8,344,9,4,3,0,3
02/10/2024 09:13,1108,1,3,265,1,5,345,9,5,1,1,14
02/10/2024 09:13,1109,1,3,265,1,5,345,9,5,2,0,2
02/10/2024 09:13,1110,1,3,265,1,5,345,9,5,3,1,33
02/10/2024 09:13,1111,1,3,287,3,7,299,4,9,1,0,7
02/10/2024 09:13,1112,1,3,287,3,7,299,4,9,2,1,2
02/10/2024 09:13,1113,1,3,287,3,7,299,4,9,3,1,4
02/10/2024 09:15,1114,1,3,366,11,6,374,12,4,1,0,70
02/10/2024 09:15,1115,1,3,366,11,6,374,12,4,2,0,3
02/10/2024 09:15,1116,1,3,366,11,6,374,12,4,3,0,2
02/10/2024 09:15,1117,1,3,362,11,2,374,12,4,1,0,13
02/10/2024 09:15,1118,1,3,362,11,2,374,12,4,2,0,2
02/10/2024 09:15,1119,1,3,362,11,2,374,12,4,3,0,1
02/10/2024 09:16,1120,1,3,367,11,7,388,13,8,1,1,39
02/10/2024 09:16,1121,1,3,367,11,7,388,13,8,2,0,2
02/10/2024 09:16,1122,1,3,367,11,7,388,13,8,3,0,2
02/10/2024 09:17,1123,1,3,278,2,8,328,7,8,1,1,92
02/10/2024 09:17,1124,1,3,278,2,8,328,7,8,2,1,7
02/10/2024 09:17,1125,1,3,278,2,8,328,7,8,3,0,2
02/10/2024 09:18,1126,1,3,265,1,5,366,11,6,1,1,12
02/10/2024 09:18,1127,1,3,265,1,5,366,11,6,2,0,2
02/10/2024 09:18,1128,1,3,265,1,5,366,11,6,3,1,2
03/10/2024 05:56,1129,1,3,362,11,2,379,12,9,1,0,28
03/10/2024 05:56,1130,1,3,362,11,2,379,12,9,2,0,3
03/10/2024 05:56,1131,1,3,362,11,2,379,12,9,3,0,2
03/10/2024 05:56,1132,1,3,329,7,9,377,12,7,1,1,12
03/10/2024 05:56,1133,1,3,329,7,9,377,12,7,2,0,4
03/10/2024 05:56,1134,1,3,329,7,9,377,12,7,3,1,14
03/10/2024 05:58,1135,1,3,338,8,8,356,10,6,1,0,70
03/10/2024 05:58,1136,1,3,338,8,8,356,10,6,2,1,24
03/10/2024 05:58,1137,1,3,338,8,8,356,10,6,3,1,4
03/10/2024 05:58,1138,1,3,318,6,8,327,7,7,1,0,9
03/10/2024 05:58,1139,1,3,318,6,8,327,7,7,2,1,5
03/10/2024 05:58,1140,1,3,318,6,8,327,7,7,3,1,6
03/10/2024 05:59,1141,1,3,281,3,1,386,13,6,1,0,25
03/10/2024 06:00,1142,1,3,281,3,1,386,13,6,2,0,58
03/10/2024 06:00,1143,1,3,281,3,1,386,13,6,3,0,3
03/10/2024 06:00,1144,1,3,322,7,2,379,12,9,1,1,13
03/10/2024 06:00,1145,1,3,322,7,2,379,12,9,2,0,5
03/10/2024 06:00,1146,1,3,322,7,2,379,12,9,3,1,7
03/10/2024 06:01,1147,1,3,273,2,3,373,12,3,1,0,25
03/10/2024 06:01,1148,1,3,273,2,3,373,12,3,2,1,2
03/10/2024 06:01,1149,1,3,273,2,3,373,12,3,3,0,2
03/10/2024 06:01,1150,1,3,268,1,8,378,12,8,1,0,14
03/10/2024 06:01,1151,1,3,268,1,8,378,12,8,2,0,18
03/10/2024 06:02,1152,1,3,268,1,8,378,12,8,3,0,1
03/10/2024 06:02,1153,1,3,286,3,6,358,10,8,1,0,56
03/10/2024 06:03,1154,1,3,286,3,6,358,10,8,2,0,3
03/10/2024 06:03,1155,1,3,286,3,6,358,10,8,3,0,1
03/10/2024 06:03,1156,1,3,312,6,2,384,13,4,1,1,13
03/10/2024 06:03,1157,1,3,312,6,2,384,13,4,2,0,1
03/10/2024 06:03,1158,1,3,312,6,2,384,13,4,3,1,1
03/10/2024 06:03,1159,1,3,274,2,4,327,7,7,1,1,20
03/10/2024 06:03,1160,1,3,274,2,4,327,7,7,2,1,2
03/10/2024 06:03,1161,1,3,274,2,4,327,7,7,3,0,1
03/10/2024 06:03,1162,1,3,291,4,1,333,8,3,1,1,10
03/10/2024 06:04,1163,1,3,291,4,1,333,8,3,2,0,1
03/10/2024 06:04,1164,1,3,291,4,1,333,8,3,3,0,2
03/10/2024 06:04,1165,1,3,274,2,4,331,8,1,1,0,11
03/10/2024 06:04,1166,1,3,274,2,4,331,8,1,2,0,1
03/10/2024 06:04,1167,1,3,274,2,4,331,8,1,3,0,2
03/10/2024 06:04,1168,1,3,315,6,5,378,12,8,1,1,22
03/10/2024 06:04,1169,1,3,315,6,5,378,12,8,2,0,3
03/10/2024 06:04,1170,1,3,315,6,5,378,12,8,3,0,5
03/10/2024 06:06,1171,1,3,264,1,4,315,6,5,1,0,74
03/10/2024 06:06,1172,1,3,264,1,4,315,6,5,2,1,3
03/10/2024 06:06,1173,1,3,264,1,4,315,6,5,3,0,2
03/10/2024 06:06,1174,1,3,270,1,10,339,8,9,1,1,18
03/10/2024 06:06,1175,1,3,270,1,10,339,8,9,2,0,2
03/10/2024 06:06,1176,1,3,270,1,10,339,8,9,3,0,2
03/10/2024 06:06,1177,1,3,268,1,8,338,8,8,1,1,13
03/10/2024 06:06,1178,1,3,268,1,8,338,8,8,2,0,3
03/10/2024 06:06,1179,1,3,268,1,8,338,8,8,3,1,2
03/10/2024 06:07,1180,1,3,306,5,6,307,5,7,1,0,18
03/10/2024 06:07,1181,1,3,306,5,6,307,5,7,2,0,2
03/10/2024 06:07,1182,1,3,306,5,6,307,5,7,3,0,2
03/10/2024 06:07,1183,1,3,341,9,1,385,13,5,1,1,9
03/10/2024 06:07,1184,1,3,341,9,1,385,13,5,2,1,1
03/10/2024 06:07,1185,1,3,341,9,1,385,13,5,3,1,2
03/10/2024 06:07,1186,1,3,291,4,1,325,7,5,1,0,9
03/10/2024 06:07,1187,1,3,291,4,1,325,7,5,2,1,5
03/10/2024 06:07,1188,1,3,291,4,1,325,7,5,3,0,7
03/10/2024 06:08,1189,1,3,295,4,5,309,5,9,1,1,11
03/10/2024 06:08,1190,1,3,295,4,5,309,5,9,2,0,1
03/10/2024 06:08,1191,1,3,295,4,5,309,5,9,3,0,2
03/10/2024 06:09,1192,1,3,264,1,4,373,12,3,1,0,86
03/10/2024 06:09,1193,1,3,264,1,4,373,12,3,2,1,2
03/10/2024 06:09,1194,1,3,264,1,4,373,12,3,3,0,1
03/10/2024 06:10,1195,1,3,264,1,4,383,13,3,1,1,16
03/10/2024 06:10,1196,1,3,264,1,4,383,13,3,2,0,2
03/10/2024 06:10,1197,1,3,264,1,4,383,13,3,3,1,11
03/10/2024 06:10,1198,1,3,270,1,10,295,4,5,1,0,10
03/10/2024 06:10,1199,1,3,270,1,10,295,4,5,2,1,3
03/10/2024 06:10,1200,1,3,270,1,10,295,4,5,3,0,11
03/10/2024 06:10,1201,1,3,301,5,1,373,12,3,1,0,9
03/10/2024 06:10,1202,1,3,301,5,1,373,12,3,2,1,2
03/10/2024 06:10,1203,1,3,301,5,1,373,12,3,3,0,2
03/10/2024 06:11,1204,1,3,292,4,2,389,13,9,1,0,15
03/10/2024 06:11,1205,1,3,292,4,2,389,13,9,2,0,1
03/10/2024 06:11,1206,1,3,292,4,2,389,13,9,3,0,3
03/10/2024 06:11,1207,1,3,274,2,4,309,5,9,1,0,18
03/10/2024 06:11,1208,1,3,274,2,4,309,5,9,2,1,3
03/10/2024 06:11,1209,1,3,274,2,4,309,5,9,3,0,1
03/10/2024 06:12,1210,1,3,336,8,6,380,12,10,1,0,25
03/10/2024 06:12,1211,1,3,336,8,6,380,12,10,2,0,1
03/10/2024 06:12,1212,1,3,336,8,6,380,12,10,3,0,1
03/10/2024 06:12,1213,1,3,330,7,10,351,10,1,1,1,35
03/10/2024 06:12,1214,1,3,330,7,10,351,10,1,2,0,2
03/10/2024 06:12,1215,1,3,330,7,10,351,10,1,3,1,6
03/10/2024 06:13,1216,1,3,276,2,6,325,7,5,1,0,8
03/10/2024 06:13,1217,1,3,276,2,6,325,7,5,2,1,1
03/10/2024 06:13,1218,1,3,276,2,6,325,7,5,3,0,1
03/10/2024 06:13,1219,1,3,274,2,4,366,11,6,1,1,10
03/10/2024 06:13,1220,1,3,274,2,4,366,11,6,2,1,4
03/10/2024 06:13,1221,1,3,274,2,4,366,11,6,3,1,1
03/10/2024 06:13,1222,1,3,277,2,7,310,5,10,1,0,11
03/10/2024 06:13,1223,1,3,277,2,7,310,5,10,2,1,5
03/10/2024 06:13,1224,1,3,277,2,7,310,5,10,3,1,8
03/10/2024 06:14,1225,1,3,283,3,3,358,10,8,1,1,20
03/10/2024 06:14,1226,1,3,283,3,3,358,10,8,2,0,3
03/10/2024 06:14,1227,1,3,283,3,3,358,10,8,3,1,2
03/10/2024 11:36,1228,1,3,290,3,10,346,9,6,1,1,51
03/10/2024 11:36,1229,1,3,290,3,10,346,9,6,2,0,5
03/10/2024 11:36,1230,1,3,290,3,10,346,9,6,3,1,3
03/10/2024 11:36,1231,1,3,261,1,1,379,12,9,1,0,20
03/10/2024 11:36,1232,1,3,261,1,1,379,12,9,2,1,2
03/10/2024 11:36,1233,1,3,261,1,1,379,12,9,3,0,1
03/10/2024 11:36,1234,1,3,307,5,7,388,13,8,1,1,11
03/10/2024 11:36,1235,1,3,307,5,7,388,13,8,2,0,5
03/10/2024 11:37,1236,1,3,307,5,7,388,13,8,3,1,1
03/10/2024 11:38,1237,1,3,263,1,3,313,6,3,1,0,59
03/10/2024 11:38,1238,1,3,263,1,3,313,6,3,2,1,2
03/10/2024 11:38,1239,1,3,263,1,3,313,6,3,3,1,2
03/10/2024 11:38,1240,1,3,324,7,4,368,11,8,1,1,24
03/10/2024 11:38,1241,1,3,324,7,4,368,11,8,2,0,2
03/10/2024 11:38,1242,1,3,324,7,4,368,11,8,3,0,2
03/10/2024 11:39,1243,1,3,305,5,5,318,6,8,1,1,27
03/10/2024 11:39,1244,1,3,305,5,5,318,6,8,2,1,1
03/10/2024 11:39,1245,1,3,305,5,5,318,6,8,3,1,2
03/10/2024 11:39,1246,1,3,290,3,10,352,10,2,1,1,39
03/10/2024 11:39,1247,1,3,290,3,10,352,10,2,2,1,2
03/10/2024 11:39,1248,1,3,290,3,10,352,10,2,3,1,2
03/10/2024 11:40,1249,1,3,285,3,5,379,12,9,1,0,22
03/10/2024 11:40,1250,1,3,285,3,5,379,12,9,2,0,5
03/10/2024 11:40,1251,1,3,285,3,5,379,12,9,3,0,2
03/10/2024 11:40,1252,1,3,309,5,9,349,9,9,1,0,18
03/10/2024 11:40,1253,1,3,309,5,9,349,9,9,2,0,1
03/10/2024 11:40,1254,1,3,309,5,9,349,9,9,3,0,1
03/10/2024 11:41,1255,1,3,294,4,4,317,6,7,1,0,26
03/10/2024 11:41,1256,1,3,294,4,4,317,6,7,2,0,1
03/10/2024 11:41,1257,1,3,294,4,4,317,6,7,3,0,2
03/10/2024 11:42,1258,1,3,270,1,10,346,9,6,1,1,79
03/10/2024 11:42,1259,1,3,270,1,10,346,9,6,2,0,1
03/10/2024 11:42,1260,1,3,270,1,10,346,9,6,3,0,1
03/10/2024 11:43,1261,1,3,288,3,8,298,4,8,1,0,20
03/10/2024 11:43,1262,1,3,288,3,8,298,4,8,2,1,5
03/10/2024 11:43,1263,1,3,288,3,8,298,4,8,3,0,3
03/10/2024 11:43,1264,1,3,262,1,2,327,7,7,1,0,11
03/10/2024 11:43,1265,1,3,262,1,2,327,7,7,2,1,2
03/10/2024 11:43,1266,1,3,262,1,2,327,7,7,3,0,5
03/10/2024 11:43,1267,1,3,304,5,4,326,7,6,1,0,16
03/10/2024 11:43,1268,1,3,304,5,4,326,7,6,2,1,4
03/10/2024 11:43,1269,1,3,304,5,4,326,7,6,3,0,1
03/10/2024 11:44,1270,1,3,304,5,4,369,11,9,1,0,9
03/10/2024 11:44,1271,1,3,304,5,4,369,11,9,2,0,1
03/10/2024 11:44,1272,1,3,304,5,4,369,11,9,3,0,1
03/10/2024 11:44,1273,1,3,310,5,10,330,7,10,1,0,21
03/10/2024 11:44,1274,1,3,310,5,10,330,7,10,2,1,3
03/10/2024 11:44,1275,1,3,310,5,10,330,7,10,3,1,1
03/10/2024 11:45,1276,1,3,276,2,6,386,13,6,1,0,25
03/10/2024 11:45,1277,1,3,276,2,6,386,13,6,2,0,3
03/10/2024 11:45,1278,1,3,276,2,6,386,13,6,3,0,1
03/10/2024 11:45,1279,1,3,263,1,3,387,13,7,1,0,25
03/10/2024 11:45,1280,1,3,263,1,3,387,13,7,2,0,1
03/10/2024 11:45,1281,1,3,263,1,3,387,13,7,3,0,1
03/10/2024 11:46,1282,1,3,324,7,4,332,8,2,1,1,31
03/10/2024 11:46,1283,1,3,324,7,4,332,8,2,2,0,1
03/10/2024 11:46,1284,1,3,324,7,4,332,8,2,3,0,1
03/10/2024 11:47,1285,1,3,375,12,5,380,12,10,1,1,99
03/10/2024 11:47,1286,1,3,375,12,5,380,12,10,2,1,1
03/10/2024 11:47,1287,1,3,375,12,5,380,12,10,3,1,2
03/10/2024 11:48,1288,1,3,305,5,5,345,9,5,1,1,14
03/10/2024 11:48,1289,1,3,305,5,5,345,9,5,2,1,1
03/10/2024 11:48,1290,1,3,305,5,5,345,9,5,3,1,1
03/10/2024 11:48,1291,1,3,314,6,4,315,6,5,1,0,9
03/10/2024 11:48,1292,1,3,314,6,4,315,6,5,2,1,4
03/10/2024 11:48,1293,1,3,314,6,4,315,6,5,3,0,1
03/10/2024 11:49,1294,1,3,262,1,2,337,8,7,1,1,41
03/10/2024 11:49,1295,1,3,262,1,2,337,8,7,2,0,3
03/10/2024 11:49,1296,1,3,262,1,2,337,8,7,3,1,2
03/10/2024 11:49,1297,1,3,265,1,5,289,3,9,1,0,35
03/10/2024 11:50,1298,1,3,265,1,5,289,3,9,2,1,3
03/10/2024 11:50,1299,1,3,265,1,5,289,3,9,3,0,1
03/10/2024 11:50,1300,1,3,285,3,5,317,6,7,1,1,14
03/10/2024 11:50,1301,1,3,285,3,5,317,6,7,2,1,2
03/10/2024 11:50,1302,1,3,285,3,5,317,6,7,3,1,1
03/10/2024 11:50,1303,1,3,308,5,8,326,7,6,1,1,11
03/10/2024 11:50,1304,1,3,308,5,8,326,7,6,2,1,1
03/10/2024 11:50,1305,1,3,308,5,8,326,7,6,3,1,2
03/10/2024 11:50,1306,1,3,321,7,1,323,7,3,1,0,11
03/10/2024 11:50,1307,1,3,321,7,1,323,7,3,2,1,3
03/10/2024 11:51,1308,1,3,321,7,1,323,7,3,3,0,4
03/10/2024 12:30,1309,1,3,264,1,4,367,11,7,1,1,38
03/10/2024 12:30,1310,1,3,264,1,4,367,11,7,2,0,2
03/10/2024 12:30,1311,1,3,264,1,4,367,11,7,3,0,4
03/10/2024 12:31,1312,1,3,304,5,4,377,12,7,1,0,28
03/10/2024 12:31,1313,1,3,304,5,4,377,12,7,2,0,26
03/10/2024 12:31,1314,1,3,304,5,4,377,12,7,3,0,14
03/10/2024 12:32,1315,1,3,363,11,3,380,12,10,1,1,74
03/10/2024 12:33,1316,1,3,363,11,3,380,12,10,2,1,2
03/10/2024 12:33,1317,1,3,363,11,3,380,12,10,3,1,1
03/10/2024 12:33,1318,1,3,277,2,7,386,13,6,1,0,49
03/10/2024 12:33,1319,1,3,277,2,7,386,13,6,2,1,5
03/10/2024 12:34,1320,1,3,277,2,7,386,13,6,3,1,9
03/10/2024 12:37,1321,1,3,267,1,7,270,1,10,1,0,201
03/10/2024 12:37,1322,1,3,267,1,7,270,1,10,2,1,2
03/10/2024 12:37,1323,1,3,267,1,7,270,1,10,3,0,1
03/10/2024 12:38,1324,1,3,301,5,1,308,5,8,1,1,27
03/10/2024 12:38,1325,1,3,301,5,1,308,5,8,2,0,6
03/10/2024 12:38,1326,1,3,301,5,1,308,5,8,3,1,4
03/10/2024 12:38,1327,1,3,356,10,6,379,12,9,1,1,5
03/10/2024 12:38,1328,1,3,356,10,6,379,12,9,2,0,18
03/10/2024 12:38,1329,1,3,356,10,6,379,12,9,3,0,7
03/10/2024 12:40,1330,1,3,331,8,1,344,9,4,1,0,96
03/10/2024 12:40,1331,1,3,331,8,1,344,9,4,2,1,6
03/10/2024 12:40,1332,1,3,331,8,1,344,9,4,3,0,4
03/10/2024 12:41,1333,1,3,286,3,6,385,13,5,1,1,24
03/10/2024 12:41,1334,1,3,286,3,6,385,13,5,2,1,4
03/10/2024 12:41,1335,1,3,286,3,6,385,13,5,3,1,4
03/10/2024 12:41,1336,1,3,301,5,1,332,8,2,1,1,17
03/10/2024 12:41,1337,1,3,301,5,1,332,8,2,2,1,5
03/10/2024 12:41,1338,1,3,301,5,1,332,8,2,3,0,7
03/10/2024 12:42,1339,1,3,355,10,5,386,13,6,1,1,19
03/10/2024 12:42,1340,1,3,355,10,5,386,13,6,2,0,2
03/10/2024 12:42,1341,1,3,355,10,5,386,13,6,3,0,2
03/10/2024 12:42,1342,1,3,265,1,5,373,12,3,1,0,31
03/10/2024 12:42,1343,1,3,265,1,5,373,12,3,2,1,2
03/10/2024 12:42,1344,1,3,265,1,5,373,12,3,3,0,3
03/10/2024 12:42,1345,1,3,328,7,8,347,9,7,1,1,12
03/10/2024 12:42,1346,1,3,328,7,8,347,9,7,2,0,1
03/10/2024 12:43,1347,1,3,328,7,8,347,9,7,3,0,1
03/10/2024 12:43,1348,1,3,273,2,3,280,2,10,1,0,9
03/10/2024 12:43,1349,1,3,273,2,3,280,2,10,2,0,3
03/10/2024 12:43,1350,1,3,273,2,3,280,2,10,3,0,4
03/10/2024 12:43,1351,1,3,286,3,6,337,8,7,1,1,10
03/10/2024 12:43,1352,1,3,286,3,6,337,8,7,2,0,2
03/10/2024 12:43,1353,1,3,286,3,6,337,8,7,3,1,2
03/10/2024 12:43,1354,1,3,376,12,6,380,12,10,1,0,19
03/10/2024 12:44,1355,1,3,376,12,6,380,12,10,2,1,2
03/10/2024 12:44,1356,1,3,376,12,6,380,12,10,3,0,3
03/10/2024 12:44,1357,1,3,277,2,7,333,8,3,1,1,9
03/10/2024 12:44,1358,1,3,277,2,7,333,8,3,2,0,2
03/10/2024 12:45,1359,1,3,277,2,7,333,8,3,3,0,58
03/10/2024 12:45,1360,1,3,336,8,6,355,10,5,1,0,10
03/10/2024 12:45,1361,1,3,336,8,6,355,10,5,2,1,2
03/10/2024 12:45,1362,1,3,336,8,6,355,10,5,3,1,1
03/10/2024 12:45,1363,1,3,293,4,3,344,9,4,1,1,18
03/10/2024 12:45,1364,1,3,293,4,3,344,9,4,2,1,1
03/10/2024 12:45,1365,1,3,293,4,3,344,9,4,3,1,2
03/10/2024 12:46,1366,1,3,297,4,7,336,8,6,1,0,25
03/10/2024 12:46,1367,1,3,297,4,7,336,8,6,2,0,12
03/10/2024 12:46,1368,1,3,297,4,7,336,8,6,3,0,6
03/10/2024 12:47,1369,1,3,271,2,1,276,2,6,1,1,20
03/10/2024 12:47,1370,1,3,271,2,1,276,2,6,2,0,1
03/10/2024 12:47,1371,1,3,271,2,1,276,2,6,3,1,3
03/10/2024 12:47,1372,1,3,282,3,2,388,13,8,1,1,15
03/10/2024 12:47,1373,1,3,282,3,2,388,13,8,2,0,1
03/10/2024 12:47,1374,1,3,282,3,2,388,13,8,3,0,2
03/10/2024 12:47,1375,1,3,368,11,8,381,13,1,1,1,9
03/10/2024 12:47,1376,1,3,368,11,8,381,13,1,2,1,2
03/10/2024 12:47,1377,1,3,368,11,8,381,13,1,3,1,2
03/10/2024 12:48,1378,1,3,264,1,4,320,6,10,1,0,23
03/10/2024 12:48,1379,1,3,264,1,4,320,6,10,2,1,2
03/10/2024 12:48,1380,1,3,264,1,4,320,6,10,3,1,4
03/10/2024 12:48,1381,1,3,273,2,3,382,13,2,1,0,11
03/10/2024 12:48,1382,1,3,273,2,3,382,13,2,2,1,2
03/10/2024 12:48,1383,1,3,273,2,3,382,13,2,3,0,1
03/10/2024 12:48,1384,1,3,274,2,4,310,5,10,1,1,22
03/10/2024 12:49,1385,1,3,274,2,4,310,5,10,2,0,13
03/10/2024 12:49,1386,1,3,274,2,4,310,5,10,3,1,8
03/10/2024 12:49,1387,1,3,275,2,5,328,7,8,1,0,16
03/10/2024 12:49,1388,1,3,275,2,5,328,7,8,2,0,7
03/10/2024 12:49,1389,1,3,275,2,5,328,7,8,3,0,3
03/10/2024 12:49,1390,1,3,266,1,6,371,12,1,1,0,11
03/10/2024 12:50,1391,1,3,266,1,6,371,12,1,2,0,2
03/10/2024 12:50,1392,1,3,266,1,6,371,12,1,3,0,2
07/10/2024 06:25,1393,1,3,284,3,4,368,11,8,1,0,13
07/10/2024 06:25,1394,1,3,284,3,4,368,11,8,2,0,3
07/10/2024 06:25,1395,1,3,284,3,4,368,11,8,3,0,2
07/10/2024 06:26,1396,1,3,275,2,5,305,5,5,1,0,18
07/10/2024 06:26,1397,1,3,275,2,5,305,5,5,2,0,1
07/10/2024 06:26,1398,1,3,275,2,5,305,5,5,3,0,2
07/10/2024 06:27,1399,1,3,290,3,10,367,11,7,1,1,73
07/10/2024 06:27,1400,1,3,290,3,10,367,11,7,2,0,2
07/10/2024 06:27,1401,1,3,290,3,10,367,11,7,3,0,2
07/10/2024 06:27,1402,1,3,318,6,8,349,9,9,1,0,13
07/10/2024 06:27,1403,1,3,318,6,8,349,9,9,2,1,8
07/10/2024 06:27,1404,1,3,318,6,8,349,9,9,3,0,1
07/10/2024 06:28,1405,1,3,324,7,4,348,9,8,1,1,37
07/10/2024 06:28,1406,1,3,324,7,4,348,9,8,2,0,1
07/10/2024 06:28,1407,1,3,324,7,4,348,9,8,3,0,1
07/10/2024 06:28,1408,1,3,275,2,5,316,6,6,1,1,14
07/10/2024 06:28,1409,1,3,275,2,5,316,6,6,2,0,2
07/10/2024 06:28,1410,1,3,275,2,5,316,6,6,3,1,2
07/10/2024 06:31,1411,1,3,318,6,8,331,8,1,1,0,132
07/10/2024 06:31,1412,1,3,318,6,8,331,8,1,2,1,1
07/10/2024 06:31,1413,1,3,318,6,8,331,8,1,3,1,1
07/10/2024 06:31,1414,1,3,370,11,10,390,13,10,1,1,14
07/10/2024 06:31,1415,1,3,370,11,10,390,13,10,2,0,3
07/10/2024 06:31,1416,1,3,370,11,10,390,13,10,3,0,2
07/10/2024 06:32,1417,1,3,292,4,2,296,4,6,1,0,30
07/10/2024 06:32,1418,1,3,292,4,2,296,4,6,2,1,4
07/10/2024 06:32,1419,1,3,292,4,2,296,4,6,3,1,1
07/10/2024 06:33,1420,1,3,335,8,5,375,12,5,1,0,63
07/10/2024 06:33,1421,1,3,335,8,5,375,12,5,2,1,6
07/10/2024 06:33,1422,1,3,335,8,5,375,12,5,3,0,14
07/10/2024 06:33,1423,1,3,281,3,1,381,13,1,1,1,10
07/10/2024 06:33,1424,1,3,281,3,1,381,13,1,2,0,8
07/10/2024 06:33,1425,1,3,281,3,1,381,13,1,3,1,2
07/10/2024 06:34,1426,1,3,281,3,1,350,9,10,1,0,47
07/10/2024 06:34,1427,1,3,281,3,1,350,9,10,2,0,4
07/10/2024 06:34,1428,1,3,281,3,1,350,9,10,3,0,2
07/10/2024 06:35,1429,1,3,286,3,6,340,8,10,1,0,11
07/10/2024 06:35,1430,1,3,286,3,6,340,8,10,2,0,3
07/10/2024 06:35,1431,1,3,286,3,6,340,8,10,3,0,2
07/10/2024 06:36,1432,1,3,279,2,9,299,4,9,1,0,81
07/10/2024 06:36,1433,1,3,279,2,9,299,4,9,2,1,2
07/10/2024 06:36,1434,1,3,279,2,9,299,4,9,3,0,9
07/10/2024 06:36,1435,1,3,269,1,9,299,4,9,1,1,9
07/10/2024 06:37,1436,1,3,269,1,9,299,4,9,2,1,2
07/10/2024 06:37,1437,1,3,269,1,9,299,4,9,3,1,2
07/10/2024 06:37,1438,1,3,352,10,2,369,11,9,1,1,20
07/10/2024 06:37,1439,1,3,352,10,2,369,11,9,2,0,2
07/10/2024 06:37,1440,1,3,352,10,2,369,11,9,3,0,1
07/10/2024 06:39,1441,1,3,296,4,6,365,11,5,1,0,96
07/10/2024 06:39,1442,1,3,296,4,6,365,11,5,2,1,4
07/10/2024 06:39,1443,1,3,296,4,6,365,11,5,3,0,4
07/10/2024 06:39,1444,1,3,272,2,2,347,9,7,1,0,23
07/10/2024 06:39,1445,1,3,272,2,2,347,9,7,2,0,3
07/10/2024 06:39,1446,1,3,272,2,2,347,9,7,3,0,2
07/10/2024 06:40,1447,1,3,305,5,5,316,6,6,1,1,58
07/10/2024 06:40,1448,1,3,305,5,5,316,6,6,2,1,1
07/10/2024 06:40,1449,1,3,305,5,5,316,6,6,3,1,1
07/10/2024 06:43,1450,1,3,331,8,1,372,12,2,1,0,159
07/10/2024 06:43,1451,1,3,331,8,1,372,12,2,2,1,1
07/10/2024 06:43,1452,1,3,331,8,1,372,12,2,3,1,2
07/10/2024 06:43,1453,1,3,336,8,6,388,13,8,1,1,10
07/10/2024 06:43,1454,1,3,336,8,6,388,13,8,2,0,2
07/10/2024 06:43,1455,1,3,336,8,6,388,13,8,3,0,1
07/10/2024 06:44,1456,1,3,346,9,6,381,13,1,1,1,65
07/10/2024 06:44,1457,1,3,346,9,6,381,13,1,2,0,5
07/10/2024 06:45,1458,1,3,346,9,6,381,13,1,3,1,2
07/10/2024 06:45,1459,1,3,273,2,3,384,13,4,1,0,11
07/10/2024 06:45,1460,1,3,273,2,3,384,13,4,2,0,2
07/10/2024 06:45,1461,1,3,273,2,3,384,13,4,3,0,2
07/10/2024 06:46,1462,1,3,287,3,7,360,10,10,1,0,76
07/10/2024 06:46,1463,1,3,287,3,7,360,10,10,2,1,2
07/10/2024 06:46,1464,1,3,287,3,7,360,10,10,3,1,1
07/10/2024 06:46,1465,1,3,270,1,10,288,3,8,1,1,16
07/10/2024 06:47,1466,1,3,270,1,10,288,3,8,2,1,2
07/10/2024 06:47,1467,1,3,270,1,10,288,3,8,3,1,2
07/10/2024 06:47,1468,1,3,282,3,2,387,13,7,1,0,15
07/10/2024 06:47,1469,1,3,282,3,2,387,13,7,2,0,1
07/10/2024 06:47,1470,1,3,282,3,2,387,13,7,3,0,2
07/10/2024 06:48,1471,1,3,273,2,3,284,3,4,1,0,77
07/10/2024 06:48,1472,1,3,273,2,3,284,3,4,2,1,3
07/10/2024 06:48,1473,1,3,273,2,3,284,3,4,3,1,6
07/10/2024 06:49,1474,1,3,266,1,6,314,6,4,1,0,10
07/10/2024 06:49,1475,1,3,266,1,6,314,6,4,2,1,3
07/10/2024 06:49,1476,1,3,266,1,6,314,6,4,3,0,3
07/10/2024 06:49,1477,1,3,283,3,3,299,4,9,1,1,31
07/10/2024 06:49,1478,1,3,283,3,3,299,4,9,2,0,3
07/10/2024 06:49,1479,1,3,283,3,3,299,4,9,3,1,2
07/10/2024 06:51,1480,1,3,264,1,4,291,4,1,1,1,78
07/10/2024 06:51,1481,1,3,264,1,4,291,4,1,2,1,2
07/10/2024 06:51,1482,1,3,264,1,4,291,4,1,3,1,2
07/10/2024 06:51,1483,1,3,278,2,8,291,4,1,1,0,14
07/10/2024 06:51,1484,1,3,278,2,8,291,4,1,2,1,5
07/10/2024 06:51,1485,1,3,278,2,8,291,4,1,3,0,6
07/10/2024 06:52,1486,1,3,318,6,8,357,10,7,1,1,27
07/10/2024 06:52,1487,1,3,318,6,8,357,10,7,2,1,2
07/10/2024 06:52,1488,1,3,318,6,8,357,10,7,3,1,2
07/10/2024 06:52,1489,1,3,288,3,8,358,10,8,1,0,33
07/10/2024 06:52,1490,1,3,288,3,8,358,10,8,2,0,2
07/10/2024 06:52,1491,1,3,288,3,8,358,10,8,3,0,1
07/10/2024 06:53,1492,1,3,317,6,7,321,7,1,1,0,16
07/10/2024 06:53,1493,1,3,317,6,7,321,7,1,2,0,2
07/10/2024 06:53,1494,1,3,317,6,7,321,7,1,3,0,2
07/10/2024 06:53,1495,1,3,286,3,6,325,7,5,1,0,17
07/10/2024 06:53,1496,1,3,286,3,6,325,7,5,2,1,3
07/10/2024 06:53,1497,1,3,286,3,6,325,7,5,3,0,3
07/10/2024 06:55,1498,1,3,277,2,7,382,13,2,1,0,99
07/10/2024 06:55,1499,1,3,277,2,7,382,13,2,2,1,3
07/10/2024 06:55,1500,1,3,277,2,7,382,13,2,3,1,8
07/10/2024 06:55,1501,1,3,276,2,6,287,3,7,1,0,16
07/10/2024 06:55,1502,1,3,276,2,6,287,3,7,2,1,4
07/10/2024 06:55,1503,1,3,276,2,6,287,3,7,3,0,2
07/10/2024 06:56,1504,1,3,307,5,7,344,9,4,1,0,13
07/10/2024 06:56,1505,1,3,307,5,7,344,9,4,2,1,3
07/10/2024 06:56,1506,1,3,307,5,7,344,9,4,3,1,4
07/10/2024 06:56,1507,1,3,345,9,5,384,13,4,1,0,12
07/10/2024 06:56,1508,1,3,345,9,5,384,13,4,2,0,1
07/10/2024 06:56,1509,1,3,345,9,5,384,13,4,3,0,2
07/10/2024 06:56,1510,1,3,276,2,6,315,6,5,1,0,12
07/10/2024 06:56,1511,1,3,276,2,6,315,6,5,2,1,3
07/10/2024 06:56,1512,1,3,276,2,6,315,6,5,3,0,4
07/10/2024 06:57,1513,1,3,292,4,2,308,5,8,1,0,9
07/10/2024 06:57,1514,1,3,292,4,2,308,5,8,2,0,2
07/10/2024 06:57,1515,1,3,292,4,2,308,5,8,3,0,2
07/10/2024 06:57,1516,1,3,337,8,7,363,11,3,1,0,48
07/10/2024 06:58,1517,1,3,337,8,7,363,11,3,2,1,2
07/10/2024 06:58,1518,1,3,337,8,7,363,11,3,3,0,5
07/10/2024 06:58,1519,1,3,306,5,6,348,9,8,1,0,8
07/10/2024 06:58,1520,1,3,306,5,6,348,9,8,2,0,3
07/10/2024 06:58,1521,1,3,306,5,6,348,9,8,3,0,1
07/10/2024 06:58,1522,1,3,317,6,7,386,13,6,1,1,6
07/10/2024 06:58,1523,1,3,317,6,7,386,13,6,2,0,1
07/10/2024 06:58,1524,1,3,317,6,7,386,13,6,3,0,2
08/10/2024 05:53,1525,1,3,375,12,5,378,12,8,1,1,42
08/10/2024 05:53,1526,1,3,375,12,5,378,12,8,2,0,5
08/10/2024 05:53,1527,1,3,375,12,5,378,12,8,3,0,2
08/10/2024 05:53,1528,1,3,343,9,3,378,12,8,1,0,16
08/10/2024 05:53,1529,1,3,343,9,3,378,12,8,2,1,4
08/10/2024 05:53,1530,1,3,343,9,3,378,12,8,3,1,2
20/09/2024 17:21,1,2,1,34,4,4,86,9,6,1,1,57
20/09/2024 17:22,2,2,1,34,4,4,86,9,6,2,1,11
20/09/2024 17:22,3,2,1,34,4,4,86,9,6,3,0,27
20/09/2024 17:22,4,2,1,16,2,6,93,10,3,1,0,23
20/09/2024 17:23,5,2,1,16,2,6,93,10,3,2,0,14
20/09/2024 17:23,6,2,1,16,2,6,93,10,3,3,0,12
20/09/2024 17:23,7,2,1,7,1,7,60,6,10,1,0,18
20/09/2024 17:23,8,2,1,7,1,7,60,6,10,2,0,9
20/09/2024 17:23,9,2,1,7,1,7,60,6,10,3,1,2
20/09/2024 17:24,10,2,1,44,5,4,59,6,9,1,0,16
20/09/2024 17:24,11,2,1,44,5,4,59,6,9,2,1,10
20/09/2024 17:24,12,2,1,44,5,4,59,6,9,3,0,3
20/09/2024 17:24,13,2,1,10,1,10,17,2,7,1,0,24
20/09/2024 17:24,14,2,1,10,1,10,17,2,7,2,0,5
20/09/2024 17:25,15,2,1,10,1,10,17,2,7,3,1,5
20/09/2024 17:25,16,2,1,2,1,2,103,11,3,1,0,18
20/09/2024 17:25,17,2,1,2,1,2,103,11,3,2,1,1
20/09/2024 17:25,18,2,1,2,1,2,103,11,3,3,1,2
20/09/2024 17:25,19,2,1,29,3,9,95,10,5,1,0,19
20/09/2024 17:25,20,2,1,29,3,9,95,10,5,2,1,4
20/09/2024 17:25,21,2,1,29,3,9,95,10,5,3,1,2
20/09/2024 17:26,22,2,1,28,3,8,97,10,7,1,0,28
20/09/2024 17:26,23,2,1,28,3,8,97,10,7,2,1,5
20/09/2024 17:26,24,2,1,28,3,8,97,10,7,3,0,2
20/09/2024 17:27,25,2,1,12,2,2,120,12,10,1,0,45
20/09/2024 17:27,26,2,1,12,2,2,120,12,10,2,0,4
20/09/2024 17:27,27,2,1,12,2,2,120,12,10,3,0,4
20/09/2024 17:27,28,2,1,110,11,10,113,12,3,1,0,15
20/09/2024 17:27,29,2,1,110,11,10,113,12,3,2,0,7
20/09/2024 17:27,30,2,1,110,11,10,113,12,3,3,0,2
20/09/2024 17:28,31,2,1,14,2,4,129,13,9,1,0,18
20/09/2024 17:28,32,2,1,14,2,4,129,13,9,2,0,2
20/09/2024 17:28,33,2,1,14,2,4,129,13,9,3,0,2
20/09/2024 17:28,34,2,1,36,4,6,105,11,5,1,0,21
20/09/2024 17:28,35,2,1,36,4,6,105,11,5,2,0,3
20/09/2024 17:28,36,2,1,36,4,6,105,11,5,3,0,1
20/09/2024 17:29,37,2,1,7,1,7,34,4,4,1,0,21
20/09/2024 17:29,38,2,1,7,1,7,34,4,4,2,1,1
20/09/2024 17:29,39,2,1,7,1,7,34,4,4,3,1,1
20/09/2024 17:29,40,2,1,100,10,10,106,11,6,1,0,15
20/09/2024 17:29,41,2,1,100,10,10,106,11,6,2,0,4
20/09/2024 17:29,42,2,1,100,10,10,106,11,6,3,0,7
20/09/2024 17:29,43,2,1,13,2,3,74,8,4,1,0,11
20/09/2024 17:29,44,2,1,13,2,3,74,8,4,2,1,1
20/09/2024 17:30,45,2,1,13,2,3,74,8,4,3,0,1
20/09/2024 17:30,46,2,1,10,1,10,114,12,4,1,0,10
20/09/2024 17:30,47,2,1,10,1,10,114,12,4,2,0,3
20/09/2024 17:30,48,2,1,10,1,10,114,12,4,3,0,1
20/09/2024 17:30,49,2,1,123,13,3,128,13,8,1,1,11
20/09/2024 17:30,50,2,1,123,13,3,128,13,8,2,0,1
20/09/2024 17:30,51,2,1,123,13,3,128,13,8,3,0,2
20/09/2024 17:31,52,2,1,23,3,3,51,6,1,1,1,32
20/09/2024 17:31,53,2,1,23,3,3,51,6,1,2,0,1
20/09/2024 17:31,54,2,1,23,3,3,51,6,1,3,1,3
20/09/2024 17:31,55,2,1,6,1,6,7,1,7,1,0,9
20/09/2024 17:31,56,2,1,6,1,6,7,1,7,2,0,5
20/09/2024 17:31,57,2,1,6,1,6,7,1,7,3,0,2
20/09/2024 17:31,58,2,1,13,2,3,42,5,2,1,1,10
20/09/2024 17:31,59,2,1,13,2,3,42,5,2,2,0,3
20/09/2024 17:32,60,2,1,13,2,3,42,5,2,3,0,17
20/09/2024 17:32,61,2,1,12,2,2,82,9,2,1,0,18
20/09/2024 17:32,62,2,1,12,2,2,82,9,2,2,0,4
20/09/2024 17:32,63,2,1,12,2,2,82,9,2,3,0,5
20/09/2024 17:32,64,2,1,7,1,7,100,10,10,1,0,16
20/09/2024 17:32,65,2,1,7,1,7,100,10,10,2,1,1
20/09/2024 17:32,66,2,1,7,1,7,100,10,10,3,1,1
20/09/2024 17:33,67,2,1,5,1,5,74,8,4,1,1,16
20/09/2024 17:33,68,2,1,5,1,5,74,8,4,2,1,5
20/09/2024 17:33,69,2,1,5,1,5,74,8,4,3,0,5
20/09/2024 17:33,70,2,1,38,4,8,88,9,8,1,0,23
20/09/2024 17:33,71,2,1,38,4,8,88,9,8,2,0,6
20/09/2024 17:33,72,2,1,38,4,8,88,9,8,3,1,1
20/09/2024 17:34,73,2,1,3,1,3,15,2,5,1,1,15
20/09/2024 17:34,74,2,1,3,1,3,15,2,5,2,0,3
20/09/2024 17:34,75,2,1,3,1,3,15,2,5,3,1,2
20/09/2024 17:34,76,2,1,27,3,7,58,6,8,1,0,14
20/09/2024 17:34,77,2,1,27,3,7,58,6,8,2,0,4
20/09/2024 17:34,78,2,1,27,3,7,58,6,8,3,0,16
20/09/2024 17:35,79,2,1,52,6,2,85,9,5,1,0,14
20/09/2024 17:35,80,2,1,52,6,2,85,9,5,2,0,13
20/09/2024 17:35,81,2,1,52,6,2,85,9,5,3,0,2
20/09/2024 17:35,82,2,1,64,7,4,108,11,8,1,1,22
20/09/2024 17:35,83,2,1,64,7,4,108,11,8,2,0,1
20/09/2024 17:35,84,2,1,64,7,4,108,11,8,3,0,1
20/09/2024 17:36,85,2,1,91,10,1,122,13,2,1,0,18
20/09/2024 17:36,86,2,1,91,10,1,122,13,2,2,1,3
20/09/2024 17:36,87,2,1,91,10,1,122,13,2,3,1,3
20/09/2024 17:36,88,2,1,68,7,8,79,8,9,1,0,14
20/09/2024 17:36,89,2,1,68,7,8,79,8,9,2,0,3
20/09/2024 17:36,90,2,1,68,7,8,79,8,9,3,1,1
20/09/2024 17:36,91,2,1,55,6,5,109,11,9,1,1,18
20/09/2024 17:36,92,2,1,55,6,5,109,11,9,2,0,2
20/09/2024 17:37,93,2,1,55,6,5,109,11,9,3,1,3
20/09/2024 17:37,94,2,1,43,5,3,128,13,8,1,0,7
20/09/2024 17:37,95,2,1,43,5,3,128,13,8,2,1,2
20/09/2024 17:37,96,2,1,43,5,3,128,13,8,3,1,1
20/09/2024 17:37,97,2,1,103,11,3,115,12,5,1,0,9
20/09/2024 17:37,98,2,1,103,11,3,115,12,5,2,0,6
20/09/2024 17:37,99,2,1,103,11,3,115,12,5,3,0,1
20/09/2024 17:37,100,2,1,33,4,3,75,8,5,1,0,11
28/09/2024 11:13,101,2,1,33,4,3,75,8,5,2,1,382
28/09/2024 11:13,102,2,1,33,4,3,75,8,5,3,1,24
28/09/2024 11:14,103,2,1,38,4,8,92,10,2,1,0,53
28/09/2024 11:14,104,2,1,38,4,8,92,10,2,2,0,10
28/09/2024 11:15,105,2,1,38,4,8,92,10,2,3,1,17
28/09/2024 11:15,106,2,1,17,2,7,71,8,1,1,0,21
28/09/2024 11:15,107,2,1,17,2,7,71,8,1,2,0,5
28/09/2024 11:15,108,2,1,17,2,7,71,8,1,3,0,9
28/09/2024 11:18,109,2,1,18,2,8,109,11,9,1,1,34
28/09/2024 11:18,110,2,1,18,2,8,109,11,9,2,1,4
28/09/2024 11:18,111,2,1,18,2,8,109,11,9,3,1,5
28/09/2024 11:18,112,2,1,76,8,6,82,9,2,1,0,22
28/09/2024 11:18,113,2,1,76,8,6,82,9,2,2,1,1
28/09/2024 11:18,114,2,1,76,8,6,82,9,2,3,1,5
28/09/2024 11:19,115,2,1,48,5,8,100,10,10,1,0,18
28/09/2024 11:19,116,2,1,48,5,8,100,10,10,2,1,1
28/09/2024 11:19,117,2,1,48,5,8,100,10,10,3,1,4
28/09/2024 11:19,118,2,1,48,5,8,128,13,8,1,0,15
28/09/2024 11:19,119,2,1,48,5,8,128,13,8,2,0,3
28/09/2024 11:19,120,2,1,48,5,8,128,13,8,3,1,2
28/09/2024 11:20,121,2,1,37,4,7,127,13,7,1,1,44
28/09/2024 11:20,122,2,1,37,4,7,127,13,7,2,0,2
28/09/2024 11:20,123,2,1,37,4,7,127,13,7,3,0,4
28/09/2024 11:20,124,2,1,61,7,1,65,7,5,1,0,17
28/09/2024 11:20,125,2,1,61,7,1,65,7,5,2,0,11
28/09/2024 11:20,126,2,1,61,7,1,65,7,5,3,1,3
28/09/2024 11:21,127,2,1,53,6,3,125,13,5,1,1,26
28/09/2024 11:21,128,2,1,53,6,3,125,13,5,2,1,2
28/09/2024 11:21,129,2,1,53,6,3,125,13,5,3,1,9
28/09/2024 11:21,130,2,1,9,1,9,125,13,5,1,0,19
28/09/2024 11:22,131,2,1,9,1,9,125,13,5,2,1,3
28/09/2024 11:22,132,2,1,9,1,9,125,13,5,3,1,1
28/09/2024 11:22,133,2,1,5,1,5,116,12,6,1,1,14
28/09/2024 11:22,134,2,1,5,1,5,116,12,6,2,0,5
28/09/2024 11:22,135,2,1,5,1,5,116,12,6,3,0,11
28/09/2024 11:22,136,2,1,48,5,8,115,12,5,1,0,20
28/09/2024 11:22,137,2,1,48,5,8,115,12,5,2,1,3
28/09/2024 11:23,138,2,1,48,5,8,115,12,5,3,1,5
28/09/2024 11:28,139,2,1,19,2,9,83,9,3,1,0,121
28/09/2024 11:29,140,2,1,19,2,9,83,9,3,2,0,10
28/09/2024 11:29,141,2,1,19,2,9,83,9,3,3,0,3
28/09/2024 11:29,142,2,1,21,3,1,40,4,10,1,0,31
28/09/2024 11:29,143,2,1,21,3,1,40,4,10,2,1,5
28/09/2024 11:29,144,2,1,21,3,1,40,4,10,3,0,1
28/09/2024 11:30,145,2,1,14,2,4,30,3,10,1,0,25
28/09/2024 11:30,146,2,1,14,2,4,30,3,10,2,0,5
28/09/2024 11:30,147,2,1,14,2,4,30,3,10,3,0,1
28/09/2024 11:30,148,2,1,33,4,3,114,12,4,1,0,20
28/09/2024 11:30,149,2,1,33,4,3,114,12,4,2,1,3
28/09/2024 11:30,150,2,1,33,4,3,114,12,4,3,1,3
28/09/2024 11:31,151,2,1,72,8,2,120,12,10,1,0,50
28/09/2024 11:31,152,2,1,72,8,2,120,12,10,2,1,11
28/09/2024 11:32,153,2,1,72,8,2,120,12,10,3,0,5
28/09/2024 11:32,154,2,1,25,3,5,68,7,8,1,1,13
28/09/2024 11:32,155,2,1,25,3,5,68,7,8,2,1,3
28/09/2024 11:32,156,2,1,25,3,5,68,7,8,3,0,1
28/09/2024 11:33,157,2,1,36,4,6,71,8,1,1,1,45
28/09/2024 11:33,158,2,1,36,4,6,71,8,1,2,0,1
28/09/2024 11:33,159,2,1,36,4,6,71,8,1,3,1,4
28/09/2024 11:34,160,2,1,106,11,6,125,13,5,1,0,50
28/09/2024 11:34,161,2,1,106,11,6,125,13,5,2,1,3
28/09/2024 11:34,162,2,1,106,11,6,125,13,5,3,1,1
28/09/2024 11:34,163,2,1,30,3,10,64,7,4,1,0,38
28/09/2024 11:34,164,2,1,30,3,10,64,7,4,2,1,5
28/09/2024 11:34,165,2,1,30,3,10,64,7,4,3,0,1
28/09/2024 11:35,166,2,1,68,7,8,70,7,10,1,0,15
28/09/2024 11:35,167,2,1,68,7,8,70,7,10,2,0,3
28/09/2024 11:35,168,2,1,68,7,8,70,7,10,3,1,4
28/09/2024 11:36,169,2,1,39,4,9,72,8,2,1,0,37
28/09/2024 11:36,170,2,1,39,4,9,72,8,2,2,1,1
28/09/2024 11:36,171,2,1,39,4,9,72,8,2,3,1,5
28/09/2024 11:36,172,2,1,14,2,4,23,3,3,1,1,26
28/09/2024 11:36,173,2,1,14,2,4,23,3,3,2,0,2
28/09/2024 11:36,174,2,1,14,2,4,23,3,3,3,0,2
28/09/2024 11:37,175,2,1,27,3,7,91,10,1,1,1,25
28/09/2024 11:37,176,2,1,27,3,7,91,10,1,2,1,20
28/09/2024 11:37,177,2,1,27,3,7,91,10,1,3,1,10
28/09/2024 11:38,178,2,1,71,8,1,76,8,6,1,1,36
28/09/2024 11:38,179,2,1,71,8,1,76,8,6,2,1,1
28/09/2024 11:38,180,2,1,71,8,1,76,8,6,3,1,5
28/09/2024 11:38,181,2,1,29,3,9,56,6,6,1,1,14
28/09/2024 11:38,182,2,1,29,3,9,56,6,6,2,0,3
28/09/2024 11:38,183,2,1,29,3,9,56,6,6,3,1,1
28/09/2024 11:39,184,2,1,55,6,5,102,11,2,1,1,30
28/09/2024 11:39,185,2,1,55,6,5,102,11,2,2,1,3
28/09/2024 11:39,186,2,1,55,6,5,102,11,2,3,1,1
28/09/2024 11:40,187,2,1,88,9,8,114,12,4,1,0,48
28/09/2024 11:40,188,2,1,88,9,8,114,12,4,2,0,4
28/09/2024 11:40,189,2,1,88,9,8,114,12,4,3,1,3
28/09/2024 11:40,190,2,1,7,1,7,96,10,6,1,1,17
28/09/2024 11:40,191,2,1,7,1,7,96,10,6,2,0,1
28/09/2024 11:40,192,2,1,7,1,7,96,10,6,3,0,6
28/09/2024 11:40,193,2,1,77,8,7,109,11,9,1,1,18
28/09/2024 11:41,194,2,1,77,8,7,109,11,9,2,0,1
28/09/2024 11:41,195,2,1,77,8,7,109,11,9,3,1,4
28/09/2024 11:41,196,2,1,77,8,7,89,9,9,1,0,35
28/09/2024 11:41,197,2,1,77,8,7,89,9,9,2,0,6
28/09/2024 11:41,198,2,1,77,8,7,89,9,9,3,0,1
28/09/2024 11:42,199,2,1,63,7,3,99,10,9,1,0,29
28/09/2024 11:42,200,2,1,63,7,3,99,10,9,2,1,3
28/09/2024 11:42,201,2,1,63,7,3,99,10,9,3,0,1
28/09/2024 11:42,202,2,1,51,6,1,130,13,10,1,1,31
28/09/2024 11:42,203,2,1,51,6,1,130,13,10,2,1,2
28/09/2024 11:43,204,2,1,51,6,1,130,13,10,3,1,4
28/09/2024 11:43,205,2,1,2,1,2,16,2,6,1,1,18
28/09/2024 11:43,206,2,1,2,1,2,16,2,6,2,1,1
28/09/2024 11:43,207,2,1,2,1,2,16,2,6,3,1,3
28/09/2024 11:43,208,2,1,7,1,7,113,12,3,1,0,19
28/09/2024 11:44,209,2,1,7,1,7,113,12,3,2,0,17
28/09/2024 11:44,210,2,1,7,1,7,113,12,3,3,0,2
28/09/2024 11:44,211,2,1,28,3,8,130,13,10,1,0,19
28/09/2024 11:44,212,2,1,28,3,8,130,13,10,2,0,7
28/09/2024 11:44,213,2,1,28,3,8,130,13,10,3,1,2
28/09/2024 11:44,214,2,1,12,2,2,20,2,10,1,0,11
28/09/2024 11:44,215,2,1,12,2,2,20,2,10,2,1,6
28/09/2024 11:45,216,2,1,12,2,2,20,2,10,3,0,5
28/09/2024 11:45,217,2,1,28,3,8,65,7,5,1,0,34
28/09/2024 11:45,218,2,1,28,3,8,65,7,5,2,1,4
28/09/2024 11:45,219,2,1,28,3,8,65,7,5,3,1,2
28/09/2024 11:46,220,2,1,85,9,5,106,11,6,1,1,32
28/09/2024 11:46,221,2,1,85,9,5,106,11,6,2,0,11
28/09/2024 11:46,222,2,1,85,9,5,106,11,6,3,1,4
28/09/2024 11:47,223,2,1,59,6,9,75,8,5,1,1,35
28/09/2024 11:47,224,2,1,59,6,9,75,8,5,2,0,17
28/09/2024 11:47,225,2,1,59,6,9,75,8,5,3,1,6
28/09/2024 11:47,226,2,1,42,5,2,79,8,9,1,0,15
28/09/2024 11:47,227,2,1,42,5,2,79,8,9,2,1,1
28/09/2024 11:47,228,2,1,42,5,2,79,8,9,3,1,1
28/09/2024 11:48,229,2,1,71,8,1,77,8,7,1,0,63
28/09/2024 11:49,230,2,1,71,8,1,77,8,7,2,0,7
28/09/2024 11:49,231,2,1,71,8,1,77,8,7,3,1,7
28/09/2024 11:49,232,2,1,16,2,6,63,7,3,1,0,14
28/09/2024 11:49,233,2,1,16,2,6,63,7,3,2,0,4
28/09/2024 11:49,234,2,1,16,2,6,63,7,3,3,0,1
28/09/2024 11:50,235,2,1,43,5,3,65,7,5,1,0,68
28/09/2024 11:50,236,2,1,43,5,3,65,7,5,2,1,1
28/09/2024 11:50,237,2,1,43,5,3,65,7,5,3,1,1
28/09/2024 11:51,238,2,1,7,1,7,21,3,1,1,1,17
28/09/2024 11:51,239,2,1,7,1,7,21,3,1,2,0,4
28/09/2024 11:51,240,2,1,7,1,7,21,3,1,3,0,1
28/09/2024 11:51,241,2,1,60,6,10,119,12,9,1,0,12
28/09/2024 11:51,242,2,1,60,6,10,119,12,9,2,0,5
28/09/2024 11:51,243,2,1,60,6,10,119,12,9,3,0,12
28/09/2024 11:52,244,2,1,70,7,10,91,10,1,1,1,23
28/09/2024 11:52,245,2,1,70,7,10,91,10,1,2,1,1
28/09/2024 11:52,246,2,1,70,7,10,91,10,1,3,0,1
28/09/2024 11:52,247,2,1,49,5,9,127,13,7,1,1,13
28/09/2024 11:52,248,2,1,49,5,9,127,13,7,2,1,3
28/09/2024 11:52,249,2,1,49,5,9,127,13,7,3,0,1
28/09/2024 11:52,250,2,1,106,11,6,128,13,8,1,0,16
28/09/2024 11:52,251,2,1,106,11,6,128,13,8,2,1,4
28/09/2024 11:52,252,2,1,106,11,6,128,13,8,3,0,3
28/09/2024 11:53,253,2,1,11,2,1,60,6,10,1,0,24
28/09/2024 11:53,254,2,1,11,2,1,60,6,10,2,1,3
28/09/2024 11:53,255,2,1,11,2,1,60,6,10,3,0,2
28/09/2024 11:53,256,2,1,20,2,10,62,7,2,1,0,20
28/09/2024 11:54,257,2,1,20,2,10,62,7,2,2,1,15
28/09/2024 11:54,258,2,1,20,2,10,62,7,2,3,0,12
28/09/2024 11:54,259,2,1,18,2,8,46,5,6,1,1,15
28/09/2024 11:54,260,2,1,18,2,8,46,5,6,2,0,2
28/09/2024 11:54,261,2,1,18,2,8,46,5,6,3,0,4
28/09/2024 11:54,262,2,1,19,2,9,119,12,9,1,0,17
28/09/2024 11:54,263,2,1,19,2,9,119,12,9,2,0,1
28/09/2024 11:54,264,2,1,19,2,9,119,12,9,3,0,1
28/09/2024 11:55,265,2,1,31,4,1,98,10,8,1,1,16
28/09/2024 11:55,266,2,1,31,4,1,98,10,8,2,0,9
28/09/2024 11:55,267,2,1,31,4,1,98,10,8,3,0,2
28/09/2024 11:55,268,2,1,50,5,10,95,10,5,1,0,14
28/09/2024 11:55,269,2,1,50,5,10,95,10,5,2,0,1
28/09/2024 11:55,270,2,1,50,5,10,95,10,5,3,1,1
28/09/2024 11:55,271,2,1,50,5,10,88,9,8,1,0,10
28/09/2024 11:56,272,2,1,50,5,10,88,9,8,2,1,3
28/09/2024 11:56,273,2,1,50,5,10,88,9,8,3,1,4
28/09/2024 11:56,274,2,1,96,10,6,126,13,6,1,1,24
28/09/2024 11:56,275,2,1,96,10,6,126,13,6,2,0,4
28/09/2024 11:56,276,2,1,96,10,6,126,13,6,3,0,6
28/09/2024 11:57,277,2,1,53,6,3,105,11,5,1,0,23
28/09/2024 11:57,278,2,1,53,6,3,105,11,5,2,1,3
28/09/2024 11:57,279,2,1,53,6,3,105,11,5,3,1,9
28/09/2024 11:57,280,2,1,2,1,2,67,7,7,1,0,12
28/09/2024 11:57,281,2,1,2,1,2,67,7,7,2,1,1
28/09/2024 11:57,282,2,1,2,1,2,67,7,7,3,1,2
28/09/2024 11:57,283,2,1,41,5,1,85,9,5,1,0,12
28/09/2024 11:57,284,2,1,41,5,1,85,9,5,2,1,1
28/09/2024 11:57,285,2,1,41,5,1,85,9,5,3,1,1
28/09/2024 11:58,286,2,1,126,13,6,129,13,9,1,0,7
28/09/2024 11:58,287,2,1,126,13,6,129,13,9,2,0,1
28/09/2024 11:58,288,2,1,126,13,6,129,13,9,3,0,10
28/09/2024 11:58,289,2,1,26,3,6,32,4,2,1,0,15
28/09/2024 11:58,290,2,1,26,3,6,32,4,2,2,0,7
28/09/2024 11:58,291,2,1,26,3,6,32,4,2,3,0,1
28/09/2024 11:58,292,2,1,13,2,3,25,3,5,1,1,19
28/09/2024 11:59,293,2,1,13,2,3,25,3,5,2,1,2
28/09/2024 11:59,294,2,1,13,2,3,25,3,5,3,0,1
28/09/2024 11:59,295,2,1,57,6,7,130,13,10,1,0,15
28/09/2024 11:59,296,2,1,57,6,7,130,13,10,2,0,3
28/09/2024 11:59,297,2,1,57,6,7,130,13,10,3,1,1
28/09/2024 11:59,298,2,1,101,11,1,128,13,8,1,1,16
28/09/2024 11:59,299,2,1,101,11,1,128,13,8,2,0,1
28/09/2024 11:59,300,2,1,101,11,1,128,13,8,3,1,2
28/09/2024 12:00,301,2,1,17,2,7,96,10,6,1,1,25
28/09/2024 12:00,302,2,1,17,2,7,96,10,6,2,0,9
28/09/2024 12:00,303,2,1,17,2,7,96,10,6,3,0,1
28/09/2024 12:00,304,2,1,115,12,5,127,13,7,1,1,31
28/09/2024 12:00,305,2,1,115,12,5,127,13,7,2,1,3
28/09/2024 12:01,306,2,1,115,12,5,127,13,7,3,0,4
28/09/2024 12:01,307,2,1,22,3,2,40,4,10,1,0,11
28/09/2024 12:01,308,2,1,22,3,2,40,4,10,2,1,3
28/09/2024 12:01,309,2,1,22,3,2,40,4,10,3,0,1
28/09/2024 12:01,310,2,1,51,6,1,127,13,7,1,1,9
28/09/2024 12:01,311,2,1,51,6,1,127,13,7,2,1,1
28/09/2024 12:01,312,2,1,51,6,1,127,13,7,3,0,2
28/09/2024 12:01,313,2,1,22,3,2,29,3,9,1,0,14
28/09/2024 12:01,314,2,1,22,3,2,29,3,9,2,0,5
28/09/2024 12:01,315,2,1,22,3,2,29,3,9,3,0,1
28/09/2024 12:02,316,2,1,30,3,10,47,5,7,1,1,15
28/09/2024 12:02,317,2,1,30,3,10,47,5,7,2,0,1
28/09/2024 12:02,318,2,1,30,3,10,47,5,7,3,0,7
28/09/2024 12:02,319,2,1,55,6,5,88,9,8,1,1,9
28/09/2024 12:02,320,2,1,55,6,5,88,9,8,2,0,1
28/09/2024 12:02,321,2,1,55,6,5,88,9,8,3,0,9
28/09/2024 12:03,322,2,1,81,9,1,130,13,10,1,1,18
28/09/2024 12:03,323,2,1,81,9,1,130,13,10,2,0,2
28/09/2024 12:03,324,2,1,81,9,1,130,13,10,3,0,1
28/09/2024 12:03,325,2,1,94,10,4,124,13,4,1,0,17
28/09/2024 12:03,326,2,1,94,10,4,124,13,4,2,0,10
28/09/2024 12:03,327,2,1,94,10,4,124,13,4,3,1,1
28/09/2024 12:03,328,2,1,34,4,4,84,9,4,1,1,13
28/09/2024 12:03,329,2,1,34,4,4,84,9,4,2,1,3
28/09/2024 12:03,330,2,1,34,4,4,84,9,4,3,0,1
28/09/2024 12:04,331,2,1,47,5,7,76,8,6,1,1,11
28/09/2024 12:04,332,2,1,47,5,7,76,8,6,2,1,1
28/09/2024 12:04,333,2,1,47,5,7,76,8,6,3,1,8
28/09/2024 12:04,334,2,1,84,9,4,100,10,10,1,0,15
28/09/2024 12:04,335,2,1,84,9,4,100,10,10,2,1,6
28/09/2024 12:04,336,2,1,84,9,4,100,10,10,3,1,1
28/09/2024 12:05,337,2,1,23,3,3,82,9,2,1,1,14
28/09/2024 12:05,338,2,1,23,3,3,82,9,2,2,1,5
28/09/2024 12:05,339,2,1,23,3,3,82,9,2,3,0,5
28/09/2024 12:06,340,2,1,8,1,8,117,12,7,1,1,69
28/09/2024 12:06,341,2,1,8,1,8,117,12,7,2,1,5
28/09/2024 12:06,342,2,1,8,1,8,117,12,7,3,1,1
28/09/2024 12:06,343,2,1,21,3,1,121,13,1,1,0,17
28/09/2024 12:06,344,2,1,21,3,1,121,13,1,2,0,5
28/09/2024 12:06,345,2,1,21,3,1,121,13,1,3,1,1
28/09/2024 12:07,346,2,1,29,3,9,93,10,3,1,1,14
28/09/2024 12:07,347,2,1,29,3,9,93,10,3,2,0,1
28/09/2024 12:07,348,2,1,29,3,9,93,10,3,3,0,2
28/09/2024 12:07,349,2,1,25,3,5,69,7,9,1,0,10
28/09/2024 12:07,350,2,1,25,3,5,69,7,9,2,1,1
28/09/2024 12:07,351,2,1,25,3,5,69,7,9,3,1,2
28/09/2024 12:07,352,2,1,33,4,3,74,8,4,1,1,13
28/09/2024 12:07,353,2,1,33,4,3,74,8,4,2,0,3
28/09/2024 12:07,354,2,1,33,4,3,74,8,4,3,1,1
28/09/2024 12:08,355,2,1,33,4,3,76,8,6,1,1,17
28/09/2024 12:08,356,2,1,33,4,3,76,8,6,2,0,1
28/09/2024 12:08,357,2,1,33,4,3,76,8,6,3,1,3
28/09/2024 12:08,358,2,1,56,6,6,71,8,1,1,0,12
28/09/2024 12:08,359,2,1,56,6,6,71,8,1,2,0,2
28/09/2024 12:08,360,2,1,56,6,6,71,8,1,3,0,1
28/09/2024 12:08,361,2,1,13,2,3,40,4,10,1,0,11
28/09/2024 12:08,362,2,1,13,2,3,40,4,10,2,0,2
28/09/2024 12:08,363,2,1,13,2,3,40,4,10,3,0,3
28/09/2024 12:09,364,2,1,93,10,3,97,10,7,1,1,12
28/09/2024 12:09,365,2,1,93,10,3,97,10,7,2,1,2
28/09/2024 12:09,366,2,1,93,10,3,97,10,7,3,1,4
28/09/2024 12:09,367,2,1,109,11,9,116,12,6,1,1,10
28/09/2024 12:09,368,2,1,109,11,9,116,12,6,2,1,1
28/09/2024 12:09,369,2,1,109,11,9,116,12,6,3,1,1
28/09/2024 12:09,370,2,1,64,7,4,87,9,7,1,1,21
28/09/2024 12:09,371,2,1,64,7,4,87,9,7,2,0,3
28/09/2024 12:09,372,2,1,64,7,4,87,9,7,3,0,6
28/09/2024 12:10,373,2,1,29,3,9,31,4,1,1,0,11
28/09/2024 12:10,374,2,1,29,3,9,31,4,1,2,1,1
28/09/2024 12:10,375,2,1,29,3,9,31,4,1,3,1,4
28/09/2024 12:10,376,2,1,14,2,4,29,3,9,1,0,13
28/09/2024 12:10,377,2,1,14,2,4,29,3,9,2,1,1
28/09/2024 12:10,378,2,1,14,2,4,29,3,9,3,0,4
28/09/2024 12:10,379,2,1,20,2,10,94,10,4,1,0,10
28/09/2024 12:10,380,2,1,20,2,10,94,10,4,2,1,7
28/09/2024 12:10,381,2,1,20,2,10,94,10,4,3,0,1
28/09/2024 12:11,382,2,1,45,5,5,47,5,7,1,1,9
28/09/2024 12:11,383,2,1,45,5,5,47,5,7,2,1,1
28/09/2024 12:11,384,2,1,45,5,5,47,5,7,3,0,6
28/09/2024 12:11,385,2,1,26,3,6,57,6,7,1,0,15
28/09/2024 12:11,386,2,1,26,3,6,57,6,7,2,1,2
28/09/2024 12:11,387,2,1,26,3,6,57,6,7,3,1,2
28/09/2024 12:11,388,2,1,28,3,8,86,9,6,1,0,19
28/09/2024 12:11,389,2,1,28,3,8,86,9,6,2,1,3
28/09/2024 12:12,390,2,1,28,3,8,86,9,6,3,0,2
28/09/2024 12:16,391,2,1,21,3,1,38,4,8,1,0,256
28/09/2024 12:16,392,2,1,21,3,1,38,4,8,2,0,5
28/09/2024 12:16,393,2,1,21,3,1,38,4,8,3,0,1
28/09/2024 12:17,394,2,1,22,3,2,80,8,10,1,1,37
28/09/2024 12:17,395,2,1,22,3,2,80,8,10,2,1,10
28/09/2024 12:17,396,2,1,22,3,2,80,8,10,3,0,2
28/09/2024 12:17,397,2,1,58,6,8,80,8,10,1,0,15
28/09/2024 12:17,398,2,1,58,6,8,80,8,10,2,0,2
28/09/2024 12:17,399,2,1,58,6,8,80,8,10,3,1,1
28/09/2024 12:17,400,2,1,35,4,5,90,9,10,1,0,13
28/09/2024 12:17,401,2,1,35,4,5,90,9,10,2,1,6
28/09/2024 12:18,402,2,1,35,4,5,90,9,10,3,0,4
28/09/2024 12:18,403,2,1,4,1,4,22,3,2,1,0,15
28/09/2024 12:18,404,2,1,4,1,4,22,3,2,2,0,2
28/09/2024 12:18,405,2,1,4,1,4,22,3,2,3,0,1
28/09/2024 12:18,406,2,1,49,5,9,71,8,1,1,1,10
28/09/2024 12:18,407,2,1,49,5,9,71,8,1,2,1,1
28/09/2024 12:18,408,2,1,49,5,9,71,8,1,3,1,2
28/09/2024 12:18,409,2,1,16,2,6,46,5,6,1,0,6
28/09/2024 12:18,410,2,1,16,2,6,46,5,6,2,0,1
28/09/2024 12:18,411,2,1,16,2,6,46,5,6,3,0,1
28/09/2024 12:19,412,2,1,9,1,9,57,6,7,1,0,23
28/09/2024 12:19,413,2,1,9,1,9,57,6,7,2,1,4
28/09/2024 12:19,414,2,1,9,1,9,57,6,7,3,0,1
28/09/2024 12:19,415,2,1,19,2,9,36,4,6,1,0,15
28/09/2024 12:19,416,2,1,19,2,9,36,4,6,2,0,5
28/09/2024 12:19,417,2,1,19,2,9,36,4,6,3,0,2
03/10/2024 13:24,418,2,1,74,8,4,130,13,10,1,1,13
03/10/2024 13:24,419,2,1,74,8,4,130,13,10,2,0,3
03/10/2024 13:24,420,2,1,74,8,4,130,13,10,3,1,5
03/10/2024 13:24,421,2,1,3,1,3,21,3,1,1,1,12
03/10/2024 13:24,422,2,1,3,1,3,21,3,1,2,1,2
03/10/2024 13:24,423,2,1,3,1,3,21,3,1,3,0,1
03/10/2024 13:24,424,2,1,50,5,10,85,9,5,1,0,11
03/10/2024 13:24,425,2,1,50,5,10,85,9,5,2,1,2
03/10/2024 13:24,426,2,1,50,5,10,85,9,5,3,1,4
03/10/2024 13:25,427,2,1,20,2,10,116,12,6,1,1,10
03/10/2024 13:25,428,2,1,20,2,10,116,12,6,2,0,2
03/10/2024 13:25,429,2,1,20,2,10,116,12,6,3,1,1
03/10/2024 13:25,430,2,1,114,12,4,117,12,7,1,1,21
03/10/2024 13:25,431,2,1,114,12,4,117,12,7,2,1,1
03/10/2024 13:25,432,2,1,114,12,4,117,12,7,3,1,1
03/10/2024 13:25,433,2,1,13,2,3,52,6,2,1,0,9
03/10/2024 13:25,434,2,1,13,2,3,52,6,2,2,1,1
03/10/2024 13:25,435,2,1,13,2,3,52,6,2,3,0,1
03/10/2024 13:26,436,2,1,17,2,7,70,7,10,1,0,16
03/10/2024 13:26,437,2,1,17,2,7,70,7,10,2,1,2
03/10/2024 13:26,438,2,1,17,2,7,70,7,10,3,0,2
03/10/2024 13:26,439,2,1,109,11,9,110,11,10,1,0,9
03/10/2024 13:26,440,2,1,109,11,9,110,11,10,2,0,1
03/10/2024 13:26,441,2,1,109,11,9,110,11,10,3,1,4
03/10/2024 13:26,442,2,1,42,5,2,50,5,10,1,0,26
03/10/2024 13:26,443,2,1,42,5,2,50,5,10,2,1,6
03/10/2024 13:27,444,2,1,42,5,2,50,5,10,3,0,2
03/10/2024 13:27,445,2,1,29,3,9,87,9,7,1,0,9
03/10/2024 13:27,446,2,1,29,3,9,87,9,7,2,0,5
03/10/2024 13:27,447,2,1,29,3,9,87,9,7,3,1,2
03/10/2024 13:27,448,2,1,70,7,10,73,8,3,1,1,7
03/10/2024 13:27,449,2,1,70,7,10,73,8,3,2,0,1
03/10/2024 13:27,450,2,1,70,7,10,73,8,3,3,0,1
03/10/2024 13:28,451,2,1,22,3,2,56,6,6,1,1,39
03/10/2024 13:28,452,2,1,22,3,2,56,6,6,2,0,8
03/10/2024 13:28,453,2,1,22,3,2,56,6,6,3,0,2
03/10/2024 13:28,454,2,1,62,7,2,119,12,9,1,0,12
03/10/2024 13:28,455,2,1,62,7,2,119,12,9,2,0,1
03/10/2024 13:28,456,2,1,62,7,2,119,12,9,3,0,1
03/10/2024 13:28,457,2,1,19,2,9,64,7,4,1,0,7
03/10/2024 13:28,458,2,1,19,2,9,64,7,4,2,1,1
03/10/2024 13:28,459,2,1,19,2,9,64,7,4,3,0,2
03/10/2024 13:29,460,2,1,10,1,10,113,12,3,1,0,27
03/10/2024 13:29,461,2,1,10,1,10,113,12,3,2,0,2
03/10/2024 13:29,462,2,1,10,1,10,113,12,3,3,0,2
03/10/2024 13:29,463,2,1,20,2,10,46,5,6,1,1,10
03/10/2024 13:29,464,2,1,20,2,10,46,5,6,2,0,1
03/10/2024 13:29,465,2,1,20,2,10,46,5,6,3,0,1
03/10/2024 13:29,466,2,1,104,11,4,107,11,7,1,1,11
03/10/2024 13:29,467,2,1,104,11,4,107,11,7,2,0,1
03/10/2024 13:29,468,2,1,104,11,4,107,11,7,3,0,1
03/10/2024 13:30,469,2,1,18,2,8,74,8,4,1,1,9
03/10/2024 13:30,470,2,1,18,2,8,74,8,4,2,1,2
03/10/2024 13:30,471,2,1,18,2,8,74,8,4,3,0,1
03/10/2024 13:30,472,2,1,47,5,7,104,11,4,1,0,9
03/10/2024 13:30,473,2,1,47,5,7,104,11,4,2,1,1
03/10/2024 13:30,474,2,1,47,5,7,104,11,4,3,1,1
03/10/2024 13:30,475,2,1,36,4,6,76,8,6,1,1,9
03/10/2024 13:30,476,2,1,36,4,6,76,8,6,2,0,1
03/10/2024 13:30,477,2,1,36,4,6,76,8,6,3,1,1
03/10/2024 13:30,478,2,1,50,5,10,120,12,10,1,1,13
03/10/2024 13:31,479,2,1,50,5,10,120,12,10,2,1,11
03/10/2024 13:31,480,2,1,50,5,10,120,12,10,3,0,1
03/10/2024 13:32,481,2,1,36,4,6,66,7,6,1,0,72
03/10/2024 13:32,482,2,1,36,4,6,66,7,6,2,1,4
03/10/2024 13:32,483,2,1,36,4,6,66,7,6,3,1,1
03/10/2024 13:33,484,2,1,48,5,8,62,7,2,1,0,51
03/10/2024 13:33,485,2,1,48,5,8,62,7,2,2,1,1
03/10/2024 13:33,486,2,1,48,5,8,62,7,2,3,1,1
03/10/2024 13:33,487,2,1,43,5,3,52,6,2,1,0,11
03/10/2024 13:33,488,2,1,43,5,3,52,6,2,2,1,1
03/10/2024 13:33,489,2,1,43,5,3,52,6,2,3,1,1
03/10/2024 13:33,490,2,1,46,5,6,103,11,3,1,0,9
03/10/2024 13:33,491,2,1,46,5,6,103,11,3,2,1,3
03/10/2024 13:33,492,2,1,46,5,6,103,11,3,3,0,3
03/10/2024 13:34,493,2,1,63,7,3,112,12,2,1,0,10
03/10/2024 13:34,494,2,1,63,7,3,112,12,2,2,0,3
03/10/2024 13:34,495,2,1,63,7,3,112,12,2,3,0,5
03/10/2024 13:34,496,2,1,42,5,2,90,9,10,1,0,7
03/10/2024 13:34,497,2,1,42,5,2,90,9,10,2,1,2
03/10/2024 13:34,498,2,1,42,5,2,90,9,10,3,1,3
03/10/2024 13:34,499,2,1,17,2,7,74,8,4,1,1,10
03/10/2024 13:34,500,2,1,17,2,7,74,8,4,2,0,2
03/10/2024 13:34,501,2,1,17,2,7,74,8,4,3,0,1
03/10/2024 13:35,502,2,1,94,10,4,117,12,7,1,1,10
03/10/2024 13:35,503,2,1,94,10,4,117,12,7,2,0,1
03/10/2024 13:35,504,2,1,94,10,4,117,12,7,3,0,1
03/10/2024 13:35,505,2,1,7,1,7,69,7,9,1,0,8
03/10/2024 13:35,506,2,1,7,1,7,69,7,9,2,1,1
03/10/2024 13:35,507,2,1,7,1,7,69,7,9,3,0,2
03/10/2024 13:35,508,2,1,94,10,4,116,12,6,1,1,6
03/10/2024 13:35,509,2,1,94,10,4,116,12,6,2,0,1
03/10/2024 13:35,510,2,1,94,10,4,116,12,6,3,0,1
03/10/2024 13:35,511,2,2,220,9,10,229,10,9,1,1,7
03/10/2024 13:35,512,2,2,220,9,10,229,10,9,2,1,1
03/10/2024 13:35,513,2,2,220,9,10,229,10,9,3,1,1
03/10/2024 13:36,514,2,2,134,1,4,156,3,6,1,1,11
03/10/2024 13:36,515,2,2,134,1,4,156,3,6,2,1,4
03/10/2024 13:36,516,2,2,134,1,4,156,3,6,3,0,2
03/10/2024 13:36,517,2,2,224,10,4,254,13,4,1,1,12
03/10/2024 13:36,518,2,2,224,10,4,254,13,4,2,0,2
03/10/2024 13:36,519,2,2,224,10,4,254,13,4,3,0,3
03/10/2024 13:36,520,2,2,163,4,3,246,12,6,1,0,8
03/10/2024 13:36,521,2,2,163,4,3,246,12,6,2,0,3
03/10/2024 13:36,522,2,2,163,4,3,246,12,6,3,1,1
03/10/2024 13:36,523,2,2,168,4,8,217,9,7,1,1,9
03/10/2024 13:37,524,2,2,168,4,8,217,9,7,2,0,4
03/10/2024 13:37,525,2,2,168,4,8,217,9,7,3,0,1
03/10/2024 13:37,526,2,2,192,7,2,205,8,5,1,0,8
03/10/2024 13:37,527,2,2,192,7,2,205,8,5,2,0,2
03/10/2024 13:37,528,2,2,192,7,2,205,8,5,3,1,1
03/10/2024 13:37,529,2,2,157,3,7,217,9,7,1,1,10
03/10/2024 13:37,530,2,2,157,3,7,217,9,7,2,1,1
03/10/2024 13:37,531,2,2,157,3,7,217,9,7,3,0,1
03/10/2024 13:37,532,2,2,163,4,3,166,4,6,1,1,11
03/10/2024 13:37,533,2,2,163,4,3,166,4,6,2,0,3
03/10/2024 13:37,534,2,2,163,4,3,166,4,6,3,0,1
03/10/2024 13:38,535,2,2,221,10,1,231,11,1,1,0,13
03/10/2024 13:38,536,2,2,221,10,1,231,11,1,2,0,2
03/10/2024 13:38,537,2,2,221,10,1,231,11,1,3,1,1
03/10/2024 13:38,538,2,2,145,2,5,210,8,10,1,1,13
03/10/2024 13:38,539,2,2,145,2,5,210,8,10,2,0,3
03/10/2024 13:38,540,2,2,145,2,5,210,8,10,3,0,1
03/10/2024 13:38,541,2,2,202,8,2,258,13,8,1,0,12
03/10/2024 13:38,542,2,2,202,8,2,258,13,8,2,0,4
03/10/2024 13:38,543,2,2,202,8,2,258,13,8,3,0,2
03/10/2024 13:39,544,2,2,157,3,7,160,3,10,1,0,14
03/10/2024 13:39,545,2,2,157,3,7,160,3,10,2,0,4
03/10/2024 13:39,546,2,2,157,3,7,160,3,10,3,0,3
03/10/2024 13:39,547,2,2,162,4,2,237,11,7,1,1,11
03/10/2024 13:39,548,2,2,162,4,2,237,11,7,2,0,3
03/10/2024 13:39,549,2,2,162,4,2,237,11,7,3,0,1
03/10/2024 13:39,550,2,2,164,4,4,260,13,10,1,1,13
03/10/2024 13:39,551,2,2,164,4,4,260,13,10,2,1,2
03/10/2024 13:39,552,2,2,164,4,4,260,13,10,3,0,3
03/10/2024 13:39,553,2,2,224,10,4,242,12,2,1,1,7
03/10/2024 13:40,554,2,2,224,10,4,242,12,2,2,0,2
03/10/2024 13:40,555,2,2,224,10,4,242,12,2,3,0,1
03/10/2024 13:40,556,2,2,205,8,5,236,11,6,1,1,9
03/10/2024 13:40,557,2,2,205,8,5,236,11,6,2,0,1
03/10/2024 13:40,558,2,2,205,8,5,236,11,6,3,0,1
03/10/2024 13:40,559,2,2,144,2,4,154,3,4,1,1,20
03/10/2024 13:40,560,2,2,144,2,4,154,3,4,2,0,5
03/10/2024 13:40,561,2,2,144,2,4,154,3,4,3,0,10
03/10/2024 13:41,562,2,2,234,11,4,254,13,4,1,1,9
03/10/2024 13:41,563,2,2,234,11,4,254,13,4,2,0,1
03/10/2024 13:41,564,2,2,234,11,4,254,13,4,3,0,1
03/10/2024 13:41,565,2,2,196,7,6,235,11,5,1,0,8
03/10/2024 13:41,566,2,2,196,7,6,235,11,5,2,0,2
03/10/2024 13:41,567,2,2,196,7,6,235,11,5,3,0,1
03/10/2024 13:41,568,2,2,142,2,2,257,13,7,1,1,12
03/10/2024 13:41,569,2,2,142,2,2,257,13,7,2,0,1
03/10/2024 13:41,570,2,2,142,2,2,257,13,7,3,0,1
03/10/2024 13:41,571,2,2,225,10,5,230,10,10,1,1,13
03/10/2024 13:41,572,2,2,225,10,5,230,10,10,2,1,4
03/10/2024 13:41,573,2,2,225,10,5,230,10,10,3,1,2
03/10/2024 13:42,574,2,2,188,6,8,238,11,8,1,1,12
03/10/2024 13:42,575,2,2,188,6,8,238,11,8,2,0,1
03/10/2024 13:42,576,2,2,188,6,8,238,11,8,3,0,2
03/10/2024 13:42,577,2,2,135,1,5,139,1,9,1,1,8
03/10/2024 13:42,578,2,2,135,1,5,139,1,9,2,1,2
03/10/2024 13:42,579,2,2,135,1,5,139,1,9,3,0,2
03/10/2024 13:42,580,2,2,191,7,1,212,9,2,1,1,12
03/10/2024 13:42,581,2,2,191,7,1,212,9,2,2,1,1
03/10/2024 13:42,582,2,2,191,7,1,212,9,2,3,1,3
03/10/2024 13:43,583,2,2,136,1,6,260,13,10,1,0,7
03/10/2024 13:43,584,2,2,136,1,6,260,13,10,2,1,1
03/10/2024 13:43,585,2,2,136,1,6,260,13,10,3,1,1
03/10/2024 13:43,586,2,2,139,1,9,255,13,5,1,0,8
03/10/2024 13:43,587,2,2,139,1,9,255,13,5,2,1,11
03/10/2024 13:43,588,2,2,139,1,9,255,13,5,3,1,1
03/10/2024 13:43,589,2,2,255,13,5,257,13,7,1,1,6
03/10/2024 13:43,590,2,2,255,13,5,257,13,7,2,0,1
03/10/2024 13:43,591,2,2,255,13,5,257,13,7,3,0,1
03/10/2024 13:44,592,2,2,187,6,7,208,8,8,1,1,53
03/10/2024 13:44,593,2,2,187,6,7,208,8,8,2,1,1
03/10/2024 13:44,594,2,2,187,6,7,208,8,8,3,0,1
03/10/2024 13:44,595,2,2,157,3,7,223,10,3,1,0,10
03/10/2024 13:44,596,2,2,157,3,7,223,10,3,2,1,5
03/10/2024 13:44,597,2,2,157,3,7,223,10,3,3,1,4
03/10/2024 13:45,598,2,2,166,4,6,234,11,4,1,0,50
03/10/2024 13:45,599,2,2,166,4,6,234,11,4,2,1,2
03/10/2024 13:45,600,2,2,166,4,6,234,11,4,3,1,1
03/10/2024 13:46,601,2,2,132,1,2,231,11,1,1,0,13
03/10/2024 13:46,602,2,2,132,1,2,231,11,1,2,1,1
03/10/2024 13:46,603,2,2,132,1,2,231,11,1,3,1,1
03/10/2024 13:46,604,2,2,174,5,4,216,9,6,1,0,7
03/10/2024 13:46,605,2,2,174,5,4,216,9,6,2,1,1
03/10/2024 13:46,606,2,2,174,5,4,216,9,6,3,1,1
03/10/2024 13:46,607,2,2,133,1,3,207,8,7,1,0,10
03/10/2024 13:46,608,2,2,133,1,3,207,8,7,2,1,1
03/10/2024 13:46,609,2,2,133,1,3,207,8,7,3,1,1
03/10/2024 13:46,610,2,2,253,13,3,254,13,4,1,1,11
03/10/2024 13:46,611,2,2,253,13,3,254,13,4,2,0,2
03/10/2024 13:46,612,2,2,253,13,3,254,13,4,3,0,1
03/10/2024 13:47,613,2,2,246,12,6,249,12,9,1,1,9
03/10/2024 13:47,614,2,2,246,12,6,249,12,9,2,0,2
03/10/2024 13:47,615,2,2,246,12,6,249,12,9,3,0,1
03/10/2024 13:47,616,2,2,154,3,4,233,11,3,1,1,13
03/10/2024 13:47,617,2,2,154,3,4,233,11,3,2,0,2
03/10/2024 13:47,618,2,2,154,3,4,233,11,3,3,0,5
03/10/2024 13:47,619,2,2,146,2,6,251,13,1,1,0,7
03/10/2024 13:47,620,2,2,146,2,6,251,13,1,2,1,2
03/10/2024 13:47,621,2,2,146,2,6,251,13,1,3,1,3
03/10/2024 13:47,622,2,2,192,7,2,247,12,7,1,0,6
03/10/2024 13:47,623,2,2,192,7,2,247,12,7,2,0,2
03/10/2024 13:47,624,2,2,192,7,2,247,12,7,3,1,1
03/10/2024 13:48,625,2,2,154,3,4,207,8,7,1,1,11
03/10/2024 13:48,626,2,2,154,3,4,207,8,7,2,0,1
03/10/2024 13:48,627,2,2,154,3,4,207,8,7,3,0,1
03/10/2024 13:48,628,2,2,192,7,2,195,7,5,1,0,11
03/10/2024 13:48,629,2,2,192,7,2,195,7,5,2,0,3
03/10/2024 13:48,630,2,2,192,7,2,195,7,5,3,0,1
03/10/2024 13:48,631,2,2,205,8,5,237,11,7,1,1,7
03/10/2024 13:48,632,2,2,205,8,5,237,11,7,2,0,1
03/10/2024 13:48,633,2,2,205,8,5,237,11,7,3,0,1
03/10/2024 13:48,634,2,2,222,10,2,243,12,3,1,1,7
03/10/2024 13:48,635,2,2,222,10,2,243,12,3,2,0,2
03/10/2024 13:48,636,2,2,222,10,2,243,12,3,3,0,1
03/10/2024 13:48,637,2,2,230,10,10,246,12,6,1,1,6
03/10/2024 13:49,638,2,2,230,10,10,246,12,6,2,0,2
03/10/2024 13:49,639,2,2,230,10,10,246,12,6,3,1,1
03/10/2024 13:49,640,2,2,207,8,7,235,11,5,1,0,8
03/10/2024 13:49,641,2,2,207,8,7,235,11,5,2,1,1
03/10/2024 13:49,642,2,2,207,8,7,235,11,5,3,0,23
03/10/2024 13:50,643,2,2,198,7,8,218,9,8,1,0,50
03/10/2024 13:50,644,2,2,198,7,8,218,9,8,2,1,2
03/10/2024 13:50,645,2,2,198,7,8,218,9,8,3,0,2
03/10/2024 13:58,646,2,2,176,5,6,218,9,8,1,0,495
03/10/2024 13:58,647,2,2,176,5,6,218,9,8,2,1,3
03/10/2024 13:58,648,2,2,176,5,6,218,9,8,3,0,1
03/10/2024 13:59,649,2,2,131,1,1,134,1,4,1,1,22
03/10/2024 13:59,650,2,2,131,1,1,134,1,4,2,0,2
03/10/2024 13:59,651,2,2,131,1,1,134,1,4,3,0,1
03/10/2024 13:59,652,2,2,176,5,6,243,12,3,1,0,14
03/10/2024 13:59,653,2,2,176,5,6,243,12,3,2,0,6
03/10/2024 13:59,654,2,2,176,5,6,243,12,3,3,0,1
03/10/2024 14:00,655,2,2,193,7,3,194,7,4,1,0,33
03/10/2024 14:00,656,2,2,193,7,3,194,7,4,2,0,2
03/10/2024 14:00,657,2,2,193,7,3,194,7,4,3,0,4
03/10/2024 14:00,658,2,2,201,8,1,212,9,2,1,1,10
03/10/2024 14:00,659,2,2,201,8,1,212,9,2,2,1,3
03/10/2024 14:00,660,2,2,201,8,1,212,9,2,3,0,12
03/10/2024 14:01,661,2,2,134,1,4,238,11,8,1,0,29
03/10/2024 14:01,662,2,2,134,1,4,238,11,8,2,1,1
03/10/2024 14:01,663,2,2,134,1,4,238,11,8,3,0,1
03/10/2024 14:01,664,2,2,201,8,1,250,12,10,1,0,8
03/10/2024 14:01,665,2,2,201,8,1,250,12,10,2,1,5
03/10/2024 14:01,666,2,2,201,8,1,250,12,10,3,0,1
03/10/2024 14:02,667,2,2,176,5,6,229,10,9,1,0,27
03/10/2024 14:02,668,2,2,176,5,6,229,10,9,2,0,2
03/10/2024 14:02,669,2,2,176,5,6,229,10,9,3,0,1
03/10/2024 14:02,670,2,2,144,2,4,213,9,3,1,1,17
03/10/2024 14:02,671,2,2,144,2,4,213,9,3,2,0,1
03/10/2024 14:02,672,2,2,144,2,4,213,9,3,3,0,1
03/10/2024 14:03,673,2,2,238,11,8,241,12,1,1,1,17
03/10/2024 14:03,674,2,2,238,11,8,241,12,1,2,0,3
03/10/2024 14:03,675,2,2,238,11,8,241,12,1,3,0,2
03/10/2024 14:03,676,2,2,201,8,1,229,10,9,1,1,32
03/10/2024 14:03,677,2,2,201,8,1,229,10,9,2,1,2
03/10/2024 14:03,678,2,2,201,8,1,229,10,9,3,1,1
03/10/2024 14:03,679,2,2,142,2,2,234,11,4,1,0,8
03/10/2024 14:03,680,2,2,142,2,2,234,11,4,2,0,2
03/10/2024 14:03,681,2,2,142,2,2,234,11,4,3,0,1
03/10/2024 14:04,682,2,2,172,5,2,189,6,9,1,0,8
03/10/2024 14:04,683,2,2,172,5,2,189,6,9,2,1,2
03/10/2024 14:04,684,2,2,172,5,2,189,6,9,3,0,5
03/10/2024 14:04,685,2,2,147,2,7,191,7,1,1,0,8
03/10/2024 14:04,686,2,2,147,2,7,191,7,1,2,1,1
03/10/2024 14:04,687,2,2,147,2,7,191,7,1,3,1,1
03/10/2024 14:04,688,2,2,173,5,3,250,12,10,1,0,7
03/10/2024 14:04,689,2,2,173,5,3,250,12,10,2,1,2
03/10/2024 14:04,690,2,2,173,5,3,250,12,10,3,0,1
03/10/2024 14:04,691,2,2,147,2,7,170,4,10,1,1,10
03/10/2024 14:04,692,2,2,147,2,7,170,4,10,2,0,1
03/10/2024 14:05,693,2,2,147,2,7,170,4,10,3,0,16
03/10/2024 14:05,694,2,2,157,3,7,234,11,4,1,0,7
03/10/2024 14:05,695,2,2,157,3,7,234,11,4,2,0,3
03/10/2024 14:05,696,2,2,157,3,7,234,11,4,3,0,4
03/10/2024 14:05,697,2,2,173,5,3,223,10,3,1,0,4
03/10/2024 14:05,698,2,2,173,5,3,223,10,3,2,1,2
03/10/2024 14:05,699,2,2,173,5,3,223,10,3,3,1,1
03/10/2024 14:05,700,2,2,136,1,6,192,7,2,1,0,8
03/10/2024 14:05,701,2,2,136,1,6,192,7,2,2,1,2
03/10/2024 14:05,702,2,2,136,1,6,192,7,2,3,1,1
03/10/2024 14:06,703,2,2,214,9,4,238,11,8,1,1,31
03/10/2024 14:06,704,2,2,214,9,4,238,11,8,2,0,1
03/10/2024 14:06,705,2,2,214,9,4,238,11,8,3,1,2
03/10/2024 14:06,706,2,2,183,6,3,229,10,9,1,1,5
03/10/2024 14:06,707,2,2,183,6,3,229,10,9,2,1,3
03/10/2024 14:06,708,2,2,183,6,3,229,10,9,3,0,3
03/10/2024 14:06,709,2,2,132,1,2,188,6,8,1,0,11
03/10/2024 14:06,710,2,2,132,1,2,188,6,8,2,0,2
03/10/2024 14:06,711,2,2,132,1,2,188,6,8,3,0,1
03/10/2024 14:07,712,2,2,136,1,6,259,13,9,1,0,8
03/10/2024 14:07,713,2,2,136,1,6,259,13,9,2,1,1
03/10/2024 14:07,714,2,2,136,1,6,259,13,9,3,1,1
03/10/2024 14:07,715,2,2,179,5,9,216,9,6,1,0,6
03/10/2024 14:07,716,2,2,179,5,9,216,9,6,2,1,3
03/10/2024 14:07,717,2,2,179,5,9,216,9,6,3,1,1
03/10/2024 14:07,718,2,2,134,1,4,203,8,3,1,0,10
03/10/2024 14:07,719,2,2,134,1,4,203,8,3,2,1,1
03/10/2024 14:07,720,2,2,134,1,4,203,8,3,3,1,1
03/10/2024 14:07,721,2,2,157,3,7,235,11,5,1,0,12
03/10/2024 14:07,722,2,2,157,3,7,235,11,5,2,1,1
03/10/2024 14:07,723,2,2,157,3,7,235,11,5,3,1,2
03/10/2024 14:08,724,2,2,155,3,5,220,9,10,1,1,19
03/10/2024 14:08,725,2,2,155,3,5,220,9,10,2,0,2
03/10/2024 14:08,726,2,2,155,3,5,220,9,10,3,0,1
03/10/2024 14:08,727,2,2,147,2,7,152,3,2,1,0,13
03/10/2024 14:08,728,2,2,147,2,7,152,3,2,2,0,2
03/10/2024 14:08,729,2,2,147,2,7,152,3,2,3,0,1
03/10/2024 14:08,730,2,2,150,2,10,250,12,10,1,1,24
03/10/2024 14:09,731,2,2,150,2,10,250,12,10,2,0,2
03/10/2024 14:09,732,2,2,150,2,10,250,12,10,3,0,1
03/10/2024 14:09,733,2,2,135,1,5,251,13,1,1,0,9
03/10/2024 14:09,734,2,2,135,1,5,251,13,1,2,1,1
03/10/2024 14:09,735,2,2,135,1,5,251,13,1,3,1,1
03/10/2024 14:09,736,2,2,161,4,1,176,5,6,1,0,9
03/10/2024 14:09,737,2,2,161,4,1,176,5,6,2,1,0
03/10/2024 14:09,738,2,2,161,4,1,176,5,6,3,1,1
03/10/2024 14:09,739,2,2,174,5,4,231,11,1,1,0,13
03/10/2024 14:09,740,2,2,174,5,4,231,11,1,2,1,1
03/10/2024 14:09,741,2,2,174,5,4,231,11,1,3,1,1
03/10/2024 14:09,742,2,2,179,5,9,245,12,5,1,0,5
03/10/2024 14:09,743,2,2,179,5,9,245,12,5,2,1,1
03/10/2024 14:09,744,2,2,179,5,9,245,12,5,3,1,1
03/10/2024 14:10,745,2,2,218,9,8,220,9,10,1,0,7
03/10/2024 14:10,746,2,2,218,9,8,220,9,10,2,1,2
03/10/2024 14:10,747,2,2,218,9,8,220,9,10,3,1,5
03/10/2024 14:10,748,2,2,136,1,6,230,10,10,1,0,7
03/10/2024 14:10,749,2,2,136,1,6,230,10,10,2,0,2
03/10/2024 14:10,750,2,2,136,1,6,230,10,10,3,1,1
03/10/2024 14:10,751,2,2,197,7,7,228,10,8,1,0,5
03/10/2024 14:10,752,2,2,197,7,7,228,10,8,2,1,1
03/10/2024 14:10,753,2,2,197,7,7,228,10,8,3,1,2
03/10/2024 14:10,754,2,2,155,3,5,252,13,2,1,1,13
03/10/2024 14:10,755,2,2,155,3,5,252,13,2,2,0,2
03/10/2024 14:10,756,2,2,155,3,5,252,13,2,3,0,1
03/10/2024 14:11,757,2,2,157,3,7,198,7,8,1,1,51
03/10/2024 14:11,758,2,2,157,3,7,198,7,8,2,0,1
03/10/2024 14:11,759,2,2,157,3,7,198,7,8,3,0,1
03/10/2024 14:12,760,2,2,135,1,5,224,10,4,1,0,18
03/10/2024 14:12,761,2,2,135,1,5,224,10,4,2,1,5
03/10/2024 14:12,762,2,2,135,1,5,224,10,4,3,0,3
03/10/2024 14:12,763,2,2,219,9,9,244,12,4,1,1,26
03/10/2024 14:12,764,2,2,219,9,9,244,12,4,2,1,4
03/10/2024 14:12,765,2,2,219,9,9,244,12,4,3,1,1
03/10/2024 14:13,766,2,2,198,7,8,231,11,1,1,0,19
03/10/2024 14:13,767,2,2,198,7,8,231,11,1,2,1,1
03/10/2024 14:13,768,2,2,198,7,8,231,11,1,3,1,1
03/10/2024 14:13,769,2,2,165,4,5,251,13,1,1,0,24
03/10/2024 14:13,770,2,2,165,4,5,251,13,1,2,1,2
03/10/2024 14:13,771,2,2,165,4,5,251,13,1,3,1,1
03/10/2024 14:14,772,2,2,143,2,3,198,7,8,1,1,22
03/10/2024 14:14,773,2,2,143,2,3,198,7,8,2,0,1
03/10/2024 14:14,774,2,2,143,2,3,198,7,8,3,0,1
03/10/2024 14:14,775,2,2,168,4,8,243,12,3,1,0,7
03/10/2024 14:14,776,2,2,168,4,8,243,12,3,2,1,1
03/10/2024 14:14,777,2,2,168,4,8,243,12,3,3,1,1
03/10/2024 14:14,778,2,2,139,1,9,228,10,8,1,0,32
03/10/2024 14:14,779,2,2,139,1,9,228,10,8,2,1,3
03/10/2024 14:14,780,2,2,139,1,9,228,10,8,3,1,1
03/10/2024 14:15,781,2,2,174,5,4,202,8,2,1,0,6
03/10/2024 14:15,782,2,2,174,5,4,202,8,2,2,1,1
03/10/2024 14:15,783,2,2,174,5,4,202,8,2,3,1,1
03/10/2024 14:15,784,2,2,148,2,8,231,11,1,1,0,17
03/10/2024 14:15,785,2,2,148,2,8,231,11,1,2,1,6
03/10/2024 14:15,786,2,2,148,2,8,231,11,1,3,1,1
03/10/2024 14:15,787,2,2,159,3,9,182,6,2,1,1,18
03/10/2024 14:15,788,2,2,159,3,9,182,6,2,2,1,1
03/10/2024 14:15,789,2,2,159,3,9,182,6,2,3,0,1
03/10/2024 14:16,790,2,2,147,2,7,163,4,3,1,1,9
03/10/2024 14:16,791,2,2,147,2,7,163,4,3,2,0,1
03/10/2024 14:16,792,2,2,147,2,7,163,4,3,3,0,1
03/10/2024 14:17,793,2,2,138,1,8,244,12,4,1,0,48
03/10/2024 14:17,794,2,2,138,1,8,244,12,4,2,1,1
03/10/2024 14:17,795,2,2,138,1,8,244,12,4,3,1,1
03/10/2024 14:17,796,2,2,144,2,4,167,4,7,1,1,11
03/10/2024 14:17,797,2,2,144,2,4,167,4,7,2,0,1
03/10/2024 14:17,798,2,2,144,2,4,167,4,7,3,0,1
03/10/2024 14:17,799,2,2,139,1,9,195,7,5,1,0,5
03/10/2024 14:17,800,2,2,139,1,9,195,7,5,2,0,4
03/10/2024 14:17,801,2,2,139,1,9,195,7,5,3,1,2
03/10/2024 14:18,802,2,2,201,8,1,226,10,6,1,1,35
03/10/2024 14:18,803,2,2,201,8,1,226,10,6,2,0,3
03/10/2024 14:18,804,2,2,201,8,1,226,10,6,3,1,2
03/10/2024 14:18,805,2,2,220,9,10,239,11,9,1,0,5
03/10/2024 14:18,806,2,2,220,9,10,239,11,9,2,0,3
03/10/2024 14:18,807,2,2,220,9,10,239,11,9,3,0,1
03/10/2024 14:18,808,2,2,193,7,3,232,11,2,1,0,17
03/10/2024 14:18,809,2,2,193,7,3,232,11,2,2,0,9
03/10/2024 14:18,810,2,2,193,7,3,232,11,2,3,0,1
03/10/2024 14:19,811,2,2,152,3,2,200,7,10,1,0,12
03/10/2024 14:19,812,2,2,152,3,2,200,7,10,2,1,1
03/10/2024 14:19,813,2,2,152,3,2,200,7,10,3,1,1
03/10/2024 14:19,814,2,2,193,7,3,244,12,4,1,0,14
03/10/2024 14:19,815,2,2,193,7,3,244,12,4,2,0,1
03/10/2024 14:19,816,2,2,193,7,3,244,12,4,3,0,1
03/10/2024 14:19,817,2,2,171,5,1,216,9,6,1,0,11
03/10/2024 14:19,818,2,2,171,5,1,216,9,6,2,1,1
03/10/2024 14:19,819,2,2,171,5,1,216,9,6,3,1,1
03/10/2024 14:20,820,2,2,191,7,1,244,12,4,1,0,14
03/10/2024 14:20,821,2,2,191,7,1,244,12,4,2,1,1
03/10/2024 14:20,822,2,2,191,7,1,244,12,4,3,1,1
03/10/2024 14:20,823,2,2,198,7,8,232,11,2,1,0,12
03/10/2024 14:20,824,2,2,198,7,8,232,11,2,2,1,1
03/10/2024 14:20,825,2,2,198,7,8,232,11,2,3,1,1
03/10/2024 14:20,826,2,2,218,9,8,225,10,5,1,0,30
03/10/2024 14:20,827,2,2,218,9,8,225,10,5,2,1,1
03/10/2024 14:20,828,2,2,218,9,8,225,10,5,3,1,1
03/10/2024 14:21,829,2,2,168,4,8,206,8,6,1,1,4
03/10/2024 14:21,830,2,2,168,4,8,206,8,6,2,1,3
03/10/2024 14:21,831,2,2,168,4,8,206,8,6,3,1,2
03/10/2024 14:21,832,2,2,180,5,10,259,13,9,1,0,6
03/10/2024 14:21,833,2,2,180,5,10,259,13,9,2,1,1
03/10/2024 14:21,834,2,2,180,5,10,259,13,9,3,0,1
03/10/2024 14:21,835,2,2,189,6,9,214,9,4,1,0,12
03/10/2024 14:21,836,2,2,189,6,9,214,9,4,2,1,1
03/10/2024 14:21,837,2,2,189,6,9,214,9,4,3,1,1
03/10/2024 14:21,838,2,2,240,11,10,258,13,8,1,0,7
03/10/2024 14:21,839,2,2,240,11,10,258,13,8,2,0,3
03/10/2024 14:21,840,2,2,240,11,10,258,13,8,3,1,1
03/10/2024 14:21,841,2,2,159,3,9,200,7,10,1,0,5
03/10/2024 14:21,842,2,2,159,3,9,200,7,10,2,1,3
03/10/2024 14:21,843,2,2,159,3,9,200,7,10,3,1,1
03/10/2024 14:22,844,2,2,200,7,10,205,8,5,1,0,8
03/10/2024 14:22,845,2,2,200,7,10,205,8,5,2,0,1
03/10/2024 14:22,846,2,2,200,7,10,205,8,5,3,0,1
03/10/2024 14:22,847,2,2,160,3,10,179,5,9,1,1,6
03/10/2024 14:22,848,2,2,160,3,10,179,5,9,2,0,1
03/10/2024 14:22,849,2,2,160,3,10,179,5,9,3,0,1
03/10/2024 14:22,850,2,2,191,7,1,232,11,2,1,0,5
03/10/2024 14:22,851,2,2,191,7,1,232,11,2,2,1,3
03/10/2024 14:22,852,2,2,191,7,1,232,11,2,3,1,1
03/10/2024 14:22,853,2,2,191,7,1,245,12,5,1,0,7
03/10/2024 14:22,854,2,2,191,7,1,245,12,5,2,1,1
03/10/2024 14:22,855,2,2,191,7,1,245,12,5,3,1,2
03/10/2024 14:22,856,2,2,151,3,1,226,10,6,1,1,8
03/10/2024 14:22,857,2,2,151,3,1,226,10,6,2,1,1
03/10/2024 14:22,858,2,2,151,3,1,226,10,6,3,0,1
03/10/2024 14:23,859,2,2,183,6,3,202,8,2,1,0,7
03/10/2024 14:23,860,2,2,183,6,3,202,8,2,2,1,1
03/10/2024 14:23,861,2,2,183,6,3,202,8,2,3,1,1
03/10/2024 14:23,862,2,2,213,9,3,237,11,7,1,0,7
03/10/2024 14:23,863,2,2,213,9,3,237,11,7,2,1,4
03/10/2024 14:23,864,2,2,213,9,3,237,11,7,3,0,3
03/10/2024 14:23,865,2,2,192,7,2,201,8,1,1,0,6
03/10/2024 14:23,866,2,2,192,7,2,201,8,1,2,0,2
03/10/2024 14:23,867,2,2,192,7,2,201,8,1,3,0,2
03/10/2024 14:23,868,2,2,175,5,5,181,6,1,1,0,6
03/10/2024 14:23,869,2,2,175,5,5,181,6,1,2,1,1
03/10/2024 14:23,870,2,2,175,5,5,181,6,1,3,1,1
03/10/2024 14:23,871,2,2,167,4,7,203,8,3,1,0,6
03/10/2024 14:23,872,2,2,167,4,7,203,8,3,2,1,1
03/10/2024 14:23,873,2,2,167,4,7,203,8,3,3,1,2
03/10/2024 14:24,874,2,2,201,8,1,259,13,9,1,1,24
03/10/2024 14:24,875,2,2,201,8,1,259,13,9,2,0,1
03/10/2024 14:24,876,2,2,201,8,1,259,13,9,3,1,1
03/10/2024 14:24,877,2,2,167,4,7,221,10,1,1,0,26
03/10/2024 14:24,878,2,2,167,4,7,221,10,1,2,1,3
03/10/2024 14:25,879,2,2,167,4,7,221,10,1,3,0,4
03/10/2024 14:25,880,2,2,151,3,1,194,7,4,1,0,6
03/10/2024 14:25,881,2,2,151,3,1,194,7,4,2,0,1
03/10/2024 14:25,882,2,2,151,3,1,194,7,4,3,0,1
03/10/2024 14:25,883,2,2,191,7,1,218,9,8,1,1,15
03/10/2024 14:25,884,2,2,191,7,1,218,9,8,2,0,1
03/10/2024 14:25,885,2,2,191,7,1,218,9,8,3,0,2
03/10/2024 14:25,886,2,2,177,5,7,186,6,6,1,0,21
03/10/2024 14:25,887,2,2,177,5,7,186,6,6,2,1,2
03/10/2024 14:25,888,2,2,177,5,7,186,6,6,3,1,1
03/10/2024 14:26,889,2,2,154,3,4,245,12,5,1,1,17
03/10/2024 14:26,890,2,2,154,3,4,245,12,5,2,1,3
03/10/2024 14:26,891,2,2,154,3,4,245,12,5,3,0,1
03/10/2024 14:27,892,2,2,159,3,9,254,13,4,1,0,45
03/10/2024 14:27,893,2,2,159,3,9,254,13,4,2,0,1
03/10/2024 14:27,894,2,2,159,3,9,254,13,4,3,0,1
03/10/2024 14:27,895,2,2,145,2,5,257,13,7,1,1,9
03/10/2024 14:27,896,2,2,145,2,5,257,13,7,2,0,2
03/10/2024 14:27,897,2,2,145,2,5,257,13,7,3,0,2
03/10/2024 14:27,898,2,2,150,2,10,176,5,6,1,1,10
03/10/2024 14:27,899,2,2,150,2,10,176,5,6,2,0,1
03/10/2024 14:27,900,2,2,150,2,10,176,5,6,3,0,2
03/10/2024 14:27,901,2,2,133,1,3,222,10,2,1,0,14
03/10/2024 14:27,902,2,2,133,1,3,222,10,2,2,1,1
03/10/2024 14:27,903,2,2,133,1,3,222,10,2,3,1,1
03/10/2024 14:28,904,2,2,131,1,1,136,1,6,1,1,6
03/10/2024 14:28,905,2,2,131,1,1,136,1,6,2,0,4
03/10/2024 14:28,906,2,2,131,1,1,136,1,6,3,1,1
03/10/2024 14:28,907,2,2,227,10,7,245,12,5,1,0,14
03/10/2024 14:28,908,2,2,227,10,7,245,12,5,2,1,1
03/10/2024 14:28,909,2,2,227,10,7,245,12,5,3,0,1
03/10/2024 14:28,910,2,2,176,5,6,217,9,7,1,1,19
03/10/2024 14:28,911,2,2,176,5,6,217,9,7,2,0,2
03/10/2024 14:28,912,2,2,176,5,6,217,9,7,3,0,1
03/10/2024 14:29,913,2,2,203,8,3,211,9,1,1,1,13
03/10/2024 14:29,914,2,2,203,8,3,211,9,1,2,0,2
03/10/2024 14:29,915,2,2,203,8,3,211,9,1,3,0,1
03/10/2024 14:29,916,2,2,172,5,2,256,13,6,1,0,8
03/10/2024 14:29,917,2,2,172,5,2,256,13,6,2,1,1
03/10/2024 14:29,918,2,2,172,5,2,256,13,6,3,1,1
03/10/2024 14:29,919,2,2,176,5,6,215,9,5,1,0,7
03/10/2024 14:29,920,2,2,176,5,6,215,9,5,2,0,1
03/10/2024 14:29,921,2,2,176,5,6,215,9,5,3,0,1
03/10/2024 14:29,922,2,2,189,6,9,256,13,6,1,1,11
03/10/2024 14:29,923,2,2,189,6,9,256,13,6,2,0,4
03/10/2024 14:29,924,2,2,189,6,9,256,13,6,3,0,1
03/10/2024 14:29,925,2,2,230,10,10,257,13,7,1,1,6
03/10/2024 14:30,926,2,2,230,10,10,257,13,7,2,0,1
03/10/2024 14:30,927,2,2,230,10,10,257,13,7,3,0,1
03/10/2024 14:30,928,2,2,133,1,3,236,11,6,1,0,7
03/10/2024 14:30,929,2,2,133,1,3,236,11,6,2,1,2
03/10/2024 14:30,930,2,2,133,1,3,236,11,6,3,1,1
03/10/2024 14:30,931,2,2,148,2,8,165,4,5,1,1,9
03/10/2024 14:30,932,2,2,148,2,8,165,4,5,2,0,1
03/10/2024 14:30,933,2,2,148,2,8,165,4,5,3,0,1
03/10/2024 14:30,934,2,2,214,9,4,259,13,9,1,1,9
03/10/2024 14:30,935,2,2,214,9,4,259,13,9,2,1,3
03/10/2024 14:30,936,2,2,214,9,4,259,13,9,3,1,2
03/10/2024 14:31,937,2,2,161,4,1,179,5,9,1,0,27
03/10/2024 14:31,938,2,2,161,4,1,179,5,9,2,0,9
03/10/2024 14:31,939,2,2,161,4,1,179,5,9,3,0,1
03/10/2024 14:31,940,2,2,169,4,9,232,11,2,1,0,9
03/10/2024 14:31,941,2,2,169,4,9,232,11,2,2,0,1
03/10/2024 14:31,942,2,2,169,4,9,232,11,2,3,1,1
03/10/2024 14:31,943,2,2,142,2,2,248,12,8,1,1,10
03/10/2024 14:31,944,2,2,142,2,2,248,12,8,2,0,1
03/10/2024 14:31,945,2,2,142,2,2,248,12,8,3,0,1
03/10/2024 14:32,946,2,2,154,3,4,188,6,8,1,1,17
03/10/2024 14:32,947,2,2,154,3,4,188,6,8,2,0,4
03/10/2024 14:32,948,2,2,154,3,4,188,6,8,3,0,1
03/10/2024 14:32,949,2,2,162,4,2,218,9,8,1,0,22
03/10/2024 14:32,950,2,2,162,4,2,218,9,8,2,0,8
03/10/2024 14:32,951,2,2,162,4,2,218,9,8,3,0,1
03/10/2024 14:32,952,2,2,232,11,2,251,13,1,1,0,5
03/10/2024 14:33,953,2,2,232,11,2,251,13,1,2,1,4
03/10/2024 14:33,954,2,2,232,11,2,251,13,1,3,0,2
03/10/2024 14:44,955,2,2,131,1,1,139,1,9,1,1,704
03/10/2024 14:44,956,2,2,131,1,1,139,1,9,2,0,2
03/10/2024 14:44,957,2,2,131,1,1,139,1,9,3,0,1
03/10/2024 14:44,958,2,2,132,1,2,173,5,3,1,1,5
03/10/2024 14:45,959,2,2,132,1,2,173,5,3,2,0,1
03/10/2024 14:45,960,2,2,132,1,2,173,5,3,3,0,1
03/10/2024 14:45,961,2,2,162,4,2,185,6,5,1,0,6
03/10/2024 14:45,962,2,2,162,4,2,185,6,5,2,1,2
03/10/2024 14:45,963,2,2,162,4,2,185,6,5,3,0,1
03/10/2024 14:45,964,2,2,145,2,5,160,3,10,1,1,15
03/10/2024 14:45,965,2,2,145,2,5,160,3,10,2,0,1
03/10/2024 14:45,966,2,2,145,2,5,160,3,10,3,0,1
03/10/2024 14:45,967,2,2,218,9,8,254,13,4,1,0,13
03/10/2024 14:45,968,2,2,218,9,8,254,13,4,2,0,1
03/10/2024 14:45,969,2,2,218,9,8,254,13,4,3,0,1
03/10/2024 14:46,970,2,2,184,6,4,201,8,1,1,1,18
03/10/2024 14:46,971,2,2,184,6,4,201,8,1,2,0,1
03/10/2024 14:46,972,2,2,184,6,4,201,8,1,3,0,1
03/10/2024 14:47,973,2,2,183,6,3,203,8,3,1,1,56
03/10/2024 14:47,974,2,2,183,6,3,203,8,3,2,1,3
03/10/2024 14:47,975,2,2,183,6,3,203,8,3,3,0,1
03/10/2024 14:47,976,2,2,240,11,10,248,12,8,1,1,3
03/10/2024 14:47,977,2,2,240,11,10,248,12,8,2,0,7
03/10/2024 14:47,978,2,2,240,11,10,248,12,8,3,0,3
03/10/2024 14:47,979,2,2,155,3,5,247,12,7,1,0,10
03/10/2024 14:47,980,2,2,155,3,5,247,12,7,2,0,1
03/10/2024 14:47,981,2,2,155,3,5,247,12,7,3,1,1
03/10/2024 14:47,982,2,2,172,5,2,194,7,4,1,0,5
03/10/2024 14:47,983,2,2,172,5,2,194,7,4,2,1,0
03/10/2024 14:47,984,2,2,172,5,2,194,7,4,3,1,1
03/10/2024 14:48,985,2,2,134,1,4,188,6,8,1,1,9
03/10/2024 14:48,986,2,2,134,1,4,188,6,8,2,0,3
03/10/2024 14:48,987,2,2,134,1,4,188,6,8,3,1,2
03/10/2024 14:48,988,2,2,188,6,8,210,8,10,1,0,7
03/10/2024 14:48,989,2,2,188,6,8,210,8,10,2,1,1
03/10/2024 14:48,990,2,2,188,6,8,210,8,10,3,1,1
03/10/2024 14:48,991,2,2,200,7,10,217,9,7,1,1,5
03/10/2024 14:48,992,2,2,200,7,10,217,9,7,2,0,1
03/10/2024 14:48,993,2,2,200,7,10,217,9,7,3,0,1
03/10/2024 14:48,994,2,2,221,10,1,222,10,2,1,0,5
03/10/2024 14:48,995,2,2,221,10,1,222,10,2,2,1,2
03/10/2024 14:48,996,2,2,221,10,1,222,10,2,3,1,1
03/10/2024 14:48,997,2,2,179,5,9,231,11,1,1,0,4
03/10/2024 14:48,998,2,2,179,5,9,231,11,1,2,1,1
03/10/2024 14:48,999,2,2,179,5,9,231,11,1,3,0,1
03/10/2024 14:48,1000,2,2,243,12,3,255,13,5,1,1,5
03/10/2024 14:48,1001,2,2,243,12,3,255,13,5,2,1,2
03/10/2024 14:49,1002,2,2,243,12,3,255,13,5,3,0,4
03/10/2024 14:49,1003,2,2,242,12,2,252,13,2,1,0,9
03/10/2024 14:49,1004,2,2,242,12,2,252,13,2,2,0,5
03/10/2024 14:49,1005,2,2,242,12,2,252,13,2,3,0,2
03/10/2024 14:49,1006,2,2,161,4,1,221,10,1,1,1,6
03/10/2024 14:49,1007,2,2,161,4,1,221,10,1,2,1,1
03/10/2024 14:49,1008,2,2,161,4,1,221,10,1,3,0,1
03/10/2024 14:49,1009,2,2,212,9,2,237,11,7,1,0,5
03/10/2024 14:49,1010,2,2,212,9,2,237,11,7,2,0,2
03/10/2024 14:49,1011,2,2,212,9,2,237,11,7,3,0,1
03/10/2024 14:49,1012,2,2,149,2,9,179,5,9,1,1,5
03/10/2024 14:49,1013,2,2,149,2,9,179,5,9,2,0,2
03/10/2024 14:49,1014,2,2,149,2,9,179,5,9,3,0,1
03/10/2024 14:49,1015,2,2,191,7,1,240,11,10,1,1,7
03/10/2024 14:50,1016,2,2,191,7,1,240,11,10,2,0,1
03/10/2024 14:50,1017,2,2,191,7,1,240,11,10,3,1,4
03/10/2024 14:50,1018,2,2,148,2,8,177,5,7,1,1,3
03/10/2024 14:50,1019,2,2,148,2,8,177,5,7,2,0,1
03/10/2024 14:50,1020,2,2,148,2,8,177,5,7,3,0,1
03/10/2024 14:50,1021,2,3,341,9,1,374,12,4,1,1,7
03/10/2024 14:50,1022,2,3,341,9,1,374,12,4,2,0,1
03/10/2024 14:50,1023,2,3,341,9,1,374,12,4,3,0,0
03/10/2024 14:50,1024,2,3,263,1,3,350,9,10,1,0,5
03/10/2024 14:50,1025,2,3,263,1,3,350,9,10,2,1,1
03/10/2024 14:50,1026,2,3,263,1,3,350,9,10,3,1,1
03/10/2024 14:50,1027,2,3,340,8,10,359,10,9,1,1,11
03/10/2024 14:50,1028,2,3,340,8,10,359,10,9,2,0,1
03/10/2024 14:50,1029,2,3,340,8,10,359,10,9,3,0,1
03/10/2024 14:51,1030,2,3,321,7,1,384,13,4,1,0,20
03/10/2024 14:51,1031,2,3,321,7,1,384,13,4,2,0,1
03/10/2024 14:51,1032,2,3,321,7,1,384,13,4,3,0,1
03/10/2024 14:51,1033,2,3,318,6,8,360,10,10,1,0,7
03/10/2024 14:51,1034,2,3,318,6,8,360,10,10,2,0,1
03/10/2024 14:51,1035,2,3,318,6,8,360,10,10,3,1,1
03/10/2024 14:51,1036,2,3,297,4,7,340,8,10,1,0,9
03/10/2024 14:51,1037,2,3,297,4,7,340,8,10,2,1,2
03/10/2024 14:51,1038,2,3,297,4,7,340,8,10,3,1,2
03/10/2024 14:51,1039,2,3,288,3,8,342,9,2,1,0,18
03/10/2024 14:51,1040,2,3,288,3,8,342,9,2,2,1,1
03/10/2024 14:52,1041,2,3,288,3,8,342,9,2,3,1,1
03/10/2024 14:52,1042,2,3,303,5,3,314,6,4,1,0,5
03/10/2024 14:52,1043,2,3,303,5,3,314,6,4,2,1,6
03/10/2024 14:52,1044,2,3,303,5,3,314,6,4,3,0,1
03/10/2024 14:52,1045,2,3,275,2,5,332,8,2,1,1,3
03/10/2024 14:52,1046,2,3,275,2,5,332,8,2,2,0,1
03/10/2024 14:52,1047,2,3,275,2,5,332,8,2,3,0,1
03/10/2024 14:52,1048,2,3,337,8,7,365,11,5,1,0,11
03/10/2024 14:52,1049,2,3,337,8,7,365,11,5,2,0,4
03/10/2024 14:52,1050,2,3,337,8,7,365,11,5,3,0,1
03/10/2024 14:52,1051,2,3,271,2,1,332,8,2,1,1,7
03/10/2024 14:52,1052,2,3,271,2,1,332,8,2,2,0,2
03/10/2024 14:52,1053,2,3,271,2,1,332,8,2,3,0,1
03/10/2024 14:53,1054,2,3,273,2,3,389,13,9,1,0,8
03/10/2024 14:53,1055,2,3,273,2,3,389,13,9,2,1,6
03/10/2024 14:53,1056,2,3,273,2,3,389,13,9,3,0,1
03/10/2024 14:53,1057,2,3,268,1,8,330,7,10,1,0,10
03/10/2024 14:53,1058,2,3,268,1,8,330,7,10,2,1,2
03/10/2024 14:53,1059,2,3,268,1,8,330,7,10,3,1,1
03/10/2024 14:53,1060,2,3,305,5,5,384,13,4,1,0,4
03/10/2024 14:53,1061,2,3,305,5,5,384,13,4,2,1,2
03/10/2024 14:53,1062,2,3,305,5,5,384,13,4,3,0,1
03/10/2024 14:53,1063,2,3,299,4,9,387,13,7,1,1,14
03/10/2024 14:53,1064,2,3,299,4,9,387,13,7,2,0,2
03/10/2024 14:53,1065,2,3,299,4,9,387,13,7,3,1,1
03/10/2024 14:54,1066,2,3,286,3,6,339,8,9,1,0,8
03/10/2024 14:54,1067,2,3,286,3,6,339,8,9,2,1,1
03/10/2024 14:54,1068,2,3,286,3,6,339,8,9,3,0,2
03/10/2024 14:54,1069,2,3,334,8,4,373,12,3,1,0,31
03/10/2024 14:54,1070,2,3,334,8,4,373,12,3,2,1,2
03/10/2024 14:54,1071,2,3,334,8,4,373,12,3,3,1,3
03/10/2024 14:54,1072,2,3,278,2,8,319,6,9,1,0,6
03/10/2024 14:54,1073,2,3,278,2,8,319,6,9,2,1,2
03/10/2024 14:54,1074,2,3,278,2,8,319,6,9,3,1,1
03/10/2024 14:55,1075,2,3,273,2,3,349,9,9,1,1,16
03/10/2024 14:55,1076,2,3,273,2,3,349,9,9,2,0,4
03/10/2024 14:55,1077,2,3,273,2,3,349,9,9,3,0,1
03/10/2024 14:56,1078,2,3,282,3,2,301,5,1,1,1,58
03/10/2024 14:56,1079,2,3,282,3,2,301,5,1,2,0,2
03/10/2024 14:56,1080,2,3,282,3,2,301,5,1,3,0,1
03/10/2024 14:56,1081,2,3,355,10,5,375,12,5,1,0,11
03/10/2024 14:56,1082,2,3,355,10,5,375,12,5,2,0,1
03/10/2024 14:56,1083,2,3,355,10,5,375,12,5,3,0,1
03/10/2024 14:56,1084,2,3,346,9,6,369,11,9,1,1,11
03/10/2024 14:56,1085,2,3,346,9,6,369,11,9,2,0,1
03/10/2024 14:56,1086,2,3,346,9,6,369,11,9,3,0,1
03/10/2024 14:56,1087,2,3,350,9,10,365,11,5,1,1,6
03/10/2024 14:56,1088,2,3,350,9,10,365,11,5,2,0,1
03/10/2024 14:57,1089,2,3,350,9,10,365,11,5,3,0,1
03/10/2024 14:57,1090,2,3,292,4,2,353,10,3,1,0,12
03/10/2024 14:57,1091,2,3,292,4,2,353,10,3,2,0,10
03/10/2024 14:57,1092,2,3,292,4,2,353,10,3,3,0,2
03/10/2024 14:57,1093,2,3,275,2,5,287,3,7,1,1,11
03/10/2024 14:57,1094,2,3,275,2,5,287,3,7,2,1,2
03/10/2024 14:57,1095,2,3,275,2,5,287,3,7,3,0,2
03/10/2024 14:57,1096,2,3,331,8,1,364,11,4,1,0,8
03/10/2024 14:57,1097,2,3,331,8,1,364,11,4,2,1,1
03/10/2024 14:57,1098,2,3,331,8,1,364,11,4,3,0,1
03/10/2024 14:58,1099,2,3,265,1,5,320,6,10,1,0,5
03/10/2024 14:58,1100,2,3,265,1,5,320,6,10,2,0,2
03/10/2024 14:58,1101,2,3,265,1,5,320,6,10,3,0,2
03/10/2024 14:58,1102,2,3,369,11,9,388,13,8,1,0,9
03/10/2024 14:58,1103,2,3,369,11,9,388,13,8,2,0,1
03/10/2024 14:58,1104,2,3,369,11,9,388,13,8,3,0,1
03/10/2024 14:58,1105,2,3,376,12,6,379,12,9,1,0,8
03/10/2024 14:58,1106,2,3,376,12,6,379,12,9,2,0,3
03/10/2024 14:58,1107,2,3,376,12,6,379,12,9,3,1,1
03/10/2024 14:58,1108,2,3,294,4,4,307,5,7,1,1,7
03/10/2024 14:58,1109,2,3,294,4,4,307,5,7,2,0,0
03/10/2024 14:58,1110,2,3,294,4,4,307,5,7,3,0,1
03/10/2024 14:59,1111,2,3,359,10,9,388,13,8,1,1,24
03/10/2024 14:59,1112,2,3,359,10,9,388,13,8,2,1,1
03/10/2024 14:59,1113,2,3,359,10,9,388,13,8,3,0,2
03/10/2024 14:59,1114,2,3,336,8,6,383,13,3,1,0,10
03/10/2024 14:59,1115,2,3,336,8,6,383,13,3,2,0,1
03/10/2024 14:59,1116,2,3,336,8,6,383,13,3,3,0,1
03/10/2024 14:59,1117,2,3,356,10,6,384,13,4,1,1,13
03/10/2024 14:59,1118,2,3,356,10,6,384,13,4,2,0,1
03/10/2024 14:59,1119,2,3,356,10,6,384,13,4,3,0,1
03/10/2024 15:00,1120,2,3,273,2,3,386,13,6,1,0,11
03/10/2024 15:00,1121,2,3,273,2,3,386,13,6,2,0,3
03/10/2024 15:00,1122,2,3,273,2,3,386,13,6,3,1,2
03/10/2024 15:00,1123,2,3,297,4,7,316,6,6,1,0,9
03/10/2024 15:00,1124,2,3,297,4,7,316,6,6,2,0,3
03/10/2024 15:00,1125,2,3,297,4,7,316,6,6,3,1,2
03/10/2024 15:00,1126,2,3,320,6,10,324,7,4,1,1,5
03/10/2024 15:00,1127,2,3,320,6,10,324,7,4,2,1,1
03/10/2024 15:00,1128,2,3,320,6,10,324,7,4,3,1,2
03/10/2024 15:00,1129,2,3,325,7,5,343,9,3,1,1,8
03/10/2024 15:00,1130,2,3,325,7,5,343,9,3,2,0,5
03/10/2024 15:00,1131,2,3,325,7,5,343,9,3,3,1,2
03/10/2024 15:01,1132,2,3,292,4,2,361,11,1,1,0,43
03/10/2024 15:01,1133,2,3,292,4,2,361,11,1,2,0,4
03/10/2024 15:01,1134,2,3,292,4,2,361,11,1,3,1,8
03/10/2024 15:01,1135,2,3,282,3,2,390,13,10,1,0,11
03/10/2024 15:02,1136,2,3,282,3,2,390,13,10,2,0,1
03/10/2024 15:02,1137,2,3,282,3,2,390,13,10,3,0,1
03/10/2024 15:02,1138,2,3,288,3,8,356,10,6,1,0,36
03/10/2024 15:02,1139,2,3,288,3,8,356,10,6,2,0,8
03/10/2024 15:02,1140,2,3,288,3,8,356,10,6,3,1,0
03/10/2024 15:02,1141,2,3,335,8,5,364,11,4,1,0,9
03/10/2024 15:03,1142,2,3,335,8,5,364,11,4,2,0,1
03/10/2024 15:03,1143,2,3,335,8,5,364,11,4,3,0,2
03/10/2024 15:03,1144,2,3,316,6,6,378,12,8,1,0,21
03/10/2024 15:03,1145,2,3,316,6,6,378,12,8,2,1,9
03/10/2024 15:03,1146,2,3,316,6,6,378,12,8,3,1,2
03/10/2024 15:03,1147,2,3,280,2,10,367,11,7,1,1,8
03/10/2024 15:03,1148,2,3,280,2,10,367,11,7,2,0,1
03/10/2024 15:03,1149,2,3,280,2,10,367,11,7,3,0,1
03/10/2024 15:03,1150,2,3,328,7,8,372,12,2,1,0,8
03/10/2024 15:04,1151,2,3,328,7,8,372,12,2,2,1,0
03/10/2024 15:04,1152,2,3,328,7,8,372,12,2,3,1,1
03/10/2024 15:04,1153,2,3,276,2,6,360,10,10,1,0,6
03/10/2024 15:04,1154,2,3,276,2,6,360,10,10,2,1,1
03/10/2024 15:04,1155,2,3,276,2,6,360,10,10,3,1,1
03/10/2024 15:04,1156,2,3,365,11,5,369,11,9,1,1,7
03/10/2024 15:04,1157,2,3,365,11,5,369,11,9,2,0,2
03/10/2024 15:04,1158,2,3,365,11,5,369,11,9,3,0,4
03/10/2024 15:05,1159,2,3,313,6,3,373,12,3,1,1,13
03/10/2024 15:05,1160,2,3,313,6,3,373,12,3,2,0,3
03/10/2024 15:05,1161,2,3,313,6,3,373,12,3,3,1,1
03/10/2024 15:05,1162,2,3,322,7,2,361,11,1,1,1,5
03/10/2024 15:05,1163,2,3,322,7,2,361,11,1,2,0,3
03/10/2024 15:05,1164,2,3,322,7,2,361,11,1,3,0,3
03/10/2024 15:06,1165,2,3,280,2,10,358,10,8,1,1,6
03/10/2024 15:06,1166,2,3,280,2,10,358,10,8,2,0,3
03/10/2024 15:06,1167,2,3,280,2,10,358,10,8,3,0,1
03/10/2024 15:06,1168,2,3,269,1,9,342,9,2,1,1,9
03/10/2024 15:06,1169,2,3,269,1,9,342,9,2,2,1,1
03/10/2024 15:06,1170,2,3,269,1,9,342,9,2,3,1,1
03/10/2024 15:06,1171,2,3,335,8,5,337,8,7,1,1,6
03/10/2024 15:06,1172,2,3,335,8,5,337,8,7,2,0,2
03/10/2024 15:06,1173,2,3,335,8,5,337,8,7,3,0,2
03/10/2024 15:06,1174,2,3,289,3,9,390,13,10,1,0,7
03/10/2024 15:06,1175,2,3,289,3,9,390,13,10,2,0,2
03/10/2024 15:06,1176,2,3,289,3,9,390,13,10,3,0,1
03/10/2024 15:06,1177,2,3,331,8,1,356,10,6,1,1,7
03/10/2024 15:07,1178,2,3,331,8,1,356,10,6,2,0,5
03/10/2024 15:07,1179,2,3,331,8,1,356,10,6,3,0,3
03/10/2024 15:07,1180,2,3,364,11,4,388,13,8,1,1,21
03/10/2024 15:07,1181,2,3,364,11,4,388,13,8,2,0,1
03/10/2024 15:07,1182,2,3,364,11,4,388,13,8,3,0,1
03/10/2024 15:07,1183,2,3,318,6,8,329,7,9,1,0,16
03/10/2024 15:07,1184,2,3,318,6,8,329,7,9,2,1,1
03/10/2024 15:07,1185,2,3,318,6,8,329,7,9,3,1,1
03/10/2024 15:08,1186,2,3,288,3,8,376,12,6,1,0,8
03/10/2024 15:08,1187,2,3,288,3,8,376,12,6,2,1,2
03/10/2024 15:08,1188,2,3,288,3,8,376,12,6,3,1,1
03/10/2024 15:08,1189,2,3,288,3,8,290,3,10,1,0,6
03/10/2024 15:08,1190,2,3,288,3,8,290,3,10,2,0,2
03/10/2024 15:08,1191,2,3,288,3,8,290,3,10,3,1,2
03/10/2024 15:08,1192,2,3,288,3,8,368,11,8,1,0,12
03/10/2024 15:08,1193,2,3,288,3,8,368,11,8,2,1,8
03/10/2024 15:08,1194,2,3,288,3,8,368,11,8,3,1,1
03/10/2024 15:08,1195,2,3,328,7,8,333,8,3,1,0,7
03/10/2024 15:08,1196,2,3,328,7,8,333,8,3,2,0,3
03/10/2024 15:08,1197,2,3,328,7,8,333,8,3,3,0,1
03/10/2024 15:09,1198,2,3,357,10,7,384,13,4,1,0,29
03/10/2024 15:09,1199,2,3,357,10,7,384,13,4,2,0,2
03/10/2024 15:09,1200,2,3,357,10,7,384,13,4,3,0,1
03/10/2024 15:09,1201,2,3,261,1,1,357,10,7,1,1,14
03/10/2024 15:09,1202,2,3,261,1,1,357,10,7,2,1,3
03/10/2024 15:09,1203,2,3,261,1,1,357,10,7,3,0,1
03/10/2024 15:09,1204,2,3,355,10,5,381,13,1,1,0,11
03/10/2024 15:09,1205,2,3,355,10,5,381,13,1,2,0,1
03/10/2024 15:10,1206,2,3,355,10,5,381,13,1,3,0,1
03/10/2024 15:10,1207,2,3,267,1,7,325,7,5,1,0,6
03/10/2024 15:10,1208,2,3,267,1,7,325,7,5,2,1,1
03/10/2024 15:10,1209,2,3,267,1,7,325,7,5,3,1,1
03/10/2024 15:10,1210,2,3,344,9,4,356,10,6,1,1,28
03/10/2024 15:10,1211,2,3,344,9,4,356,10,6,2,0,10
03/10/2024 15:10,1212,2,3,344,9,4,356,10,6,3,1,1
03/10/2024 15:11,1213,2,3,307,5,7,339,8,9,1,0,10
03/10/2024 15:11,1214,2,3,307,5,7,339,8,9,2,1,1
03/10/2024 15:11,1215,2,3,307,5,7,339,8,9,3,1,1
03/10/2024 15:11,1216,2,3,345,9,5,360,10,10,1,0,14
03/10/2024 15:11,1217,2,3,345,9,5,360,10,10,2,1,1
03/10/2024 15:11,1218,2,3,345,9,5,360,10,10,3,1,1
03/10/2024 15:11,1219,2,3,342,9,2,379,12,9,1,0,24
03/10/2024 15:11,1220,2,3,342,9,2,379,12,9,2,0,7
03/10/2024 15:11,1221,2,3,342,9,2,379,12,9,3,1,1
03/10/2024 15:12,1222,2,3,274,2,4,285,3,5,1,0,6
03/10/2024 15:12,1223,2,3,274,2,4,285,3,5,2,1,2
03/10/2024 15:12,1224,2,3,274,2,4,285,3,5,3,0,1
03/10/2024 15:12,1225,2,3,270,1,10,360,10,10,1,1,6
03/10/2024 15:12,1226,2,3,270,1,10,360,10,10,2,1,2
03/10/2024 15:12,1227,2,3,270,1,10,360,10,10,3,1,1
03/10/2024 15:13,1228,2,3,344,9,4,372,12,2,1,0,39
03/10/2024 15:13,1229,2,3,344,9,4,372,12,2,2,1,2
03/10/2024 15:13,1230,2,3,344,9,4,372,12,2,3,0,1
03/10/2024 15:13,1231,2,3,357,10,7,369,11,9,1,1,7
03/10/2024 15:13,1232,2,3,357,10,7,369,11,9,2,0,1
03/10/2024 15:13,1233,2,3,357,10,7,369,11,9,3,0,2
03/10/2024 15:13,1234,2,3,330,7,10,354,10,4,1,0,16
03/10/2024 15:13,1235,2,3,330,7,10,354,10,4,2,1,9
03/10/2024 15:13,1236,2,3,330,7,10,354,10,4,3,1,5
03/10/2024 15:14,1237,2,3,273,2,3,288,3,8,1,0,23
03/10/2024 15:14,1238,2,3,273,2,3,288,3,8,2,0,3
03/10/2024 15:14,1239,2,3,273,2,3,288,3,8,3,0,2
03/10/2024 15:14,1240,2,3,278,2,8,384,13,4,1,0,9
03/10/2024 15:14,1241,2,3,278,2,8,384,13,4,2,0,1
03/10/2024 15:14,1242,2,3,278,2,8,384,13,4,3,0,1
03/10/2024 15:14,1243,2,3,337,8,7,379,12,9,1,0,9
03/10/2024 15:14,1244,2,3,337,8,7,379,12,9,2,0,6
03/10/2024 15:14,1245,2,3,337,8,7,379,12,9,3,0,2
03/10/2024 15:15,1246,2,3,323,7,3,361,11,1,1,1,11
03/10/2024 15:15,1247,2,3,323,7,3,361,11,1,2,1,1
03/10/2024 15:15,1248,2,3,323,7,3,361,11,1,3,1,1
03/10/2024 15:15,1249,2,3,319,6,9,366,11,6,1,1,8
03/10/2024 15:15,1250,2,3,319,6,9,366,11,6,2,1,2
03/10/2024 15:15,1251,2,3,319,6,9,366,11,6,3,0,1
03/10/2024 15:15,1252,2,3,357,10,7,383,13,3,1,0,11
03/10/2024 15:15,1253,2,3,357,10,7,383,13,3,2,0,2
03/10/2024 15:15,1254,2,3,357,10,7,383,13,3,3,0,1
03/10/2024 15:15,1255,2,3,319,6,9,378,12,8,1,1,16
03/10/2024 15:16,1256,2,3,319,6,9,378,12,8,2,0,1
03/10/2024 15:16,1257,2,3,319,6,9,378,12,8,3,0,2
03/10/2024 15:16,1258,2,3,271,2,1,326,7,6,1,1,8
03/10/2024 15:16,1259,2,3,271,2,1,326,7,6,2,1,1
03/10/2024 15:16,1260,2,3,271,2,1,326,7,6,3,1,1
03/10/2024 15:16,1261,2,3,273,2,3,282,3,2,1,0,6
03/10/2024 15:16,1262,2,3,273,2,3,282,3,2,2,0,2
03/10/2024 15:16,1263,2,3,273,2,3,282,3,2,3,0,1
03/10/2024 15:16,1264,2,3,272,2,2,286,3,6,1,1,18
03/10/2024 15:16,1265,2,3,272,2,2,286,3,6,2,1,2
03/10/2024 15:16,1266,2,3,272,2,2,286,3,6,3,0,1
03/10/2024 15:16,1267,2,3,268,1,8,314,6,4,1,0,6
03/10/2024 15:17,1268,2,3,268,1,8,314,6,4,2,0,5
03/10/2024 15:17,1269,2,3,268,1,8,314,6,4,3,1,1
03/10/2024 15:17,1270,2,3,301,5,1,336,8,6,1,1,9
03/10/2024 15:17,1271,2,3,301,5,1,336,8,6,2,1,29
03/10/2024 15:17,1272,2,3,301,5,1,336,8,6,3,1,2
03/10/2024 15:17,1273,2,3,311,6,1,312,6,2,1,1,1
03/10/2024 15:18,1274,2,3,311,6,1,312,6,2,2,0,18
03/10/2024 15:18,1275,2,3,311,6,1,312,6,2,3,1,2
03/10/2024 15:18,1276,2,3,315,6,5,364,11,4,1,1,1
03/10/2024 15:18,1277,2,3,315,6,5,364,11,4,2,1,18
03/10/2024 15:18,1278,2,3,315,6,5,364,11,4,3,0,2
03/10/2024 15:18,1279,2,3,263,1,3,364,11,4,1,0,2
03/10/2024 15:18,1280,2,3,263,1,3,364,11,4,2,0,11
03/10/2024 15:18,1281,2,3,263,1,3,364,11,4,3,0,1
03/10/2024 15:18,1282,2,3,330,7,10,377,12,7,1,0,1
03/10/2024 15:19,1283,2,3,330,7,10,377,12,7,2,0,38
03/10/2024 15:19,1284,2,3,330,7,10,377,12,7,3,0,1
03/10/2024 15:19,1285,2,3,300,4,10,352,10,2,1,0,1
03/10/2024 15:19,1286,2,3,300,4,10,352,10,2,2,0,10
03/10/2024 15:19,1287,2,3,300,4,10,352,10,2,3,1,1
03/10/2024 15:19,1288,2,3,318,6,8,382,13,2,1,1,1
03/10/2024 15:19,1289,2,3,318,6,8,382,13,2,2,0,9
03/10/2024 15:19,1290,2,3,318,6,8,382,13,2,3,1,1
03/10/2024 15:20,1291,2,3,326,7,6,328,7,8,1,1,1
03/10/2024 15:20,1292,2,3,326,7,6,328,7,8,2,0,10
03/10/2024 15:20,1293,2,3,326,7,6,328,7,8,3,1,3
03/10/2024 15:20,1294,2,3,342,9,2,350,9,10,1,0,1
03/10/2024 15:20,1295,2,3,342,9,2,350,9,10,2,0,20
03/10/2024 15:20,1296,2,3,342,9,2,350,9,10,3,0,22
03/10/2024 15:21,1297,2,3,315,6,5,384,13,4,1,1,7
03/10/2024 15:21,1298,2,3,315,6,5,384,13,4,2,0,1
03/10/2024 15:21,1299,2,3,315,6,5,384,13,4,3,0,2
03/10/2024 15:21,1300,2,3,347,9,7,369,11,9,1,1,11
03/10/2024 15:21,1301,2,3,347,9,7,369,11,9,2,1,1
03/10/2024 15:21,1302,2,3,347,9,7,369,11,9,3,0,2
03/10/2024 15:21,1303,2,3,309,5,9,390,13,10,1,0,10
03/10/2024 15:21,1304,2,3,309,5,9,390,13,10,2,1,1
03/10/2024 15:21,1305,2,3,309,5,9,390,13,10,3,1,2
03/10/2024 15:22,1306,2,3,351,10,1,372,12,2,1,0,56
03/10/2024 15:23,1307,2,3,351,10,1,372,12,2,2,1,23
03/10/2024 15:23,1308,2,3,351,10,1,372,12,2,3,1,1
03/10/2024 15:23,1309,2,3,283,3,3,310,5,10,1,1,11
03/10/2024 15:23,1310,2,3,283,3,3,310,5,10,2,0,2
03/10/2024 15:23,1311,2,3,283,3,3,310,5,10,3,1,1
03/10/2024 15:24,1312,2,3,351,10,1,362,11,2,1,0,48
03/10/2024 15:24,1313,2,3,351,10,1,362,11,2,2,1,1
03/10/2024 15:24,1314,2,3,351,10,1,362,11,2,3,1,1
03/10/2024 15:25,1315,2,3,266,1,6,354,10,4,1,0,87
03/10/2024 15:25,1316,2,3,266,1,6,354,10,4,2,0,3
03/10/2024 15:25,1317,2,3,266,1,6,354,10,4,3,1,1
03/10/2024 15:25,1318,2,3,300,4,10,328,7,8,1,1,5
03/10/2024 15:25,1319,2,3,300,4,10,328,7,8,2,1,2
03/10/2024 15:25,1320,2,3,300,4,10,328,7,8,3,1,1
03/10/2024 15:26,1321,2,3,300,4,10,364,11,4,1,0,5
03/10/2024 15:26,1322,2,3,300,4,10,364,11,4,2,1,1
03/10/2024 15:26,1323,2,3,300,4,10,364,11,4,3,1,1
03/10/2024 15:26,1324,2,3,297,4,7,347,9,7,1,0,8
03/10/2024 15:26,1325,2,3,297,4,7,347,9,7,2,0,2
03/10/2024 15:26,1326,2,3,297,4,7,347,9,7,3,1,1
03/10/2024 15:26,1327,2,3,275,2,5,377,12,7,1,0,28
03/10/2024 15:26,1328,2,3,275,2,5,377,12,7,2,0,2
03/10/2024 15:26,1329,2,3,275,2,5,377,12,7,3,0,2
03/10/2024 15:27,1330,2,3,284,3,4,309,5,9,1,1,34
03/10/2024 15:27,1331,2,3,284,3,4,309,5,9,2,1,1
03/10/2024 15:27,1332,2,3,284,3,4,309,5,9,3,0,2
03/10/2024 15:27,1333,2,3,292,4,2,330,7,10,1,0,6
03/10/2024 15:27,1334,2,3,292,4,2,330,7,10,2,0,1
03/10/2024 15:27,1335,2,3,292,4,2,330,7,10,3,1,1
03/10/2024 15:27,1336,2,3,341,9,1,390,13,10,1,1,9
03/10/2024 15:27,1337,2,3,341,9,1,390,13,10,2,0,1
03/10/2024 15:27,1338,2,3,341,9,1,390,13,10,3,0,1
03/10/2024 15:28,1339,2,3,307,5,7,334,8,4,1,0,4
03/10/2024 15:28,1340,2,3,307,5,7,334,8,4,2,1,1
03/10/2024 15:28,1341,2,3,307,5,7,334,8,4,3,1,1
03/10/2024 15:28,1342,2,3,325,7,5,346,9,6,1,1,5
03/10/2024 15:28,1343,2,3,325,7,5,346,9,6,2,0,18
03/10/2024 15:28,1344,2,3,325,7,5,346,9,6,3,0,1
03/10/2024 15:28,1345,2,3,263,1,3,307,5,7,1,1,5
03/10/2024 15:28,1346,2,3,263,1,3,307,5,7,2,0,1
03/10/2024 15:28,1347,2,3,263,1,3,307,5,7,3,0,1
03/10/2024 15:28,1348,2,3,264,1,4,318,6,8,1,1,9
03/10/2024 15:28,1349,2,3,264,1,4,318,6,8,2,0,2
03/10/2024 15:28,1350,2,3,264,1,4,318,6,8,3,0,1
03/10/2024 15:29,1351,2,3,280,2,10,347,9,7,1,1,24
03/10/2024 15:29,1352,2,3,280,2,10,347,9,7,2,0,1
03/10/2024 15:29,1353,2,3,280,2,10,347,9,7,3,0,1
03/10/2024 15:29,1354,2,3,346,9,6,347,9,7,1,0,14
03/10/2024 15:29,1355,2,3,346,9,6,347,9,7,2,1,1
03/10/2024 15:29,1356,2,3,346,9,6,347,9,7,3,1,1
03/10/2024 15:30,1357,2,3,264,1,4,312,6,2,1,0,16
03/10/2024 15:30,1358,2,3,264,1,4,312,6,2,2,1,2
03/10/2024 15:30,1359,2,3,264,1,4,312,6,2,3,1,1
03/10/2024 15:30,1360,2,3,284,3,4,302,5,2,1,1,7
03/10/2024 15:30,1361,2,3,284,3,4,302,5,2,2,0,1
03/10/2024 15:30,1362,2,3,284,3,4,302,5,2,3,0,1
03/10/2024 15:30,1363,2,3,340,8,10,342,9,2,1,0,20
03/10/2024 15:30,1364,2,3,340,8,10,342,9,2,2,0,4
03/10/2024 15:30,1365,2,3,340,8,10,342,9,2,3,0,1
03/10/2024 15:31,1366,2,3,291,4,1,363,11,3,1,0,35
03/10/2024 15:31,1367,2,3,291,4,1,363,11,3,2,1,1
03/10/2024 15:31,1368,2,3,291,4,1,363,11,3,3,1,1
03/10/2024 15:31,1369,2,3,287,3,7,296,4,6,1,0,11
03/10/2024 15:31,1370,2,3,287,3,7,296,4,6,2,1,6
03/10/2024 15:31,1371,2,3,287,3,7,296,4,6,3,0,2
03/10/2024 15:31,1372,2,3,264,1,4,379,12,9,1,0,9
03/10/2024 15:31,1373,2,3,264,1,4,379,12,9,2,0,2
03/10/2024 15:31,1374,2,3,264,1,4,379,12,9,3,0,1
03/10/2024 15:32,1375,2,3,272,2,2,335,8,5,1,0,24
03/10/2024 15:32,1376,2,3,272,2,2,335,8,5,2,0,1
03/10/2024 15:32,1377,2,3,272,2,2,335,8,5,3,0,1
03/10/2024 15:32,1378,2,3,297,4,7,328,7,8,1,0,7
03/10/2024 15:32,1379,2,3,297,4,7,328,7,8,2,0,1
03/10/2024 15:32,1380,2,3,297,4,7,328,7,8,3,1,1
03/10/2024 15:32,1381,2,3,263,1,3,345,9,5,1,0,6
03/10/2024 15:32,1382,2,3,263,1,3,345,9,5,2,1,6
03/10/2024 15:32,1383,2,3,263,1,3,345,9,5,3,1,2
03/10/2024 15:33,1384,2,3,301,5,1,324,7,4,1,0,6
03/10/2024 15:33,1385,2,3,301,5,1,324,7,4,2,1,3
03/10/2024 15:33,1386,2,3,301,5,1,324,7,4,3,1,2
03/10/2024 15:33,1387,2,3,282,3,2,348,9,8,1,0,18
03/10/2024 15:33,1388,2,3,282,3,2,348,9,8,2,0,2
03/10/2024 15:33,1389,2,3,282,3,2,348,9,8,3,0,1
03/10/2024 15:33,1390,2,3,265,1,5,365,11,5,1,1,6
03/10/2024 15:33,1391,2,3,265,1,5,365,11,5,2,0,2
03/10/2024 15:33,1392,2,3,265,1,5,365,11,5,3,0,1
03/10/2024 15:34,1393,2,3,364,11,4,366,11,6,1,1,38
03/10/2024 15:34,1394,2,3,364,11,4,366,11,6,2,0,1
03/10/2024 15:34,1395,2,3,364,11,4,366,11,6,3,0,1
03/10/2024 15:34,1396,2,3,283,3,3,367,11,7,1,1,7
03/10/2024 15:34,1397,2,3,283,3,3,367,11,7,2,0,2
03/10/2024 15:34,1398,2,3,283,3,3,367,11,7,3,0,1
03/10/2024 15:34,1399,2,3,299,4,9,371,12,1,1,0,9
03/10/2024 15:34,1400,2,3,299,4,9,371,12,1,2,0,1
03/10/2024 15:34,1401,2,3,299,4,9,371,12,1,3,0,1
03/10/2024 15:35,1402,2,3,306,5,6,382,13,2,1,0,11
03/10/2024 15:35,1403,2,3,306,5,6,382,13,2,2,1,1
03/10/2024 15:35,1404,2,3,306,5,6,382,13,2,3,0,1
03/10/2024 15:35,1405,2,3,267,1,7,376,12,6,1,0,33
03/10/2024 15:35,1406,2,3,267,1,7,376,12,6,2,1,4
03/10/2024 15:35,1407,2,3,267,1,7,376,12,6,3,0,4
03/10/2024 15:36,1408,2,3,268,1,8,312,6,2,1,0,36
03/10/2024 15:36,1409,2,3,268,1,8,312,6,2,2,1,6
03/10/2024 15:36,1410,2,3,268,1,8,312,6,2,3,1,1
03/10/2024 15:36,1411,2,3,285,3,5,371,12,1,1,0,21
03/10/2024 15:36,1412,2,3,285,3,5,371,12,1,2,0,1
03/10/2024 15:37,1413,2,3,285,3,5,371,12,1,3,0,1
03/10/2024 15:37,1414,2,3,294,4,4,349,9,9,1,0,6
03/10/2024 15:37,1415,2,3,294,4,4,349,9,9,2,0,5
03/10/2024 15:37,1416,2,3,294,4,4,349,9,9,3,0,1
03/10/2024 15:37,1417,2,3,293,4,3,320,6,10,1,0,7
03/10/2024 15:37,1418,2,3,293,4,3,320,6,10,2,1,1
03/10/2024 15:37,1419,2,3,293,4,3,320,6,10,3,1,1
03/10/2024 15:38,1420,2,3,275,2,5,346,9,6,1,0,48
03/10/2024 15:38,1421,2,3,275,2,5,346,9,6,2,1,1
03/10/2024 15:38,1422,2,3,275,2,5,346,9,6,3,1,1
03/10/2024 15:38,1423,2,3,271,2,1,322,7,2,1,0,13
03/10/2024 15:38,1424,2,3,271,2,1,322,7,2,2,1,1
03/10/2024 15:38,1425,2,3,271,2,1,322,7,2,3,1,1
03/10/2024 15:38,1426,2,3,311,6,1,331,8,1,1,0,13
03/10/2024 15:38,1427,2,3,311,6,1,331,8,1,2,0,2
03/10/2024 15:38,1428,2,3,311,6,1,331,8,1,3,1,1
03/10/2024 15:42,1429,2,3,268,1,8,344,9,4,1,1,200
03/10/2024 15:42,1430,2,3,268,1,8,344,9,4,2,0,8
03/10/2024 15:42,1431,2,3,268,1,8,344,9,4,3,0,1
03/10/2024 15:42,1432,2,3,310,5,10,345,9,5,1,1,14
03/10/2024 15:42,1433,2,3,310,5,10,345,9,5,2,0,8
03/10/2024 15:42,1434,2,3,310,5,10,345,9,5,3,1,1
03/10/2024 15:43,1435,2,3,298,4,8,378,12,8,1,0,14
03/10/2024 15:43,1436,2,3,298,4,8,378,12,8,2,0,1
03/10/2024 15:43,1437,2,3,298,4,8,378,12,8,3,1,1
03/10/2024 15:43,1438,2,3,267,1,7,381,13,1,1,0,8
03/10/2024 15:43,1439,2,3,267,1,7,381,13,1,2,0,2
03/10/2024 15:43,1440,2,3,267,1,7,381,13,1,3,0,3
03/10/2024 15:43,1441,2,3,380,12,10,387,13,7,1,1,19
03/10/2024 15:43,1442,2,3,380,12,10,387,13,7,2,0,3
03/10/2024 15:43,1443,2,3,380,12,10,387,13,7,3,0,1
03/10/2024 15:43,1444,2,3,263,1,3,358,10,8,1,0,8
03/10/2024 15:44,1445,2,3,263,1,3,358,10,8,2,1,1
03/10/2024 15:44,1446,2,3,263,1,3,358,10,8,3,0,1
03/10/2024 15:44,1447,2,3,280,2,10,289,3,9,1,1,6
03/10/2024 15:44,1448,2,3,280,2,10,289,3,9,2,0,2
03/10/2024 15:44,1449,2,3,280,2,10,289,3,9,3,0,1
03/10/2024 15:44,1450,2,3,299,4,9,380,12,10,1,0,12
03/10/2024 15:44,1451,2,3,299,4,9,380,12,10,2,1,1
03/10/2024 15:44,1452,2,3,299,4,9,380,12,10,3,1,1
03/10/2024 15:44,1453,2,3,304,5,4,335,8,5,1,0,17
03/10/2024 15:44,1454,2,3,304,5,4,335,8,5,2,1,6
03/10/2024 15:44,1455,2,3,304,5,4,335,8,5,3,0,1
03/10/2024 15:45,1456,2,3,342,9,2,378,12,8,1,0,10
03/10/2024 15:45,1457,2,3,342,9,2,378,12,8,2,0,3
03/10/2024 15:45,1458,2,3,342,9,2,378,12,8,3,1,1
03/10/2024 15:45,1459,2,3,292,4,2,323,7,3,1,0,23
03/10/2024 15:45,1460,2,3,292,4,2,323,7,3,2,0,4
03/10/2024 15:45,1461,2,3,292,4,2,323,7,3,3,1,1
03/10/2024 15:46,1462,2,3,371,12,1,379,12,9,1,0,18
03/10/2024 15:46,1463,2,3,371,12,1,379,12,9,2,1,1
03/10/2024 15:46,1464,2,3,371,12,1,379,12,9,3,1,1
03/10/2024 15:46,1465,2,3,272,2,2,361,11,1,1,1,13
03/10/2024 15:46,1466,2,3,272,2,2,361,11,1,2,1,10
03/10/2024 15:46,1467,2,3,272,2,2,361,11,1,3,0,1
03/10/2024 15:46,1468,2,3,362,11,2,376,12,6,1,1,8
03/10/2024 15:46,1469,2,3,362,11,2,376,12,6,2,1,2
03/10/2024 15:46,1470,2,3,362,11,2,376,12,6,3,0,1
03/10/2024 15:48,1471,2,3,263,1,3,357,10,7,1,0,123
03/10/2024 15:48,1472,2,3,263,1,3,357,10,7,2,0,3
03/10/2024 15:48,1473,2,3,263,1,3,357,10,7,3,1,0
03/10/2024 15:49,1474,2,3,332,8,2,370,11,10,1,1,10
03/10/2024 15:49,1475,2,3,332,8,2,370,11,10,2,0,1
03/10/2024 15:49,1476,2,3,332,8,2,370,11,10,3,0,7
03/10/2024 15:49,1477,2,3,356,10,6,374,12,4,1,0,6
03/10/2024 15:49,1478,2,3,356,10,6,374,12,4,2,0,1
03/10/2024 15:49,1479,2,3,356,10,6,374,12,4,3,0,1
03/10/2024 15:49,1480,2,3,312,6,2,327,7,7,1,1,5
03/10/2024 15:49,1481,2,3,312,6,2,327,7,7,2,1,2
03/10/2024 15:49,1482,2,3,312,6,2,327,7,7,3,1,2
03/10/2024 15:49,1483,2,3,292,4,2,325,7,5,1,0,4
03/10/2024 15:49,1484,2,3,292,4,2,325,7,5,2,1,1
03/10/2024 15:49,1485,2,3,292,4,2,325,7,5,3,1,1
03/10/2024 15:49,1486,2,3,297,4,7,350,9,10,1,0,4
03/10/2024 15:49,1487,2,3,297,4,7,350,9,10,2,0,1
03/10/2024 15:49,1488,2,3,297,4,7,350,9,10,3,1,1
03/10/2024 15:50,1489,2,3,316,6,6,357,10,7,1,0,6
03/10/2024 15:50,1490,2,3,316,6,6,357,10,7,2,1,2
03/10/2024 15:50,1491,2,3,316,6,6,357,10,7,3,1,1
03/10/2024 15:50,1492,2,3,339,8,9,347,9,7,1,1,4
03/10/2024 15:50,1493,2,3,339,8,9,347,9,7,2,1,2
03/10/2024 15:50,1494,2,3,339,8,9,347,9,7,3,0,1
03/10/2024 15:50,1495,2,3,293,4,3,374,12,4,1,0,11
03/10/2024 15:50,1496,2,3,293,4,3,374,12,4,2,1,5
03/10/2024 15:50,1497,2,3,293,4,3,374,12,4,3,0,1
03/10/2024 15:50,1498,2,3,350,9,10,371,12,1,1,1,15
03/10/2024 15:50,1499,2,3,350,9,10,371,12,1,2,0,2
03/10/2024 15:51,1500,2,3,350,9,10,371,12,1,3,0,1
03/10/2024 15:51,1501,2,3,345,9,5,365,11,5,1,1,14
03/10/2024 15:51,1502,2,3,345,9,5,365,11,5,2,0,1
03/10/2024 15:51,1503,2,3,345,9,5,365,11,5,3,0,1
03/10/2024 15:51,1504,2,3,265,1,5,378,12,8,1,1,6
03/10/2024 15:51,1505,2,3,265,1,5,378,12,8,2,1,1
03/10/2024 15:51,1506,2,3,265,1,5,378,12,8,3,0,1
03/10/2024 15:51,1507,2,3,372,12,2,385,13,5,1,1,6
03/10/2024 15:51,1508,2,3,372,12,2,385,13,5,2,0,2
03/10/2024 15:51,1509,2,3,372,12,2,385,13,5,3,0,1
03/10/2024 15:51,1510,2,3,276,2,6,353,10,3,1,0,5
03/10/2024 15:51,1511,2,3,276,2,6,353,10,3,2,1,1
03/10/2024 15:51,1512,2,3,276,2,6,353,10,3,3,1,1
03/10/2024 15:52,1513,2,3,261,1,1,266,1,6,1,1,12
03/10/2024 15:52,1514,2,3,261,1,1,266,1,6,2,1,1
03/10/2024 15:52,1515,2,3,261,1,1,266,1,6,3,0,1
03/10/2024 15:52,1516,2,3,294,4,4,384,13,4,1,0,13
03/10/2024 15:52,1517,2,3,294,4,4,384,13,4,2,0,1
03/10/2024 15:52,1518,2,3,294,4,4,384,13,4,3,0,1
03/10/2024 15:52,1519,2,3,303,5,3,337,8,7,1,0,6
03/10/2024 15:52,1520,2,3,303,5,3,337,8,7,2,1,3
03/10/2024 15:52,1521,2,3,303,5,3,337,8,7,3,1,1
03/10/2024 15:52,1522,2,3,283,3,3,359,10,9,1,1,7
03/10/2024 15:52,1523,2,3,283,3,3,359,10,9,2,0,2
03/10/2024 15:52,1524,2,3,283,3,3,359,10,9,3,0,3
03/10/2024 15:52,1525,2,3,301,5,1,371,12,1,1,1,8
03/10/2024 15:53,1526,2,3,301,5,1,371,12,1,2,0,1
03/10/2024 15:53,1527,2,3,301,5,1,371,12,1,3,1,1
03/10/2024 15:53,1528,2,3,287,3,7,288,3,8,1,0,5
03/10/2024 15:53,1529,2,3,287,3,7,288,3,8,2,0,2
03/10/2024 15:53,1530,2,3,287,3,7,288,3,8,3,0,1
23/09/2024 08:39,1,3,1,6,1,6,87,9,7,1,1,94
23/09/2024 08:40,2,3,1,6,1,6,87,9,7,2,1,20
23/09/2024 08:40,3,3,1,6,1,6,87,9,7,3,1,8
23/09/2024 08:40,4,3,1,40,4,10,53,6,3,1,1,27
23/09/2024 08:40,5,3,1,40,4,10,53,6,3,2,0,4
23/09/2024 08:41,6,3,1,40,4,10,53,6,3,3,0,5
23/09/2024 08:41,7,3,1,43,5,3,92,10,2,1,0,32
23/09/2024 08:41,8,3,1,43,5,3,92,10,2,2,1,13
23/09/2024 08:41,9,3,1,43,5,3,92,10,2,3,1,2
23/09/2024 08:43,10,3,1,86,9,6,93,10,3,1,0,102
23/09/2024 08:43,11,3,1,86,9,6,93,10,3,2,1,8
23/09/2024 08:43,12,3,1,86,9,6,93,10,3,3,0,6
23/09/2024 08:45,13,3,1,12,2,2,13,2,3,1,1,86
23/09/2024 08:45,14,3,1,12,2,2,13,2,3,2,0,3
23/09/2024 08:45,15,3,1,12,2,2,13,2,3,3,0,3
23/09/2024 08:46,16,3,1,25,3,5,110,11,10,1,0,39
23/09/2024 08:46,17,3,1,25,3,5,110,11,10,2,1,2
23/09/2024 08:46,18,3,1,25,3,5,110,11,10,3,1,2
23/09/2024 08:46,19,3,1,84,9,4,107,11,7,1,1,25
23/09/2024 08:46,20,3,1,84,9,4,107,11,7,2,1,5
23/09/2024 08:46,21,3,1,84,9,4,107,11,7,3,1,6
23/09/2024 08:47,22,3,1,53,6,3,58,6,8,1,1,47
23/09/2024 08:47,23,3,1,53,6,3,58,6,8,2,0,4
23/09/2024 08:48,24,3,1,53,6,3,58,6,8,3,0,40
23/09/2024 08:49,25,3,1,62,7,2,67,7,7,1,0,38
23/09/2024 08:49,26,3,1,62,7,2,67,7,7,2,0,1
23/09/2024 08:49,27,3,1,62,7,2,67,7,7,3,0,3
23/09/2024 08:49,28,3,1,31,4,1,51,6,1,1,0,34
23/09/2024 08:49,29,3,1,31,4,1,51,6,1,2,0,2
23/09/2024 08:49,30,3,1,31,4,1,51,6,1,3,0,1
23/09/2024 08:50,31,3,1,4,1,4,44,5,4,1,1,18
23/09/2024 08:50,32,3,1,4,1,4,44,5,4,2,0,2
23/09/2024 08:50,33,3,1,4,1,4,44,5,4,3,0,1
23/09/2024 08:50,34,3,1,3,1,3,56,6,6,1,1,36
23/09/2024 08:50,35,3,1,3,1,3,56,6,6,2,0,1
23/09/2024 08:50,36,3,1,3,1,3,56,6,6,3,0,2
23/09/2024 08:51,37,3,1,107,11,7,122,13,2,1,0,21
23/09/2024 08:51,38,3,1,107,11,7,122,13,2,2,1,14
23/09/2024 08:51,39,3,1,107,11,7,122,13,2,3,1,2
23/09/2024 08:52,40,3,1,28,3,8,129,13,9,1,0,39
23/09/2024 08:52,41,3,1,28,3,8,129,13,9,2,1,6
23/09/2024 08:52,42,3,1,28,3,8,129,13,9,3,1,4
23/09/2024 08:52,43,3,1,32,4,2,81,9,1,1,0,26
23/09/2024 08:53,44,3,1,32,4,2,81,9,1,2,1,12
23/09/2024 08:53,45,3,1,32,4,2,81,9,1,3,1,1
23/09/2024 08:53,46,3,1,79,8,9,129,13,9,1,0,49
23/09/2024 08:53,47,3,1,79,8,9,129,13,9,2,1,3
23/09/2024 08:53,48,3,1,79,8,9,129,13,9,3,1,1
23/09/2024 08:54,49,3,1,5,1,5,19,2,9,1,1,8
23/09/2024 08:54,50,3,1,5,1,5,19,2,9,2,0,2
23/09/2024 08:54,51,3,1,5,1,5,19,2,9,3,0,2
23/09/2024 08:54,52,3,1,28,3,8,33,4,3,1,1,30
23/09/2024 08:55,53,3,1,28,3,8,33,4,3,2,1,22
23/09/2024 08:55,54,3,1,28,3,8,33,4,3,3,0,2
23/09/2024 08:55,55,3,1,50,5,10,78,8,8,1,0,13
23/09/2024 08:55,56,3,1,50,5,10,78,8,8,2,1,16
23/09/2024 08:55,57,3,1,50,5,10,78,8,8,3,1,4
23/09/2024 08:56,58,3,1,2,1,2,73,8,3,1,0,37
23/09/2024 08:56,59,3,1,2,1,2,73,8,3,2,0,5
23/09/2024 08:56,60,3,1,2,1,2,73,8,3,3,0,8
23/09/2024 08:57,61,3,1,15,2,5,126,13,6,1,0,30
23/09/2024 08:57,62,3,1,15,2,5,126,13,6,2,0,16
23/09/2024 08:57,63,3,1,15,2,5,126,13,6,3,0,1
23/09/2024 08:57,64,3,1,71,8,1,92,10,2,1,0,17
23/09/2024 08:57,65,3,1,71,8,1,92,10,2,2,1,2
23/09/2024 08:57,66,3,1,71,8,1,92,10,2,3,1,1
23/09/2024 08:58,67,3,1,9,1,9,93,10,3,1,1,68
23/09/2024 08:58,68,3,1,9,1,9,93,10,3,2,1,1
23/09/2024 08:59,69,3,1,9,1,9,93,10,3,3,1,2
23/09/2024 08:59,70,3,1,43,5,3,109,11,9,1,0,12
23/09/2024 08:59,71,3,1,43,5,3,109,11,9,2,1,2
23/09/2024 08:59,72,3,1,43,5,3,109,11,9,3,1,8
23/09/2024 08:59,73,3,1,98,10,8,115,12,5,1,0,13
23/09/2024 08:59,74,3,1,98,10,8,115,12,5,2,1,3
23/09/2024 08:59,75,3,1,98,10,8,115,12,5,3,1,2
23/09/2024 09:00,76,3,1,28,3,8,39,4,9,1,1,23
23/09/2024 09:00,77,3,1,28,3,8,39,4,9,2,1,6
23/09/2024 09:00,78,3,1,28,3,8,39,4,9,3,0,1
23/09/2024 09:01,79,3,1,36,4,6,96,10,6,1,0,51
23/09/2024 09:01,80,3,1,36,4,6,96,10,6,2,0,4
23/09/2024 09:01,81,3,1,36,4,6,96,10,6,3,1,2
23/09/2024 09:01,82,3,1,49,5,9,117,12,7,1,1,19
23/09/2024 09:01,83,3,1,49,5,9,117,12,7,2,1,5
23/09/2024 09:01,84,3,1,49,5,9,117,12,7,3,0,2
23/09/2024 09:02,85,3,1,27,3,7,31,4,1,1,0,57
23/09/2024 09:02,86,3,1,27,3,7,31,4,1,2,1,1
23/09/2024 09:02,87,3,1,27,3,7,31,4,1,3,1,1
23/09/2024 09:03,88,3,1,3,1,3,100,10,10,1,0,19
23/09/2024 09:03,89,3,1,3,1,3,100,10,10,2,1,2
23/09/2024 09:03,90,3,1,3,1,3,100,10,10,3,1,1
23/09/2024 09:04,91,3,1,32,4,2,59,6,9,1,0,56
23/09/2024 09:04,92,3,1,32,4,2,59,6,9,2,0,7
23/09/2024 09:04,93,3,1,32,4,2,59,6,9,3,1,2
23/09/2024 09:05,94,3,1,14,2,4,44,5,4,1,0,39
23/09/2024 09:05,95,3,1,14,2,4,44,5,4,2,0,2
23/09/2024 09:05,96,3,1,14,2,4,44,5,4,3,0,2
23/09/2024 09:05,97,3,1,53,6,3,84,9,4,1,1,21
23/09/2024 09:05,98,3,1,53,6,3,84,9,4,2,0,3
23/09/2024 09:05,99,3,1,53,6,3,84,9,4,3,0,2
23/09/2024 09:05,100,3,1,58,6,8,61,7,1,1,0,13
27/09/2024 12:17,101,3,1,58,6,8,61,7,1,2,1,54
27/09/2024 12:17,102,3,1,58,6,8,61,7,1,3,0,9
27/09/2024 12:18,103,3,1,52,6,2,56,6,6,1,1,11
27/09/2024 12:18,104,3,1,52,6,2,56,6,6,2,0,1
27/09/2024 12:18,105,3,1,52,6,2,56,6,6,3,0,3
27/09/2024 12:20,106,3,1,38,4,8,83,9,3,1,0,108
27/09/2024 12:20,107,3,1,38,4,8,83,9,3,2,1,3
27/09/2024 12:20,108,3,1,38,4,8,83,9,3,3,0,3
27/09/2024 12:20,109,3,1,45,5,5,102,11,2,1,0,38
27/09/2024 12:20,110,3,1,45,5,5,102,11,2,2,1,5
27/09/2024 12:21,111,3,1,45,5,5,102,11,2,3,1,5
27/09/2024 12:22,112,3,1,24,3,4,126,13,6,1,1,80
27/09/2024 12:22,113,3,1,24,3,4,126,13,6,2,0,14
27/09/2024 12:22,114,3,1,24,3,4,126,13,6,3,0,4
27/09/2024 12:23,115,3,1,33,4,3,52,6,2,1,0,21
27/09/2024 12:23,116,3,1,33,4,3,52,6,2,2,1,5
27/09/2024 12:23,117,3,1,33,4,3,52,6,2,3,1,6
27/09/2024 12:24,118,3,1,21,3,1,102,11,2,1,1,101
27/09/2024 12:25,119,3,1,21,3,1,102,11,2,2,0,3
27/09/2024 12:25,120,3,1,21,3,1,102,11,2,3,0,2
27/09/2024 12:29,121,3,1,22,3,2,93,10,3,1,1,254
27/09/2024 12:29,122,3,1,22,3,2,93,10,3,2,0,3
27/09/2024 12:29,123,3,1,22,3,2,93,10,3,3,0,3
27/09/2024 12:29,124,3,1,64,7,4,95,10,5,1,0,28
27/09/2024 12:30,125,3,1,64,7,4,95,10,5,2,1,3
27/09/2024 12:30,126,3,1,64,7,4,95,10,5,3,1,2
27/09/2024 12:30,127,3,1,56,6,6,93,10,3,1,1,10
27/09/2024 12:30,128,3,1,56,6,6,93,10,3,2,0,2
27/09/2024 12:30,129,3,1,56,6,6,93,10,3,3,0,3
27/09/2024 12:32,130,3,1,1,1,1,10,1,10,1,1,104
27/09/2024 12:32,131,3,1,1,1,1,10,1,10,2,0,3
27/09/2024 12:32,132,3,1,1,1,1,10,1,10,3,1,2
27/09/2024 12:34,133,3,1,22,3,2,121,13,1,1,0,138
27/09/2024 12:34,134,3,1,22,3,2,121,13,1,2,1,3
27/09/2024 12:34,135,3,1,22,3,2,121,13,1,3,1,3
27/09/2024 12:35,136,3,1,92,10,2,99,10,9,1,0,53
27/09/2024 12:35,137,3,1,92,10,2,99,10,9,2,1,2
27/09/2024 12:35,138,3,1,92,10,2,99,10,9,3,1,1
27/09/2024 12:40,139,3,1,71,8,1,79,8,9,1,1,270
27/09/2024 12:40,140,3,1,71,8,1,79,8,9,2,0,2
27/09/2024 12:40,141,3,1,71,8,1,79,8,9,3,0,1
27/09/2024 12:40,142,3,1,63,7,3,121,13,1,1,0,26
27/09/2024 12:40,143,3,1,63,7,3,121,13,1,2,1,5
27/09/2024 12:40,144,3,1,63,7,3,121,13,1,3,1,3
27/09/2024 12:43,145,3,1,2,1,2,8,1,8,1,0,172
27/09/2024 12:43,146,3,1,2,1,2,8,1,8,2,1,4
27/09/2024 12:43,147,3,1,2,1,2,8,1,8,3,1,3
27/09/2024 12:44,148,3,1,55,6,5,119,12,9,1,1,35
27/09/2024 12:44,149,3,1,55,6,5,119,12,9,2,0,1
27/09/2024 12:44,150,3,1,55,6,5,119,12,9,3,0,1
27/09/2024 12:46,151,3,1,58,6,8,78,8,8,1,0,91
27/09/2024 12:46,152,3,1,58,6,8,78,8,8,2,1,4
27/09/2024 12:46,153,3,1,58,6,8,78,8,8,3,0,3
27/09/2024 12:51,154,3,1,19,2,9,73,8,3,1,0,298
27/09/2024 12:51,155,3,1,19,2,9,73,8,3,2,0,4
27/09/2024 12:51,156,3,1,19,2,9,73,8,3,3,0,16
27/09/2024 12:53,157,3,1,102,11,2,113,12,3,1,0,144
27/09/2024 12:54,158,3,1,102,11,2,113,12,3,2,1,7
27/09/2024 12:54,159,3,1,102,11,2,113,12,3,3,0,2
27/09/2024 12:54,160,3,1,9,1,9,128,13,8,1,0,21
27/09/2024 12:54,161,3,1,9,1,9,128,13,8,2,1,4
27/09/2024 12:54,162,3,1,9,1,9,128,13,8,3,1,1
27/09/2024 12:56,163,3,1,20,2,10,97,10,7,1,0,140
27/09/2024 12:57,164,3,1,20,2,10,97,10,7,2,1,3
27/09/2024 12:57,165,3,1,20,2,10,97,10,7,3,1,1
27/09/2024 12:57,166,3,1,84,9,4,99,10,9,1,1,24
27/09/2024 12:57,167,3,1,84,9,4,99,10,9,2,0,10
27/09/2024 12:57,168,3,1,84,9,4,99,10,9,3,0,1
27/09/2024 13:02,169,3,1,8,1,8,78,8,8,1,0,288
27/09/2024 13:03,170,3,1,8,1,8,78,8,8,2,0,87
27/09/2024 13:04,171,3,1,8,1,8,78,8,8,3,0,10
27/09/2024 13:05,172,3,1,59,6,9,123,13,3,1,0,81
27/09/2024 13:05,173,3,1,59,6,9,123,13,3,2,1,8
27/09/2024 13:05,174,3,1,59,6,9,123,13,3,3,1,3
27/09/2024 13:09,175,3,1,4,1,4,12,2,2,1,1,201
27/09/2024 13:09,176,3,1,4,1,4,12,2,2,2,0,15
27/09/2024 13:09,177,3,1,4,1,4,12,2,2,3,1,1
27/09/2024 13:13,178,3,1,87,9,7,90,9,10,1,1,244
27/09/2024 13:13,179,3,1,87,9,7,90,9,10,2,1,7
27/09/2024 13:13,180,3,1,87,9,7,90,9,10,3,1,3
27/09/2024 13:15,181,3,1,5,1,5,39,4,9,1,1,119
27/09/2024 13:15,182,3,1,5,1,5,39,4,9,2,0,4
27/09/2024 13:15,183,3,1,5,1,5,39,4,9,3,0,1
27/09/2024 13:19,184,3,1,62,7,2,96,10,6,1,1,233
27/09/2024 13:19,185,3,1,62,7,2,96,10,6,2,1,5
27/09/2024 13:19,186,3,1,62,7,2,96,10,6,3,0,4
29/09/2024 03:10,187,3,1,13,2,3,14,2,4,1,0,11
29/09/2024 03:10,188,3,1,13,2,3,14,2,4,2,1,6
29/09/2024 03:10,189,3,1,13,2,3,14,2,4,3,1,4
29/09/2024 03:10,190,3,1,78,8,8,116,12,6,1,1,16
29/09/2024 03:10,191,3,1,78,8,8,116,12,6,2,1,10
29/09/2024 03:10,192,3,1,78,8,8,116,12,6,3,1,1
29/09/2024 03:12,193,3,1,92,10,2,129,13,9,1,0,83
29/09/2024 03:12,194,3,1,92,10,2,129,13,9,2,0,2
29/09/2024 03:12,195,3,1,92,10,2,129,13,9,3,1,3
29/09/2024 03:12,196,3,1,22,3,2,52,6,2,1,0,25
29/09/2024 03:12,197,3,1,22,3,2,52,6,2,2,1,1
29/09/2024 03:12,198,3,1,22,3,2,52,6,2,3,1,4
29/09/2024 03:13,199,3,1,47,5,7,84,9,4,1,0,8
29/09/2024 03:13,200,3,1,47,5,7,84,9,4,2,1,4
29/09/2024 03:13,201,3,1,47,5,7,84,9,4,3,1,7
29/09/2024 03:14,202,3,1,34,4,4,75,8,5,1,1,61
29/09/2024 03:14,203,3,1,34,4,4,75,8,5,2,0,3
29/09/2024 03:14,204,3,1,34,4,4,75,8,5,3,1,3
29/09/2024 03:16,205,3,1,67,7,7,76,8,6,1,0,144
29/09/2024 03:16,206,3,1,67,7,7,76,8,6,2,0,2
29/09/2024 03:16,207,3,1,67,7,7,76,8,6,3,1,2
29/09/2024 03:17,208,3,1,45,5,5,60,6,10,1,0,29
29/09/2024 03:17,209,3,1,45,5,5,60,6,10,2,1,3
29/09/2024 03:17,210,3,1,45,5,5,60,6,10,3,0,6
29/09/2024 03:27,211,3,1,31,4,1,45,5,5,1,1,573
29/09/2024 03:27,212,3,1,31,4,1,45,5,5,2,0,1
29/09/2024 03:27,213,3,1,31,4,1,45,5,5,3,0,7
29/09/2024 03:27,214,3,1,89,9,9,110,11,10,1,0,40
29/09/2024 03:27,215,3,1,89,9,9,110,11,10,2,1,1
29/09/2024 03:28,216,3,1,89,9,9,110,11,10,3,1,1
29/09/2024 03:29,217,3,1,3,1,3,37,4,7,1,1,118
29/09/2024 03:30,218,3,1,3,1,3,37,4,7,2,1,4
29/09/2024 03:30,219,3,1,3,1,3,37,4,7,3,0,1
29/09/2024 03:31,220,3,1,110,11,10,126,13,6,1,0,78
29/09/2024 03:31,221,3,1,110,11,10,126,13,6,2,1,4
29/09/2024 03:31,222,3,1,110,11,10,126,13,6,3,1,1
29/09/2024 03:31,223,3,1,30,3,10,76,8,6,1,1,7
29/09/2024 03:32,224,3,1,30,3,10,76,8,6,2,0,36
29/09/2024 03:32,225,3,1,30,3,10,76,8,6,3,0,2
29/09/2024 03:33,226,3,1,1,1,1,47,5,7,1,1,87
29/09/2024 03:33,227,3,1,1,1,1,47,5,7,2,0,1
29/09/2024 03:33,228,3,1,1,1,1,47,5,7,3,0,5
29/09/2024 03:34,229,3,1,3,1,3,114,12,4,1,0,28
29/09/2024 03:34,230,3,1,3,1,3,114,12,4,2,1,12
29/09/2024 03:34,231,3,1,3,1,3,114,12,4,3,1,2
29/09/2024 03:34,232,3,1,57,6,7,63,7,3,1,1,8
29/09/2024 03:34,233,3,1,57,6,7,63,7,3,2,1,9
29/09/2024 03:35,234,3,1,57,6,7,63,7,3,3,0,7
03/10/2024 06:13,235,3,1,6,1,6,67,7,7,1,1,9
03/10/2024 06:13,236,3,1,6,1,6,67,7,7,2,1,7
03/10/2024 06:13,237,3,1,6,1,6,67,7,7,3,0,2
03/10/2024 06:13,238,3,1,36,4,6,107,11,7,1,1,20
03/10/2024 06:13,239,3,1,36,4,6,107,11,7,2,0,6
03/10/2024 06:14,240,3,1,36,4,6,107,11,7,3,1,20
03/10/2024 06:14,241,3,1,99,10,9,122,13,2,1,0,42
03/10/2024 06:15,242,3,1,99,10,9,122,13,2,2,1,6
03/10/2024 06:15,243,3,1,99,10,9,122,13,2,3,1,2
03/10/2024 06:16,244,3,1,63,7,3,92,10,2,1,0,59
03/10/2024 06:16,245,3,1,63,7,3,92,10,2,2,1,3
03/10/2024 06:16,246,3,1,63,7,3,92,10,2,3,1,4
03/10/2024 06:18,247,3,1,6,1,6,36,4,6,1,0,113
03/10/2024 06:18,248,3,1,6,1,6,36,4,6,2,1,3
03/10/2024 06:18,249,3,1,6,1,6,36,4,6,3,0,8
03/10/2024 06:20,250,3,1,103,11,3,106,11,6,1,1,136
03/10/2024 06:20,251,3,1,103,11,3,106,11,6,2,0,2
03/10/2024 06:20,252,3,1,103,11,3,106,11,6,3,0,3
03/10/2024 06:21,253,3,1,5,1,5,57,6,7,1,0,34
03/10/2024 06:24,254,3,1,5,1,5,57,6,7,2,0,167
03/10/2024 06:24,255,3,1,5,1,5,57,6,7,3,0,4
03/10/2024 06:24,256,3,1,37,4,7,82,9,2,1,1,43
03/10/2024 06:25,257,3,1,37,4,7,82,9,2,2,0,4
03/10/2024 06:25,258,3,1,37,4,7,82,9,2,3,0,3
03/10/2024 06:31,259,3,1,5,1,5,66,7,6,1,1,371
03/10/2024 06:31,260,3,1,5,1,5,66,7,6,2,1,19
03/10/2024 06:31,261,3,1,5,1,5,66,7,6,3,1,5
03/10/2024 06:34,262,3,1,13,2,3,70,7,10,1,0,176
03/10/2024 06:34,263,3,1,13,2,3,70,7,10,2,1,2
03/10/2024 06:34,264,3,1,13,2,3,70,7,10,3,1,3
03/10/2024 06:35,265,3,1,92,10,2,95,10,5,1,0,36
03/10/2024 06:35,266,3,1,92,10,2,95,10,5,2,1,6
03/10/2024 06:35,267,3,1,92,10,2,95,10,5,3,1,2
03/10/2024 06:36,268,3,1,73,8,3,112,12,2,1,1,87
03/10/2024 06:37,269,3,1,73,8,3,112,12,2,2,1,4
03/10/2024 06:37,270,3,1,73,8,3,112,12,2,3,0,7
03/10/2024 06:41,271,3,1,85,9,5,121,13,1,1,0,243
03/10/2024 06:41,272,3,1,85,9,5,121,13,1,2,1,9
03/10/2024 06:41,273,3,1,85,9,5,121,13,1,3,0,2
03/10/2024 06:44,274,3,1,82,9,2,109,11,9,1,0,160
03/10/2024 06:44,275,3,1,82,9,2,109,11,9,2,1,4
03/10/2024 06:44,276,3,1,82,9,2,109,11,9,3,1,2
03/10/2024 06:44,277,3,1,21,3,1,39,4,9,1,1,28
03/10/2024 06:44,278,3,1,21,3,1,39,4,9,2,1,2
03/10/2024 06:44,279,3,1,21,3,1,39,4,9,3,0,2
03/10/2024 06:45,280,3,1,80,8,10,101,11,1,1,1,60
03/10/2024 06:45,281,3,1,80,8,10,101,11,1,2,0,2
03/10/2024 06:45,282,3,1,80,8,10,101,11,1,3,1,2
03/10/2024 06:46,283,3,1,67,7,7,118,12,8,1,0,41
03/10/2024 06:46,284,3,1,67,7,7,118,12,8,2,1,3
03/10/2024 06:46,285,3,1,67,7,7,118,12,8,3,1,3
03/10/2024 06:51,286,3,1,32,4,2,124,13,4,1,0,284
03/10/2024 06:51,287,3,1,32,4,2,124,13,4,2,1,2
03/10/2024 06:51,288,3,1,32,4,2,124,13,4,3,1,6
03/10/2024 06:56,289,3,1,63,7,3,96,10,6,1,0,309
03/10/2024 06:56,290,3,1,63,7,3,96,10,6,2,1,9
03/10/2024 06:57,291,3,1,63,7,3,96,10,6,3,1,3
03/10/2024 06:58,292,3,1,14,2,4,117,12,7,1,1,72
03/10/2024 06:58,293,3,1,14,2,4,117,12,7,2,1,4
03/10/2024 06:58,294,3,1,14,2,4,117,12,7,3,1,3
03/10/2024 06:58,295,3,1,34,4,4,53,6,3,1,0,19
03/10/2024 06:58,296,3,1,34,4,4,53,6,3,2,0,5
03/10/2024 06:58,297,3,1,34,4,4,53,6,3,3,0,3
03/10/2024 06:59,298,3,1,116,12,6,129,13,9,1,0,14
03/10/2024 06:59,299,3,1,116,12,6,129,13,9,2,0,4
03/10/2024 06:59,300,3,1,116,12,6,129,13,9,3,1,4
03/10/2024 07:00,301,3,1,35,4,5,63,7,3,1,1,46
03/10/2024 07:00,302,3,1,35,4,5,63,7,3,2,0,2
03/10/2024 07:00,303,3,1,35,4,5,63,7,3,3,0,2
03/10/2024 07:00,304,3,1,82,9,2,85,9,5,1,0,35
03/10/2024 07:00,305,3,1,82,9,2,85,9,5,2,0,1
03/10/2024 07:00,306,3,1,82,9,2,85,9,5,3,0,1
03/10/2024 07:03,307,3,1,112,12,2,125,13,5,1,0,152
03/10/2024 07:03,308,3,1,112,12,2,125,13,5,2,1,5
03/10/2024 07:03,309,3,1,112,12,2,125,13,5,3,1,1
03/10/2024 07:04,310,3,1,10,1,10,86,9,6,1,1,41
03/10/2024 07:04,311,3,1,10,1,10,86,9,6,2,0,3
03/10/2024 07:07,312,3,1,10,1,10,86,9,6,3,1,209
03/10/2024 07:08,313,3,1,1,1,1,121,13,1,1,1,61
03/10/2024 07:08,314,3,1,1,1,1,121,13,1,2,0,2
03/10/2024 07:08,315,3,1,1,1,1,121,13,1,3,0,3
03/10/2024 10:00,316,3,1,25,3,5,52,6,2,1,0,18
03/10/2024 10:00,317,3,1,25,3,5,52,6,2,2,1,2
03/10/2024 10:00,318,3,1,25,3,5,52,6,2,3,0,4
03/10/2024 10:02,319,3,1,4,1,4,27,3,7,1,0,91
03/10/2024 10:02,320,3,1,4,1,4,27,3,7,2,1,1
03/10/2024 10:02,321,3,1,4,1,4,27,3,7,3,1,19
03/10/2024 10:37,322,3,1,16,2,6,31,4,1,1,0,8
03/10/2024 10:37,323,3,1,16,2,6,31,4,1,2,1,3
03/10/2024 10:37,324,3,1,16,2,6,31,4,1,3,1,5
03/10/2024 10:39,325,3,1,84,9,4,106,11,6,1,1,119
03/10/2024 10:40,326,3,1,84,9,4,106,11,6,2,0,4
03/10/2024 10:40,327,3,1,84,9,4,106,11,6,3,0,10
03/10/2024 11:59,328,3,1,41,5,1,51,6,1,1,0,5
03/10/2024 11:59,329,3,1,41,5,1,51,6,1,2,1,4
03/10/2024 11:59,330,3,1,41,5,1,51,6,1,3,1,4
03/10/2024 12:00,331,3,1,3,1,3,72,8,2,1,1,77
03/10/2024 12:00,332,3,1,3,1,3,72,8,2,2,0,1
03/10/2024 12:00,333,3,1,3,1,3,72,8,2,3,0,2
03/10/2024 12:04,334,3,1,7,1,7,14,2,4,1,0,200
03/10/2024 12:07,335,3,1,7,1,7,14,2,4,2,1,177
03/10/2024 12:07,336,3,1,7,1,7,14,2,4,3,1,3
03/10/2024 12:08,337,3,1,25,3,5,127,13,7,1,1,72
03/10/2024 12:08,338,3,1,25,3,5,127,13,7,2,0,4
03/10/2024 12:08,339,3,1,25,3,5,127,13,7,3,1,2
03/10/2024 12:09,340,3,1,44,5,4,53,6,3,1,1,77
03/10/2024 12:09,341,3,1,44,5,4,53,6,3,2,0,1
03/10/2024 12:09,342,3,1,44,5,4,53,6,3,3,0,4
03/10/2024 12:11,343,3,1,15,2,5,106,11,6,1,0,66
03/10/2024 12:11,344,3,1,15,2,5,106,11,6,2,0,2
03/10/2024 12:11,345,3,1,15,2,5,106,11,6,3,1,4
03/10/2024 12:11,346,3,1,15,2,5,122,13,2,1,0,13
03/10/2024 12:11,347,3,1,15,2,5,122,13,2,2,0,2
03/10/2024 12:11,348,3,1,15,2,5,122,13,2,3,1,2
03/10/2024 12:15,349,3,1,29,3,9,92,10,2,1,0,245
03/10/2024 12:15,350,3,1,29,3,9,92,10,2,2,1,1
03/10/2024 12:15,351,3,1,29,3,9,92,10,2,3,1,7
03/10/2024 12:20,352,3,1,12,2,2,16,2,6,1,1,261
03/10/2024 12:20,353,3,1,12,2,2,16,2,6,2,0,2
03/10/2024 12:20,354,3,1,12,2,2,16,2,6,3,0,6
03/10/2024 12:25,355,3,1,15,2,5,47,5,7,1,0,315
03/10/2024 12:25,356,3,1,15,2,5,47,5,7,2,1,2
03/10/2024 12:25,357,3,1,15,2,5,47,5,7,3,0,2
03/10/2024 12:28,358,3,1,60,6,10,124,13,4,1,0,149
03/10/2024 12:28,359,3,1,60,6,10,124,13,4,2,0,13
03/10/2024 12:28,360,3,1,60,6,10,124,13,4,3,0,7
03/10/2024 12:29,361,3,1,17,2,7,57,6,7,1,0,29
03/10/2024 12:29,362,3,1,17,2,7,57,6,7,2,0,6
03/10/2024 12:29,363,3,1,17,2,7,57,6,7,3,1,5
03/10/2024 12:29,364,3,1,5,1,5,87,9,7,1,1,9
03/10/2024 12:29,365,3,1,5,1,5,87,9,7,2,0,2
03/10/2024 12:29,366,3,1,5,1,5,87,9,7,3,0,1
03/10/2024 12:30,367,3,1,22,3,2,51,6,1,1,0,71
03/10/2024 12:30,368,3,1,22,3,2,51,6,1,2,1,5
03/10/2024 12:30,369,3,1,22,3,2,51,6,1,3,1,8
03/10/2024 12:31,370,3,1,24,3,4,39,4,9,1,1,10
03/10/2024 12:31,371,3,1,24,3,4,39,4,9,2,1,2
03/10/2024 12:31,372,3,1,24,3,4,39,4,9,3,0,1
03/10/2024 12:39,373,3,1,34,4,4,119,12,9,1,1,4
03/10/2024 12:39,374,3,1,34,4,4,119,12,9,2,0,2
03/10/2024 12:39,375,3,1,34,4,4,119,12,9,3,0,1
03/10/2024 12:41,376,3,1,53,6,3,94,10,4,1,0,88
03/10/2024 12:41,377,3,1,53,6,3,94,10,4,2,1,3
03/10/2024 12:41,378,3,1,53,6,3,94,10,4,3,1,2
03/10/2024 12:41,379,3,1,47,5,7,123,13,3,1,0,9
03/10/2024 12:41,380,3,1,47,5,7,123,13,3,2,1,1
03/10/2024 12:41,381,3,1,47,5,7,123,13,3,3,1,1
03/10/2024 12:41,382,3,1,92,10,2,105,11,5,1,1,18
03/10/2024 12:42,383,3,1,92,10,2,105,11,5,2,0,2
03/10/2024 12:42,384,3,1,92,10,2,105,11,5,3,0,4
03/10/2024 12:43,385,3,1,19,2,9,32,4,2,1,0,66
03/10/2024 12:43,386,3,1,19,2,9,32,4,2,2,1,2
03/10/2024 12:43,387,3,1,19,2,9,32,4,2,3,0,1
03/10/2024 12:43,388,3,1,54,6,4,118,12,8,1,0,15
03/10/2024 12:43,389,3,1,54,6,4,118,12,8,2,1,3
03/10/2024 12:43,390,3,1,54,6,4,118,12,8,3,1,6
03/10/2024 12:44,391,3,1,13,2,3,94,10,4,1,0,41
03/10/2024 12:44,392,3,1,13,2,3,94,10,4,2,1,1
03/10/2024 12:44,393,3,1,13,2,3,94,10,4,3,1,3
03/10/2024 12:44,394,3,1,10,1,10,124,13,4,1,0,23
03/10/2024 12:46,395,3,1,10,1,10,124,13,4,2,1,71
03/10/2024 12:46,396,3,1,10,1,10,124,13,4,3,1,5
03/10/2024 12:46,397,3,1,7,1,7,41,5,1,1,1,13
03/10/2024 12:46,398,3,1,7,1,7,41,5,1,2,1,4
03/10/2024 12:46,399,3,1,7,1,7,41,5,1,3,0,2
03/10/2024 12:50,400,3,1,64,7,4,113,12,3,1,1,257
03/10/2024 12:50,401,3,1,64,7,4,113,12,3,2,0,3
03/10/2024 12:50,402,3,1,64,7,4,113,12,3,3,1,3
03/10/2024 12:51,403,3,1,12,2,2,15,2,5,1,1,21
03/10/2024 12:51,404,3,1,12,2,2,15,2,5,2,0,9
03/10/2024 12:51,405,3,1,12,2,2,15,2,5,3,0,2
03/10/2024 12:57,406,3,1,73,8,3,76,8,6,1,1,343
03/10/2024 12:57,407,3,1,73,8,3,76,8,6,2,1,5
03/10/2024 12:57,408,3,1,73,8,3,76,8,6,3,0,2
03/10/2024 12:57,409,3,1,23,3,3,116,12,6,1,1,29
03/10/2024 12:58,410,3,1,23,3,3,116,12,6,2,0,5
03/10/2024 12:58,411,3,1,23,3,3,116,12,6,3,1,2
03/10/2024 12:58,412,3,1,59,6,9,126,13,6,1,1,26
03/10/2024 12:58,413,3,1,59,6,9,126,13,6,2,0,2
03/10/2024 12:58,414,3,1,59,6,9,126,13,6,3,0,3
03/10/2024 12:58,415,3,1,31,4,1,34,4,4,1,1,17
03/10/2024 12:58,416,3,1,31,4,1,34,4,4,2,0,1
03/10/2024 12:59,417,3,1,31,4,1,34,4,4,3,0,3
03/10/2024 12:59,418,3,1,67,7,7,75,8,5,1,0,11
03/10/2024 12:59,419,3,1,67,7,7,75,8,5,2,1,3
03/10/2024 12:59,420,3,1,67,7,7,75,8,5,3,1,1
03/10/2024 13:01,421,3,1,59,6,9,108,11,8,1,1,103
03/10/2024 13:01,422,3,1,59,6,9,108,11,8,2,0,2
03/10/2024 13:01,423,3,1,59,6,9,108,11,8,3,0,1
03/10/2024 13:01,424,3,1,19,2,9,79,8,9,1,1,10
03/10/2024 13:01,425,3,1,19,2,9,79,8,9,2,0,2
03/10/2024 13:01,426,3,1,19,2,9,79,8,9,3,0,2
03/10/2024 13:11,427,3,1,50,5,10,106,11,6,1,0,604
03/10/2024 13:11,428,3,1,50,5,10,106,11,6,2,0,4
03/10/2024 13:11,429,3,1,50,5,10,106,11,6,3,1,2
03/10/2024 13:11,430,3,1,50,5,10,128,13,8,1,0,16
03/10/2024 13:11,431,3,1,50,5,10,128,13,8,2,1,6
03/10/2024 13:12,432,3,1,50,5,10,128,13,8,3,1,2
03/10/2024 13:13,433,3,1,55,6,5,91,10,1,1,1,66
03/10/2024 13:13,434,3,1,55,6,5,91,10,1,2,1,2
03/10/2024 13:13,435,3,1,55,6,5,91,10,1,3,0,2
03/10/2024 13:13,436,3,1,72,8,2,74,8,4,1,0,24
03/10/2024 13:14,437,3,1,72,8,2,74,8,4,2,1,54
03/10/2024 13:14,438,3,1,72,8,2,74,8,4,3,1,3
03/10/2024 13:14,439,3,1,99,10,9,106,11,6,1,1,16
03/10/2024 13:14,440,3,1,99,10,9,106,11,6,2,0,2
03/10/2024 13:15,441,3,1,99,10,9,106,11,6,3,1,1
03/10/2024 13:15,442,3,1,25,3,5,75,8,5,1,1,16
03/10/2024 13:15,443,3,1,25,3,5,75,8,5,2,0,4
03/10/2024 13:15,444,3,1,25,3,5,75,8,5,3,1,2
03/10/2024 13:16,445,3,1,58,6,8,73,8,3,1,1,84
03/10/2024 13:16,446,3,1,58,6,8,73,8,3,2,0,2
03/10/2024 13:16,447,3,1,58,6,8,73,8,3,3,0,2
03/10/2024 13:17,448,3,1,49,5,9,103,11,3,1,0,14
03/10/2024 13:17,449,3,1,49,5,9,103,11,3,2,1,2
03/10/2024 13:17,450,3,1,49,5,9,103,11,3,3,1,6
03/10/2024 13:18,451,3,1,6,1,6,60,6,10,1,1,65
03/10/2024 13:18,452,3,1,6,1,6,60,6,10,2,1,1
03/10/2024 13:18,453,3,1,6,1,6,60,6,10,3,1,2
03/10/2024 13:18,454,3,1,58,6,8,67,7,7,1,0,9
03/10/2024 13:18,455,3,1,58,6,8,67,7,7,2,1,2
03/10/2024 13:18,456,3,1,58,6,8,67,7,7,3,0,1
03/10/2024 13:20,457,3,1,41,5,1,64,7,4,1,0,82
03/10/2024 13:20,458,3,1,41,5,1,64,7,4,2,1,2
03/10/2024 13:20,459,3,1,41,5,1,64,7,4,3,1,2
03/10/2024 13:20,460,3,1,109,11,9,114,12,4,1,0,31
03/10/2024 13:20,461,3,1,109,11,9,114,12,4,2,0,2
03/10/2024 13:20,462,3,1,109,11,9,114,12,4,3,1,3
03/10/2024 13:21,463,3,1,15,2,5,26,3,6,1,1,28
03/10/2024 13:21,464,3,1,15,2,5,26,3,6,2,0,1
03/10/2024 13:21,465,3,1,15,2,5,26,3,6,3,1,2
03/10/2024 13:21,466,3,1,9,1,9,122,13,2,1,0,7
03/10/2024 13:21,467,3,1,9,1,9,122,13,2,2,1,12
03/10/2024 13:21,468,3,1,9,1,9,122,13,2,3,0,2
03/10/2024 13:23,469,3,1,14,2,4,19,2,9,1,1,87
03/10/2024 13:23,470,3,1,14,2,4,19,2,9,2,0,1
03/10/2024 13:23,471,3,1,14,2,4,19,2,9,3,0,2
03/10/2024 13:29,472,3,1,86,9,6,104,11,4,1,1,364
03/10/2024 13:29,473,3,1,86,9,6,104,11,4,2,0,2
03/10/2024 13:29,474,3,1,86,9,6,104,11,4,3,1,10
03/10/2024 13:29,475,3,1,57,6,7,102,11,2,1,1,13
03/10/2024 13:29,476,3,1,57,6,7,102,11,2,2,1,6
03/10/2024 13:30,477,3,1,57,6,7,102,11,2,3,0,2
03/10/2024 13:30,478,3,1,36,4,6,88,9,8,1,1,37
03/10/2024 13:30,479,3,1,36,4,6,88,9,8,2,1,2
03/10/2024 13:30,480,3,1,36,4,6,88,9,8,3,1,2
03/10/2024 13:35,481,3,1,54,6,4,62,7,2,1,1,293
03/10/2024 13:35,482,3,1,54,6,4,62,7,2,2,1,7
03/10/2024 13:35,483,3,1,54,6,4,62,7,2,3,0,1
03/10/2024 13:36,484,3,1,27,3,7,106,11,6,1,1,55
03/10/2024 13:36,485,3,1,27,3,7,106,11,6,2,0,2
03/10/2024 13:36,486,3,1,27,3,7,106,11,6,3,0,2
03/10/2024 13:41,487,3,1,66,7,6,121,13,1,1,0,283
03/10/2024 13:41,488,3,1,66,7,6,121,13,1,2,0,4
03/10/2024 13:41,489,3,1,66,7,6,121,13,1,3,1,1
03/10/2024 13:46,490,3,1,44,5,4,120,12,10,1,1,312
03/10/2024 13:46,491,3,1,44,5,4,120,12,10,2,0,2
03/10/2024 13:46,492,3,1,44,5,4,120,12,10,3,1,1
03/10/2024 13:49,493,3,1,78,8,8,126,13,6,1,0,128
03/10/2024 13:49,494,3,1,78,8,8,126,13,6,2,1,2
03/10/2024 13:49,495,3,1,78,8,8,126,13,6,3,1,2
03/10/2024 13:49,496,3,1,110,11,10,122,13,2,1,0,28
03/10/2024 13:49,497,3,1,110,11,10,122,13,2,2,1,2
03/10/2024 13:49,498,3,1,110,11,10,122,13,2,3,1,2
03/10/2024 13:54,499,3,1,29,3,9,57,6,7,1,1,265
03/10/2024 13:54,500,3,1,29,3,9,57,6,7,2,0,3
03/10/2024 13:54,501,3,1,29,3,9,57,6,7,3,0,1
03/10/2024 13:54,502,3,1,10,1,10,130,13,10,1,1,14
03/10/2024 13:54,503,3,1,10,1,10,130,13,10,2,0,1
03/10/2024 13:54,504,3,1,10,1,10,130,13,10,3,0,1
03/10/2024 13:57,505,3,1,62,7,2,81,9,1,1,0,143
03/10/2024 13:57,506,3,1,62,7,2,81,9,1,2,0,6
03/10/2024 13:57,507,3,1,62,7,2,81,9,1,3,1,4
03/10/2024 13:57,508,3,1,65,7,5,94,10,4,1,0,31
03/10/2024 13:57,509,3,1,65,7,5,94,10,4,2,1,2
03/10/2024 13:57,510,3,1,65,7,5,94,10,4,3,1,1
03/10/2024 13:59,511,3,2,190,6,10,218,9,8,1,1,88
03/10/2024 13:59,512,3,2,190,6,10,218,9,8,2,0,2
03/10/2024 13:59,513,3,2,190,6,10,218,9,8,3,0,8
03/10/2024 14:01,514,3,2,143,2,3,228,10,8,1,1,95
03/10/2024 14:01,515,3,2,143,2,3,228,10,8,2,0,2
03/10/2024 14:01,516,3,2,143,2,3,228,10,8,3,0,3
03/10/2024 14:02,517,3,2,135,1,5,252,13,2,1,0,81
03/10/2024 14:02,518,3,2,135,1,5,252,13,2,2,1,4
03/10/2024 14:05,519,3,2,135,1,5,252,13,2,3,1,149
03/10/2024 14:06,520,3,2,152,3,2,246,12,6,1,1,54
03/10/2024 14:06,521,3,2,152,3,2,246,12,6,2,0,1
03/10/2024 14:06,522,3,2,152,3,2,246,12,6,3,0,3
04/10/2024 02:20,523,3,2,170,4,10,186,6,6,1,1,3
04/10/2024 02:20,524,3,2,170,4,10,186,6,6,2,0,2
04/10/2024 02:20,525,3,2,170,4,10,186,6,6,3,0,2
04/10/2024 02:23,526,3,2,187,6,7,226,10,6,1,0,180
04/10/2024 02:23,527,3,2,187,6,7,226,10,6,2,1,6
04/10/2024 02:23,528,3,2,187,6,7,226,10,6,3,1,2
04/10/2024 02:23,529,3,2,139,1,9,209,8,9,1,1,15
04/10/2024 02:24,530,3,2,139,1,9,209,8,9,2,0,2
04/10/2024 02:24,531,3,2,139,1,9,209,8,9,3,0,18
04/10/2024 02:28,532,3,2,169,4,9,210,8,10,1,1,236
04/10/2024 02:28,533,3,2,169,4,9,210,8,10,2,0,2
04/10/2024 02:28,534,3,2,169,4,9,210,8,10,3,0,3
04/10/2024 02:33,535,3,2,213,9,3,223,10,3,1,0,289
04/10/2024 02:33,536,3,2,213,9,3,223,10,3,2,1,3
04/10/2024 02:33,537,3,2,213,9,3,223,10,3,3,0,7
04/10/2024 02:33,538,3,2,137,1,7,252,13,2,1,0,13
04/10/2024 02:33,539,3,2,137,1,7,252,13,2,2,1,2
04/10/2024 02:33,540,3,2,137,1,7,252,13,2,3,1,5
04/10/2024 02:33,541,3,2,173,5,3,231,11,1,1,0,9
04/10/2024 02:33,542,3,2,173,5,3,231,11,1,2,1,4
04/10/2024 02:34,543,3,2,173,5,3,231,11,1,3,1,2
04/10/2024 02:41,544,3,2,163,4,3,172,5,2,1,1,420
04/10/2024 02:41,545,3,2,163,4,3,172,5,2,2,0,3
04/10/2024 02:41,546,3,2,163,4,3,172,5,2,3,0,3
04/10/2024 02:41,547,3,2,190,6,10,224,10,4,1,0,8
04/10/2024 02:41,548,3,2,190,6,10,224,10,4,2,1,1
04/10/2024 02:41,549,3,2,190,6,10,224,10,4,3,1,1
04/10/2024 02:41,550,3,2,165,4,5,208,8,8,1,1,21
04/10/2024 02:41,551,3,2,165,4,5,208,8,8,2,0,7
04/10/2024 02:41,552,3,2,165,4,5,208,8,8,3,1,2
04/10/2024 02:57,553,3,2,210,8,10,213,9,3,1,1,942
04/10/2024 02:57,554,3,2,210,8,10,213,9,3,2,0,1
04/10/2024 02:57,555,3,2,210,8,10,213,9,3,3,0,3
04/10/2024 03:07,556,3,2,202,8,2,259,13,9,1,1,603
04/10/2024 03:07,557,3,2,202,8,2,259,13,9,2,0,1
04/10/2024 03:07,558,3,2,202,8,2,259,13,9,3,1,3
04/10/2024 03:12,559,3,2,165,4,5,254,13,4,1,1,287
04/10/2024 03:12,560,3,2,165,4,5,254,13,4,2,0,1
04/10/2024 03:12,561,3,2,165,4,5,254,13,4,3,0,1
04/10/2024 03:12,562,3,2,155,3,5,190,6,10,1,1,9
04/10/2024 03:12,563,3,2,155,3,5,190,6,10,2,0,1
04/10/2024 03:12,564,3,2,155,3,5,190,6,10,3,0,1
04/10/2024 07:59,565,3,2,171,5,1,243,12,3,1,1,19
04/10/2024 08:00,566,3,2,171,5,1,243,12,3,2,1,6
04/10/2024 08:00,567,3,2,171,5,1,243,12,3,3,1,1
04/10/2024 08:00,568,3,2,170,4,10,214,9,4,1,0,13
04/10/2024 08:00,569,3,2,170,4,10,214,9,4,2,1,4
04/10/2024 08:00,570,3,2,170,4,10,214,9,4,3,0,6
04/10/2024 08:00,571,3,2,136,1,6,253,13,3,1,0,17
04/10/2024 08:00,572,3,2,136,1,6,253,13,3,2,1,1
04/10/2024 08:00,573,3,2,136,1,6,253,13,3,3,0,4
04/10/2024 08:01,574,3,2,162,4,2,164,4,4,1,0,31
04/10/2024 08:01,575,3,2,162,4,2,164,4,4,2,0,3
04/10/2024 08:01,576,3,2,162,4,2,164,4,4,3,0,2
04/10/2024 08:02,577,3,2,181,6,1,253,13,3,1,1,45
04/10/2024 08:02,578,3,2,181,6,1,253,13,3,2,0,2
04/10/2024 08:02,579,3,2,181,6,1,253,13,3,3,0,1
04/10/2024 08:03,580,3,2,220,9,10,242,12,2,1,1,47
04/10/2024 08:03,581,3,2,220,9,10,242,12,2,2,1,6
04/10/2024 08:03,582,3,2,220,9,10,242,12,2,3,1,3
04/10/2024 08:03,583,3,2,199,7,9,251,13,1,1,0,13
04/10/2024 08:03,584,3,2,199,7,9,251,13,1,2,0,2
04/10/2024 08:03,585,3,2,199,7,9,251,13,1,3,1,1
04/10/2024 08:04,586,3,2,183,6,3,221,10,1,1,0,39
04/10/2024 08:04,587,3,2,183,6,3,221,10,1,2,1,3
04/10/2024 08:04,588,3,2,183,6,3,221,10,1,3,1,2
04/10/2024 08:05,589,3,2,174,5,4,189,6,9,1,0,55
04/10/2024 08:05,590,3,2,174,5,4,189,6,9,2,0,3
04/10/2024 08:05,591,3,2,174,5,4,189,6,9,3,1,1
04/10/2024 08:05,592,3,2,177,5,7,256,13,6,1,0,15
04/10/2024 08:05,593,3,2,177,5,7,256,13,6,2,1,2
04/10/2024 08:05,594,3,2,177,5,7,256,13,6,3,0,1
04/10/2024 08:09,595,3,2,190,6,10,234,11,4,1,0,218
04/10/2024 08:09,596,3,2,190,6,10,234,11,4,2,1,2
04/10/2024 08:09,597,3,2,190,6,10,234,11,4,3,1,1
04/10/2024 08:09,598,3,2,183,6,3,225,10,5,1,0,10
04/10/2024 08:09,599,3,2,183,6,3,225,10,5,2,1,18
04/10/2024 08:10,600,3,2,183,6,3,225,10,5,3,0,2
04/10/2024 08:10,601,3,2,172,5,2,240,11,10,1,1,22
04/10/2024 08:10,602,3,2,172,5,2,240,11,10,2,0,2
04/10/2024 08:10,603,3,2,172,5,2,240,11,10,3,1,1
04/10/2024 08:10,604,3,2,230,10,10,231,11,1,1,1,14
04/10/2024 08:10,605,3,2,230,10,10,231,11,1,2,0,1
04/10/2024 08:10,606,3,2,230,10,10,231,11,1,3,1,4
04/10/2024 08:11,607,3,2,154,3,4,252,13,2,1,1,46
04/10/2024 08:11,608,3,2,154,3,4,252,13,2,2,0,3
04/10/2024 08:11,609,3,2,154,3,4,252,13,2,3,0,2
04/10/2024 08:14,610,3,2,160,3,10,206,8,6,1,0,140
04/10/2024 08:14,611,3,2,160,3,10,206,8,6,2,1,2
04/10/2024 08:14,612,3,2,160,3,10,206,8,6,3,0,2
04/10/2024 08:33,613,3,2,141,2,1,228,10,8,1,1,1174
04/10/2024 08:33,614,3,2,141,2,1,228,10,8,2,0,3
04/10/2024 08:33,615,3,2,141,2,1,228,10,8,3,0,3
04/10/2024 08:34,616,3,2,247,12,7,260,13,10,1,1,57
04/10/2024 08:34,617,3,2,247,12,7,260,13,10,2,0,1
04/10/2024 08:34,618,3,2,247,12,7,260,13,10,3,0,1
04/10/2024 08:35,619,3,2,160,3,10,260,13,10,1,1,11
04/10/2024 08:35,620,3,2,160,3,10,260,13,10,2,0,1
04/10/2024 08:35,621,3,2,160,3,10,260,13,10,3,0,1
04/10/2024 08:35,622,3,2,222,10,2,230,10,10,1,0,10
04/10/2024 08:35,623,3,2,222,10,2,230,10,10,2,1,5
04/10/2024 08:35,624,3,2,222,10,2,230,10,10,3,1,2
04/10/2024 08:35,625,3,2,179,5,9,198,7,8,1,1,8
04/10/2024 08:35,626,3,2,179,5,9,198,7,8,2,0,2
04/10/2024 08:35,627,3,2,179,5,9,198,7,8,3,1,1
04/10/2024 08:36,628,3,2,200,7,10,242,12,2,1,0,15
04/10/2024 08:36,629,3,2,200,7,10,242,12,2,2,1,1
04/10/2024 08:36,630,3,2,200,7,10,242,12,2,3,1,5
04/10/2024 08:36,631,3,2,154,3,4,221,10,1,1,1,22
04/10/2024 08:36,632,3,2,154,3,4,221,10,1,2,0,1
04/10/2024 08:36,633,3,2,154,3,4,221,10,1,3,0,1
04/10/2024 08:36,634,3,2,138,1,8,168,4,8,1,0,12
04/10/2024 08:36,635,3,2,138,1,8,168,4,8,2,1,2
04/10/2024 08:36,636,3,2,138,1,8,168,4,8,3,0,1
04/10/2024 08:37,637,3,2,185,6,5,238,11,8,1,1,24
04/10/2024 08:37,638,3,2,185,6,5,238,11,8,2,0,1
04/10/2024 08:37,639,3,2,185,6,5,238,11,8,3,1,2
04/10/2024 08:37,640,3,2,190,6,10,258,13,8,1,0,22
04/10/2024 08:37,641,3,2,190,6,10,258,13,8,2,1,4
04/10/2024 08:37,642,3,2,190,6,10,258,13,8,3,1,1
04/10/2024 08:38,643,3,2,149,2,9,204,8,4,1,0,10
04/10/2024 08:38,644,3,2,149,2,9,204,8,4,2,1,1
04/10/2024 08:38,645,3,2,149,2,9,204,8,4,3,1,1
04/10/2024 08:44,646,3,2,214,9,4,219,9,9,1,0,408
04/10/2024 08:45,647,3,2,214,9,4,219,9,9,2,1,6
04/10/2024 08:45,648,3,2,214,9,4,219,9,9,3,0,3
04/10/2024 08:45,649,3,2,148,2,8,164,4,4,1,0,44
04/10/2024 08:45,650,3,2,148,2,8,164,4,4,2,1,1
04/10/2024 08:45,651,3,2,148,2,8,164,4,4,3,1,2
04/10/2024 08:46,652,3,2,177,5,7,195,7,5,1,0,12
04/10/2024 08:46,653,3,2,177,5,7,195,7,5,2,1,1
04/10/2024 08:46,654,3,2,177,5,7,195,7,5,3,0,2
04/10/2024 08:53,655,3,2,131,1,1,194,7,4,1,1,409
04/10/2024 08:53,656,3,2,131,1,1,194,7,4,2,1,1
04/10/2024 08:53,657,3,2,131,1,1,194,7,4,3,0,14
04/10/2024 08:53,658,3,2,222,10,2,226,10,6,1,0,17
04/10/2024 08:53,659,3,2,222,10,2,226,10,6,2,1,2
04/10/2024 08:53,660,3,2,222,10,2,226,10,6,3,1,1
04/10/2024 08:57,661,3,2,157,3,7,253,13,3,1,0,212
04/10/2024 08:57,662,3,2,157,3,7,253,13,3,2,1,1
04/10/2024 08:57,663,3,2,157,3,7,253,13,3,3,1,2
04/10/2024 08:57,664,3,2,180,5,10,191,7,1,1,0,11
04/10/2024 08:57,665,3,2,180,5,10,191,7,1,2,0,4
04/10/2024 08:57,666,3,2,180,5,10,191,7,1,3,1,3
04/10/2024 12:01,667,3,2,147,2,7,209,8,9,1,1,1530
04/10/2024 12:01,668,3,2,147,2,7,209,8,9,2,0,1
04/10/2024 12:01,669,3,2,147,2,7,209,8,9,3,0,1
04/10/2024 12:07,670,3,2,138,1,8,159,3,9,1,1,337
04/10/2024 12:07,671,3,2,138,1,8,159,3,9,2,1,1
04/10/2024 12:07,672,3,2,138,1,8,159,3,9,3,0,5
04/10/2024 12:16,673,3,2,193,7,3,231,11,1,1,0,496
04/10/2024 12:16,674,3,2,193,7,3,231,11,1,2,1,2
04/10/2024 12:16,675,3,2,193,7,3,231,11,1,3,1,1
04/10/2024 13:04,676,3,2,146,2,6,255,13,5,1,0,2908
04/10/2024 13:04,677,3,2,146,2,6,255,13,5,2,0,3
04/10/2024 13:04,678,3,2,146,2,6,255,13,5,3,1,2
04/10/2024 14:05,679,3,2,174,5,4,207,8,7,1,1,176
04/10/2024 14:05,680,3,2,174,5,4,207,8,7,2,0,1
04/10/2024 14:05,681,3,2,174,5,4,207,8,7,3,1,2
04/10/2024 14:05,682,3,2,244,12,4,253,13,3,1,1,10
04/10/2024 14:05,683,3,2,244,12,4,253,13,3,2,0,1
04/10/2024 14:05,684,3,2,244,12,4,253,13,3,3,1,5
04/10/2024 14:05,685,3,2,195,7,5,208,8,8,1,1,16
04/10/2024 14:05,686,3,2,195,7,5,208,8,8,2,0,2
04/10/2024 14:05,687,3,2,195,7,5,208,8,8,3,1,2
04/10/2024 14:19,688,3,2,196,7,6,201,8,1,1,0,823
04/10/2024 14:19,689,3,2,196,7,6,201,8,1,2,0,2
04/10/2024 14:19,690,3,2,196,7,6,201,8,1,3,1,2
04/10/2024 14:39,691,3,2,232,11,2,240,11,10,1,1,4
04/10/2024 14:40,692,3,2,232,11,2,240,11,10,2,0,3
04/10/2024 14:40,693,3,2,232,11,2,240,11,10,3,1,1
04/10/2024 14:53,694,3,2,131,1,1,226,10,6,1,0,784
04/10/2024 14:53,695,3,2,131,1,1,226,10,6,2,1,1
04/10/2024 14:53,696,3,2,131,1,1,226,10,6,3,0,2
04/10/2024 14:53,697,3,2,144,2,4,188,6,8,1,1,10
04/10/2024 14:53,698,3,2,144,2,4,188,6,8,2,0,1
04/10/2024 14:53,699,3,2,144,2,4,188,6,8,3,0,2
04/10/2024 15:00,700,3,2,211,9,1,216,9,6,1,0,404
04/10/2024 15:00,701,3,2,211,9,1,216,9,6,2,1,4
04/10/2024 15:00,702,3,2,211,9,1,216,9,6,3,0,1
04/10/2024 15:00,703,3,2,132,1,2,212,9,2,1,0,7
04/10/2024 15:00,704,3,2,132,1,2,212,9,2,2,1,3
04/10/2024 15:00,705,3,2,132,1,2,212,9,2,3,1,1
04/10/2024 15:00,706,3,2,143,2,3,199,7,9,1,1,12
04/10/2024 15:00,707,3,2,143,2,3,199,7,9,2,0,1
04/10/2024 15:00,708,3,2,143,2,3,199,7,9,3,0,1
04/10/2024 15:01,709,3,2,132,1,2,167,4,7,1,0,15
04/10/2024 15:01,710,3,2,132,1,2,167,4,7,2,1,1
04/10/2024 15:01,711,3,2,132,1,2,167,4,7,3,0,1
04/10/2024 15:01,712,3,2,204,8,4,239,11,9,1,1,9
04/10/2024 15:01,713,3,2,204,8,4,239,11,9,2,0,1
04/10/2024 15:01,714,3,2,204,8,4,239,11,9,3,0,1
04/10/2024 15:01,715,3,2,137,1,7,219,9,9,1,0,6
04/10/2024 15:01,716,3,2,137,1,7,219,9,9,2,1,2
04/10/2024 15:01,717,3,2,137,1,7,219,9,9,3,1,2
04/10/2024 15:01,718,3,2,148,2,8,216,9,6,1,0,12
04/10/2024 15:01,719,3,2,148,2,8,216,9,6,2,1,1
04/10/2024 15:01,720,3,2,148,2,8,216,9,6,3,1,2
04/10/2024 15:41,721,3,2,179,5,9,200,7,10,1,1,3
04/10/2024 15:41,722,3,2,179,5,9,200,7,10,2,1,5
04/10/2024 15:41,723,3,2,179,5,9,200,7,10,3,1,3
04/10/2024 15:47,724,3,2,195,7,5,200,7,10,1,1,365
04/10/2024 15:47,725,3,2,195,7,5,200,7,10,2,0,1
04/10/2024 15:47,726,3,2,195,7,5,200,7,10,3,0,2
04/10/2024 15:47,727,3,2,165,4,5,169,4,9,1,0,17
04/10/2024 15:48,728,3,2,165,4,5,169,4,9,2,1,1
04/10/2024 15:48,729,3,2,165,4,5,169,4,9,3,1,3
04/10/2024 15:54,730,3,2,194,7,4,252,13,2,1,0,396
04/10/2024 15:54,731,3,2,194,7,4,252,13,2,2,0,1
04/10/2024 15:54,732,3,2,194,7,4,252,13,2,3,1,1
04/10/2024 15:54,733,3,2,163,4,3,230,10,10,1,0,4
04/10/2024 15:54,734,3,2,163,4,3,230,10,10,2,1,3
04/10/2024 15:54,735,3,2,163,4,3,230,10,10,3,1,2
04/10/2024 15:55,736,3,2,140,1,10,194,7,4,1,0,10
04/10/2024 15:55,737,3,2,140,1,10,194,7,4,2,1,1
04/10/2024 15:55,738,3,2,140,1,10,194,7,4,3,1,1
04/10/2024 15:55,739,3,2,133,1,3,209,8,9,1,0,13
04/10/2024 15:55,740,3,2,133,1,3,209,8,9,2,1,1
04/10/2024 15:55,741,3,2,133,1,3,209,8,9,3,0,1
04/10/2024 16:01,742,3,2,160,3,10,173,5,3,1,0,348
04/10/2024 16:01,743,3,2,160,3,10,173,5,3,2,0,4
04/10/2024 16:01,744,3,2,160,3,10,173,5,3,3,0,1
04/10/2024 16:01,745,3,2,142,2,2,233,11,3,1,1,20
04/10/2024 16:01,746,3,2,142,2,2,233,11,3,2,0,1
04/10/2024 16:01,747,3,2,142,2,2,233,11,3,3,1,3
04/10/2024 16:03,748,3,2,176,5,6,246,12,6,1,1,108
04/10/2024 16:03,749,3,2,176,5,6,246,12,6,2,0,1
04/10/2024 16:03,750,3,2,176,5,6,246,12,6,3,0,1
04/10/2024 16:07,751,3,2,190,6,10,202,8,2,1,0,203
04/10/2024 16:07,752,3,2,190,6,10,202,8,2,2,1,1
04/10/2024 16:07,753,3,2,190,6,10,202,8,2,3,1,1
04/10/2024 16:10,754,3,2,257,13,7,259,13,9,1,0,173
04/10/2024 16:10,755,3,2,257,13,7,259,13,9,2,0,4
04/10/2024 16:10,756,3,2,257,13,7,259,13,9,3,0,1
04/10/2024 16:10,757,3,2,148,2,8,195,7,5,1,0,8
04/10/2024 16:10,758,3,2,148,2,8,195,7,5,2,1,1
04/10/2024 16:10,759,3,2,148,2,8,195,7,5,3,0,1
04/10/2024 16:10,760,3,2,164,4,4,247,12,7,1,1,12
04/10/2024 16:10,761,3,2,164,4,4,247,12,7,2,0,1
04/10/2024 16:10,762,3,2,164,4,4,247,12,7,3,0,2
04/10/2024 16:10,763,3,2,229,10,9,232,11,2,1,0,7
04/10/2024 16:10,764,3,2,229,10,9,232,11,2,2,1,2
04/10/2024 16:10,765,3,2,229,10,9,232,11,2,3,1,2
05/10/2024 03:46,766,3,2,226,10,6,241,12,1,1,1,133
05/10/2024 03:46,767,3,2,226,10,6,241,12,1,2,0,1
05/10/2024 04:00,768,3,2,226,10,6,241,12,1,3,0,3
05/10/2024 04:00,769,3,2,148,2,8,158,3,8,1,1,8
05/10/2024 04:00,770,3,2,148,2,8,158,3,8,2,0,2
05/10/2024 04:00,771,3,2,148,2,8,158,3,8,3,1,1
05/10/2024 04:00,772,3,2,187,6,7,221,10,1,1,0,7
05/10/2024 04:00,773,3,2,187,6,7,221,10,1,2,1,1
05/10/2024 04:00,774,3,2,187,6,7,221,10,1,3,1,1
05/10/2024 04:09,775,3,2,204,8,4,222,10,2,1,1,537
05/10/2024 04:09,776,3,2,204,8,4,222,10,2,2,0,2
05/10/2024 04:09,777,3,2,204,8,4,222,10,2,3,0,1
05/10/2024 04:11,778,3,2,245,12,5,255,13,5,1,0,112
05/10/2024 04:11,779,3,2,245,12,5,255,13,5,2,0,3
05/10/2024 04:11,780,3,2,245,12,5,255,13,5,3,1,3
05/10/2024 04:12,781,3,2,178,5,8,186,6,6,1,0,7
05/10/2024 04:12,782,3,2,178,5,8,186,6,6,2,1,1
05/10/2024 04:12,783,3,2,178,5,8,186,6,6,3,1,1
05/10/2024 04:16,784,3,2,166,4,6,213,9,3,1,0,280
05/10/2024 04:16,785,3,2,166,4,6,213,9,3,2,1,1
05/10/2024 04:16,786,3,2,166,4,6,213,9,3,3,1,9
05/10/2024 04:17,787,3,2,136,1,6,238,11,8,1,1,11
05/10/2024 04:17,788,3,2,136,1,6,238,11,8,2,0,1
05/10/2024 04:17,789,3,2,136,1,6,238,11,8,3,0,1
05/10/2024 04:18,790,3,2,155,3,5,243,12,3,1,1,77
05/10/2024 04:18,791,3,2,155,3,5,243,12,3,2,0,2
05/10/2024 04:18,792,3,2,155,3,5,243,12,3,3,0,1
05/10/2024 04:24,793,3,2,157,3,7,166,4,6,1,0,325
05/10/2024 04:24,794,3,2,157,3,7,166,4,6,2,1,1
05/10/2024 04:24,795,3,2,157,3,7,166,4,6,3,0,1
05/10/2024 04:24,796,3,2,169,4,9,253,13,3,1,1,27
05/10/2024 04:24,797,3,2,169,4,9,253,13,3,2,0,5
05/10/2024 04:24,798,3,2,169,4,9,253,13,3,3,1,2
05/10/2024 04:24,799,3,2,191,7,1,195,7,5,1,0,13
05/10/2024 04:24,800,3,2,191,7,1,195,7,5,2,1,1
05/10/2024 04:25,801,3,2,191,7,1,195,7,5,3,1,1
05/10/2024 04:26,802,3,2,156,3,6,258,13,8,1,0,82
05/10/2024 04:26,803,3,2,156,3,6,258,13,8,2,1,1
05/10/2024 04:26,804,3,2,156,3,6,258,13,8,3,1,1
05/10/2024 04:26,805,3,2,188,6,8,260,13,10,1,1,26
05/10/2024 04:26,806,3,2,188,6,8,260,13,10,2,1,3
05/10/2024 04:26,807,3,2,188,6,8,260,13,10,3,1,1
05/10/2024 04:27,808,3,2,183,6,3,228,10,8,1,0,18
05/10/2024 04:27,809,3,2,183,6,3,228,10,8,2,1,11
05/10/2024 04:27,810,3,2,183,6,3,228,10,8,3,1,1
05/10/2024 04:27,811,3,2,153,3,3,158,3,8,1,1,8
05/10/2024 04:27,812,3,2,153,3,3,158,3,8,2,0,1
05/10/2024 04:27,813,3,2,153,3,3,158,3,8,3,0,3
05/10/2024 06:49,814,3,2,135,1,5,241,12,1,1,0,11
05/10/2024 06:49,815,3,2,135,1,5,241,12,1,2,0,3
05/10/2024 06:49,816,3,2,135,1,5,241,12,1,3,0,3
05/10/2024 07:24,817,3,2,191,7,1,251,13,1,1,0,4
05/10/2024 07:24,818,3,2,191,7,1,251,13,1,2,1,3
05/10/2024 07:24,819,3,2,191,7,1,251,13,1,3,1,1
05/10/2024 07:24,820,3,2,146,2,6,219,9,9,1,0,10
05/10/2024 07:24,821,3,2,146,2,6,219,9,9,2,1,5
05/10/2024 07:24,822,3,2,146,2,6,219,9,9,3,1,2
05/10/2024 07:33,823,3,2,198,7,8,254,13,4,1,0,529
05/10/2024 07:33,824,3,2,198,7,8,254,13,4,2,1,5
05/10/2024 07:33,825,3,2,198,7,8,254,13,4,3,1,2
05/10/2024 07:35,826,3,2,166,4,6,197,7,7,1,1,114
05/10/2024 07:35,827,3,2,166,4,6,197,7,7,2,0,2
05/10/2024 07:35,828,3,2,166,4,6,197,7,7,3,0,1
05/10/2024 07:35,829,3,2,145,2,5,240,11,10,1,1,11
05/10/2024 07:35,830,3,2,145,2,5,240,11,10,2,0,1
05/10/2024 07:35,831,3,2,145,2,5,240,11,10,3,0,1
05/10/2024 07:37,832,3,2,187,6,7,218,9,8,1,0,123
05/10/2024 07:38,833,3,2,187,6,7,218,9,8,2,1,2
05/10/2024 07:38,834,3,2,187,6,7,218,9,8,3,1,2
05/10/2024 07:38,835,3,2,168,4,8,240,11,10,1,1,6
05/10/2024 07:38,836,3,2,168,4,8,240,11,10,2,0,1
05/10/2024 07:38,837,3,2,168,4,8,240,11,10,3,0,1
05/10/2024 07:38,838,3,2,162,4,2,182,6,2,1,1,23
05/10/2024 07:38,839,3,2,162,4,2,182,6,2,2,1,4
05/10/2024 07:38,840,3,2,162,4,2,182,6,2,3,1,1
05/10/2024 07:41,841,3,2,190,6,10,260,13,10,1,0,147
05/10/2024 07:41,842,3,2,190,6,10,260,13,10,2,1,1
05/10/2024 07:41,843,3,2,190,6,10,260,13,10,3,0,9
05/10/2024 07:41,844,3,2,231,11,1,254,13,4,1,1,15
05/10/2024 07:41,845,3,2,231,11,1,254,13,4,2,0,1
05/10/2024 07:41,846,3,2,231,11,1,254,13,4,3,0,1
05/10/2024 07:43,847,3,2,138,1,8,199,7,9,1,1,131
05/10/2024 07:43,848,3,2,138,1,8,199,7,9,2,0,1
05/10/2024 07:44,849,3,2,138,1,8,199,7,9,3,0,1
05/10/2024 07:44,850,3,2,228,10,8,255,13,5,1,1,9
05/10/2024 07:44,851,3,2,228,10,8,255,13,5,2,0,1
05/10/2024 07:44,852,3,2,228,10,8,255,13,5,3,0,3
05/10/2024 07:44,853,3,2,139,1,9,184,6,4,1,0,14
05/10/2024 07:44,854,3,2,139,1,9,184,6,4,2,1,1
05/10/2024 07:44,855,3,2,139,1,9,184,6,4,3,1,1
05/10/2024 07:44,856,3,2,202,8,2,217,9,7,1,1,12
05/10/2024 07:44,857,3,2,202,8,2,217,9,7,2,0,1
05/10/2024 07:44,858,3,2,202,8,2,217,9,7,3,0,1
05/10/2024 07:45,859,3,2,161,4,1,193,7,3,1,1,26
05/10/2024 07:45,860,3,2,161,4,1,193,7,3,2,0,1
05/10/2024 07:45,861,3,2,161,4,1,193,7,3,3,0,1
05/10/2024 07:45,862,3,2,199,7,9,244,12,4,1,0,6
05/10/2024 07:45,863,3,2,199,7,9,244,12,4,2,1,1
05/10/2024 07:45,864,3,2,199,7,9,244,12,4,3,1,1
05/10/2024 07:53,865,3,2,184,6,4,209,8,9,1,1,504
05/10/2024 07:54,866,3,2,184,6,4,209,8,9,2,0,2
05/10/2024 07:54,867,3,2,184,6,4,209,8,9,3,0,1
05/10/2024 07:54,868,3,2,155,3,5,225,10,5,1,0,24
05/10/2024 07:54,869,3,2,155,3,5,225,10,5,2,1,2
05/10/2024 07:54,870,3,2,155,3,5,225,10,5,3,0,1
05/10/2024 07:54,871,3,2,174,5,4,186,6,6,1,1,9
05/10/2024 07:54,872,3,2,174,5,4,186,6,6,2,0,3
05/10/2024 07:54,873,3,2,174,5,4,186,6,6,3,1,4
05/10/2024 07:55,874,3,2,138,1,8,170,4,10,1,0,62
05/10/2024 07:55,875,3,2,138,1,8,170,4,10,2,1,1
05/10/2024 07:55,876,3,2,138,1,8,170,4,10,3,1,2
05/10/2024 07:56,877,3,2,185,6,5,229,10,9,1,1,22
05/10/2024 07:56,878,3,2,185,6,5,229,10,9,2,0,2
05/10/2024 07:56,879,3,2,185,6,5,229,10,9,3,1,1
05/10/2024 07:56,880,3,2,140,1,10,238,11,8,1,1,8
05/10/2024 07:56,881,3,2,140,1,10,238,11,8,2,0,1
05/10/2024 07:56,882,3,2,140,1,10,238,11,8,3,0,3
05/10/2024 08:01,883,3,2,159,3,9,178,5,8,1,1,293
05/10/2024 08:01,884,3,2,159,3,9,178,5,8,2,0,1
05/10/2024 08:01,885,3,2,159,3,9,178,5,8,3,1,2
05/10/2024 08:02,886,3,2,149,2,9,166,4,6,1,0,62
05/10/2024 08:02,887,3,2,149,2,9,166,4,6,2,1,1
05/10/2024 08:02,888,3,2,149,2,9,166,4,6,3,0,1
05/10/2024 08:03,889,3,2,173,5,3,188,6,8,1,0,24
05/10/2024 08:03,890,3,2,173,5,3,188,6,8,2,1,1
05/10/2024 08:03,891,3,2,173,5,3,188,6,8,3,1,1
05/10/2024 08:04,892,3,2,161,4,1,259,13,9,1,1,55
05/10/2024 08:04,893,3,2,161,4,1,259,13,9,2,0,1
05/10/2024 08:04,894,3,2,161,4,1,259,13,9,3,0,4
05/10/2024 08:05,895,3,2,143,2,3,165,4,5,1,1,55
05/10/2024 08:05,896,3,2,143,2,3,165,4,5,2,0,1
05/10/2024 08:05,897,3,2,143,2,3,165,4,5,3,1,3
05/10/2024 08:06,898,3,2,145,2,5,204,8,4,1,0,89
05/10/2024 08:06,899,3,2,145,2,5,204,8,4,2,1,1
05/10/2024 08:06,900,3,2,145,2,5,204,8,4,3,1,2
05/10/2024 08:08,901,3,2,154,3,4,238,11,8,1,1,90
05/10/2024 08:08,902,3,2,154,3,4,238,11,8,2,0,1
05/10/2024 08:08,903,3,2,154,3,4,238,11,8,3,1,2
05/10/2024 08:08,904,3,2,174,5,4,197,7,7,1,1,18
05/10/2024 08:08,905,3,2,174,5,4,197,7,7,2,0,4
05/10/2024 08:08,906,3,2,174,5,4,197,7,7,3,1,2
05/10/2024 08:14,907,3,2,208,8,8,259,13,9,1,0,355
05/10/2024 08:14,908,3,2,208,8,8,259,13,9,2,0,1
05/10/2024 08:14,909,3,2,208,8,8,259,13,9,3,0,2
05/10/2024 08:15,910,3,2,151,3,1,163,4,3,1,1,23
05/10/2024 08:15,911,3,2,151,3,1,163,4,3,2,1,30
05/10/2024 08:15,912,3,2,151,3,1,163,4,3,3,0,5
05/10/2024 08:21,913,3,2,232,11,2,233,11,3,1,1,303
05/10/2024 08:21,914,3,2,232,11,2,233,11,3,2,0,1
05/10/2024 08:21,915,3,2,232,11,2,233,11,3,3,0,4
05/10/2024 08:21,916,3,2,159,3,9,239,11,9,1,0,13
05/10/2024 08:21,917,3,2,159,3,9,239,11,9,2,1,2
05/10/2024 08:21,918,3,2,159,3,9,239,11,9,3,1,5
05/10/2024 08:25,919,3,2,237,11,7,252,13,2,1,0,231
05/10/2024 08:25,920,3,2,237,11,7,252,13,2,2,1,4
05/10/2024 08:25,921,3,2,237,11,7,252,13,2,3,1,1
05/10/2024 08:25,922,3,2,133,1,3,201,8,1,1,0,5
05/10/2024 08:25,923,3,2,133,1,3,201,8,1,2,1,1
05/10/2024 08:25,924,3,2,133,1,3,201,8,1,3,1,2
05/10/2024 08:26,925,3,2,180,5,10,234,11,4,1,1,51
05/10/2024 08:26,926,3,2,180,5,10,234,11,4,2,0,1
05/10/2024 08:26,927,3,2,180,5,10,234,11,4,3,1,2
05/10/2024 08:29,928,3,2,181,6,1,239,11,9,1,1,143
05/10/2024 08:29,929,3,2,181,6,1,239,11,9,2,0,1
05/10/2024 08:29,930,3,2,181,6,1,239,11,9,3,0,1
05/10/2024 08:29,931,3,2,194,7,4,214,9,4,1,0,28
05/10/2024 08:29,932,3,2,194,7,4,214,9,4,2,1,1
05/10/2024 08:29,933,3,2,194,7,4,214,9,4,3,1,1
05/10/2024 08:29,934,3,2,145,2,5,238,11,8,1,1,6
05/10/2024 08:29,935,3,2,145,2,5,238,11,8,2,0,1
05/10/2024 08:29,936,3,2,145,2,5,238,11,8,3,1,2
05/10/2024 08:30,937,3,2,160,3,10,212,9,2,1,1,30
05/10/2024 08:30,938,3,2,160,3,10,212,9,2,2,0,1
05/10/2024 08:30,939,3,2,160,3,10,212,9,2,3,1,4
05/10/2024 08:31,940,3,2,137,1,7,218,9,8,1,0,37
05/10/2024 08:31,941,3,2,137,1,7,218,9,8,2,1,1
05/10/2024 08:31,942,3,2,137,1,7,218,9,8,3,0,1
05/10/2024 08:31,943,3,2,180,5,10,202,8,2,1,0,12
05/10/2024 08:31,944,3,2,180,5,10,202,8,2,2,1,3
05/10/2024 08:31,945,3,2,180,5,10,202,8,2,3,0,4
05/10/2024 08:31,946,3,2,172,5,2,210,8,10,1,0,5
05/10/2024 08:31,947,3,2,172,5,2,210,8,10,2,1,1
05/10/2024 08:31,948,3,2,172,5,2,210,8,10,3,1,1
05/10/2024 08:31,949,3,2,145,2,5,194,7,4,1,1,12
05/10/2024 08:31,950,3,2,145,2,5,194,7,4,2,0,1
05/10/2024 08:32,951,3,2,145,2,5,194,7,4,3,0,1
05/10/2024 08:33,952,3,2,193,7,3,221,10,1,1,0,77
05/10/2024 08:33,953,3,2,193,7,3,221,10,1,2,1,1
05/10/2024 08:33,954,3,2,193,7,3,221,10,1,3,1,1
05/10/2024 08:33,955,3,2,240,11,10,246,12,6,1,0,19
05/10/2024 08:33,956,3,2,240,11,10,246,12,6,2,0,1
05/10/2024 08:33,957,3,2,240,11,10,246,12,6,3,0,1
05/10/2024 08:34,958,3,2,236,11,6,248,12,8,1,0,15
05/10/2024 08:34,959,3,2,236,11,6,248,12,8,2,0,1
05/10/2024 08:34,960,3,2,236,11,6,248,12,8,3,0,1
05/10/2024 08:35,961,3,2,153,3,3,226,10,6,1,0,89
05/10/2024 08:35,962,3,2,153,3,3,226,10,6,2,1,3
05/10/2024 08:35,963,3,2,153,3,3,226,10,6,3,1,7
05/10/2024 08:35,964,3,2,191,7,1,237,11,7,1,0,8
05/10/2024 08:35,965,3,2,191,7,1,237,11,7,2,1,1
05/10/2024 08:35,966,3,2,191,7,1,237,11,7,3,0,2
05/10/2024 08:36,967,3,2,197,7,7,205,8,5,1,0,4
05/10/2024 08:36,968,3,2,197,7,7,205,8,5,2,1,5
05/10/2024 08:36,969,3,2,197,7,7,205,8,5,3,1,3
05/10/2024 08:44,970,3,2,147,2,7,179,5,9,1,0,499
05/10/2024 08:44,971,3,2,147,2,7,179,5,9,2,0,2
05/10/2024 08:44,972,3,2,147,2,7,179,5,9,3,0,11
05/10/2024 08:47,973,3,2,197,7,7,212,9,2,1,0,167
05/10/2024 08:47,974,3,2,197,7,7,212,9,2,2,1,1
05/10/2024 08:47,975,3,2,197,7,7,212,9,2,3,1,1
05/10/2024 08:56,976,3,2,147,2,7,167,4,7,1,0,555
05/10/2024 08:57,977,3,2,147,2,7,167,4,7,2,1,3
05/10/2024 08:57,978,3,2,147,2,7,167,4,7,3,0,1
05/10/2024 08:58,979,3,2,237,11,7,239,11,9,1,1,71
05/10/2024 08:58,980,3,2,237,11,7,239,11,9,2,1,2
05/10/2024 08:58,981,3,2,237,11,7,239,11,9,3,0,3
05/10/2024 08:58,982,3,2,181,6,1,227,10,7,1,1,9
05/10/2024 08:58,983,3,2,181,6,1,227,10,7,2,1,1
05/10/2024 08:58,984,3,2,181,6,1,227,10,7,3,0,1
05/10/2024 09:00,985,3,2,160,3,10,225,10,5,1,0,140
05/10/2024 09:00,986,3,2,160,3,10,225,10,5,2,1,1
05/10/2024 09:01,987,3,2,160,3,10,225,10,5,3,0,1
05/10/2024 09:02,988,3,2,141,2,1,206,8,6,1,1,101
05/10/2024 09:02,989,3,2,141,2,1,206,8,6,2,0,2
05/10/2024 09:02,990,3,2,141,2,1,206,8,6,3,0,1
05/10/2024 09:02,991,3,2,191,7,1,250,12,10,1,0,5
05/10/2024 09:02,992,3,2,191,7,1,250,12,10,2,1,1
05/10/2024 09:02,993,3,2,191,7,1,250,12,10,3,1,1
05/10/2024 09:45,994,3,2,136,1,6,165,4,5,1,0,2541
05/10/2024 09:45,995,3,2,136,1,6,165,4,5,2,0,5
05/10/2024 09:45,996,3,2,136,1,6,165,4,5,3,1,3
05/10/2024 09:49,997,3,2,135,1,5,214,9,4,1,0,228
05/10/2024 09:49,998,3,2,135,1,5,214,9,4,2,1,2
05/10/2024 09:49,999,3,2,135,1,5,214,9,4,3,1,2
05/10/2024 09:55,1000,3,2,194,7,4,224,10,4,1,0,378
05/10/2024 09:55,1001,3,2,194,7,4,224,10,4,2,1,1
05/10/2024 09:55,1002,3,2,194,7,4,224,10,4,3,1,1
05/10/2024 10:02,1003,3,2,144,2,4,178,5,8,1,1,407
05/10/2024 10:02,1004,3,2,144,2,4,178,5,8,2,0,1
05/10/2024 10:02,1005,3,2,144,2,4,178,5,8,3,0,1
05/10/2024 10:02,1006,3,2,186,6,6,233,11,3,1,1,6
05/10/2024 10:02,1007,3,2,186,6,6,233,11,3,2,0,1
05/10/2024 10:02,1008,3,2,186,6,6,233,11,3,3,1,1
05/10/2024 10:02,1009,3,2,157,3,7,186,6,6,1,0,7
05/10/2024 10:02,1010,3,2,157,3,7,186,6,6,2,1,1
05/10/2024 10:02,1011,3,2,157,3,7,186,6,6,3,1,1
05/10/2024 10:05,1012,3,2,151,3,1,192,7,2,1,1,147
05/10/2024 10:05,1013,3,2,151,3,1,192,7,2,2,1,3
05/10/2024 10:05,1014,3,2,151,3,1,192,7,2,3,0,1
05/10/2024 10:05,1015,3,2,213,9,3,224,10,4,1,1,13
05/10/2024 10:05,1016,3,2,213,9,3,224,10,4,2,1,3
05/10/2024 10:05,1017,3,2,213,9,3,224,10,4,3,1,2
05/10/2024 10:09,1018,3,2,156,3,6,255,13,5,1,0,197
05/10/2024 10:09,1019,3,2,156,3,6,255,13,5,2,1,1
05/10/2024 10:09,1020,3,2,156,3,6,255,13,5,3,1,3
05/10/2024 10:13,1021,3,3,327,7,7,388,13,8,1,1,237
05/10/2024 10:13,1022,3,3,327,7,7,388,13,8,2,0,2
05/10/2024 10:13,1023,3,3,327,7,7,388,13,8,3,0,1
05/10/2024 10:41,1024,3,3,282,3,2,323,7,3,1,1,1694
05/10/2024 10:41,1025,3,3,282,3,2,323,7,3,2,0,5
05/10/2024 10:41,1026,3,3,282,3,2,323,7,3,3,1,3
05/10/2024 10:44,1027,3,3,318,6,8,376,12,6,1,0,188
05/10/2024 10:45,1028,3,3,318,6,8,376,12,6,2,1,10
05/10/2024 10:45,1029,3,3,318,6,8,376,12,6,3,0,1
05/10/2024 10:51,1030,3,3,293,4,3,307,5,7,1,1,412
05/10/2024 10:52,1031,3,3,293,4,3,307,5,7,2,1,8
05/10/2024 10:52,1032,3,3,293,4,3,307,5,7,3,1,1
05/10/2024 10:54,1033,3,3,261,1,1,304,5,4,1,1,133
05/10/2024 10:54,1034,3,3,261,1,1,304,5,4,2,0,1
05/10/2024 10:54,1035,3,3,261,1,1,304,5,4,3,0,1
05/10/2024 10:54,1036,3,3,279,2,9,293,4,3,1,0,5
05/10/2024 10:54,1037,3,3,279,2,9,293,4,3,2,1,2
05/10/2024 10:54,1038,3,3,279,2,9,293,4,3,3,0,1
05/10/2024 11:35,1039,3,3,297,4,7,382,13,2,1,1,10
05/10/2024 11:35,1040,3,3,297,4,7,382,13,2,2,0,2
05/10/2024 11:35,1041,3,3,297,4,7,382,13,2,3,1,2
05/10/2024 11:36,1042,3,3,284,3,4,375,12,5,1,0,46
05/10/2024 11:36,1043,3,3,284,3,4,375,12,5,2,1,1
05/10/2024 11:36,1044,3,3,284,3,4,375,12,5,3,0,4
05/10/2024 12:16,1045,3,3,352,10,2,379,12,9,1,1,41
05/10/2024 12:16,1046,3,3,352,10,2,379,12,9,2,0,4
05/10/2024 12:16,1047,3,3,352,10,2,379,12,9,3,0,3
05/10/2024 12:18,1048,3,3,339,8,9,385,13,5,1,1,87
05/10/2024 12:18,1049,3,3,339,8,9,385,13,5,2,1,2
05/10/2024 12:18,1050,3,3,339,8,9,385,13,5,3,1,1
05/10/2024 12:18,1051,3,3,308,5,8,319,6,9,1,0,9
05/10/2024 12:18,1052,3,3,308,5,8,319,6,9,2,1,1
05/10/2024 12:18,1053,3,3,308,5,8,319,6,9,3,1,1
05/10/2024 12:21,1054,3,3,349,9,9,351,10,1,1,1,180
05/10/2024 12:21,1055,3,3,349,9,9,351,10,1,2,0,1
05/10/2024 12:21,1056,3,3,349,9,9,351,10,1,3,1,2
05/10/2024 12:22,1057,3,3,368,11,8,377,12,7,1,1,42
05/10/2024 12:22,1058,3,3,368,11,8,377,12,7,2,0,1
05/10/2024 12:22,1059,3,3,368,11,8,377,12,7,3,0,1
05/10/2024 12:22,1060,3,3,312,6,2,326,7,6,1,1,13
05/10/2024 12:22,1061,3,3,312,6,2,326,7,6,2,1,1
05/10/2024 12:22,1062,3,3,312,6,2,326,7,6,3,0,1
05/10/2024 12:22,1063,3,3,279,2,9,287,3,7,1,1,5
05/10/2024 12:22,1064,3,3,279,2,9,287,3,7,2,0,1
05/10/2024 12:22,1065,3,3,279,2,9,287,3,7,3,0,1
05/10/2024 12:31,1066,3,3,293,4,3,358,10,8,1,0,526
05/10/2024 12:31,1067,3,3,293,4,3,358,10,8,2,0,10
05/10/2024 12:31,1068,3,3,293,4,3,358,10,8,3,1,1
05/10/2024 12:32,1069,3,3,365,11,5,375,12,5,1,0,28
05/10/2024 12:32,1070,3,3,365,11,5,375,12,5,2,1,2
05/10/2024 12:32,1071,3,3,365,11,5,375,12,5,3,1,13
05/10/2024 12:33,1072,3,3,293,4,3,303,5,3,1,1,53
05/10/2024 12:33,1073,3,3,293,4,3,303,5,3,2,0,1
05/10/2024 12:33,1074,3,3,293,4,3,303,5,3,3,0,4
05/10/2024 12:45,1075,3,3,329,7,9,349,9,9,1,1,742
05/10/2024 12:45,1076,3,3,329,7,9,349,9,9,2,0,1
05/10/2024 12:45,1077,3,3,329,7,9,349,9,9,3,0,1
05/10/2024 12:47,1078,3,3,331,8,1,373,12,3,1,1,110
05/10/2024 12:47,1079,3,3,331,8,1,373,12,3,2,1,2
05/10/2024 12:47,1080,3,3,331,8,1,373,12,3,3,0,1
05/10/2024 13:20,1081,3,3,294,4,4,309,5,9,1,1,3
05/10/2024 13:20,1082,3,3,294,4,4,309,5,9,2,0,1
05/10/2024 13:20,1083,3,3,294,4,4,309,5,9,3,0,1
05/10/2024 13:20,1084,3,3,341,9,1,386,13,6,1,1,7
05/10/2024 13:20,1085,3,3,341,9,1,386,13,6,2,0,1
05/10/2024 13:20,1086,3,3,341,9,1,386,13,6,3,0,1
05/10/2024 13:20,1087,3,3,268,1,8,388,13,8,1,1,5
05/10/2024 13:20,1088,3,3,268,1,8,388,13,8,2,0,1
05/10/2024 13:20,1089,3,3,268,1,8,388,13,8,3,0,1
05/10/2024 13:20,1090,3,3,268,1,8,304,5,4,1,1,4
05/10/2024 13:20,1091,3,3,268,1,8,304,5,4,2,0,1
05/10/2024 13:20,1092,3,3,268,1,8,304,5,4,3,0,1
05/10/2024 13:59,1093,3,3,269,1,9,348,9,8,1,1,51
05/10/2024 13:59,1094,3,3,269,1,9,348,9,8,2,0,1
05/10/2024 13:59,1095,3,3,269,1,9,348,9,8,3,0,1
05/10/2024 13:59,1096,3,3,266,1,6,362,11,2,1,0,35
05/10/2024 13:59,1097,3,3,266,1,6,362,11,2,2,1,1
05/10/2024 13:59,1098,3,3,266,1,6,362,11,2,3,1,3
05/10/2024 14:07,1099,3,3,309,5,9,313,6,3,1,0,462
05/10/2024 14:07,1100,3,3,309,5,9,313,6,3,2,1,5
05/10/2024 14:11,1101,3,3,309,5,9,313,6,3,3,1,214
05/10/2024 14:14,1102,3,3,329,7,9,369,11,9,1,1,187
05/10/2024 14:14,1103,3,3,329,7,9,369,11,9,2,0,2
05/10/2024 14:14,1104,3,3,329,7,9,369,11,9,3,1,8
05/10/2024 14:18,1105,3,3,290,3,10,369,11,9,1,0,221
05/10/2024 14:18,1106,3,3,290,3,10,369,11,9,2,0,3
05/10/2024 14:18,1107,3,3,290,3,10,369,11,9,3,0,2
06/10/2024 10:35,1108,3,3,325,7,5,377,12,7,1,1,26
06/10/2024 10:35,1109,3,3,325,7,5,377,12,7,2,0,1
06/10/2024 10:35,1110,3,3,325,7,5,377,12,7,3,0,1
06/10/2024 10:37,1111,3,3,295,4,5,351,10,1,1,1,166
06/10/2024 10:37,1112,3,3,295,4,5,351,10,1,2,0,1
06/10/2024 10:37,1113,3,3,295,4,5,351,10,1,3,0,1
06/10/2024 10:41,1114,3,3,276,2,6,316,6,6,1,1,191
06/10/2024 10:41,1115,3,3,276,2,6,316,6,6,2,0,1
06/10/2024 10:41,1116,3,3,276,2,6,316,6,6,3,0,1
06/10/2024 10:43,1117,3,3,381,13,1,390,13,10,1,1,151
06/10/2024 10:43,1118,3,3,381,13,1,390,13,10,2,0,2
06/10/2024 10:43,1119,3,3,381,13,1,390,13,10,3,1,6
06/10/2024 10:50,1120,3,3,323,7,3,356,10,6,1,0,382
06/10/2024 10:50,1121,3,3,323,7,3,356,10,6,2,1,2
06/10/2024 10:50,1122,3,3,323,7,3,356,10,6,3,1,2
06/10/2024 10:52,1123,3,3,266,1,6,378,12,8,1,0,134
06/10/2024 10:52,1124,3,3,266,1,6,378,12,8,2,1,2
06/10/2024 10:52,1125,3,3,266,1,6,378,12,8,3,0,2
06/10/2024 10:54,1126,3,3,295,4,5,344,9,4,1,1,126
06/10/2024 10:54,1127,3,3,295,4,5,344,9,4,2,0,2
06/10/2024 10:54,1128,3,3,295,4,5,344,9,4,3,0,1
06/10/2024 10:55,1129,3,3,354,10,4,368,11,8,1,1,10
06/10/2024 10:55,1130,3,3,354,10,4,368,11,8,2,0,1
06/10/2024 10:55,1131,3,3,354,10,4,368,11,8,3,1,1
06/10/2024 10:55,1132,3,3,276,2,6,286,3,6,1,1,7
06/10/2024 10:55,1133,3,3,276,2,6,286,3,6,2,0,1
06/10/2024 10:55,1134,3,3,276,2,6,286,3,6,3,1,3
06/10/2024 10:58,1135,3,3,327,7,7,346,9,6,1,0,198
06/10/2024 10:58,1136,3,3,327,7,7,346,9,6,2,0,1
06/10/2024 10:58,1137,3,3,327,7,7,346,9,6,3,1,1
06/10/2024 10:59,1138,3,3,303,5,3,308,5,8,1,0,18
06/10/2024 10:59,1139,3,3,303,5,3,308,5,8,2,1,1
06/10/2024 10:59,1140,3,3,303,5,3,308,5,8,3,1,2
06/10/2024 11:03,1141,3,3,322,7,2,351,10,1,1,1,284
06/10/2024 11:03,1142,3,3,322,7,2,351,10,1,2,0,1
06/10/2024 11:03,1143,3,3,322,7,2,351,10,1,3,1,3
06/10/2024 11:07,1144,3,3,265,1,5,291,4,1,1,0,187
06/10/2024 11:07,1145,3,3,265,1,5,291,4,1,2,0,3
06/10/2024 11:07,1146,3,3,265,1,5,291,4,1,3,0,2
07/10/2024 03:03,1147,3,3,333,8,3,344,9,4,1,0,163
07/10/2024 03:03,1148,3,3,333,8,3,344,9,4,2,1,2
07/10/2024 03:03,1149,3,3,333,8,3,344,9,4,3,1,1
07/10/2024 03:03,1150,3,3,286,3,6,383,13,3,1,1,6
07/10/2024 03:04,1151,3,3,286,3,6,383,13,3,2,0,1
07/10/2024 03:04,1152,3,3,286,3,6,383,13,3,3,1,2
07/10/2024 03:04,1153,3,3,377,12,7,386,13,6,1,0,10
07/10/2024 03:04,1154,3,3,377,12,7,386,13,6,2,1,2
07/10/2024 03:04,1155,3,3,377,12,7,386,13,6,3,1,1
07/10/2024 03:55,1156,3,3,301,5,1,349,9,9,1,0,20
07/10/2024 03:55,1157,3,3,301,5,1,349,9,9,2,0,4
07/10/2024 03:55,1158,3,3,301,5,1,349,9,9,3,0,1
07/10/2024 03:59,1159,3,3,275,2,5,364,11,4,1,1,248
07/10/2024 03:59,1160,3,3,275,2,5,364,11,4,2,0,2
07/10/2024 03:59,1161,3,3,275,2,5,364,11,4,3,0,1
07/10/2024 04:00,1162,3,3,303,5,3,309,5,9,1,1,15
07/10/2024 04:00,1163,3,3,303,5,3,309,5,9,2,1,3
07/10/2024 04:00,1164,3,3,303,5,3,309,5,9,3,0,1
07/10/2024 04:01,1165,3,3,270,1,10,289,3,9,1,1,69
07/10/2024 04:01,1166,3,3,270,1,10,289,3,9,2,0,1
07/10/2024 04:01,1167,3,3,270,1,10,289,3,9,3,0,1
07/10/2024 04:01,1168,3,3,341,9,1,383,13,3,1,1,7
07/10/2024 04:01,1169,3,3,341,9,1,383,13,3,2,0,1
07/10/2024 04:01,1170,3,3,341,9,1,383,13,3,3,0,1
07/10/2024 04:01,1171,3,3,296,4,6,319,6,9,1,0,10
07/10/2024 04:02,1172,3,3,296,4,6,319,6,9,2,1,10
07/10/2024 04:02,1173,3,3,296,4,6,319,6,9,3,1,1
07/10/2024 04:02,1174,3,3,307,5,7,366,11,6,1,1,18
07/10/2024 04:02,1175,3,3,307,5,7,366,11,6,2,0,2
07/10/2024 04:02,1176,3,3,307,5,7,366,11,6,3,1,1
07/10/2024 04:02,1177,3,3,274,2,4,384,13,4,1,0,9
07/10/2024 04:02,1178,3,3,274,2,4,384,13,4,2,1,1
07/10/2024 04:02,1179,3,3,274,2,4,384,13,4,3,1,1
07/10/2024 04:03,1180,3,3,279,2,9,388,13,8,1,1,29
07/10/2024 04:03,1181,3,3,279,2,9,388,13,8,2,0,2
07/10/2024 04:03,1182,3,3,279,2,9,388,13,8,3,1,1
07/10/2024 04:03,1183,3,3,358,10,8,383,13,3,1,1,12
07/10/2024 04:03,1184,3,3,358,10,8,383,13,3,2,0,1
07/10/2024 04:03,1185,3,3,358,10,8,383,13,3,3,0,1
07/10/2024 04:23,1186,3,3,280,2,10,336,8,6,1,1,1192
07/10/2024 04:23,1187,3,3,280,2,10,336,8,6,2,0,1
07/10/2024 04:23,1188,3,3,280,2,10,336,8,6,3,0,1
07/10/2024 04:23,1189,3,3,294,4,4,370,11,10,1,0,10
07/10/2024 04:23,1190,3,3,294,4,4,370,11,10,2,0,4
07/10/2024 04:23,1191,3,3,294,4,4,370,11,10,3,1,1
07/10/2024 04:24,1192,3,3,298,4,8,317,6,7,1,1,24
07/10/2024 04:24,1193,3,3,298,4,8,317,6,7,2,0,1
07/10/2024 04:24,1194,3,3,298,4,8,317,6,7,3,1,2
07/10/2024 04:26,1195,3,3,338,8,8,364,11,4,1,1,142
07/10/2024 04:26,1196,3,3,338,8,8,364,11,4,2,1,4
07/10/2024 04:26,1197,3,3,338,8,8,364,11,4,3,1,1
07/10/2024 04:27,1198,3,3,272,2,2,350,9,10,1,1,11
07/10/2024 04:27,1199,3,3,272,2,2,350,9,10,2,0,1
07/10/2024 04:27,1200,3,3,272,2,2,350,9,10,3,1,1
07/10/2024 04:27,1201,3,3,293,4,3,323,7,3,1,0,21
07/10/2024 04:27,1202,3,3,293,4,3,323,7,3,2,1,1
07/10/2024 04:27,1203,3,3,293,4,3,323,7,3,3,1,1
07/10/2024 04:27,1204,3,3,289,3,9,389,13,9,1,0,23
07/10/2024 04:27,1205,3,3,289,3,9,389,13,9,2,0,2
07/10/2024 04:27,1206,3,3,289,3,9,389,13,9,3,0,1
07/10/2024 04:43,1207,3,3,370,11,10,379,12,9,1,0,3
07/10/2024 04:43,1208,3,3,370,11,10,379,12,9,2,1,3
07/10/2024 04:43,1209,3,3,370,11,10,379,12,9,3,0,1
07/10/2024 04:43,1210,3,3,275,2,5,313,6,3,1,1,18
07/10/2024 04:43,1211,3,3,275,2,5,313,6,3,2,1,3
07/10/2024 04:43,1212,3,3,275,2,5,313,6,3,3,0,4
07/10/2024 04:49,1213,3,3,281,3,1,357,10,7,1,0,324
07/10/2024 04:49,1214,3,3,281,3,1,357,10,7,2,0,3
07/10/2024 04:49,1215,3,3,281,3,1,357,10,7,3,0,2
07/10/2024 04:49,1216,3,3,305,5,5,379,12,9,1,0,15
07/10/2024 04:49,1217,3,3,305,5,5,379,12,9,2,1,1
07/10/2024 04:49,1218,3,3,305,5,5,379,12,9,3,1,1
07/10/2024 04:50,1219,3,3,279,2,9,296,4,6,1,0,71
07/10/2024 04:50,1220,3,3,279,2,9,296,4,6,2,1,3
07/10/2024 04:50,1221,3,3,279,2,9,296,4,6,3,1,4
07/10/2024 04:51,1222,3,3,307,5,7,341,9,1,1,0,12
07/10/2024 04:51,1223,3,3,307,5,7,341,9,1,2,1,1
07/10/2024 04:51,1224,3,3,307,5,7,341,9,1,3,1,3
07/10/2024 14:09,1225,3,3,295,4,5,364,11,4,1,1,2
07/10/2024 14:09,1226,3,3,295,4,5,364,11,4,2,0,1
07/10/2024 14:09,1227,3,3,295,4,5,364,11,4,3,0,1
07/10/2024 14:10,1228,3,3,319,6,9,359,10,9,1,0,104
07/10/2024 14:10,1229,3,3,319,6,9,359,10,9,2,1,1
07/10/2024 14:10,1230,3,3,319,6,9,359,10,9,3,1,1
07/10/2024 15:01,1231,3,3,308,5,8,347,9,7,1,1,299
07/10/2024 15:01,1232,3,3,308,5,8,347,9,7,2,0,1
07/10/2024 15:01,1233,3,3,308,5,8,347,9,7,3,1,1
07/10/2024 15:01,1234,3,3,301,5,1,309,5,9,1,0,9
07/10/2024 15:01,1235,3,3,301,5,1,309,5,9,2,1,6
07/10/2024 15:01,1236,3,3,301,5,1,309,5,9,3,1,3
07/10/2024 15:04,1237,3,3,344,9,4,352,10,2,1,1,170
07/10/2024 15:04,1238,3,3,344,9,4,352,10,2,2,1,1
07/10/2024 15:04,1239,3,3,344,9,4,352,10,2,3,0,1
07/10/2024 15:05,1240,3,3,264,1,4,276,2,6,1,1,28
07/10/2024 15:05,1241,3,3,264,1,4,276,2,6,2,0,1
07/10/2024 15:05,1242,3,3,264,1,4,276,2,6,3,0,1
07/10/2024 15:06,1243,3,3,268,1,8,271,2,1,1,1,59
07/10/2024 15:06,1244,3,3,268,1,8,271,2,1,2,0,1
07/10/2024 15:06,1245,3,3,268,1,8,271,2,1,3,0,2
07/10/2024 15:06,1246,3,3,327,7,7,344,9,4,1,0,8
07/10/2024 15:06,1247,3,3,327,7,7,344,9,4,2,1,1
07/10/2024 15:06,1248,3,3,327,7,7,344,9,4,3,1,1
07/10/2024 15:06,1249,3,3,286,3,6,322,7,2,1,0,7
07/10/2024 15:06,1250,3,3,286,3,6,322,7,2,2,1,2
07/10/2024 15:06,1251,3,3,286,3,6,322,7,2,3,0,1
07/10/2024 15:06,1252,3,3,302,5,2,388,13,8,1,1,13
07/10/2024 15:06,1253,3,3,302,5,2,388,13,8,2,0,1
07/10/2024 15:07,1254,3,3,302,5,2,388,13,8,3,1,1
07/10/2024 15:07,1255,3,3,360,10,10,371,12,1,1,1,24
07/10/2024 15:07,1256,3,3,360,10,10,371,12,1,2,0,1
07/10/2024 15:07,1257,3,3,360,10,10,371,12,1,3,0,1
08/10/2024 04:06,1258,3,3,311,6,1,326,7,6,1,1,18
08/10/2024 04:06,1259,3,3,311,6,1,326,7,6,2,0,1
08/10/2024 04:06,1260,3,3,311,6,1,326,7,6,3,1,2
08/10/2024 04:10,1261,3,3,320,6,10,350,9,10,1,0,241
08/10/2024 04:10,1262,3,3,320,6,10,350,9,10,2,1,2
08/10/2024 04:10,1263,3,3,320,6,10,350,9,10,3,1,2
08/10/2024 04:13,1264,3,3,305,5,5,311,6,1,1,0,187
08/10/2024 04:13,1265,3,3,305,5,5,311,6,1,2,1,1
08/10/2024 04:13,1266,3,3,305,5,5,311,6,1,3,1,1
08/10/2024 04:16,1267,3,3,295,4,5,361,11,1,1,1,177
08/10/2024 04:16,1268,3,3,295,4,5,361,11,1,2,0,1
08/10/2024 04:16,1269,3,3,295,4,5,361,11,1,3,1,2
08/10/2024 04:25,1270,3,3,300,4,10,307,5,7,1,1,544
08/10/2024 04:26,1271,3,3,300,4,10,307,5,7,2,0,2
08/10/2024 04:26,1272,3,3,300,4,10,307,5,7,3,1,1
08/10/2024 04:30,1273,3,3,283,3,3,319,6,9,1,0,271
08/10/2024 04:30,1274,3,3,283,3,3,319,6,9,2,1,1
08/10/2024 04:30,1275,3,3,283,3,3,319,6,9,3,0,1
08/10/2024 04:36,1276,3,3,335,8,5,387,13,7,1,1,352
08/10/2024 04:36,1277,3,3,335,8,5,387,13,7,2,1,8
08/10/2024 04:36,1278,3,3,335,8,5,387,13,7,3,0,2
08/10/2024 04:37,1279,3,3,314,6,4,327,7,7,1,1,24
08/10/2024 04:37,1280,3,3,314,6,4,327,7,7,2,0,2
08/10/2024 04:37,1281,3,3,314,6,4,327,7,7,3,1,1
08/10/2024 04:38,1282,3,3,261,1,1,325,7,5,1,0,57
08/10/2024 04:38,1283,3,3,261,1,1,325,7,5,2,1,2
08/10/2024 04:38,1284,3,3,261,1,1,325,7,5,3,0,1
08/10/2024 04:46,1285,3,3,314,6,4,343,9,3,1,0,523
08/10/2024 04:47,1286,3,3,314,6,4,343,9,3,2,1,3
08/10/2024 04:47,1287,3,3,314,6,4,343,9,3,3,0,3
08/10/2024 04:51,1288,3,3,290,3,10,302,5,2,1,0,239
08/10/2024 04:51,1289,3,3,290,3,10,302,5,2,2,0,1
08/10/2024 04:51,1290,3,3,290,3,10,302,5,2,3,0,1
08/10/2024 04:51,1291,3,3,334,8,4,383,13,3,1,1,31
08/10/2024 04:51,1292,3,3,334,8,4,383,13,3,2,0,2
08/10/2024 04:51,1293,3,3,334,8,4,383,13,3,3,0,2
08/10/2024 04:54,1294,3,3,334,8,4,377,12,7,1,1,156
08/10/2024 04:54,1295,3,3,334,8,4,377,12,7,2,0,1
08/10/2024 04:54,1296,3,3,334,8,4,377,12,7,3,0,1
08/10/2024 04:54,1297,3,3,304,5,4,319,6,9,1,0,17
08/10/2024 04:54,1298,3,3,304,5,4,319,6,9,2,1,1
08/10/2024 04:54,1299,3,3,304,5,4,319,6,9,3,1,1
08/10/2024 05:00,1300,3,3,268,1,8,275,2,5,1,0,345
08/10/2024 05:00,1301,3,3,268,1,8,275,2,5,2,1,1
08/10/2024 05:00,1302,3,3,268,1,8,275,2,5,3,0,2
08/10/2024 05:01,1303,3,3,268,1,8,273,2,3,1,1,42
08/10/2024 05:01,1304,3,3,268,1,8,273,2,3,2,0,1
08/10/2024 05:01,1305,3,3,268,1,8,273,2,3,3,0,3
08/10/2024 05:04,1306,3,3,326,7,6,364,11,4,1,0,206
08/10/2024 05:04,1307,3,3,326,7,6,364,11,4,2,0,2
08/10/2024 05:04,1308,3,3,326,7,6,364,11,4,3,1,1
08/10/2024 05:05,1309,3,3,289,3,9,335,8,5,1,0,13
08/10/2024 05:05,1310,3,3,289,3,9,335,8,5,2,1,2
08/10/2024 05:05,1311,3,3,289,3,9,335,8,5,3,0,3
08/10/2024 06:07,1312,3,3,338,8,8,353,10,3,1,1,10
08/10/2024 06:07,1313,3,3,338,8,8,353,10,3,2,1,2
08/10/2024 06:07,1314,3,3,338,8,8,353,10,3,3,1,2
08/10/2024 06:11,1315,3,3,310,5,10,341,9,1,1,0,228
08/10/2024 06:11,1316,3,3,310,5,10,341,9,1,2,1,4
08/10/2024 06:11,1317,3,3,310,5,10,341,9,1,3,1,2
08/10/2024 06:49,1318,3,3,287,3,7,295,4,5,1,0,3
08/10/2024 06:49,1319,3,3,287,3,7,295,4,5,2,1,1
08/10/2024 06:49,1320,3,3,287,3,7,295,4,5,3,1,3
08/10/2024 06:49,1321,3,3,278,2,8,317,6,7,1,1,35
08/10/2024 06:49,1322,3,3,278,2,8,317,6,7,2,0,2
08/10/2024 06:49,1323,3,3,278,2,8,317,6,7,3,1,3
08/10/2024 06:54,1324,3,3,283,3,3,311,6,1,1,0,260
08/10/2024 06:54,1325,3,3,283,3,3,311,6,1,2,1,2
08/10/2024 06:54,1326,3,3,283,3,3,311,6,1,3,0,1
08/10/2024 06:54,1327,3,3,302,5,2,321,7,1,1,1,9
08/10/2024 06:54,1328,3,3,302,5,2,321,7,1,2,1,3
08/10/2024 06:54,1329,3,3,302,5,2,321,7,1,3,1,2
08/10/2024 06:54,1330,3,3,288,3,8,385,13,5,1,1,12
08/10/2024 06:54,1331,3,3,288,3,8,385,13,5,2,1,1
08/10/2024 06:54,1332,3,3,288,3,8,385,13,5,3,1,1
08/10/2024 06:57,1333,3,3,348,9,8,359,10,9,1,0,168
08/10/2024 06:57,1334,3,3,348,9,8,359,10,9,2,1,1
08/10/2024 06:57,1335,3,3,348,9,8,359,10,9,3,1,2
08/10/2024 06:58,1336,3,3,297,4,7,346,9,6,1,1,11
08/10/2024 06:58,1337,3,3,297,4,7,346,9,6,2,0,2
08/10/2024 06:58,1338,3,3,297,4,7,346,9,6,3,1,1
08/10/2024 06:58,1339,3,3,294,4,4,355,10,5,1,1,17
08/10/2024 06:58,1340,3,3,294,4,4,355,10,5,2,1,11
08/10/2024 06:58,1341,3,3,294,4,4,355,10,5,3,1,1
08/10/2024 06:59,1342,3,3,274,2,4,286,3,6,1,0,54
08/10/2024 06:59,1343,3,3,274,2,4,286,3,6,2,0,1
08/10/2024 06:59,1344,3,3,274,2,4,286,3,6,3,1,1
08/10/2024 07:01,1345,3,3,332,8,2,351,10,1,1,0,84
08/10/2024 07:01,1346,3,3,332,8,2,351,10,1,2,1,2
08/10/2024 07:01,1347,3,3,332,8,2,351,10,1,3,1,0
08/10/2024 07:01,1348,3,3,343,9,3,388,13,8,1,1,29
08/10/2024 07:01,1349,3,3,343,9,3,388,13,8,2,0,2
08/10/2024 07:01,1350,3,3,343,9,3,388,13,8,3,1,1
08/10/2024 07:02,1351,3,3,364,11,4,374,12,4,1,1,13
08/10/2024 07:02,1352,3,3,364,11,4,374,12,4,2,0,1
08/10/2024 07:02,1353,3,3,364,11,4,374,12,4,3,0,4
08/10/2024 07:03,1354,3,3,314,6,4,352,10,2,1,0,69
08/10/2024 07:03,1355,3,3,314,6,4,352,10,2,2,1,1
08/10/2024 07:03,1356,3,3,314,6,4,352,10,2,3,1,4
08/10/2024 07:03,1357,3,3,334,8,4,336,8,6,1,1,11
08/10/2024 07:03,1358,3,3,334,8,4,336,8,6,2,0,1
08/10/2024 07:03,1359,3,3,334,8,4,336,8,6,3,1,3
08/10/2024 07:03,1360,3,3,272,2,2,296,4,6,1,0,10
08/10/2024 07:03,1361,3,3,272,2,2,296,4,6,2,1,1
08/10/2024 07:04,1362,3,3,272,2,2,296,4,6,3,0,2
08/10/2024 07:45,1363,3,3,303,5,3,355,10,5,1,0,3
08/10/2024 07:45,1364,3,3,303,5,3,355,10,5,2,1,1
08/10/2024 07:45,1365,3,3,303,5,3,355,10,5,3,1,3
08/10/2024 07:45,1366,3,3,308,5,8,313,6,3,1,0,5
08/10/2024 07:45,1367,3,3,308,5,8,313,6,3,2,1,1
08/10/2024 07:45,1368,3,3,308,5,8,313,6,3,3,1,1
08/10/2024 07:45,1369,3,3,286,3,6,310,5,10,1,0,10
08/10/2024 07:45,1370,3,3,286,3,6,310,5,10,2,0,1
08/10/2024 07:45,1371,3,3,286,3,6,310,5,10,3,0,1
08/10/2024 07:46,1372,3,3,290,3,10,371,12,1,1,1,18
08/10/2024 07:46,1373,3,3,290,3,10,371,12,1,2,0,1
08/10/2024 07:46,1374,3,3,290,3,10,371,12,1,3,0,1
08/10/2024 07:47,1375,3,3,384,13,4,390,13,10,1,1,85
08/10/2024 07:47,1376,3,3,384,13,4,390,13,10,2,0,1
08/10/2024 07:47,1377,3,3,384,13,4,390,13,10,3,0,1
08/10/2024 07:47,1378,3,3,292,4,2,375,12,5,1,0,9
08/10/2024 07:47,1379,3,3,292,4,2,375,12,5,2,1,1
08/10/2024 07:47,1380,3,3,292,4,2,375,12,5,3,1,1
08/10/2024 07:47,1381,3,3,357,10,7,378,12,8,1,0,9
08/10/2024 07:48,1382,3,3,357,10,7,378,12,8,2,1,2
08/10/2024 07:48,1383,3,3,357,10,7,378,12,8,3,0,1
08/10/2024 07:48,1384,3,3,315,6,5,320,6,10,1,1,10
08/10/2024 07:48,1385,3,3,315,6,5,320,6,10,2,0,2
08/10/2024 07:48,1386,3,3,315,6,5,320,6,10,3,1,1
08/10/2024 07:48,1387,3,3,278,2,8,330,7,10,1,1,8
08/10/2024 07:48,1388,3,3,278,2,8,330,7,10,2,1,8
08/10/2024 07:48,1389,3,3,278,2,8,330,7,10,3,0,4
08/10/2024 07:50,1390,3,3,286,3,6,314,6,4,1,1,37
08/10/2024 07:50,1391,3,3,286,3,6,314,6,4,2,1,6
08/10/2024 07:50,1392,3,3,286,3,6,314,6,4,3,0,5
08/10/2024 07:51,1393,3,3,299,4,9,364,11,4,1,0,22
08/10/2024 07:51,1394,3,3,299,4,9,364,11,4,2,0,2
08/10/2024 07:51,1395,3,3,299,4,9,364,11,4,3,1,2
08/10/2024 07:51,1396,3,3,263,1,3,301,5,1,1,1,12
08/10/2024 07:51,1397,3,3,263,1,3,301,5,1,2,0,1
08/10/2024 07:51,1398,3,3,263,1,3,301,5,1,3,1,1
08/10/2024 07:52,1399,3,3,312,6,2,371,12,1,1,1,20
08/10/2024 07:52,1400,3,3,312,6,2,371,12,1,2,0,4
08/10/2024 07:52,1401,3,3,312,6,2,371,12,1,3,0,1
08/10/2024 07:52,1402,3,3,308,5,8,357,10,7,1,1,11
08/10/2024 07:52,1403,3,3,308,5,8,357,10,7,2,1,2
08/10/2024 07:52,1404,3,3,308,5,8,357,10,7,3,1,1
08/10/2024 07:52,1405,3,3,319,6,9,350,9,10,1,0,12
08/10/2024 07:52,1406,3,3,319,6,9,350,9,10,2,1,3
08/10/2024 07:52,1407,3,3,319,6,9,350,9,10,3,1,1
08/10/2024 07:53,1408,3,3,311,6,1,374,12,4,1,1,30
08/10/2024 07:53,1409,3,3,311,6,1,374,12,4,2,1,2
08/10/2024 07:53,1410,3,3,311,6,1,374,12,4,3,1,3
08/10/2024 07:53,1411,3,3,278,2,8,286,3,6,1,1,14
08/10/2024 07:53,1412,3,3,278,2,8,286,3,6,2,0,2
08/10/2024 07:53,1413,3,3,278,2,8,286,3,6,3,0,1
08/10/2024 07:53,1414,3,3,350,9,10,389,13,9,1,1,15
08/10/2024 07:53,1415,3,3,350,9,10,389,13,9,2,0,2
08/10/2024 07:54,1416,3,3,350,9,10,389,13,9,3,0,1
08/10/2024 07:54,1417,3,3,343,9,3,381,13,1,1,1,31
08/10/2024 07:54,1418,3,3,343,9,3,381,13,1,2,0,2
08/10/2024 07:54,1419,3,3,343,9,3,381,13,1,3,1,4
08/10/2024 07:54,1420,3,3,270,1,10,322,7,2,1,1,19
08/10/2024 07:55,1421,3,3,270,1,10,322,7,2,2,0,1
08/10/2024 07:55,1422,3,3,270,1,10,322,7,2,3,0,1
08/10/2024 07:55,1423,3,3,321,7,1,337,8,7,1,0,9
08/10/2024 07:55,1424,3,3,321,7,1,337,8,7,2,1,2
08/10/2024 07:55,1425,3,3,321,7,1,337,8,7,3,1,1
08/10/2024 07:55,1426,3,3,285,3,5,319,6,9,1,1,9
08/10/2024 07:55,1427,3,3,285,3,5,319,6,9,2,0,3
08/10/2024 07:55,1428,3,3,285,3,5,319,6,9,3,0,5
08/10/2024 07:55,1429,3,3,324,7,4,334,8,4,1,1,20
08/10/2024 07:56,1430,3,3,324,7,4,334,8,4,2,0,4
08/10/2024 07:56,1431,3,3,324,7,4,334,8,4,3,1,3
08/10/2024 07:56,1432,3,3,287,3,7,330,7,10,1,0,16
08/10/2024 07:56,1433,3,3,287,3,7,330,7,10,2,1,1
08/10/2024 07:56,1434,3,3,287,3,7,330,7,10,3,0,5
08/10/2024 07:56,1435,3,3,285,3,5,389,13,9,1,1,18
08/10/2024 07:56,1436,3,3,285,3,5,389,13,9,2,0,1
08/10/2024 07:56,1437,3,3,285,3,5,389,13,9,3,0,3
08/10/2024 07:57,1438,3,3,311,6,1,315,6,5,1,0,18
08/10/2024 07:57,1439,3,3,311,6,1,315,6,5,2,1,1
08/10/2024 07:57,1440,3,3,311,6,1,315,6,5,3,0,6
08/10/2024 07:57,1441,3,3,281,3,1,294,4,4,1,0,18
08/10/2024 07:57,1442,3,3,281,3,1,294,4,4,2,1,1
08/10/2024 07:57,1443,3,3,281,3,1,294,4,4,3,0,2
08/10/2024 07:57,1444,3,3,351,10,1,388,13,8,1,1,7
08/10/2024 07:57,1445,3,3,351,10,1,388,13,8,2,0,4
08/10/2024 07:58,1446,3,3,351,10,1,388,13,8,3,0,2
08/10/2024 07:58,1447,3,3,274,2,4,321,7,1,1,1,19
08/10/2024 07:58,1448,3,3,274,2,4,321,7,1,2,0,11
08/10/2024 07:58,1449,3,3,274,2,4,321,7,1,3,0,2
08/10/2024 07:58,1450,3,3,326,7,6,377,12,7,1,1,22
08/10/2024 07:59,1451,3,3,326,7,6,377,12,7,2,0,1
08/10/2024 07:59,1452,3,3,326,7,6,377,12,7,3,1,1
08/10/2024 07:59,1453,3,3,287,3,7,373,12,3,1,0,8
08/10/2024 07:59,1454,3,3,287,3,7,373,12,3,2,1,1
08/10/2024 07:59,1455,3,3,287,3,7,373,12,3,3,1,4
08/10/2024 07:59,1456,3,3,277,2,7,302,5,2,1,1,13
08/10/2024 07:59,1457,3,3,277,2,7,302,5,2,2,0,1
08/10/2024 07:59,1458,3,3,277,2,7,302,5,2,3,0,4
08/10/2024 07:59,1459,3,3,305,5,5,314,6,4,1,1,15
08/10/2024 07:59,1460,3,3,305,5,5,314,6,4,2,1,1
08/10/2024 07:59,1461,3,3,305,5,5,314,6,4,3,1,1
08/10/2024 08:00,1462,3,3,347,9,7,353,10,3,1,0,20
08/10/2024 08:00,1463,3,3,347,9,7,353,10,3,2,1,1
08/10/2024 08:00,1464,3,3,347,9,7,353,10,3,3,1,1
08/10/2024 08:00,1465,3,3,282,3,2,362,11,2,1,0,9
08/10/2024 08:00,1466,3,3,282,3,2,362,11,2,2,1,1
08/10/2024 08:00,1467,3,3,282,3,2,362,11,2,3,1,1
08/10/2024 08:00,1468,3,3,294,4,4,351,10,1,1,1,8
08/10/2024 08:00,1469,3,3,294,4,4,351,10,1,2,0,2
08/10/2024 08:00,1470,3,3,294,4,4,351,10,1,3,1,4
08/10/2024 08:01,1471,3,3,358,10,8,362,11,2,1,0,19
08/10/2024 08:01,1472,3,3,358,10,8,362,11,2,2,1,2
08/10/2024 08:01,1473,3,3,358,10,8,362,11,2,3,0,2
08/10/2024 08:01,1474,3,3,268,1,8,334,8,4,1,1,10
08/10/2024 08:01,1475,3,3,268,1,8,334,8,4,2,0,0
08/10/2024 08:01,1476,3,3,268,1,8,334,8,4,3,0,2
08/10/2024 08:01,1477,3,3,322,7,2,345,9,5,1,0,20
08/10/2024 08:01,1478,3,3,322,7,2,345,9,5,2,1,1
08/10/2024 08:01,1479,3,3,322,7,2,345,9,5,3,1,1
08/10/2024 08:02,1480,3,3,332,8,2,367,11,7,1,0,17
08/10/2024 08:02,1481,3,3,332,8,2,367,11,7,2,1,2
08/10/2024 08:02,1482,3,3,332,8,2,367,11,7,3,1,2
08/10/2024 08:02,1483,3,3,311,6,1,377,12,7,1,1,12
08/10/2024 08:02,1484,3,3,311,6,1,377,12,7,2,0,1
08/10/2024 08:02,1485,3,3,311,6,1,377,12,7,3,0,3
08/10/2024 08:02,1486,3,3,264,1,4,310,5,10,1,1,12
08/10/2024 08:02,1487,3,3,264,1,4,310,5,10,2,0,2
08/10/2024 08:02,1488,3,3,264,1,4,310,5,10,3,0,2
08/10/2024 08:03,1489,3,3,329,7,9,363,11,3,1,1,25
08/10/2024 08:03,1490,3,3,329,7,9,363,11,3,2,0,1
08/10/2024 08:03,1491,3,3,329,7,9,363,11,3,3,0,1
08/10/2024 08:03,1492,3,3,317,6,7,334,8,4,1,0,7
08/10/2024 08:03,1493,3,3,317,6,7,334,8,4,2,1,4
08/10/2024 08:03,1494,3,3,317,6,7,334,8,4,3,1,1
08/10/2024 08:03,1495,3,3,320,6,10,343,9,3,1,0,13
08/10/2024 08:03,1496,3,3,320,6,10,343,9,3,2,0,1
08/10/2024 08:03,1497,3,3,320,6,10,343,9,3,3,0,1
08/10/2024 08:04,1498,3,3,320,6,10,373,12,3,1,0,14
08/10/2024 08:04,1499,3,3,320,6,10,373,12,3,2,1,4
08/10/2024 08:04,1500,3,3,320,6,10,373,12,3,3,0,2
08/10/2024 08:04,1501,3,3,349,9,9,355,10,5,1,1,21
08/10/2024 08:04,1502,3,3,349,9,9,355,10,5,2,1,1
08/10/2024 08:04,1503,3,3,349,9,9,355,10,5,3,1,1
08/10/2024 08:04,1504,3,3,280,2,10,281,3,1,1,1,11
08/10/2024 08:04,1505,3,3,280,2,10,281,3,1,2,0,1
08/10/2024 08:04,1506,3,3,280,2,10,281,3,1,3,0,1
08/10/2024 08:05,1507,3,3,371,12,1,390,13,10,1,1,9
08/10/2024 08:05,1508,3,3,371,12,1,390,13,10,2,0,1
08/10/2024 08:05,1509,3,3,371,12,1,390,13,10,3,1,1
08/10/2024 08:05,1510,3,3,275,2,5,373,12,3,1,1,15
08/10/2024 08:05,1511,3,3,275,2,5,373,12,3,2,0,1
08/10/2024 08:05,1512,3,3,275,2,5,373,12,3,3,0,1
08/10/2024 08:06,1513,3,3,314,6,4,338,8,8,1,0,48
08/10/2024 08:06,1514,3,3,314,6,4,338,8,8,2,1,6
08/10/2024 08:06,1515,3,3,314,6,4,338,8,8,3,1,6
08/10/2024 08:06,1516,3,3,310,5,10,368,11,8,1,1,24
08/10/2024 08:07,1517,3,3,310,5,10,368,11,8,2,1,1
08/10/2024 08:07,1518,3,3,310,5,10,368,11,8,3,1,2
08/10/2024 08:07,1519,3,3,297,4,7,329,7,9,1,0,16
08/10/2024 08:07,1520,3,3,297,4,7,329,7,9,2,1,1
08/10/2024 08:07,1521,3,3,297,4,7,329,7,9,3,1,1
08/10/2024 08:07,1522,3,3,326,7,6,372,12,2,1,0,15
08/10/2024 08:07,1523,3,3,326,7,6,372,12,2,2,1,1
08/10/2024 08:07,1524,3,3,326,7,6,372,12,2,3,1,1
08/10/2024 08:08,1525,3,3,332,8,2,354,10,4,1,0,20
08/10/2024 08:08,1526,3,3,332,8,2,354,10,4,2,1,1
08/10/2024 08:08,1527,3,3,332,8,2,354,10,4,3,0,2
08/10/2024 08:08,1528,3,3,284,3,4,299,4,9,1,0,43
08/10/2024 08:08,1529,3,3,284,3,4,299,4,9,2,1,1
08/10/2024 08:08,1530,3,3,284,3,4,299,4,9,3,0,1
23/09/2024 03:38,1,4,1,112,12,2,114,12,4,1,0,104
23/09/2024 03:39,2,4,1,112,12,2,114,12,4,2,1,14
23/09/2024 03:40,3,4,1,112,12,2,114,12,4,3,1,70
23/09/2024 03:43,4,4,1,10,1,10,90,9,10,1,1,193
23/09/2024 03:44,5,4,1,10,1,10,90,9,10,2,0,20
23/09/2024 03:44,6,4,1,10,1,10,90,9,10,3,1,9
23/09/2024 03:44,7,4,1,45,5,5,116,12,6,1,1,35
23/09/2024 03:44,8,4,1,45,5,5,116,12,6,2,0,6
23/09/2024 03:45,9,4,1,45,5,5,116,12,6,3,0,14
23/09/2024 03:46,10,4,1,81,9,1,109,11,9,1,1,105
23/09/2024 03:47,11,4,1,81,9,1,109,11,9,2,0,10
23/09/2024 03:47,12,4,1,81,9,1,109,11,9,3,1,14
23/09/2024 03:48,13,4,1,8,1,8,20,2,10,1,1,60
23/09/2024 03:48,14,4,1,8,1,8,20,2,10,2,0,14
23/09/2024 03:48,15,4,1,8,1,8,20,2,10,3,1,11
23/09/2024 03:49,16,4,1,86,9,6,97,10,7,1,1,62
23/09/2024 03:50,17,4,1,86,9,6,97,10,7,2,1,17
23/09/2024 03:50,18,4,1,86,9,6,97,10,7,3,1,3
23/09/2024 03:50,19,4,1,70,7,10,110,11,10,1,0,22
23/09/2024 03:50,20,4,1,70,7,10,110,11,10,2,0,9
23/09/2024 03:50,21,4,1,70,7,10,110,11,10,3,1,5
23/09/2024 03:54,22,4,1,47,5,7,89,9,9,1,0,219
23/09/2024 03:54,23,4,1,47,5,7,89,9,9,2,1,3
23/09/2024 03:54,24,4,1,47,5,7,89,9,9,3,1,10
23/09/2024 03:56,25,4,1,3,1,3,33,4,3,1,0,85
23/09/2024 03:56,26,4,1,3,1,3,33,4,3,2,1,3
23/09/2024 03:56,27,4,1,3,1,3,33,4,3,3,0,8
23/09/2024 03:56,28,4,1,14,2,4,22,3,2,1,0,32
23/09/2024 03:57,29,4,1,14,2,4,22,3,2,2,1,29
23/09/2024 03:57,30,4,1,14,2,4,22,3,2,3,0,27
23/09/2024 03:58,31,4,1,1,1,1,104,11,4,1,1,51
23/09/2024 03:58,32,4,1,1,1,1,104,11,4,2,0,7
23/09/2024 04:19,33,4,1,1,1,1,104,11,4,3,1,41
23/09/2024 04:19,34,4,1,11,2,1,93,10,3,1,0,23
23/09/2024 04:19,35,4,1,11,2,1,93,10,3,2,1,7
23/09/2024 04:19,36,4,1,11,2,1,93,10,3,3,0,13
23/09/2024 04:20,37,4,1,113,12,3,119,12,9,1,1,24
23/09/2024 04:20,38,4,1,113,12,3,119,12,9,2,0,6
23/09/2024 04:21,39,4,1,113,12,3,119,12,9,3,1,58
23/09/2024 04:21,40,4,1,16,2,6,30,3,10,1,0,12
23/09/2024 04:21,41,4,1,16,2,6,30,3,10,2,1,4
23/09/2024 04:22,42,4,1,16,2,6,30,3,10,3,0,23
23/09/2024 04:28,43,4,1,23,3,3,46,5,6,1,1,367
23/09/2024 04:28,44,4,1,23,3,3,46,5,6,2,0,3
23/09/2024 04:28,45,4,1,23,3,3,46,5,6,3,1,25
23/09/2024 04:31,46,4,1,2,1,2,87,9,7,1,1,187
23/09/2024 04:32,47,4,1,2,1,2,87,9,7,2,0,10
23/09/2024 04:32,48,4,1,2,1,2,87,9,7,3,0,2
23/09/2024 04:32,49,4,1,31,4,1,117,12,7,1,1,16
23/09/2024 04:32,50,4,1,31,4,1,117,12,7,2,0,3
23/09/2024 04:33,51,4,1,31,4,1,117,12,7,3,1,33
23/09/2024 04:33,52,4,1,42,5,2,55,6,5,1,0,19
23/09/2024 04:33,53,4,1,42,5,2,55,6,5,2,1,3
23/09/2024 04:33,54,4,1,42,5,2,55,6,5,3,1,13
23/09/2024 04:34,55,4,1,10,1,10,104,11,4,1,1,46
23/09/2024 04:34,56,4,1,10,1,10,104,11,4,2,0,25
23/09/2024 04:35,57,4,1,10,1,10,104,11,4,3,0,9
23/09/2024 04:35,58,4,1,3,1,3,61,7,1,1,1,39
23/09/2024 04:35,59,4,1,3,1,3,61,7,1,2,1,9
23/09/2024 04:36,60,4,1,3,1,3,61,7,1,3,1,6
23/09/2024 04:36,61,4,1,41,5,1,56,6,6,1,0,9
23/09/2024 04:36,62,4,1,41,5,1,56,6,6,2,1,14
23/09/2024 04:36,63,4,1,41,5,1,56,6,6,3,0,29
23/09/2024 04:37,64,4,1,24,3,4,60,6,10,1,0,26
23/09/2024 04:37,65,4,1,24,3,4,60,6,10,2,1,21
23/09/2024 04:37,66,4,1,24,3,4,60,6,10,3,1,4
23/09/2024 04:38,67,4,1,51,6,1,128,13,8,1,1,54
23/09/2024 04:38,68,4,1,51,6,1,128,13,8,2,0,4
23/09/2024 04:39,69,4,1,51,6,1,128,13,8,3,1,51
23/09/2024 04:40,70,4,1,92,10,2,125,13,5,1,0,23
23/09/2024 04:40,71,4,1,92,10,2,125,13,5,2,1,4
23/09/2024 04:40,72,4,1,92,10,2,125,13,5,3,0,38
23/09/2024 04:41,73,4,1,8,1,8,42,5,2,1,1,21
23/09/2024 04:41,74,4,1,8,1,8,42,5,2,2,0,7
23/09/2024 04:41,75,4,1,8,1,8,42,5,2,3,0,9
23/09/2024 04:46,76,4,1,26,3,6,79,8,9,1,1,276
23/09/2024 04:46,77,4,1,26,3,6,79,8,9,2,0,5
23/09/2024 04:46,78,4,1,26,3,6,79,8,9,3,0,2
23/09/2024 04:46,79,4,1,96,10,6,116,12,6,1,1,30
23/09/2024 04:47,80,4,1,96,10,6,116,12,6,2,0,18
23/09/2024 04:47,81,4,1,96,10,6,116,12,6,3,0,4
23/09/2024 04:47,82,4,1,24,3,4,57,6,7,1,1,20
23/09/2024 04:47,83,4,1,24,3,4,57,6,7,2,1,6
23/09/2024 04:47,84,4,1,24,3,4,57,6,7,3,0,14
23/09/2024 04:48,85,4,1,6,1,6,30,3,10,1,1,29
23/09/2024 04:48,86,4,1,6,1,6,30,3,10,2,1,24
23/09/2024 04:48,87,4,1,6,1,6,30,3,10,3,0,9
23/09/2024 04:49,88,4,1,66,7,6,110,11,10,1,0,14
23/09/2024 04:49,89,4,1,66,7,6,110,11,10,2,1,3
23/09/2024 04:49,90,4,1,66,7,6,110,11,10,3,0,10
23/09/2024 04:49,91,4,1,20,2,10,124,13,4,1,0,32
23/09/2024 04:49,92,4,1,20,2,10,124,13,4,2,1,5
23/09/2024 04:50,93,4,1,20,2,10,124,13,4,3,1,14
23/09/2024 04:50,94,4,1,6,1,6,77,8,7,1,1,31
23/09/2024 04:50,95,4,1,6,1,6,77,8,7,2,0,6
23/09/2024 04:51,96,4,1,6,1,6,77,8,7,3,0,19
23/09/2024 04:51,97,4,1,9,1,9,109,11,9,1,1,35
23/09/2024 04:51,98,4,1,9,1,9,109,11,9,2,1,9
23/09/2024 04:52,99,4,1,9,1,9,109,11,9,3,1,7
23/09/2024 04:52,100,4,1,96,10,6,129,13,9,1,0,21
25/09/2024 03:32,101,4,1,96,10,6,129,13,9,2,1,148
25/09/2024 03:32,102,4,1,96,10,6,129,13,9,3,0,15
25/09/2024 03:32,103,4,1,42,5,2,81,9,1,1,0,29
25/09/2024 03:33,104,4,1,42,5,2,81,9,1,2,1,9
25/09/2024 03:33,105,4,1,42,5,2,81,9,1,3,1,7
25/09/2024 03:33,106,4,1,26,3,6,63,7,3,1,1,48
25/09/2024 03:34,107,4,1,26,3,6,63,7,3,2,0,4
25/09/2024 03:34,108,4,1,26,3,6,63,7,3,3,0,5
25/09/2024 03:34,109,4,1,1,1,1,9,1,9,1,1,29
25/09/2024 03:35,110,4,1,1,1,1,9,1,9,2,0,43
25/09/2024 03:35,111,4,1,1,1,1,9,1,9,3,1,9
25/09/2024 03:36,112,4,1,96,10,6,102,11,2,1,0,27
25/09/2024 03:37,113,4,1,96,10,6,102,11,2,2,1,102
25/09/2024 03:37,114,4,1,96,10,6,102,11,2,3,0,7
25/09/2024 03:38,115,4,1,109,11,9,118,12,8,1,0,39
25/09/2024 03:38,116,4,1,109,11,9,118,12,8,2,0,9
25/09/2024 03:38,117,4,1,109,11,9,118,12,8,3,1,12
25/09/2024 03:39,118,4,1,31,4,1,73,8,3,1,1,19
25/09/2024 03:40,119,4,1,31,4,1,73,8,3,2,0,72
25/09/2024 03:40,120,4,1,31,4,1,73,8,3,3,1,3
25/09/2024 03:40,121,4,1,26,3,6,125,13,5,1,0,24
25/09/2024 03:40,122,4,1,26,3,6,125,13,5,2,0,4
25/09/2024 03:41,123,4,1,26,3,6,125,13,5,3,0,15
25/09/2024 03:41,124,4,1,83,9,3,119,12,9,1,1,13
25/09/2024 03:41,125,4,1,83,9,3,119,12,9,2,0,21
25/09/2024 03:42,126,4,1,83,9,3,119,12,9,3,0,47
25/09/2024 03:43,127,4,1,22,3,2,94,10,4,1,0,62
25/09/2024 03:44,128,4,1,22,3,2,94,10,4,2,1,25
25/09/2024 03:45,129,4,1,22,3,2,94,10,4,3,1,69
25/09/2024 03:46,130,4,1,61,7,1,112,12,2,1,1,50
25/09/2024 03:46,131,4,1,61,7,1,112,12,2,2,1,20
25/09/2024 03:46,132,4,1,61,7,1,112,12,2,3,0,6
25/09/2024 03:47,133,4,1,15,2,5,23,3,3,1,0,59
25/09/2024 03:47,134,4,1,15,2,5,23,3,3,2,0,13
25/09/2024 03:48,135,4,1,15,2,5,23,3,3,3,0,34
25/09/2024 03:50,136,4,1,4,1,4,31,4,1,1,0,126
25/09/2024 03:50,137,4,1,4,1,4,31,4,1,2,1,4
25/09/2024 03:51,138,4,1,4,1,4,31,4,1,3,0,62
25/09/2024 03:51,139,4,1,6,1,6,99,10,9,1,0,20
25/09/2024 03:52,140,4,1,6,1,6,99,10,9,2,0,56
25/09/2024 03:53,141,4,1,6,1,6,99,10,9,3,0,4
25/09/2024 03:53,142,4,1,54,6,4,69,7,9,1,1,29
25/09/2024 03:53,143,4,1,54,6,4,69,7,9,2,0,5
25/09/2024 03:53,144,4,1,54,6,4,69,7,9,3,0,7
25/09/2024 03:55,145,4,1,7,1,7,44,5,4,1,1,122
25/09/2024 03:55,146,4,1,7,1,7,44,5,4,2,0,5
25/09/2024 03:56,147,4,1,7,1,7,44,5,4,3,0,9
25/09/2024 03:56,148,4,1,67,7,7,87,9,7,1,1,46
25/09/2024 03:56,149,4,1,67,7,7,87,9,7,2,0,2
25/09/2024 03:57,150,4,1,67,7,7,87,9,7,3,1,28
25/09/2024 03:58,151,4,1,34,4,4,43,5,3,1,1,67
25/09/2024 03:58,152,4,1,34,4,4,43,5,3,2,0,7
25/09/2024 03:58,153,4,1,34,4,4,43,5,3,3,1,9
25/09/2024 04:00,154,4,1,88,9,8,99,10,9,1,1,76
25/09/2024 04:00,155,4,1,88,9,8,99,10,9,2,0,8
25/09/2024 04:02,156,4,1,88,9,8,99,10,9,3,0,123
25/09/2024 04:02,157,4,1,77,8,7,99,10,9,1,0,17
25/09/2024 04:03,158,4,1,77,8,7,99,10,9,2,1,40
25/09/2024 04:03,159,4,1,77,8,7,99,10,9,3,0,3
25/09/2024 04:03,160,4,1,62,7,2,116,12,6,1,1,23
25/09/2024 04:03,161,4,1,62,7,2,116,12,6,2,0,5
25/09/2024 04:04,162,4,1,62,7,2,116,12,6,3,1,10
25/09/2024 04:06,163,4,1,5,1,5,69,7,9,1,1,141
25/09/2024 04:06,164,4,1,5,1,5,69,7,9,2,1,2
25/09/2024 04:06,165,4,1,5,1,5,69,7,9,3,0,17
25/09/2024 04:07,166,4,1,87,9,7,97,10,7,1,1,43
25/09/2024 04:07,167,4,1,87,9,7,97,10,7,2,1,2
25/09/2024 04:07,168,4,1,87,9,7,97,10,7,3,1,3
25/09/2024 04:08,169,4,1,21,3,1,119,12,9,1,1,34
25/09/2024 04:08,170,4,1,21,3,1,119,12,9,2,0,13
25/09/2024 04:08,171,4,1,21,3,1,119,12,9,3,1,33
25/09/2024 04:09,172,4,1,104,11,4,105,11,5,1,0,12
25/09/2024 04:09,173,4,1,104,11,4,105,11,5,2,0,11
25/09/2024 04:09,174,4,1,104,11,4,105,11,5,3,0,9
25/09/2024 04:10,175,4,1,34,4,4,52,6,2,1,1,29
25/09/2024 04:10,176,4,1,34,4,4,52,6,2,2,0,33
25/09/2024 04:11,177,4,1,34,4,4,52,6,2,3,0,24
25/09/2024 04:13,178,4,1,1,1,1,72,8,2,1,1,170
25/09/2024 04:13,179,4,1,1,1,1,72,8,2,2,0,2
25/09/2024 04:14,180,4,1,1,1,1,72,8,2,3,0,15
25/09/2024 04:15,181,4,1,9,1,9,82,9,2,1,0,73
25/09/2024 04:16,182,4,1,9,1,9,82,9,2,2,0,49
25/09/2024 04:16,183,4,1,9,1,9,82,9,2,3,0,5
25/09/2024 04:18,184,4,1,72,8,2,114,12,4,1,0,32
25/09/2024 04:18,185,4,1,72,8,2,114,12,4,2,1,10
25/09/2024 04:19,186,4,1,72,8,2,114,12,4,3,1,47
25/09/2024 04:21,187,4,1,68,7,8,92,10,2,1,1,117
25/09/2024 04:21,188,4,1,68,7,8,92,10,2,2,1,5
25/09/2024 04:23,189,4,1,68,7,8,92,10,2,3,1,129
25/09/2024 04:23,190,4,1,17,2,7,24,3,4,1,0,17
25/09/2024 04:24,191,4,1,17,2,7,24,3,4,2,1,20
25/09/2024 04:24,192,4,1,17,2,7,24,3,4,3,0,2
25/09/2024 04:24,193,4,1,35,4,5,124,13,4,1,1,44
25/09/2024 04:25,194,4,1,35,4,5,124,13,4,2,0,7
25/09/2024 04:25,195,4,1,35,4,5,124,13,4,3,1,16
25/09/2024 04:26,196,4,1,58,6,8,125,13,5,1,1,50
25/09/2024 04:26,197,4,1,58,6,8,125,13,5,2,1,3
25/09/2024 04:26,198,4,1,58,6,8,125,13,5,3,1,3
25/09/2024 04:27,199,4,1,106,11,6,119,12,9,1,1,77
27/09/2024 00:03,200,4,1,106,11,6,119,12,9,2,1,42
27/09/2024 00:03,201,4,1,106,11,6,119,12,9,3,0,18
27/09/2024 00:04,202,4,1,59,6,9,129,13,9,1,1,46
27/09/2024 00:04,203,4,1,59,6,9,129,13,9,2,0,17
27/09/2024 00:04,204,4,1,59,6,9,129,13,9,3,0,5
27/09/2024 00:06,205,4,1,21,3,1,69,7,9,1,1,94
27/09/2024 00:07,206,4,1,21,3,1,69,7,9,2,1,37
27/09/2024 00:07,207,4,1,21,3,1,69,7,9,3,0,3
27/09/2024 00:09,208,4,1,28,3,8,32,4,2,1,1,131
27/09/2024 00:09,209,4,1,28,3,8,32,4,2,2,1,4
27/09/2024 00:10,210,4,1,28,3,8,32,4,2,3,1,39
27/09/2024 00:13,211,4,1,78,8,8,89,9,9,1,0,203
27/09/2024 00:13,212,4,1,78,8,8,89,9,9,2,1,10
27/09/2024 00:14,213,4,1,78,8,8,89,9,9,3,1,18
27/09/2024 00:15,214,4,1,17,2,7,47,5,7,1,0,58
27/09/2024 00:15,215,4,1,17,2,7,47,5,7,2,0,20
27/09/2024 00:15,216,4,1,17,2,7,47,5,7,3,0,11
27/09/2024 00:16,217,4,1,81,9,1,102,11,2,1,1,29
27/09/2024 00:16,218,4,1,81,9,1,102,11,2,2,0,7
27/09/2024 00:17,219,4,1,81,9,1,102,11,2,3,0,68
27/09/2024 00:17,220,4,1,80,8,10,103,11,3,1,1,15
27/09/2024 00:17,221,4,1,80,8,10,103,11,3,2,0,11
27/09/2024 00:18,222,4,1,80,8,10,103,11,3,3,0,31
27/09/2024 00:19,223,4,1,94,10,4,113,12,3,1,0,67
27/09/2024 00:19,224,4,1,94,10,4,113,12,3,2,0,4
27/09/2024 00:19,225,4,1,94,10,4,113,12,3,3,0,3
27/09/2024 00:20,226,4,1,46,5,6,118,12,8,1,0,28
27/09/2024 00:20,227,4,1,46,5,6,118,12,8,2,1,3
27/09/2024 00:20,228,4,1,46,5,6,118,12,8,3,0,15
27/09/2024 00:22,229,4,1,14,2,4,91,10,1,1,0,136
27/09/2024 00:22,230,4,1,14,2,4,91,10,1,2,0,10
27/09/2024 00:22,231,4,1,14,2,4,91,10,1,3,0,1
27/09/2024 00:23,232,4,1,85,9,5,91,10,1,1,1,22
27/09/2024 00:23,233,4,1,85,9,5,91,10,1,2,0,32
27/09/2024 00:24,234,4,1,85,9,5,91,10,1,3,0,43
27/09/2024 00:24,235,4,1,117,12,7,129,13,9,1,0,22
27/09/2024 00:25,236,4,1,117,12,7,129,13,9,2,0,5
27/09/2024 00:25,237,4,1,117,12,7,129,13,9,3,0,11
27/09/2024 00:28,238,4,1,89,9,9,100,10,10,1,0,170
27/09/2024 00:28,239,4,1,89,9,9,100,10,10,2,1,5
27/09/2024 00:28,240,4,1,89,9,9,100,10,10,3,1,4
27/09/2024 00:29,241,4,1,16,2,6,99,10,9,1,0,92
27/09/2024 00:29,242,4,1,16,2,6,99,10,9,2,1,9
27/09/2024 00:30,243,4,1,16,2,6,99,10,9,3,0,55
27/09/2024 00:31,244,4,1,28,3,8,36,4,6,1,0,38
27/09/2024 00:32,245,4,1,28,3,8,36,4,6,2,1,29
27/09/2024 00:32,246,4,1,28,3,8,36,4,6,3,1,9
27/09/2024 00:32,247,4,1,8,1,8,53,6,3,1,0,21
27/09/2024 00:32,248,4,1,8,1,8,53,6,3,2,1,16
27/09/2024 00:34,249,4,1,8,1,8,53,6,3,3,1,74
27/09/2024 00:34,250,4,1,68,7,8,80,8,10,1,0,14
27/09/2024 00:35,251,4,1,68,7,8,80,8,10,2,1,68
27/09/2024 00:35,252,4,1,68,7,8,80,8,10,3,1,11
27/09/2024 00:36,253,4,1,87,9,7,128,13,8,1,0,41
27/09/2024 00:37,254,4,1,87,9,7,128,13,8,2,1,47
27/09/2024 00:37,255,4,1,87,9,7,128,13,8,3,0,45
27/09/2024 00:39,256,4,1,40,4,10,95,10,5,1,1,87
27/09/2024 00:39,257,4,1,40,4,10,95,10,5,2,0,6
27/09/2024 00:39,258,4,1,40,4,10,95,10,5,3,1,7
27/09/2024 00:40,259,4,1,51,6,1,73,8,3,1,1,56
27/09/2024 00:40,260,4,1,51,6,1,73,8,3,2,0,3
27/09/2024 00:40,261,4,1,51,6,1,73,8,3,3,1,14
27/09/2024 00:42,262,4,1,84,9,4,122,13,2,1,1,111
27/09/2024 00:43,263,4,1,84,9,4,122,13,2,2,1,39
27/09/2024 00:43,264,4,1,84,9,4,122,13,2,3,1,2
27/09/2024 00:43,265,4,1,6,1,6,113,12,3,1,0,16
27/09/2024 00:43,266,4,1,6,1,6,113,12,3,2,1,5
27/09/2024 00:43,267,4,1,6,1,6,113,12,3,3,0,4
27/09/2024 00:45,268,4,1,38,4,8,125,13,5,1,0,119
27/09/2024 00:46,269,4,1,38,4,8,125,13,5,2,1,20
27/09/2024 00:46,270,4,1,38,4,8,125,13,5,3,0,7
27/09/2024 00:47,271,4,1,43,5,3,117,12,7,1,0,39
27/09/2024 00:47,272,4,1,43,5,3,117,12,7,2,1,3
27/09/2024 00:47,273,4,1,43,5,3,117,12,7,3,0,32
27/09/2024 00:50,274,4,1,32,4,2,61,7,1,1,0,161
27/09/2024 00:51,275,4,1,32,4,2,61,7,1,2,1,49
27/09/2024 00:51,276,4,1,32,4,2,61,7,1,3,1,9
27/09/2024 00:51,277,4,1,43,5,3,87,9,7,1,0,26
27/09/2024 00:52,278,4,1,43,5,3,87,9,7,2,1,52
27/09/2024 00:52,279,4,1,43,5,3,87,9,7,3,0,3
27/09/2024 00:53,280,4,1,3,1,3,122,13,2,1,1,72
27/09/2024 00:55,281,4,1,3,1,3,122,13,2,2,1,77
27/09/2024 00:55,282,4,1,3,1,3,122,13,2,3,1,3
27/09/2024 00:55,283,4,1,45,5,5,84,9,4,1,0,24
27/09/2024 00:55,284,4,1,45,5,5,84,9,4,2,1,10
27/09/2024 00:56,285,4,1,45,5,5,84,9,4,3,1,26
27/09/2024 00:56,286,4,1,15,2,5,41,5,1,1,0,34
27/09/2024 00:57,287,4,1,15,2,5,41,5,1,2,0,16
27/09/2024 00:57,288,4,1,15,2,5,41,5,1,3,0,20
27/09/2024 00:57,289,4,1,16,2,6,95,10,5,1,0,16
27/09/2024 00:57,290,4,1,16,2,6,95,10,5,2,1,6
27/09/2024 00:58,291,4,1,16,2,6,95,10,5,3,0,7
27/09/2024 00:59,292,4,1,34,4,4,94,10,4,1,0,88
27/09/2024 00:59,293,4,1,34,4,4,94,10,4,2,1,5
27/09/2024 01:00,294,4,1,34,4,4,94,10,4,3,1,36
27/09/2024 01:02,295,4,1,2,1,2,28,3,8,1,1,105
27/09/2024 01:02,296,4,1,2,1,2,28,3,8,2,1,16
27/09/2024 01:02,297,4,1,2,1,2,28,3,8,3,1,6
27/09/2024 01:41,298,4,1,105,11,5,108,11,8,1,1,63
27/09/2024 01:41,299,4,1,105,11,5,108,11,8,2,0,7
27/09/2024 01:41,300,4,1,105,11,5,108,11,8,3,1,8
27/09/2024 01:43,301,4,1,10,1,10,93,10,3,1,1,81
27/09/2024 01:44,302,4,1,10,1,10,93,10,3,2,0,43
27/09/2024 01:44,303,4,1,10,1,10,93,10,3,3,0,4
27/09/2024 01:45,304,4,1,22,3,2,70,7,10,1,0,91
27/09/2024 01:45,305,4,1,22,3,2,70,7,10,2,1,3
27/09/2024 01:45,306,4,1,22,3,2,70,7,10,3,1,12
27/09/2024 01:47,307,4,1,1,1,1,97,10,7,1,1,67
27/09/2024 01:47,308,4,1,1,1,1,97,10,7,2,1,13
27/09/2024 01:47,309,4,1,1,1,1,97,10,7,3,0,6
27/09/2024 01:48,310,4,1,15,2,5,40,4,10,1,0,44
27/09/2024 01:48,311,4,1,15,2,5,40,4,10,2,1,36
27/09/2024 01:49,312,4,1,15,2,5,40,4,10,3,0,12
27/09/2024 01:50,313,4,1,68,7,8,105,11,5,1,0,71
27/09/2024 01:51,314,4,1,68,7,8,105,11,5,2,0,56
27/09/2024 01:51,315,4,1,68,7,8,105,11,5,3,0,9
27/09/2024 01:51,316,4,1,8,1,8,85,9,5,1,0,32
27/09/2024 01:52,317,4,1,8,1,8,85,9,5,2,1,22
27/09/2024 01:52,318,4,1,8,1,8,85,9,5,3,1,14
27/09/2024 01:52,319,4,1,9,1,9,16,2,6,1,1,23
27/09/2024 01:54,320,4,1,9,1,9,16,2,6,2,0,66
27/09/2024 01:54,321,4,1,9,1,9,16,2,6,3,1,43
27/09/2024 01:55,322,4,1,21,3,1,47,5,7,1,1,36
27/09/2024 01:55,323,4,1,21,3,1,47,5,7,2,0,14
27/09/2024 01:55,324,4,1,21,3,1,47,5,7,3,0,5
27/09/2024 01:56,325,4,1,103,11,3,111,12,1,1,0,59
27/09/2024 01:57,326,4,1,103,11,3,111,12,1,2,0,57
27/09/2024 01:57,327,4,1,103,11,3,111,12,1,3,0,9
27/09/2024 01:58,328,4,1,41,5,1,69,7,9,1,0,11
27/09/2024 01:58,329,4,1,41,5,1,69,7,9,2,1,6
27/09/2024 01:59,330,4,1,41,5,1,69,7,9,3,0,53
27/09/2024 01:59,331,4,1,68,7,8,108,11,8,1,0,21
27/09/2024 01:59,332,4,1,68,7,8,108,11,8,2,0,16
27/09/2024 01:59,333,4,1,68,7,8,108,11,8,3,1,10
27/09/2024 02:00,334,4,1,98,10,8,113,12,3,1,0,65
27/09/2024 02:02,335,4,1,98,10,8,113,12,3,2,1,117
27/09/2024 02:03,336,4,1,98,10,8,113,12,3,3,0,14
27/09/2024 02:04,337,4,1,23,3,3,96,10,6,1,1,52
27/09/2024 02:04,338,4,1,23,3,3,96,10,6,2,0,5
27/09/2024 02:05,339,4,1,23,3,3,96,10,6,3,1,52
27/09/2024 02:05,340,4,1,49,5,9,112,12,2,1,1,54
27/09/2024 02:05,341,4,1,49,5,9,112,12,2,2,1,2
27/09/2024 02:06,342,4,1,49,5,9,112,12,2,3,1,4
27/09/2024 02:07,343,4,1,93,10,3,111,12,1,1,0,90
27/09/2024 02:07,344,4,1,93,10,3,111,12,1,2,0,14
27/09/2024 02:07,345,4,1,93,10,3,111,12,1,3,1,6
27/09/2024 02:08,346,4,1,30,3,10,83,9,3,1,0,64
27/09/2024 02:09,347,4,1,30,3,10,83,9,3,2,1,7
27/09/2024 02:10,348,4,1,30,3,10,83,9,3,3,1,64
27/09/2024 02:11,349,4,1,9,1,9,114,12,4,1,0,98
27/09/2024 02:11,350,4,1,9,1,9,114,12,4,2,1,10
27/09/2024 02:12,351,4,1,9,1,9,114,12,4,3,1,27
27/09/2024 02:13,352,4,1,20,2,10,74,8,4,1,0,75
27/09/2024 02:15,353,4,1,20,2,10,74,8,4,2,0,108
27/09/2024 02:15,354,4,1,20,2,10,74,8,4,3,0,2
27/09/2024 02:16,355,4,1,44,5,4,130,13,10,1,1,33
27/09/2024 02:16,356,4,1,44,5,4,130,13,10,2,1,4
27/09/2024 02:16,357,4,1,44,5,4,130,13,10,3,1,3
27/09/2024 02:18,358,4,1,8,1,8,70,7,10,1,1,144
27/09/2024 02:18,359,4,1,8,1,8,70,7,10,2,1,8
27/09/2024 02:19,360,4,1,8,1,8,70,7,10,3,1,8
27/09/2024 02:20,361,4,1,100,10,10,107,11,7,1,1,84
27/09/2024 02:20,362,4,1,100,10,10,107,11,7,2,0,10
27/09/2024 02:20,363,4,1,100,10,10,107,11,7,3,0,22
27/09/2024 02:21,364,4,1,28,3,8,80,8,10,1,0,60
27/09/2024 02:22,365,4,1,28,3,8,80,8,10,2,1,14
27/09/2024 02:22,366,4,1,28,3,8,80,8,10,3,1,7
27/09/2024 02:23,367,4,1,51,6,1,106,11,6,1,1,54
27/09/2024 02:23,368,4,1,51,6,1,106,11,6,2,0,16
27/09/2024 02:25,369,4,1,51,6,1,106,11,6,3,1,118
27/09/2024 02:26,370,4,1,39,4,9,111,12,1,1,0,37
27/09/2024 02:26,371,4,1,39,4,9,111,12,1,2,1,43
27/09/2024 02:27,372,4,1,39,4,9,111,12,1,3,1,17
27/09/2024 02:27,373,4,1,39,4,9,125,13,5,1,0,13
27/09/2024 02:27,374,4,1,39,4,9,125,13,5,2,1,13
27/09/2024 02:28,375,4,1,39,4,9,125,13,5,3,1,67
27/09/2024 02:29,376,4,1,10,1,10,78,8,8,1,1,16
27/09/2024 02:29,377,4,1,10,1,10,78,8,8,2,0,12
27/09/2024 02:30,378,4,1,10,1,10,78,8,8,3,1,49
27/09/2024 02:30,379,4,1,45,5,5,80,8,10,1,0,40
27/09/2024 02:31,380,4,1,45,5,5,80,8,10,2,1,15
27/09/2024 02:31,381,4,1,45,5,5,80,8,10,3,1,26
27/09/2024 02:34,382,4,1,2,1,2,42,5,2,1,0,191
27/09/2024 02:34,383,4,1,2,1,2,42,5,2,2,0,5
27/09/2024 02:34,384,4,1,2,1,2,42,5,2,3,0,4
27/09/2024 02:36,385,4,1,10,1,10,81,9,1,1,0,88
27/09/2024 02:36,386,4,1,10,1,10,81,9,1,2,0,5
27/09/2024 02:36,387,4,1,10,1,10,81,9,1,3,0,10
27/09/2024 02:37,388,4,1,22,3,2,33,4,3,1,0,35
27/09/2024 02:37,389,4,1,22,3,2,33,4,3,2,1,3
27/09/2024 02:37,390,4,1,22,3,2,33,4,3,3,0,18
27/09/2024 02:38,391,4,1,30,3,10,40,4,10,1,0,37
27/09/2024 02:38,392,4,1,30,3,10,40,4,10,2,1,9
27/09/2024 02:38,393,4,1,30,3,10,40,4,10,3,0,21
27/09/2024 02:39,394,4,1,15,2,5,49,5,9,1,0,28
27/09/2024 02:39,395,4,1,15,2,5,49,5,9,2,0,11
27/09/2024 02:39,396,4,1,15,2,5,49,5,9,3,0,7
27/09/2024 02:39,397,4,1,41,5,1,48,5,8,1,0,26
27/09/2024 02:40,398,4,1,41,5,1,48,5,8,2,0,10
27/09/2024 02:40,399,4,1,41,5,1,48,5,8,3,0,4
29/09/2024 07:12,400,4,1,60,6,10,75,8,5,1,1,57
29/09/2024 07:12,401,4,1,60,6,10,75,8,5,2,0,5
29/09/2024 07:13,402,4,1,60,6,10,75,8,5,3,1,67
29/09/2024 07:14,403,4,1,64,7,4,100,10,10,1,1,36
29/09/2024 07:14,404,4,1,64,7,4,100,10,10,2,1,6
29/09/2024 07:14,405,4,1,64,7,4,100,10,10,3,1,3
29/09/2024 07:15,406,4,1,37,4,7,69,7,9,1,1,59
29/09/2024 07:15,407,4,1,37,4,7,69,7,9,2,1,8
29/09/2024 07:15,408,4,1,37,4,7,69,7,9,3,1,3
29/09/2024 07:17,409,4,1,7,1,7,82,9,2,1,0,119
29/09/2024 07:17,410,4,1,7,1,7,82,9,2,2,1,3
29/09/2024 07:17,411,4,1,7,1,7,82,9,2,3,1,3
29/09/2024 07:17,412,4,1,18,2,8,40,4,10,1,0,16
29/09/2024 07:17,413,4,1,18,2,8,40,4,10,2,1,6
29/09/2024 07:18,414,4,1,18,2,8,40,4,10,3,1,17
29/09/2024 07:19,415,4,1,62,7,2,65,7,5,1,0,47
29/09/2024 07:20,416,4,1,62,7,2,65,7,5,2,1,75
29/09/2024 07:20,417,4,1,62,7,2,65,7,5,3,0,4
29/09/2024 07:20,418,4,1,92,10,2,128,13,8,1,1,16
29/09/2024 07:20,419,4,1,92,10,2,128,13,8,2,0,7
29/09/2024 07:20,420,4,1,92,10,2,128,13,8,3,0,4
29/09/2024 07:22,421,4,1,72,8,2,75,8,5,1,0,73
29/09/2024 07:22,422,4,1,72,8,2,75,8,5,2,0,16
29/09/2024 07:22,423,4,1,72,8,2,75,8,5,3,1,3
29/09/2024 07:22,424,4,1,7,1,7,54,6,4,1,0,11
29/09/2024 07:22,425,4,1,7,1,7,54,6,4,2,1,2
29/09/2024 07:23,426,4,1,7,1,7,54,6,4,3,1,20
29/09/2024 07:23,427,4,1,56,6,6,62,7,2,1,1,13
29/09/2024 07:24,428,4,1,56,6,6,62,7,2,2,1,41
29/09/2024 07:24,429,4,1,56,6,6,62,7,2,3,1,7
29/09/2024 07:25,430,4,1,30,3,10,119,12,9,1,1,50
29/09/2024 07:25,431,4,1,30,3,10,119,12,9,2,0,5
29/09/2024 07:29,432,4,1,30,3,10,119,12,9,3,1,11
29/09/2024 07:30,433,4,1,6,1,6,13,2,3,1,1,27
29/09/2024 07:30,434,4,1,6,1,6,13,2,3,2,0,5
29/09/2024 07:30,435,4,1,6,1,6,13,2,3,3,0,28
29/09/2024 07:31,436,4,1,35,4,5,54,6,4,1,0,51
29/09/2024 07:31,437,4,1,35,4,5,54,6,4,2,0,10
29/09/2024 07:32,438,4,1,35,4,5,54,6,4,3,0,5
29/09/2024 07:33,439,4,1,30,3,10,117,12,7,1,1,12
29/09/2024 07:33,440,4,1,30,3,10,117,12,7,2,0,6
29/09/2024 07:33,441,4,1,30,3,10,117,12,7,3,1,4
29/09/2024 07:34,442,4,1,42,5,2,85,9,5,1,0,22
29/09/2024 07:34,443,4,1,42,5,2,85,9,5,2,1,13
29/09/2024 07:34,444,4,1,42,5,2,85,9,5,3,1,23
29/09/2024 07:35,445,4,1,89,9,9,116,12,6,1,1,31
29/09/2024 07:35,446,4,1,89,9,9,116,12,6,2,1,1
29/09/2024 07:35,447,4,1,89,9,9,116,12,6,3,1,2
29/09/2024 07:35,448,4,1,40,4,10,114,12,4,1,1,25
29/09/2024 07:36,449,4,1,40,4,10,114,12,4,2,0,38
29/09/2024 07:36,450,4,1,40,4,10,114,12,4,3,1,8
29/09/2024 07:36,451,4,1,63,7,3,90,9,10,1,0,15
29/09/2024 07:37,452,4,1,63,7,3,90,9,10,2,1,8
29/09/2024 07:37,453,4,1,63,7,3,90,9,10,3,1,29
29/09/2024 07:38,454,4,1,34,4,4,126,13,6,1,0,38
29/09/2024 07:38,455,4,1,34,4,4,126,13,6,2,0,10
29/09/2024 07:38,456,4,1,34,4,4,126,13,6,3,0,16
29/09/2024 07:39,457,4,1,22,3,2,58,6,8,1,0,37
29/09/2024 07:40,458,4,1,22,3,2,58,6,8,2,0,62
29/09/2024 07:40,459,4,1,22,3,2,58,6,8,3,0,2
29/09/2024 07:40,460,4,1,94,10,4,109,11,9,1,1,24
29/09/2024 07:40,461,4,1,94,10,4,109,11,9,2,0,7
29/09/2024 07:41,462,4,1,94,10,4,109,11,9,3,1,1
29/09/2024 10:20,463,4,1,50,5,10,96,10,6,1,1,27
29/09/2024 10:20,464,4,1,50,5,10,96,10,6,2,1,15
29/09/2024 10:20,465,4,1,50,5,10,96,10,6,3,1,14
29/09/2024 10:22,466,4,1,73,8,3,122,13,2,1,0,98
29/09/2024 10:22,467,4,1,73,8,3,122,13,2,2,1,6
29/09/2024 10:22,468,4,1,73,8,3,122,13,2,3,0,5
29/09/2024 10:26,469,4,1,91,10,1,111,12,1,1,1,221
29/09/2024 10:26,470,4,1,91,10,1,111,12,1,2,0,9
29/09/2024 10:27,471,4,1,91,10,1,111,12,1,3,0,62
29/09/2024 10:28,472,4,1,85,9,5,107,11,7,1,1,37
29/09/2024 10:29,473,4,1,85,9,5,107,11,7,2,0,40
29/09/2024 10:30,474,4,1,85,9,5,107,11,7,3,0,113
29/09/2024 10:31,475,4,1,19,2,9,53,6,3,1,0,45
29/09/2024 10:32,476,4,1,19,2,9,53,6,3,2,0,40
29/09/2024 10:32,477,4,1,19,2,9,53,6,3,3,0,12
29/09/2024 10:34,478,4,1,53,6,3,124,13,4,1,0,91
29/09/2024 10:34,479,4,1,53,6,3,124,13,4,2,1,14
29/09/2024 10:34,480,4,1,53,6,3,124,13,4,3,0,7
29/09/2024 10:36,481,4,1,58,6,8,122,13,2,1,1,132
29/09/2024 10:36,482,4,1,58,6,8,122,13,2,2,1,7
29/09/2024 10:36,483,4,1,58,6,8,122,13,2,3,1,4
29/09/2024 10:37,484,4,1,85,9,5,104,11,4,1,1,34
29/09/2024 10:38,485,4,1,85,9,5,104,11,4,2,0,42
29/09/2024 10:38,486,4,1,85,9,5,104,11,4,3,0,40
29/09/2024 10:40,487,4,1,48,5,8,71,8,1,1,1,93
29/09/2024 10:40,488,4,1,48,5,8,71,8,1,2,0,4
29/09/2024 10:40,489,4,1,48,5,8,71,8,1,3,1,11
29/09/2024 13:55,490,4,1,3,1,3,69,7,9,1,1,107
29/09/2024 13:55,491,4,1,3,1,3,69,7,9,2,1,3
29/09/2024 13:55,492,4,1,3,1,3,69,7,9,3,0,2
29/09/2024 13:56,493,4,1,74,8,4,110,11,10,1,0,63
29/09/2024 13:57,494,4,1,74,8,4,110,11,10,2,0,27
29/09/2024 13:57,495,4,1,74,8,4,110,11,10,3,0,7
29/09/2024 13:58,496,4,1,122,13,2,129,13,9,1,1,42
29/09/2024 13:58,497,4,1,122,13,2,129,13,9,2,0,9
29/09/2024 13:58,498,4,1,122,13,2,129,13,9,3,0,9
29/09/2024 14:00,499,4,1,14,2,4,118,12,8,1,0,141
29/09/2024 14:00,500,4,1,14,2,4,118,12,8,2,0,11
29/09/2024 14:00,501,4,1,14,2,4,118,12,8,3,0,5
29/09/2024 14:01,502,4,1,31,4,1,53,6,3,1,0,25
29/09/2024 14:01,503,4,1,31,4,1,53,6,3,2,0,7
29/09/2024 14:01,504,4,1,31,4,1,53,6,3,3,1,3
30/09/2024 02:28,505,4,1,31,4,1,66,7,6,1,1,21
30/09/2024 02:28,506,4,1,31,4,1,66,7,6,2,0,11
30/09/2024 02:29,507,4,1,31,4,1,66,7,6,3,1,17
30/09/2024 02:30,508,4,1,69,7,9,114,12,4,1,0,52
30/09/2024 02:30,509,4,1,69,7,9,114,12,4,2,0,6
30/09/2024 02:30,510,4,1,69,7,9,114,12,4,3,1,42
30/09/2024 02:31,511,4,2,212,9,2,259,13,9,1,0,53
30/09/2024 02:32,512,4,2,212,9,2,259,13,9,2,0,34
30/09/2024 02:32,513,4,2,212,9,2,259,13,9,3,0,2
30/09/2024 02:33,514,4,2,152,3,2,197,7,7,1,1,66
30/09/2024 02:33,515,4,2,152,3,2,197,7,7,2,0,18
30/09/2024 02:34,516,4,2,152,3,2,197,7,7,3,1,17
30/09/2024 02:34,517,4,2,219,9,9,236,11,6,1,1,25
30/09/2024 02:35,518,4,2,219,9,9,236,11,6,2,0,27
30/09/2024 02:35,519,4,2,219,9,9,236,11,6,3,1,5
30/09/2024 02:36,520,4,2,142,2,2,191,7,1,1,0,58
30/09/2024 02:36,521,4,2,142,2,2,191,7,1,2,0,4
30/09/2024 02:36,522,4,2,142,2,2,191,7,1,3,1,3
30/09/2024 02:36,523,4,2,192,7,2,204,8,4,1,0,20
30/09/2024 02:36,524,4,2,192,7,2,204,8,4,2,0,16
30/09/2024 02:37,525,4,2,192,7,2,204,8,4,3,1,19
30/09/2024 02:37,526,4,2,139,1,9,212,9,2,1,0,41
30/09/2024 02:37,527,4,2,139,1,9,212,9,2,2,1,3
30/09/2024 02:38,528,4,2,139,1,9,212,9,2,3,0,4
30/09/2024 02:39,529,4,2,163,4,3,192,7,2,1,1,61
30/09/2024 02:39,530,4,2,163,4,3,192,7,2,2,1,3
30/09/2024 02:39,531,4,2,163,4,3,192,7,2,3,1,3
30/09/2024 02:39,532,4,2,139,1,9,179,5,9,1,1,32
30/09/2024 02:39,533,4,2,139,1,9,179,5,9,2,0,11
30/09/2024 02:40,534,4,2,139,1,9,179,5,9,3,0,42
30/09/2024 02:41,535,4,2,133,1,3,171,5,1,1,1,56
30/09/2024 02:42,536,4,2,133,1,3,171,5,1,2,0,54
30/09/2024 02:43,537,4,2,133,1,3,171,5,1,3,1,45
30/09/2024 02:45,538,4,2,141,2,1,182,6,2,1,1,129
30/09/2024 02:46,539,4,2,141,2,1,182,6,2,2,1,43
30/09/2024 02:46,540,4,2,141,2,1,182,6,2,3,1,2
30/09/2024 02:47,541,4,2,178,5,8,254,13,4,1,0,54
30/09/2024 02:47,542,4,2,178,5,8,254,13,4,2,0,10
30/09/2024 02:47,543,4,2,178,5,8,254,13,4,3,0,13
30/09/2024 02:48,544,4,2,184,6,4,247,12,7,1,1,85
30/09/2024 02:49,545,4,2,184,6,4,247,12,7,2,0,61
30/09/2024 02:50,546,4,2,184,6,4,247,12,7,3,1,13
30/09/2024 02:51,547,4,2,147,2,7,162,4,2,1,0,72
30/09/2024 02:51,548,4,2,147,2,7,162,4,2,2,1,13
30/09/2024 02:51,549,4,2,147,2,7,162,4,2,3,1,17
30/09/2024 02:52,550,4,2,182,6,2,238,11,8,1,0,54
30/09/2024 02:54,551,4,2,182,6,2,238,11,8,2,0,86
30/09/2024 02:54,552,4,2,182,6,2,238,11,8,3,0,24
30/09/2024 02:55,553,4,2,160,3,10,249,12,9,1,1,22
30/09/2024 02:55,554,4,2,160,3,10,249,12,9,2,0,17
30/09/2024 02:55,555,4,2,160,3,10,249,12,9,3,0,8
30/09/2024 02:56,556,4,2,196,7,6,245,12,5,1,0,40
30/09/2024 02:56,557,4,2,196,7,6,245,12,5,2,1,5
30/09/2024 02:56,558,4,2,196,7,6,245,12,5,3,0,1
30/09/2024 02:57,559,4,2,185,6,5,253,13,3,1,1,82
30/09/2024 02:57,560,4,2,185,6,5,253,13,3,2,0,14
30/09/2024 02:58,561,4,2,185,6,5,253,13,3,3,0,3
30/09/2024 03:38,562,4,2,171,5,1,201,8,1,1,1,43
30/09/2024 03:39,563,4,2,171,5,1,201,8,1,2,0,62
30/09/2024 03:40,564,4,2,171,5,1,201,8,1,3,1,59
30/09/2024 03:41,565,4,2,160,3,10,204,8,4,1,0,63
30/09/2024 03:42,566,4,2,160,3,10,204,8,4,2,1,50
30/09/2024 03:43,567,4,2,160,3,10,204,8,4,3,1,93
30/09/2024 03:44,568,4,2,191,7,1,211,9,1,1,0,48
30/09/2024 03:46,569,4,2,191,7,1,211,9,1,2,0,87
30/09/2024 03:46,570,4,2,191,7,1,211,9,1,3,1,2
30/09/2024 03:46,571,4,2,160,3,10,210,8,10,1,0,27
30/09/2024 03:46,572,4,2,160,3,10,210,8,10,2,0,6
30/09/2024 03:46,573,4,2,160,3,10,210,8,10,3,0,4
30/09/2024 03:49,574,4,2,196,7,6,250,12,10,1,0,135
30/09/2024 03:49,575,4,2,196,7,6,250,12,10,2,1,9
30/09/2024 03:49,576,4,2,196,7,6,250,12,10,3,0,12
30/09/2024 03:50,577,4,2,147,2,7,260,13,10,1,0,24
30/09/2024 03:50,578,4,2,147,2,7,260,13,10,2,1,17
30/09/2024 03:50,579,4,2,147,2,7,260,13,10,3,0,12
30/09/2024 03:51,580,4,2,137,1,7,167,4,7,1,0,43
30/09/2024 03:52,581,4,2,137,1,7,167,4,7,2,0,93
30/09/2024 03:53,582,4,2,137,1,7,167,4,7,3,1,15
30/09/2024 03:54,583,4,2,205,8,5,238,11,8,1,1,59
30/09/2024 03:54,584,4,2,205,8,5,238,11,8,2,0,8
30/09/2024 03:54,585,4,2,205,8,5,238,11,8,3,0,3
30/09/2024 03:54,586,4,2,215,9,5,243,12,3,1,1,24
30/09/2024 03:59,587,4,2,215,9,5,243,12,3,2,0,273
30/09/2024 04:00,588,4,2,215,9,5,243,12,3,3,1,89
30/09/2024 04:01,589,4,2,150,2,10,157,3,7,1,1,40
30/09/2024 04:01,590,4,2,150,2,10,157,3,7,2,0,4
30/09/2024 04:01,591,4,2,150,2,10,157,3,7,3,0,5
30/09/2024 04:02,592,4,2,156,3,6,187,6,7,1,1,42
30/09/2024 04:02,593,4,2,156,3,6,187,6,7,2,1,14
30/09/2024 04:02,594,4,2,156,3,6,187,6,7,3,0,10
30/09/2024 04:07,595,4,2,138,1,8,222,10,2,1,1,283
30/09/2024 04:07,596,4,2,138,1,8,222,10,2,2,1,25
30/09/2024 04:08,597,4,2,138,1,8,222,10,2,3,1,3
30/09/2024 04:08,598,4,2,186,6,6,254,13,4,1,1,50
30/09/2024 04:08,599,4,2,186,6,6,254,13,4,2,0,7
30/09/2024 04:09,600,4,2,186,6,6,254,13,4,3,1,4
30/09/2024 04:09,601,4,2,135,1,5,163,4,3,1,1,24
30/09/2024 04:10,602,4,2,135,1,5,163,4,3,2,0,59
30/09/2024 04:12,603,4,2,135,1,5,163,4,3,3,1,114
30/09/2024 04:12,604,4,2,137,1,7,149,2,9,1,1,16
30/09/2024 04:12,605,4,2,137,1,7,149,2,9,2,0,15
30/09/2024 04:13,606,4,2,137,1,7,149,2,9,3,0,17
30/09/2024 04:15,607,4,2,236,11,6,260,13,10,1,0,113
30/09/2024 04:15,608,4,2,236,11,6,260,13,10,2,1,4
30/09/2024 04:15,609,4,2,236,11,6,260,13,10,3,0,3
30/09/2024 04:17,610,4,2,229,10,9,257,13,7,1,0,161
30/09/2024 04:18,611,4,2,229,10,9,257,13,7,2,0,3
30/09/2024 04:18,612,4,2,229,10,9,257,13,7,3,0,3
30/09/2024 04:18,613,4,2,228,10,8,243,12,3,1,1,14
30/09/2024 04:19,614,4,2,228,10,8,243,12,3,2,0,45
30/09/2024 04:19,615,4,2,228,10,8,243,12,3,3,0,42
30/09/2024 04:20,616,4,2,213,9,3,242,12,2,1,1,21
30/09/2024 04:20,617,4,2,213,9,3,242,12,2,2,1,7
30/09/2024 04:20,618,4,2,213,9,3,242,12,2,3,0,4
30/09/2024 04:23,619,4,2,140,1,10,228,10,8,1,1,159
30/09/2024 04:23,620,4,2,140,1,10,228,10,8,2,1,8
30/09/2024 04:23,621,4,2,140,1,10,228,10,8,3,0,2
30/09/2024 04:24,622,4,2,160,3,10,163,4,3,1,0,46
30/09/2024 04:24,623,4,2,160,3,10,163,4,3,2,0,3
30/09/2024 04:24,624,4,2,160,3,10,163,4,3,3,0,6
30/09/2024 04:26,625,4,2,206,8,6,248,12,8,1,0,112
30/09/2024 04:26,626,4,2,206,8,6,248,12,8,2,1,4
30/09/2024 04:26,627,4,2,206,8,6,248,12,8,3,1,23
30/09/2024 04:26,628,4,2,182,6,2,252,13,2,1,0,15
30/09/2024 04:26,629,4,2,182,6,2,252,13,2,2,0,4
30/09/2024 04:27,630,4,2,182,6,2,252,13,2,3,0,2
30/09/2024 04:27,631,4,2,134,1,4,195,7,5,1,1,28
30/09/2024 04:27,632,4,2,134,1,4,195,7,5,2,1,8
30/09/2024 04:27,633,4,2,134,1,4,195,7,5,3,0,5
30/09/2024 04:28,634,4,2,135,1,5,143,2,3,1,1,49
30/09/2024 04:28,635,4,2,135,1,5,143,2,3,2,0,4
30/09/2024 04:28,636,4,2,135,1,5,143,2,3,3,0,6
30/09/2024 04:29,637,4,2,155,3,5,163,4,3,1,1,22
30/09/2024 04:29,638,4,2,155,3,5,163,4,3,2,0,6
30/09/2024 04:29,639,4,2,155,3,5,163,4,3,3,0,22
30/09/2024 04:31,640,4,2,150,2,10,180,5,10,1,0,101
30/09/2024 04:31,641,4,2,150,2,10,180,5,10,2,0,4
30/09/2024 04:31,642,4,2,150,2,10,180,5,10,3,0,4
30/09/2024 04:32,643,4,2,204,8,4,250,12,10,1,1,85
30/09/2024 04:34,644,4,2,204,8,4,250,12,10,2,1,90
30/09/2024 04:34,645,4,2,204,8,4,250,12,10,3,1,6
30/09/2024 04:34,646,4,2,161,4,1,235,11,5,1,0,22
30/09/2024 04:35,647,4,2,161,4,1,235,11,5,2,0,8
30/09/2024 04:35,648,4,2,161,4,1,235,11,5,3,0,9
30/09/2024 04:35,649,4,2,140,1,10,146,2,6,1,1,40
30/09/2024 04:35,650,4,2,140,1,10,146,2,6,2,0,2
30/09/2024 04:36,651,4,2,140,1,10,146,2,6,3,1,9
30/09/2024 12:27,652,4,2,242,12,2,253,13,3,1,0,36
30/09/2024 12:28,653,4,2,242,12,2,253,13,3,2,0,4
30/09/2024 12:28,654,4,2,242,12,2,253,13,3,3,0,13
30/09/2024 12:28,655,4,2,189,6,9,250,12,10,1,0,42
30/09/2024 12:29,656,4,2,189,6,9,250,12,10,2,1,12
30/09/2024 12:29,657,4,2,189,6,9,250,12,10,3,1,28
30/09/2024 12:33,658,4,2,156,3,6,161,4,1,1,1,14
30/09/2024 12:33,659,4,2,156,3,6,161,4,1,2,1,16
30/09/2024 12:33,660,4,2,156,3,6,161,4,1,3,0,7
30/09/2024 12:34,661,4,2,142,2,2,178,5,8,1,0,43
30/09/2024 12:34,662,4,2,142,2,2,178,5,8,2,0,6
30/09/2024 12:34,663,4,2,142,2,2,178,5,8,3,0,3
30/09/2024 12:35,664,4,2,143,2,3,222,10,2,1,0,43
30/09/2024 12:35,665,4,2,143,2,3,222,10,2,2,1,28
30/09/2024 12:37,666,4,2,143,2,3,222,10,2,3,0,76
30/09/2024 12:37,667,4,2,185,6,5,216,9,6,1,1,23
30/09/2024 12:37,668,4,2,185,6,5,216,9,6,2,0,13
30/09/2024 12:38,669,4,2,185,6,5,216,9,6,3,1,13
30/09/2024 12:38,670,4,2,177,5,7,243,12,3,1,0,51
30/09/2024 12:39,671,4,2,177,5,7,243,12,3,2,0,5
30/09/2024 12:39,672,4,2,177,5,7,243,12,3,3,1,9
30/09/2024 12:39,673,4,2,167,4,7,231,11,1,1,0,35
30/09/2024 12:40,674,4,2,167,4,7,231,11,1,2,0,26
30/09/2024 12:40,675,4,2,167,4,7,231,11,1,3,1,19
02/10/2024 04:31,676,4,2,160,3,10,239,11,9,1,0,136
02/10/2024 04:31,677,4,2,160,3,10,239,11,9,2,0,6
02/10/2024 04:32,678,4,2,160,3,10,239,11,9,3,0,3
02/10/2024 04:32,679,4,2,214,9,4,255,13,5,1,0,33
02/10/2024 04:32,680,4,2,214,9,4,255,13,5,2,0,10
02/10/2024 04:32,681,4,2,214,9,4,255,13,5,3,1,3
02/10/2024 04:36,682,4,2,140,1,10,245,12,5,1,1,199
02/10/2024 04:36,683,4,2,140,1,10,245,12,5,2,1,6
02/10/2024 04:36,684,4,2,140,1,10,245,12,5,3,0,26
02/10/2024 04:38,685,4,2,228,10,8,234,11,4,1,0,116
02/10/2024 04:38,686,4,2,228,10,8,234,11,4,2,0,7
02/10/2024 04:39,687,4,2,228,10,8,234,11,4,3,0,55
02/10/2024 04:41,688,4,2,192,7,2,253,13,3,1,0,90
02/10/2024 04:41,689,4,2,192,7,2,253,13,3,2,0,3
02/10/2024 04:42,690,4,2,192,7,2,253,13,3,3,1,39
02/10/2024 04:44,691,4,2,154,3,4,244,12,4,1,0,142
02/10/2024 04:44,692,4,2,154,3,4,244,12,4,2,0,2
02/10/2024 04:44,693,4,2,154,3,4,244,12,4,3,0,3
02/10/2024 04:46,694,4,2,172,5,2,247,12,7,1,0,111
02/10/2024 04:46,695,4,2,172,5,2,247,12,7,2,1,5
02/10/2024 04:46,696,4,2,172,5,2,247,12,7,3,1,3
02/10/2024 04:46,697,4,2,180,5,10,199,7,9,1,1,19
02/10/2024 04:48,698,4,2,180,5,10,199,7,9,2,1,104
02/10/2024 04:48,699,4,2,180,5,10,199,7,9,3,1,3
02/10/2024 04:48,700,4,2,150,2,10,223,10,3,1,0,14
02/10/2024 04:52,701,4,2,150,2,10,223,10,3,2,1,235
02/10/2024 04:53,702,4,2,150,2,10,223,10,3,3,0,21
02/10/2024 04:53,703,4,2,159,3,9,236,11,6,1,0,31
02/10/2024 04:53,704,4,2,159,3,9,236,11,6,2,1,10
02/10/2024 04:54,705,4,2,159,3,9,236,11,6,3,1,40
02/10/2024 04:54,706,4,2,228,10,8,259,13,9,1,1,3
02/10/2024 04:55,707,4,2,228,10,8,259,13,9,2,0,59
02/10/2024 04:56,708,4,2,228,10,8,259,13,9,3,0,65
02/10/2024 04:57,709,4,2,226,10,6,237,11,7,1,1,50
02/10/2024 04:57,710,4,2,226,10,6,237,11,7,2,0,3
02/10/2024 04:58,711,4,2,226,10,6,237,11,7,3,1,29
02/10/2024 04:59,712,4,2,153,3,3,253,13,3,1,0,66
02/10/2024 04:59,713,4,2,153,3,3,253,13,3,2,1,21
02/10/2024 04:59,714,4,2,153,3,3,253,13,3,3,1,3
02/10/2024 05:01,715,4,2,189,6,9,216,9,6,1,0,98
02/10/2024 05:01,716,4,2,189,6,9,216,9,6,2,1,3
02/10/2024 05:01,717,4,2,189,6,9,216,9,6,3,0,5
02/10/2024 05:01,718,4,2,167,4,7,193,7,3,1,1,9
02/10/2024 05:01,719,4,2,167,4,7,193,7,3,2,0,12
02/10/2024 05:02,720,4,2,167,4,7,193,7,3,3,0,10
02/10/2024 05:02,721,4,2,184,6,4,218,9,8,1,1,30
02/10/2024 05:02,722,4,2,184,6,4,218,9,8,2,0,5
02/10/2024 05:02,723,4,2,184,6,4,218,9,8,3,0,10
02/10/2024 05:03,724,4,2,172,5,2,183,6,3,1,0,15
02/10/2024 05:04,725,4,2,172,5,2,183,6,3,2,1,85
02/10/2024 05:05,726,4,2,172,5,2,183,6,3,3,0,39
02/10/2024 05:06,727,4,2,172,5,2,253,13,3,1,1,94
02/10/2024 05:06,728,4,2,172,5,2,253,13,3,2,0,2
02/10/2024 05:06,729,4,2,172,5,2,253,13,3,3,1,2
02/10/2024 05:08,730,4,2,166,4,6,210,8,10,1,0,82
02/10/2024 05:08,731,4,2,166,4,6,210,8,10,2,0,11
02/10/2024 05:08,732,4,2,166,4,6,210,8,10,3,0,4
02/10/2024 05:09,733,4,2,148,2,8,234,11,4,1,0,38
02/10/2024 05:13,734,4,2,148,2,8,234,11,4,2,1,232
02/10/2024 05:13,735,4,2,148,2,8,234,11,4,3,1,14
02/10/2024 05:14,736,4,2,155,3,5,195,7,5,1,1,93
02/10/2024 05:14,737,4,2,155,3,5,195,7,5,2,0,6
02/10/2024 05:15,738,4,2,155,3,5,195,7,5,3,1,4
02/10/2024 05:15,739,4,2,169,4,9,202,8,2,1,1,25
02/10/2024 05:15,740,4,2,169,4,9,202,8,2,2,0,5
02/10/2024 05:15,741,4,2,169,4,9,202,8,2,3,0,6
02/10/2024 05:17,742,4,2,132,1,2,155,3,5,1,0,136
02/10/2024 05:18,743,4,2,132,1,2,155,3,5,2,1,3
02/10/2024 05:18,744,4,2,132,1,2,155,3,5,3,0,11
02/10/2024 05:19,745,4,2,220,9,10,249,12,9,1,1,70
02/10/2024 05:19,746,4,2,220,9,10,249,12,9,2,0,7
02/10/2024 05:20,747,4,2,220,9,10,249,12,9,3,1,67
02/10/2024 05:21,748,4,2,154,3,4,212,9,2,1,0,64
02/10/2024 05:21,749,4,2,154,3,4,212,9,2,2,0,2
02/10/2024 05:21,750,4,2,154,3,4,212,9,2,3,0,2
02/10/2024 05:22,751,4,2,158,3,8,250,12,10,1,0,24
02/10/2024 05:22,752,4,2,158,3,8,250,12,10,2,1,3
02/10/2024 05:22,753,4,2,158,3,8,250,12,10,3,1,2
02/10/2024 05:22,754,4,2,185,6,5,231,11,1,1,0,15
02/10/2024 05:23,755,4,2,185,6,5,231,11,1,2,0,82
02/10/2024 05:23,756,4,2,185,6,5,231,11,1,3,0,2
02/10/2024 05:24,757,4,2,186,6,6,187,6,7,1,1,23
02/10/2024 05:25,758,4,2,186,6,6,187,6,7,2,0,59
02/10/2024 05:26,759,4,2,186,6,6,187,6,7,3,1,45
02/10/2024 05:26,760,4,2,177,5,7,251,13,1,1,0,11
02/10/2024 05:26,761,4,2,177,5,7,251,13,1,2,1,2
02/10/2024 05:26,762,4,2,177,5,7,251,13,1,3,0,23
02/10/2024 05:29,763,4,2,134,1,4,223,10,3,1,0,157
02/10/2024 05:29,764,4,2,134,1,4,223,10,3,2,1,9
02/10/2024 05:29,765,4,2,134,1,4,223,10,3,3,1,3
02/10/2024 05:38,766,4,2,167,4,7,192,7,2,1,1,85
02/10/2024 05:38,767,4,2,167,4,7,192,7,2,2,0,5
02/10/2024 05:38,768,4,2,167,4,7,192,7,2,3,0,3
02/10/2024 05:44,769,4,2,161,4,1,244,12,4,1,0,305
02/10/2024 05:44,770,4,2,161,4,1,244,12,4,2,0,2
02/10/2024 05:44,771,4,2,161,4,1,244,12,4,3,0,3
02/10/2024 05:45,772,4,2,154,3,4,199,7,9,1,1,60
02/10/2024 05:45,773,4,2,154,3,4,199,7,9,2,0,1
02/10/2024 05:45,774,4,2,154,3,4,199,7,9,3,0,7
02/10/2024 05:46,775,4,2,151,3,1,220,9,10,1,0,62
02/10/2024 05:46,776,4,2,151,3,1,220,9,10,2,1,3
02/10/2024 05:46,777,4,2,151,3,1,220,9,10,3,1,8
02/10/2024 05:47,778,4,2,163,4,3,198,7,8,1,0,31
02/10/2024 05:47,779,4,2,163,4,3,198,7,8,2,0,5
02/10/2024 05:47,780,4,2,163,4,3,198,7,8,3,0,4
02/10/2024 05:48,781,4,2,153,3,3,201,8,1,1,0,45
02/10/2024 05:49,782,4,2,153,3,3,201,8,1,2,1,63
02/10/2024 05:52,783,4,2,153,3,3,201,8,1,3,1,189
02/10/2024 05:52,784,4,2,199,7,9,253,13,3,1,0,12
02/10/2024 05:52,785,4,2,199,7,9,253,13,3,2,0,2
02/10/2024 05:52,786,4,2,199,7,9,253,13,3,3,1,8
02/10/2024 05:54,787,4,2,150,2,10,166,4,6,1,1,136
02/10/2024 05:55,788,4,2,150,2,10,166,4,6,2,0,3
02/10/2024 05:55,789,4,2,150,2,10,166,4,6,3,1,3
02/10/2024 05:56,790,4,2,140,1,10,216,9,6,1,0,93
02/10/2024 05:56,791,4,2,140,1,10,216,9,6,2,1,6
02/10/2024 05:56,792,4,2,140,1,10,216,9,6,3,0,2
02/10/2024 05:58,793,4,2,141,2,1,254,13,4,1,0,77
02/10/2024 05:58,794,4,2,141,2,1,254,13,4,2,0,2
02/10/2024 05:58,795,4,2,141,2,1,254,13,4,3,0,10
02/10/2024 05:59,796,4,2,220,9,10,253,13,3,1,1,44
02/10/2024 05:59,797,4,2,220,9,10,253,13,3,2,0,2
02/10/2024 05:59,798,4,2,220,9,10,253,13,3,3,1,21
02/10/2024 06:04,799,4,2,161,4,1,222,10,2,1,0,278
02/10/2024 06:04,800,4,2,161,4,1,222,10,2,2,1,34
02/10/2024 06:04,801,4,2,161,4,1,222,10,2,3,1,6
02/10/2024 06:05,802,4,2,157,3,7,208,8,8,1,0,13
02/10/2024 06:05,803,4,2,157,3,7,208,8,8,2,1,3
02/10/2024 06:06,804,4,2,157,3,7,208,8,8,3,1,4
02/10/2024 06:06,805,4,2,148,2,8,237,11,7,1,1,22
02/10/2024 06:06,806,4,2,148,2,8,237,11,7,2,0,2
02/10/2024 06:06,807,4,2,148,2,8,237,11,7,3,0,3
02/10/2024 06:07,808,4,2,135,1,5,260,13,10,1,1,17
02/10/2024 06:08,809,4,2,135,1,5,260,13,10,2,1,80
02/10/2024 06:08,810,4,2,135,1,5,260,13,10,3,1,4
02/10/2024 06:10,811,4,2,219,9,9,222,10,2,1,0,97
02/10/2024 06:10,812,4,2,219,9,9,222,10,2,2,1,8
02/10/2024 06:10,813,4,2,219,9,9,222,10,2,3,1,10
02/10/2024 06:11,814,4,2,161,4,1,206,8,6,1,1,38
02/10/2024 06:11,815,4,2,161,4,1,206,8,6,2,0,3
02/10/2024 06:11,816,4,2,161,4,1,206,8,6,3,1,12
02/10/2024 06:13,817,4,2,135,1,5,221,10,1,1,1,143
02/10/2024 06:15,818,4,2,135,1,5,221,10,1,2,0,100
02/10/2024 06:15,819,4,2,135,1,5,221,10,1,3,1,2
02/10/2024 06:15,820,4,2,196,7,6,226,10,6,1,0,20
02/10/2024 06:16,821,4,2,196,7,6,226,10,6,2,1,6
02/10/2024 06:16,822,4,2,196,7,6,226,10,6,3,0,2
02/10/2024 06:17,823,4,2,147,2,7,194,7,4,1,0,77
02/10/2024 06:17,824,4,2,147,2,7,194,7,4,2,1,6
02/10/2024 06:17,825,4,2,147,2,7,194,7,4,3,1,10
02/10/2024 06:20,826,4,2,236,11,6,243,12,3,1,1,172
02/10/2024 06:20,827,4,2,236,11,6,243,12,3,2,0,2
02/10/2024 06:20,828,4,2,236,11,6,243,12,3,3,0,4
02/10/2024 06:21,829,4,2,206,8,6,238,11,8,1,0,47
02/10/2024 06:21,830,4,2,206,8,6,238,11,8,2,0,2
02/10/2024 06:21,831,4,2,206,8,6,238,11,8,3,0,6
02/10/2024 06:23,832,4,2,205,8,5,213,9,3,1,1,85
02/10/2024 06:23,833,4,2,205,8,5,213,9,3,2,0,9
02/10/2024 06:23,834,4,2,205,8,5,213,9,3,3,0,28
02/10/2024 06:24,835,4,2,206,8,6,241,12,1,1,0,45
02/10/2024 06:24,836,4,2,206,8,6,241,12,1,2,0,10
02/10/2024 06:24,837,4,2,206,8,6,241,12,1,3,1,1
02/10/2024 06:29,838,4,2,150,2,10,228,10,8,1,0,314
02/10/2024 06:29,839,4,2,150,2,10,228,10,8,2,0,3
02/10/2024 06:30,840,4,2,150,2,10,228,10,8,3,0,4
02/10/2024 06:30,841,4,2,137,1,7,251,13,1,1,0,10
02/10/2024 06:30,842,4,2,137,1,7,251,13,1,2,1,4
02/10/2024 06:30,843,4,2,137,1,7,251,13,1,3,0,4
02/10/2024 06:33,844,4,2,203,8,3,230,10,10,1,0,173
02/10/2024 06:33,845,4,2,203,8,3,230,10,10,2,1,3
02/10/2024 06:33,846,4,2,203,8,3,230,10,10,3,1,1
02/10/2024 06:34,847,4,2,219,9,9,252,13,2,1,1,76
02/10/2024 06:34,848,4,2,219,9,9,252,13,2,2,1,5
02/10/2024 06:35,849,4,2,219,9,9,252,13,2,3,1,17
02/10/2024 06:36,850,4,2,160,3,10,170,4,10,1,1,71
02/10/2024 06:36,851,4,2,160,3,10,170,4,10,2,0,12
02/10/2024 06:36,852,4,2,160,3,10,170,4,10,3,0,3
02/10/2024 06:44,853,4,2,238,11,8,240,11,10,1,1,498
02/10/2024 06:44,854,4,2,238,11,8,240,11,10,2,1,2
02/10/2024 06:44,855,4,2,238,11,8,240,11,10,3,1,1
02/10/2024 06:45,856,4,2,186,6,6,230,10,10,1,0,29
02/10/2024 06:45,857,4,2,186,6,6,230,10,10,2,1,2
02/10/2024 06:45,858,4,2,186,6,6,230,10,10,3,1,2
02/10/2024 06:46,859,4,2,206,8,6,208,8,8,1,1,66
02/10/2024 06:46,860,4,2,206,8,6,208,8,8,2,0,6
02/10/2024 06:46,861,4,2,206,8,6,208,8,8,3,1,9
02/10/2024 06:47,862,4,2,132,1,2,243,12,3,1,0,23
02/10/2024 06:47,863,4,2,132,1,2,243,12,3,2,0,3
02/10/2024 06:48,864,4,2,132,1,2,243,12,3,3,0,40
02/10/2024 06:48,865,4,2,211,9,1,257,13,7,1,1,47
02/10/2024 06:48,866,4,2,211,9,1,257,13,7,2,0,6
02/10/2024 06:49,867,4,2,211,9,1,257,13,7,3,0,12
02/10/2024 06:50,868,4,2,200,7,10,226,10,6,1,0,83
02/10/2024 06:50,869,4,2,200,7,10,226,10,6,2,0,8
02/10/2024 06:50,870,4,2,200,7,10,226,10,6,3,1,10
02/10/2024 06:53,871,4,2,133,1,3,158,3,8,1,0,145
02/10/2024 06:53,872,4,2,133,1,3,158,3,8,2,0,6
02/10/2024 06:53,873,4,2,133,1,3,158,3,8,3,0,6
02/10/2024 06:53,874,4,2,158,3,8,224,10,4,1,0,8
02/10/2024 06:53,875,4,2,158,3,8,224,10,4,2,1,5
02/10/2024 06:53,876,4,2,158,3,8,224,10,4,3,1,2
02/10/2024 06:55,877,4,2,143,2,3,217,9,7,1,0,96
02/10/2024 06:55,878,4,2,143,2,3,217,9,7,2,1,3
02/10/2024 06:55,879,4,2,143,2,3,217,9,7,3,0,5
02/10/2024 06:58,880,4,2,164,4,4,258,13,8,1,0,163
02/10/2024 06:58,881,4,2,164,4,4,258,13,8,2,1,7
02/10/2024 06:59,882,4,2,164,4,4,258,13,8,3,0,54
02/10/2024 07:00,883,4,2,154,3,4,201,8,1,1,1,44
02/10/2024 07:00,884,4,2,154,3,4,201,8,1,2,0,12
02/10/2024 07:00,885,4,2,154,3,4,201,8,1,3,1,29
02/10/2024 07:01,886,4,2,189,6,9,254,13,4,1,0,30
02/10/2024 07:01,887,4,2,189,6,9,254,13,4,2,0,40
02/10/2024 07:02,888,4,2,189,6,9,254,13,4,3,0,55
02/10/2024 07:03,889,4,2,175,5,5,259,13,9,1,0,18
02/10/2024 07:03,890,4,2,175,5,5,259,13,9,2,0,8
02/10/2024 07:03,891,4,2,175,5,5,259,13,9,3,0,5
02/10/2024 07:03,892,4,2,131,1,1,252,13,2,1,1,23
02/10/2024 07:04,893,4,2,131,1,1,252,13,2,2,0,16
02/10/2024 07:07,894,4,2,131,1,1,252,13,2,3,0,24
02/10/2024 07:07,895,4,2,181,6,1,256,13,6,1,1,12
02/10/2024 07:07,896,4,2,181,6,1,256,13,6,2,0,10
02/10/2024 07:07,897,4,2,181,6,1,256,13,6,3,1,3
02/10/2024 07:07,898,4,2,166,4,6,219,9,9,1,0,9
02/10/2024 07:08,899,4,2,166,4,6,219,9,9,2,1,33
02/10/2024 07:08,900,4,2,166,4,6,219,9,9,3,0,2
02/10/2024 07:10,901,4,2,205,8,5,221,10,1,1,1,105
02/10/2024 07:10,902,4,2,205,8,5,221,10,1,2,0,12
02/10/2024 07:12,903,4,2,205,8,5,221,10,1,3,1,136
02/10/2024 07:13,904,4,2,164,4,4,172,5,2,1,1,38
02/10/2024 07:13,905,4,2,164,4,4,172,5,2,2,0,26
02/10/2024 07:13,906,4,2,164,4,4,172,5,2,3,1,3
02/10/2024 07:14,907,4,2,187,6,7,239,11,9,1,0,19
02/10/2024 07:14,908,4,2,187,6,7,239,11,9,2,0,13
02/10/2024 07:14,909,4,2,187,6,7,239,11,9,3,1,2
02/10/2024 07:15,910,4,2,142,2,2,237,11,7,1,1,93
02/10/2024 07:16,911,4,2,142,2,2,237,11,7,2,1,57
02/10/2024 07:16,912,4,2,142,2,2,237,11,7,3,1,5
02/10/2024 07:17,913,4,2,185,6,5,217,9,7,1,1,27
02/10/2024 07:17,914,4,2,185,6,5,217,9,7,2,0,1
02/10/2024 07:17,915,4,2,185,6,5,217,9,7,3,0,2
02/10/2024 07:17,916,4,2,172,5,2,250,12,10,1,0,11
02/10/2024 07:17,917,4,2,172,5,2,250,12,10,2,1,4
02/10/2024 07:17,918,4,2,172,5,2,250,12,10,3,1,4
02/10/2024 07:18,919,4,2,167,4,7,229,10,9,1,1,20
02/10/2024 07:19,920,4,2,167,4,7,229,10,9,2,0,68
02/10/2024 07:19,921,4,2,167,4,7,229,10,9,3,1,10
02/10/2024 07:21,922,4,2,131,1,1,147,2,7,1,1,136
02/10/2024 07:21,923,4,2,131,1,1,147,2,7,2,0,14
02/10/2024 07:22,924,4,2,131,1,1,147,2,7,3,0,10
02/10/2024 07:22,925,4,2,156,3,6,236,11,6,1,0,38
02/10/2024 07:23,926,4,2,156,3,6,236,11,6,2,1,14
02/10/2024 07:23,927,4,2,156,3,6,236,11,6,3,1,2
02/10/2024 07:23,928,4,2,187,6,7,241,12,1,1,0,49
02/10/2024 07:24,929,4,2,187,6,7,241,12,1,2,1,7
02/10/2024 07:25,930,4,2,187,6,7,241,12,1,3,1,98
02/10/2024 07:26,931,4,2,183,6,3,215,9,5,1,0,43
02/10/2024 07:26,932,4,2,183,6,3,215,9,5,2,0,3
02/10/2024 07:26,933,4,2,183,6,3,215,9,5,3,1,8
02/10/2024 07:27,934,4,2,163,4,3,184,6,4,1,0,45
02/10/2024 07:27,935,4,2,163,4,3,184,6,4,2,1,10
02/10/2024 07:27,936,4,2,163,4,3,184,6,4,3,1,16
02/10/2024 07:28,937,4,2,208,8,8,213,9,3,1,0,43
02/10/2024 07:28,938,4,2,208,8,8,213,9,3,2,1,18
02/10/2024 07:28,939,4,2,208,8,8,213,9,3,3,0,4
02/10/2024 07:29,940,4,2,134,1,4,135,1,5,1,0,28
02/10/2024 07:29,941,4,2,134,1,4,135,1,5,2,1,9
02/10/2024 07:29,942,4,2,134,1,4,135,1,5,3,1,17
02/10/2024 09:41,943,4,2,148,2,8,175,5,5,1,1,6
02/10/2024 09:43,944,4,2,148,2,8,175,5,5,2,0,120
02/10/2024 09:44,945,4,2,148,2,8,175,5,5,3,0,31
02/10/2024 09:45,946,4,2,135,1,5,225,10,5,1,0,72
02/10/2024 09:45,947,4,2,135,1,5,225,10,5,2,1,16
02/10/2024 09:45,948,4,2,135,1,5,225,10,5,3,1,22
02/10/2024 09:48,949,4,2,143,2,3,176,5,6,1,0,60
02/10/2024 09:49,950,4,2,143,2,3,176,5,6,2,1,19
02/10/2024 09:49,951,4,2,143,2,3,176,5,6,3,1,3
02/10/2024 09:50,952,4,2,241,12,1,258,13,8,1,0,97
02/10/2024 09:54,953,4,2,241,12,1,258,13,8,2,1,51
02/10/2024 09:55,954,4,2,241,12,1,258,13,8,3,0,63
02/10/2024 09:56,955,4,2,196,7,6,230,10,10,1,0,38
02/10/2024 09:56,956,4,2,196,7,6,230,10,10,2,1,15
02/10/2024 09:56,957,4,2,196,7,6,230,10,10,3,0,8
02/10/2024 09:57,958,4,2,131,1,1,218,9,8,1,1,62
02/10/2024 09:57,959,4,2,131,1,1,218,9,8,2,0,23
02/10/2024 09:58,960,4,2,131,1,1,218,9,8,3,0,11
02/10/2024 09:59,961,4,2,174,5,4,179,5,9,1,1,59
02/10/2024 10:00,962,4,2,174,5,4,179,5,9,2,0,63
02/10/2024 10:01,963,4,2,174,5,4,179,5,9,3,0,74
02/10/2024 10:01,964,4,2,149,2,9,224,10,4,1,0,15
02/10/2024 10:01,965,4,2,149,2,9,224,10,4,2,1,10
02/10/2024 10:02,966,4,2,149,2,9,224,10,4,3,0,61
02/10/2024 10:03,967,4,2,141,2,1,260,13,10,1,0,46
02/10/2024 10:04,968,4,2,141,2,1,260,13,10,2,0,20
02/10/2024 10:04,969,4,2,141,2,1,260,13,10,3,0,10
02/10/2024 10:04,970,4,2,146,2,6,227,10,7,1,0,29
02/10/2024 10:05,971,4,2,146,2,6,227,10,7,2,1,14
02/10/2024 10:05,972,4,2,146,2,6,227,10,7,3,0,22
02/10/2024 10:05,973,4,2,212,9,2,253,13,3,1,1,27
02/10/2024 10:06,974,4,2,212,9,2,253,13,3,2,0,44
02/10/2024 10:07,975,4,2,212,9,2,253,13,3,3,0,47
02/10/2024 10:07,976,4,2,215,9,5,229,10,9,1,1,33
02/10/2024 10:08,977,4,2,215,9,5,229,10,9,2,1,9
02/10/2024 10:08,978,4,2,215,9,5,229,10,9,3,0,7
02/10/2024 10:08,979,4,2,153,3,3,254,13,4,1,0,39
02/10/2024 10:09,980,4,2,153,3,3,254,13,4,2,1,30
02/10/2024 10:09,981,4,2,153,3,3,254,13,4,3,1,4
02/10/2024 10:09,982,4,2,173,5,3,176,5,6,1,1,18
02/10/2024 10:09,983,4,2,173,5,3,176,5,6,2,1,1
02/10/2024 10:09,984,4,2,173,5,3,176,5,6,3,1,2
02/10/2024 10:13,985,4,2,144,2,4,247,12,7,1,1,199
02/10/2024 10:13,986,4,2,144,2,4,247,12,7,2,0,5
02/10/2024 10:13,987,4,2,144,2,4,247,12,7,3,1,13
02/10/2024 10:15,988,4,2,168,4,8,228,10,8,1,0,88
02/10/2024 10:15,989,4,2,168,4,8,228,10,8,2,1,4
02/10/2024 10:17,990,4,2,168,4,8,228,10,8,3,1,6
02/10/2024 10:18,991,4,2,143,2,3,210,8,10,1,1,46
02/10/2024 10:18,992,4,2,143,2,3,210,8,10,2,1,35
02/10/2024 10:19,993,4,2,143,2,3,210,8,10,3,1,2
02/10/2024 10:19,994,4,2,169,4,9,183,6,3,1,1,57
02/10/2024 10:20,995,4,2,169,4,9,183,6,3,2,0,12
02/10/2024 10:20,996,4,2,169,4,9,183,6,3,3,0,1
02/10/2024 10:20,997,4,2,209,8,9,225,10,5,1,0,28
02/10/2024 10:20,998,4,2,209,8,9,225,10,5,2,1,5
02/10/2024 10:22,999,4,2,209,8,9,225,10,5,3,0,73
02/10/2024 10:22,1000,4,2,183,6,3,233,11,3,1,1,21
02/10/2024 10:22,1001,4,2,183,6,3,233,11,3,2,1,27
02/10/2024 10:22,1002,4,2,183,6,3,233,11,3,3,1,4
02/10/2024 10:26,1003,4,2,166,4,6,214,9,4,1,0,10
02/10/2024 10:26,1004,4,2,166,4,6,214,9,4,2,0,12
02/10/2024 10:26,1005,4,2,166,4,6,214,9,4,3,0,5
02/10/2024 10:28,1006,4,2,191,7,1,214,9,4,1,0,99
02/10/2024 10:28,1007,4,2,191,7,1,214,9,4,2,1,8
02/10/2024 10:30,1008,4,2,191,7,1,214,9,4,3,0,135
02/10/2024 10:31,1009,4,2,159,3,9,168,4,8,1,0,23
02/10/2024 10:31,1010,4,2,159,3,9,168,4,8,2,1,5
02/10/2024 10:31,1011,4,2,159,3,9,168,4,8,3,1,5
02/10/2024 10:32,1012,4,2,173,5,3,191,7,1,1,1,10
02/10/2024 10:32,1013,4,2,173,5,3,191,7,1,2,1,8
02/10/2024 10:32,1014,4,2,173,5,3,191,7,1,3,1,2
02/10/2024 10:33,1015,4,2,228,10,8,252,13,2,1,1,59
02/10/2024 10:34,1016,4,2,228,10,8,252,13,2,2,0,37
02/10/2024 10:34,1017,4,2,228,10,8,252,13,2,3,0,12
02/10/2024 10:35,1018,4,2,142,2,2,155,3,5,1,0,36
02/10/2024 10:35,1019,4,2,142,2,2,155,3,5,2,1,10
02/10/2024 10:36,1020,4,2,142,2,2,155,3,5,3,0,14
02/10/2024 10:36,1021,4,3,316,6,6,322,7,2,1,0,24
02/10/2024 10:37,1022,4,3,316,6,6,322,7,2,2,1,50
02/10/2024 10:37,1023,4,3,316,6,6,322,7,2,3,1,8
03/10/2024 01:11,1024,4,3,334,8,4,339,8,9,1,1,145
03/10/2024 01:11,1025,4,3,334,8,4,339,8,9,2,0,16
03/10/2024 01:11,1026,4,3,334,8,4,339,8,9,3,1,9
03/10/2024 01:12,1027,4,3,368,11,8,389,13,9,1,0,58
03/10/2024 01:13,1028,4,3,368,11,8,389,13,9,2,1,75
03/10/2024 01:16,1029,4,3,368,11,8,389,13,9,3,1,126
03/10/2024 01:16,1030,4,3,308,5,8,344,9,4,1,0,25
03/10/2024 01:16,1031,4,3,308,5,8,344,9,4,2,1,11
03/10/2024 01:16,1032,4,3,308,5,8,344,9,4,3,1,4
03/10/2024 01:17,1033,4,3,296,4,6,354,10,4,1,0,38
03/10/2024 01:17,1034,4,3,296,4,6,354,10,4,2,1,10
03/10/2024 01:17,1035,4,3,296,4,6,354,10,4,3,0,14
03/10/2024 01:18,1036,4,3,323,7,3,340,8,10,1,0,68
03/10/2024 01:19,1037,4,3,323,7,3,340,8,10,2,0,28
03/10/2024 01:19,1038,4,3,323,7,3,340,8,10,3,1,3
03/10/2024 01:24,1039,4,3,300,4,10,350,9,10,1,1,286
03/10/2024 01:24,1040,4,3,300,4,10,350,9,10,2,0,11
03/10/2024 01:24,1041,4,3,300,4,10,350,9,10,3,0,2
03/10/2024 01:25,1042,4,3,317,6,7,368,11,8,1,1,41
03/10/2024 01:25,1043,4,3,317,6,7,368,11,8,2,0,31
03/10/2024 01:25,1044,4,3,317,6,7,368,11,8,3,1,3
03/10/2024 01:26,1045,4,3,301,5,1,339,8,9,1,1,50
03/10/2024 01:26,1046,4,3,301,5,1,339,8,9,2,1,4
03/10/2024 01:26,1047,4,3,301,5,1,339,8,9,3,1,5
03/10/2024 01:27,1048,4,3,307,5,7,346,9,6,1,0,22
03/10/2024 01:27,1049,4,3,307,5,7,346,9,6,2,1,8
03/10/2024 01:27,1050,4,3,307,5,7,346,9,6,3,1,32
03/10/2024 01:29,1051,4,3,379,12,9,383,13,3,1,1,87
03/10/2024 01:29,1052,4,3,379,12,9,383,13,3,2,0,6
03/10/2024 01:29,1053,4,3,379,12,9,383,13,3,3,1,8
03/10/2024 01:30,1054,4,3,332,8,2,389,13,9,1,0,34
03/10/2024 01:30,1055,4,3,332,8,2,389,13,9,2,0,2
03/10/2024 01:30,1056,4,3,332,8,2,389,13,9,3,0,9
03/10/2024 01:31,1057,4,3,273,2,3,300,4,10,1,0,62
03/10/2024 01:31,1058,4,3,273,2,3,300,4,10,2,1,18
03/10/2024 01:33,1059,4,3,273,2,3,300,4,10,3,1,117
03/10/2024 01:34,1060,4,3,297,4,7,371,12,1,1,0,19
03/10/2024 01:34,1061,4,3,297,4,7,371,12,1,2,0,53
03/10/2024 01:35,1062,4,3,297,4,7,371,12,1,3,0,3
03/10/2024 01:36,1063,4,3,267,1,7,353,10,3,1,1,71
03/10/2024 01:36,1064,4,3,267,1,7,353,10,3,2,1,4
03/10/2024 01:36,1065,4,3,267,1,7,353,10,3,3,1,7
03/10/2024 01:37,1066,4,3,314,6,4,349,9,9,1,1,46
03/10/2024 01:37,1067,4,3,314,6,4,349,9,9,2,0,8
03/10/2024 01:37,1068,4,3,314,6,4,349,9,9,3,0,5
03/10/2024 01:38,1069,4,3,274,2,4,347,9,7,1,1,85
03/10/2024 01:39,1070,4,3,274,2,4,347,9,7,2,0,11
03/10/2024 01:40,1071,4,3,274,2,4,347,9,7,3,0,116
03/10/2024 01:44,1072,4,3,290,3,10,363,11,3,1,1,192
03/10/2024 01:44,1073,4,3,290,3,10,363,11,3,2,1,3
03/10/2024 01:44,1074,4,3,290,3,10,363,11,3,3,1,8
03/10/2024 01:45,1075,4,3,324,7,4,356,10,6,1,0,67
03/10/2024 01:45,1076,4,3,324,7,4,356,10,6,2,0,7
03/10/2024 01:45,1077,4,3,324,7,4,356,10,6,3,1,2
03/10/2024 01:48,1078,4,3,353,10,3,377,12,7,1,0,173
03/10/2024 01:48,1079,4,3,353,10,3,377,12,7,2,0,6
03/10/2024 01:48,1080,4,3,353,10,3,377,12,7,3,0,13
03/10/2024 01:49,1081,4,3,333,8,3,372,12,2,1,0,19
03/10/2024 01:49,1082,4,3,333,8,3,372,12,2,2,1,8
03/10/2024 01:49,1083,4,3,333,8,3,372,12,2,3,0,8
03/10/2024 01:50,1084,4,3,281,3,1,309,5,9,1,1,54
03/10/2024 01:50,1085,4,3,281,3,1,309,5,9,2,1,28
03/10/2024 01:51,1086,4,3,281,3,1,309,5,9,3,1,59
03/10/2024 01:52,1087,4,3,303,5,3,305,5,5,1,0,28
03/10/2024 01:52,1088,4,3,303,5,3,305,5,5,2,0,9
03/10/2024 01:52,1089,4,3,303,5,3,305,5,5,3,0,11
03/10/2024 01:54,1090,4,3,267,1,7,298,4,8,1,1,102
03/10/2024 01:54,1091,4,3,267,1,7,298,4,8,2,0,5
03/10/2024 01:54,1092,4,3,267,1,7,298,4,8,3,1,9
03/10/2024 01:55,1093,4,3,297,4,7,299,4,9,1,0,45
03/10/2024 01:55,1094,4,3,297,4,7,299,4,9,2,0,7
03/10/2024 01:55,1095,4,3,297,4,7,299,4,9,3,0,2
03/10/2024 01:56,1096,4,3,294,4,4,341,9,1,1,0,36
03/10/2024 01:56,1097,4,3,294,4,4,341,9,1,2,0,23
03/10/2024 01:57,1098,4,3,294,4,4,341,9,1,3,0,77
03/10/2024 01:58,1099,4,3,285,3,5,313,6,3,1,1,49
03/10/2024 01:58,1100,4,3,285,3,5,313,6,3,2,1,6
03/10/2024 01:59,1101,4,3,285,3,5,313,6,3,3,1,9
03/10/2024 01:59,1102,4,3,315,6,5,350,9,10,1,1,31
03/10/2024 01:59,1103,4,3,315,6,5,350,9,10,2,0,11
03/10/2024 01:59,1104,4,3,315,6,5,350,9,10,3,0,6
03/10/2024 02:00,1105,4,3,265,1,5,292,4,2,1,1,36
03/10/2024 02:00,1106,4,3,265,1,5,292,4,2,2,1,3
03/10/2024 02:00,1107,4,3,265,1,5,292,4,2,3,0,8
03/10/2024 02:01,1108,4,3,305,5,5,319,6,9,1,1,56
03/10/2024 02:01,1109,4,3,305,5,5,319,6,9,2,1,4
03/10/2024 02:01,1110,4,3,305,5,5,319,6,9,3,1,2
03/10/2024 02:02,1111,4,3,266,1,6,292,4,2,1,1,21
03/10/2024 02:04,1112,4,3,266,1,6,292,4,2,2,1,134
03/10/2024 02:04,1113,4,3,266,1,6,292,4,2,3,0,4
03/10/2024 02:05,1114,4,3,269,1,9,357,10,7,1,1,73
03/10/2024 02:05,1115,4,3,269,1,9,357,10,7,2,0,9
03/10/2024 02:07,1116,4,3,269,1,9,357,10,7,3,1,92
03/10/2024 02:08,1117,4,3,384,13,4,389,13,9,1,1,49
03/10/2024 02:09,1118,4,3,384,13,4,389,13,9,2,1,60
03/10/2024 02:09,1119,4,3,384,13,4,389,13,9,3,1,12
03/10/2024 03:22,1120,4,3,285,3,5,316,6,6,1,1,37
03/10/2024 03:23,1121,4,3,285,3,5,316,6,6,2,0,18
03/10/2024 03:24,1122,4,3,285,3,5,316,6,6,3,0,61
03/10/2024 03:27,1123,4,3,349,9,9,379,12,9,1,0,28
03/10/2024 03:27,1124,4,3,349,9,9,379,12,9,2,1,24
03/10/2024 03:28,1125,4,3,349,9,9,379,12,9,3,1,65
03/10/2024 03:29,1126,4,3,315,6,5,331,8,1,1,1,47
03/10/2024 03:29,1127,4,3,315,6,5,331,8,1,2,0,8
03/10/2024 03:30,1128,4,3,315,6,5,331,8,1,3,0,81
03/10/2024 03:31,1129,4,3,328,7,8,380,12,10,1,0,58
03/10/2024 03:32,1130,4,3,328,7,8,380,12,10,2,1,48
03/10/2024 03:32,1131,4,3,328,7,8,380,12,10,3,1,9
03/10/2024 03:41,1132,4,3,334,8,4,376,12,6,1,1,96
03/10/2024 03:41,1133,4,3,334,8,4,376,12,6,2,1,2
03/10/2024 03:41,1134,4,3,334,8,4,376,12,6,3,1,5
03/10/2024 03:42,1135,4,3,327,7,7,372,12,2,1,0,82
03/10/2024 03:43,1136,4,3,327,7,7,372,12,2,2,1,5
03/10/2024 03:43,1137,4,3,327,7,7,372,12,2,3,1,2
03/10/2024 03:44,1138,4,3,345,9,5,363,11,3,1,1,62
03/10/2024 03:44,1139,4,3,345,9,5,363,11,3,2,0,5
03/10/2024 03:44,1140,4,3,345,9,5,363,11,3,3,0,12
03/10/2024 03:44,1141,4,3,311,6,1,360,10,10,1,0,22
03/10/2024 03:44,1142,4,3,311,6,1,360,10,10,2,1,6
03/10/2024 03:45,1143,4,3,311,6,1,360,10,10,3,1,32
03/10/2024 03:46,1144,4,3,322,7,2,333,8,3,1,1,73
03/10/2024 03:46,1145,4,3,322,7,2,333,8,3,2,0,7
03/10/2024 03:46,1146,4,3,322,7,2,333,8,3,3,1,2
03/10/2024 03:47,1147,4,3,343,9,3,362,11,2,1,0,19
03/10/2024 03:48,1148,4,3,343,9,3,362,11,2,2,1,89
03/10/2024 03:49,1149,4,3,343,9,3,362,11,2,3,1,17
03/10/2024 03:49,1150,4,3,282,3,2,336,8,6,1,0,11
03/10/2024 03:49,1151,4,3,282,3,2,336,8,6,2,0,3
03/10/2024 03:49,1152,4,3,282,3,2,336,8,6,3,1,2
03/10/2024 03:49,1153,4,3,297,4,7,352,10,2,1,0,26
03/10/2024 03:49,1154,4,3,297,4,7,352,10,2,2,0,5
03/10/2024 03:49,1155,4,3,297,4,7,352,10,2,3,0,4
03/10/2024 03:50,1156,4,3,323,7,3,362,11,2,1,0,55
03/10/2024 03:50,1157,4,3,323,7,3,362,11,2,2,1,6
03/10/2024 03:51,1158,4,3,323,7,3,362,11,2,3,1,46
03/10/2024 03:52,1159,4,3,301,5,1,312,6,2,1,0,69
03/10/2024 03:52,1160,4,3,301,5,1,312,6,2,2,0,3
03/10/2024 03:53,1161,4,3,301,5,1,312,6,2,3,1,2
03/10/2024 03:56,1162,4,3,314,6,4,368,11,8,1,0,189
03/10/2024 03:56,1163,4,3,314,6,4,368,11,8,2,0,7
03/10/2024 03:57,1164,4,3,314,6,4,368,11,8,3,0,70
03/10/2024 03:58,1165,4,3,306,5,6,389,13,9,1,0,29
03/10/2024 03:58,1166,4,3,306,5,6,389,13,9,2,1,2
03/10/2024 03:58,1167,4,3,306,5,6,389,13,9,3,0,52
03/10/2024 03:59,1168,4,3,274,2,4,275,2,5,1,0,8
03/10/2024 03:59,1169,4,3,274,2,4,275,2,5,2,0,2
03/10/2024 03:59,1170,4,3,274,2,4,275,2,5,3,0,9
03/10/2024 03:59,1171,4,3,267,1,7,343,9,3,1,0,36
03/10/2024 03:59,1172,4,3,267,1,7,343,9,3,2,0,2
03/10/2024 04:00,1173,4,3,267,1,7,343,9,3,3,0,2
03/10/2024 04:00,1174,4,3,267,1,7,318,6,8,1,1,26
03/10/2024 04:00,1175,4,3,267,1,7,318,6,8,2,0,28
03/10/2024 04:02,1176,4,3,267,1,7,318,6,8,3,1,71
03/10/2024 04:02,1177,4,3,305,5,5,323,7,3,1,1,16
03/10/2024 04:02,1178,4,3,305,5,5,323,7,3,2,1,3
03/10/2024 04:02,1179,4,3,305,5,5,323,7,3,3,1,13
03/10/2024 04:03,1180,4,3,306,5,6,351,10,1,1,0,45
03/10/2024 04:03,1181,4,3,306,5,6,351,10,1,2,1,4
03/10/2024 04:03,1182,4,3,306,5,6,351,10,1,3,0,2
03/10/2024 04:10,1183,4,3,364,11,4,370,11,10,1,1,436
03/10/2024 04:11,1184,4,3,364,11,4,370,11,10,2,0,5
03/10/2024 04:11,1185,4,3,364,11,4,370,11,10,3,0,22
03/10/2024 04:11,1186,4,3,293,4,3,313,6,3,1,0,15
03/10/2024 04:12,1187,4,3,293,4,3,313,6,3,2,1,57
03/10/2024 04:12,1188,4,3,293,4,3,313,6,3,3,1,2
03/10/2024 04:12,1189,4,3,317,6,7,335,8,5,1,0,12
03/10/2024 04:13,1190,4,3,317,6,7,335,8,5,2,1,10
03/10/2024 04:13,1191,4,3,317,6,7,335,8,5,3,0,3
03/10/2024 04:14,1192,4,3,274,2,4,356,10,6,1,0,92
03/10/2024 04:15,1193,4,3,274,2,4,356,10,6,2,1,71
03/10/2024 04:15,1194,4,3,274,2,4,356,10,6,3,1,2
03/10/2024 04:17,1195,4,3,317,6,7,383,13,3,1,0,78
03/10/2024 04:17,1196,4,3,317,6,7,383,13,3,2,0,2
03/10/2024 04:17,1197,4,3,317,6,7,383,13,3,3,0,9
03/10/2024 04:17,1198,4,3,305,5,5,382,13,2,1,1,29
03/10/2024 04:18,1199,4,3,305,5,5,382,13,2,2,1,37
03/10/2024 04:18,1200,4,3,305,5,5,382,13,2,3,1,18
03/10/2024 04:19,1201,4,3,295,4,5,307,5,7,1,1,11
03/10/2024 04:19,1202,4,3,295,4,5,307,5,7,2,0,7
03/10/2024 04:19,1203,4,3,295,4,5,307,5,7,3,1,5
03/10/2024 04:21,1204,4,3,360,10,10,368,11,8,1,1,126
03/10/2024 04:21,1205,4,3,360,10,10,368,11,8,2,0,7
03/10/2024 04:22,1206,4,3,360,10,10,368,11,8,3,1,78
03/10/2024 04:26,1207,4,3,271,2,1,374,12,4,1,1,212
03/10/2024 04:26,1208,4,3,271,2,1,374,12,4,2,0,5
03/10/2024 04:26,1209,4,3,271,2,1,374,12,4,3,1,22
03/10/2024 04:27,1210,4,3,262,1,2,364,11,4,1,0,28
03/10/2024 04:27,1211,4,3,262,1,2,364,11,4,2,0,3
03/10/2024 04:27,1212,4,3,262,1,2,364,11,4,3,1,3
03/10/2024 04:28,1213,4,3,266,1,6,309,5,9,1,1,77
03/10/2024 04:28,1214,4,3,266,1,6,309,5,9,2,0,3
03/10/2024 04:28,1215,4,3,266,1,6,309,5,9,3,0,4
03/10/2024 04:29,1216,4,3,334,8,4,359,10,9,1,1,29
03/10/2024 04:30,1217,4,3,334,8,4,359,10,9,2,1,57
03/10/2024 04:30,1218,4,3,334,8,4,359,10,9,3,1,15
03/10/2024 04:30,1219,4,3,272,2,2,323,7,3,1,1,13
03/10/2024 04:31,1220,4,3,272,2,2,323,7,3,2,0,10
03/10/2024 04:31,1221,4,3,272,2,2,323,7,3,3,0,3
03/10/2024 04:31,1222,4,3,296,4,6,338,8,8,1,0,28
03/10/2024 04:31,1223,4,3,296,4,6,338,8,8,2,0,3
03/10/2024 04:31,1224,4,3,296,4,6,338,8,8,3,0,11
03/10/2024 04:32,1225,4,3,265,1,5,307,5,7,1,1,53
03/10/2024 04:34,1226,4,3,265,1,5,307,5,7,2,1,82
03/10/2024 04:34,1227,4,3,265,1,5,307,5,7,3,0,28
03/10/2024 04:34,1228,4,3,275,2,5,388,13,8,1,1,19
03/10/2024 04:35,1229,4,3,275,2,5,388,13,8,2,0,4
03/10/2024 04:35,1230,4,3,275,2,5,388,13,8,3,1,51
03/10/2024 04:36,1231,4,3,344,9,4,355,10,5,1,0,26
03/10/2024 04:36,1232,4,3,344,9,4,355,10,5,2,1,3
03/10/2024 04:36,1233,4,3,344,9,4,355,10,5,3,0,8
03/10/2024 06:51,1234,4,3,308,5,8,384,13,4,1,0,46
03/10/2024 06:51,1235,4,3,308,5,8,384,13,4,2,1,3
03/10/2024 06:52,1236,4,3,308,5,8,384,13,4,3,0,39
03/10/2024 06:54,1237,4,3,350,9,10,382,13,2,1,1,114
03/10/2024 06:54,1238,4,3,350,9,10,382,13,2,2,1,8
03/10/2024 06:54,1239,4,3,350,9,10,382,13,2,3,1,21
03/10/2024 06:55,1240,4,3,263,1,3,267,1,7,1,0,17
03/10/2024 06:56,1241,4,3,263,1,3,267,1,7,2,1,61
03/10/2024 06:56,1242,4,3,263,1,3,267,1,7,3,1,3
03/10/2024 06:57,1243,4,3,277,2,7,315,6,5,1,0,58
03/10/2024 06:58,1244,4,3,277,2,7,315,6,5,2,1,48
03/10/2024 06:58,1245,4,3,277,2,7,315,6,5,3,1,18
03/10/2024 06:58,1246,4,3,277,2,7,369,11,9,1,1,15
03/10/2024 06:58,1247,4,3,277,2,7,369,11,9,2,0,5
03/10/2024 07:00,1248,4,3,277,2,7,369,11,9,3,1,94
03/10/2024 07:01,1249,4,3,335,8,5,352,10,2,1,1,49
03/10/2024 07:01,1250,4,3,335,8,5,352,10,2,2,1,22
03/10/2024 07:01,1251,4,3,335,8,5,352,10,2,3,0,2
03/10/2024 07:03,1252,4,3,327,7,7,358,10,8,1,0,99
03/10/2024 07:03,1253,4,3,327,7,7,358,10,8,2,0,42
03/10/2024 07:03,1254,4,3,327,7,7,358,10,8,3,0,4
03/10/2024 07:05,1255,4,3,309,5,9,338,8,8,1,0,61
03/10/2024 07:06,1256,4,3,309,5,9,338,8,8,2,0,117
03/10/2024 07:07,1257,4,3,309,5,9,338,8,8,3,1,4
03/10/2024 07:07,1258,4,3,267,1,7,332,8,2,1,1,18
03/10/2024 07:07,1259,4,3,267,1,7,332,8,2,2,0,3
03/10/2024 07:07,1260,4,3,267,1,7,332,8,2,3,0,5
03/10/2024 07:09,1261,4,3,305,5,5,340,8,10,1,0,95
03/10/2024 07:09,1262,4,3,305,5,5,340,8,10,2,0,6
03/10/2024 07:09,1263,4,3,305,5,5,340,8,10,3,1,2
03/10/2024 08:06,1264,4,3,261,1,1,264,1,4,1,0,66
03/10/2024 08:07,1265,4,3,261,1,1,264,1,4,2,0,51
03/10/2024 08:07,1266,4,3,261,1,1,264,1,4,3,0,8
03/10/2024 08:07,1267,4,3,290,3,10,301,5,1,1,1,20
03/10/2024 08:09,1268,4,3,290,3,10,301,5,1,2,0,76
03/10/2024 08:09,1269,4,3,290,3,10,301,5,1,3,1,14
03/10/2024 08:09,1270,4,3,302,5,2,346,9,6,1,0,20
03/10/2024 08:09,1271,4,3,302,5,2,346,9,6,2,1,9
03/10/2024 08:11,1272,4,3,302,5,2,346,9,6,3,1,68
03/10/2024 08:11,1273,4,3,317,6,7,333,8,3,1,1,25
03/10/2024 08:11,1274,4,3,317,6,7,333,8,3,2,0,3
03/10/2024 08:12,1275,4,3,317,6,7,333,8,3,3,0,41
03/10/2024 08:12,1276,4,3,313,6,3,370,11,10,1,0,15
03/10/2024 08:12,1277,4,3,313,6,3,370,11,10,2,0,4
03/10/2024 08:12,1278,4,3,313,6,3,370,11,10,3,1,17
03/10/2024 08:13,1279,4,3,280,2,10,356,10,6,1,0,37
03/10/2024 08:14,1280,4,3,280,2,10,356,10,6,2,0,72
03/10/2024 08:15,1281,4,3,280,2,10,356,10,6,3,1,57
03/10/2024 08:16,1282,4,3,340,8,10,357,10,7,1,1,18
03/10/2024 08:16,1283,4,3,340,8,10,357,10,7,2,0,25
03/10/2024 08:16,1284,4,3,340,8,10,357,10,7,3,1,11
03/10/2024 08:17,1285,4,3,345,9,5,357,10,7,1,1,22
03/10/2024 08:17,1286,4,3,345,9,5,357,10,7,2,0,2
03/10/2024 08:17,1287,4,3,345,9,5,357,10,7,3,1,9
03/10/2024 08:17,1288,4,3,281,3,1,382,13,2,1,1,27
03/10/2024 08:17,1289,4,3,281,3,1,382,13,2,2,1,2
03/10/2024 08:18,1290,4,3,281,3,1,382,13,2,3,1,46
03/10/2024 08:18,1291,4,3,306,5,6,371,12,1,1,0,13
03/10/2024 08:18,1292,4,3,306,5,6,371,12,1,2,0,3
03/10/2024 08:18,1293,4,3,306,5,6,371,12,1,3,0,1
03/10/2024 08:19,1294,4,3,262,1,2,353,10,3,1,1,64
03/10/2024 08:20,1295,4,3,262,1,2,353,10,3,2,1,29
03/10/2024 08:20,1296,4,3,262,1,2,353,10,3,3,1,2
03/10/2024 08:21,1297,4,3,284,3,4,360,10,10,1,0,89
03/10/2024 08:22,1298,4,3,284,3,4,360,10,10,2,1,23
03/10/2024 08:23,1299,4,3,284,3,4,360,10,10,3,1,72
03/10/2024 08:23,1300,4,3,262,1,2,319,6,9,1,1,21
03/10/2024 08:24,1301,4,3,262,1,2,319,6,9,2,1,4
03/10/2024 08:24,1302,4,3,262,1,2,319,6,9,3,1,19
03/10/2024 08:24,1303,4,3,298,4,8,346,9,6,1,0,19
03/10/2024 08:24,1304,4,3,298,4,8,346,9,6,2,0,11
03/10/2024 08:24,1305,4,3,298,4,8,346,9,6,3,1,3
03/10/2024 08:25,1306,4,3,272,2,2,306,5,6,1,1,47
03/10/2024 08:25,1307,4,3,272,2,2,306,5,6,2,0,5
03/10/2024 08:26,1308,4,3,272,2,2,306,5,6,3,1,14
03/10/2024 08:27,1309,4,3,374,12,4,376,12,6,1,0,85
03/10/2024 08:27,1310,4,3,374,12,4,376,12,6,2,1,8
03/10/2024 08:27,1311,4,3,374,12,4,376,12,6,3,1,16
03/10/2024 08:28,1312,4,3,326,7,6,330,7,10,1,0,21
03/10/2024 08:29,1313,4,3,326,7,6,330,7,10,2,1,76
03/10/2024 08:29,1314,4,3,326,7,6,330,7,10,3,0,3
03/10/2024 08:29,1315,4,3,307,5,7,309,5,9,1,0,15
03/10/2024 08:30,1316,4,3,307,5,7,309,5,9,2,0,19
03/10/2024 08:30,1317,4,3,307,5,7,309,5,9,3,0,2
03/10/2024 08:31,1318,4,3,265,1,5,364,11,4,1,0,65
03/10/2024 08:31,1319,4,3,265,1,5,364,11,4,2,0,4
03/10/2024 08:31,1320,4,3,265,1,5,364,11,4,3,1,2
03/10/2024 08:33,1321,4,3,359,10,9,369,11,9,1,0,118
03/10/2024 08:33,1322,4,3,359,10,9,369,11,9,2,0,2
03/10/2024 08:34,1323,4,3,359,10,9,369,11,9,3,0,35
03/10/2024 08:34,1324,4,3,300,4,10,318,6,8,1,1,21
03/10/2024 08:34,1325,4,3,300,4,10,318,6,8,2,0,2
03/10/2024 08:34,1326,4,3,300,4,10,318,6,8,3,0,1
03/10/2024 08:34,1327,4,3,287,3,7,368,11,8,1,0,12
03/10/2024 08:35,1328,4,3,287,3,7,368,11,8,2,0,24
03/10/2024 08:35,1329,4,3,287,3,7,368,11,8,3,1,2
03/10/2024 08:35,1330,4,3,324,7,4,344,9,4,1,0,17
03/10/2024 08:35,1331,4,3,324,7,4,344,9,4,2,0,4
03/10/2024 08:37,1332,4,3,324,7,4,344,9,4,3,0,138
03/10/2024 08:39,1333,4,3,306,5,6,375,12,5,1,0,91
03/10/2024 08:39,1334,4,3,306,5,6,375,12,5,2,0,12
03/10/2024 08:39,1335,4,3,306,5,6,375,12,5,3,0,3
03/10/2024 08:40,1336,4,3,307,5,7,368,11,8,1,0,43
03/10/2024 08:40,1337,4,3,307,5,7,368,11,8,2,1,7
03/10/2024 08:40,1338,4,3,307,5,7,368,11,8,3,1,10
03/10/2024 08:42,1339,4,3,263,1,3,291,4,1,1,1,130
03/10/2024 08:43,1340,4,3,263,1,3,291,4,1,2,1,4
03/10/2024 08:43,1341,4,3,263,1,3,291,4,1,3,0,18
03/10/2024 08:44,1342,4,3,332,8,2,377,12,7,1,0,61
03/10/2024 08:44,1343,4,3,332,8,2,377,12,7,2,1,2
03/10/2024 08:44,1344,4,3,332,8,2,377,12,7,3,1,1
03/10/2024 08:45,1345,4,3,289,3,9,345,9,5,1,0,70
03/10/2024 08:45,1346,4,3,289,3,9,345,9,5,2,1,3
03/10/2024 08:45,1347,4,3,289,3,9,345,9,5,3,1,6
03/10/2024 08:46,1348,4,3,318,6,8,346,9,6,1,0,16
03/10/2024 08:46,1349,4,3,318,6,8,346,9,6,2,1,3
03/10/2024 08:46,1350,4,3,318,6,8,346,9,6,3,0,8
03/10/2024 08:46,1351,4,3,299,4,9,338,8,8,1,1,15
03/10/2024 08:48,1352,4,3,299,4,9,338,8,8,2,0,113
03/10/2024 08:48,1353,4,3,299,4,9,338,8,8,3,1,3
03/10/2024 08:48,1354,4,3,301,5,1,354,10,4,1,0,14
03/10/2024 08:48,1355,4,3,301,5,1,354,10,4,2,1,2
03/10/2024 08:49,1356,4,3,301,5,1,354,10,4,3,1,49
03/10/2024 08:50,1357,4,3,314,6,4,379,12,9,1,0,55
03/10/2024 08:50,1358,4,3,314,6,4,379,12,9,2,1,4
03/10/2024 08:51,1359,4,3,314,6,4,379,12,9,3,0,43
03/10/2024 08:51,1360,4,3,287,3,7,291,4,1,1,0,11
03/10/2024 08:51,1361,4,3,287,3,7,291,4,1,2,1,3
03/10/2024 08:51,1362,4,3,287,3,7,291,4,1,3,1,8
03/10/2024 08:52,1363,4,3,354,10,4,373,12,3,1,1,34
03/10/2024 08:52,1364,4,3,354,10,4,373,12,3,2,0,5
03/10/2024 08:53,1365,4,3,354,10,4,373,12,3,3,1,63
03/10/2024 08:54,1366,4,3,267,1,7,386,13,6,1,0,35
03/10/2024 08:54,1367,4,3,267,1,7,386,13,6,2,1,5
03/10/2024 08:54,1368,4,3,267,1,7,386,13,6,3,1,6
03/10/2024 08:59,1369,4,3,296,4,6,335,8,5,1,1,292
03/10/2024 08:59,1370,4,3,296,4,6,335,8,5,2,0,39
03/10/2024 08:59,1371,4,3,296,4,6,335,8,5,3,0,6
03/10/2024 09:01,1372,4,3,359,10,9,374,12,4,1,0,101
03/10/2024 09:01,1373,4,3,359,10,9,374,12,4,2,0,1
03/10/2024 09:01,1374,4,3,359,10,9,374,12,4,3,0,5
03/10/2024 09:02,1375,4,3,341,9,1,352,10,2,1,1,38
03/10/2024 09:02,1376,4,3,341,9,1,352,10,2,2,1,25
03/10/2024 09:03,1377,4,3,341,9,1,352,10,2,3,1,25
03/10/2024 09:03,1378,4,3,294,4,4,357,10,7,1,1,29
03/10/2024 09:03,1379,4,3,294,4,4,357,10,7,2,0,8
03/10/2024 09:05,1380,4,3,294,4,4,357,10,7,3,1,58
03/10/2024 09:06,1381,4,3,317,6,7,332,8,2,1,0,107
03/10/2024 09:06,1382,4,3,317,6,7,332,8,2,2,0,5
03/10/2024 09:06,1383,4,3,317,6,7,332,8,2,3,0,3
03/10/2024 09:07,1384,4,3,277,2,7,307,5,7,1,1,32
03/10/2024 09:07,1385,4,3,277,2,7,307,5,7,2,0,3
03/10/2024 09:07,1386,4,3,277,2,7,307,5,7,3,1,5
03/10/2024 13:36,1387,4,3,281,3,1,323,7,3,1,1,54
03/10/2024 13:36,1388,4,3,281,3,1,323,7,3,2,1,22
03/10/2024 13:36,1389,4,3,281,3,1,323,7,3,3,1,20
03/10/2024 13:37,1390,4,3,276,2,6,373,12,3,1,0,35
03/10/2024 13:37,1391,4,3,276,2,6,373,12,3,2,1,4
03/10/2024 13:37,1392,4,3,276,2,6,373,12,3,3,0,24
03/10/2024 13:39,1393,4,3,304,5,4,325,7,5,1,0,73
03/10/2024 13:40,1394,4,3,304,5,4,325,7,5,2,1,46
03/10/2024 13:40,1395,4,3,304,5,4,325,7,5,3,1,19
03/10/2024 13:42,1396,4,3,325,7,5,345,9,5,1,1,105
03/10/2024 13:42,1397,4,3,325,7,5,345,9,5,2,0,7
03/10/2024 13:42,1398,4,3,325,7,5,345,9,5,3,0,12
03/10/2024 13:43,1399,4,3,310,5,10,322,7,2,1,1,34
03/10/2024 13:43,1400,4,3,310,5,10,322,7,2,2,1,17
03/10/2024 13:43,1401,4,3,310,5,10,322,7,2,3,1,7
03/10/2024 13:43,1402,4,3,330,7,10,370,11,10,1,0,24
03/10/2024 13:44,1403,4,3,330,7,10,370,11,10,2,0,16
03/10/2024 13:44,1404,4,3,330,7,10,370,11,10,3,1,47
03/10/2024 13:46,1405,4,3,276,2,6,302,5,2,1,0,104
03/10/2024 13:47,1406,4,3,276,2,6,302,5,2,2,1,23
03/10/2024 13:47,1407,4,3,276,2,6,302,5,2,3,0,6
03/10/2024 13:47,1408,4,3,333,8,3,378,12,8,1,0,32
03/10/2024 14:24,1409,4,3,333,8,3,378,12,8,2,1,31
03/10/2024 14:24,1410,4,3,333,8,3,378,12,8,3,1,14
03/10/2024 14:26,1411,4,3,317,6,7,325,7,5,1,0,6
03/10/2024 14:26,1412,4,3,317,6,7,325,7,5,2,1,10
03/10/2024 14:27,1413,4,3,317,6,7,325,7,5,3,0,28
03/10/2024 14:28,1414,4,3,261,1,1,344,9,4,1,0,51
03/10/2024 14:28,1415,4,3,261,1,1,344,9,4,2,1,18
03/10/2024 14:28,1416,4,3,261,1,1,344,9,4,3,1,15
03/10/2024 14:30,1417,4,3,283,3,3,326,7,6,1,1,115
03/10/2024 14:30,1418,4,3,283,3,3,326,7,6,2,1,5
03/10/2024 14:31,1419,4,3,283,3,3,326,7,6,3,1,14
03/10/2024 14:32,1420,4,3,340,8,10,348,9,8,1,1,71
03/10/2024 14:32,1421,4,3,340,8,10,348,9,8,2,1,11
03/10/2024 14:32,1422,4,3,340,8,10,348,9,8,3,0,9
03/10/2024 14:33,1423,4,3,367,11,7,382,13,2,1,1,67
03/10/2024 14:33,1424,4,3,367,11,7,382,13,2,2,1,4
03/10/2024 14:33,1425,4,3,367,11,7,382,13,2,3,1,4
03/10/2024 14:34,1426,4,3,290,3,10,365,11,5,1,0,59
03/10/2024 14:36,1427,4,3,290,3,10,365,11,5,2,0,72
03/10/2024 14:36,1428,4,3,290,3,10,365,11,5,3,1,4
03/10/2024 14:37,1429,4,3,276,2,6,318,6,8,1,0,95
03/10/2024 14:38,1430,4,3,276,2,6,318,6,8,2,0,11
03/10/2024 14:38,1431,4,3,276,2,6,318,6,8,3,0,15
03/10/2024 14:39,1432,4,3,277,2,7,385,13,5,1,1,55
03/10/2024 14:39,1433,4,3,277,2,7,385,13,5,2,1,4
03/10/2024 14:39,1434,4,3,277,2,7,385,13,5,3,1,7
03/10/2024 14:39,1435,4,3,277,2,7,344,9,4,1,0,26
03/10/2024 14:40,1436,4,3,277,2,7,344,9,4,2,1,11
03/10/2024 14:40,1437,4,3,277,2,7,344,9,4,3,1,3
04/10/2024 00:41,1438,4,3,314,6,4,318,6,8,1,0,72
04/10/2024 00:42,1439,4,3,314,6,4,318,6,8,2,0,30
04/10/2024 00:42,1440,4,3,314,6,4,318,6,8,3,0,38
04/10/2024 00:43,1441,4,3,357,10,7,368,11,8,1,0,20
04/10/2024 00:43,1442,4,3,357,10,7,368,11,8,2,0,22
04/10/2024 00:44,1443,4,3,357,10,7,368,11,8,3,0,31
04/10/2024 00:44,1444,4,3,270,1,10,358,10,8,1,1,30
04/10/2024 00:45,1445,4,3,270,1,10,358,10,8,2,0,30
04/10/2024 00:45,1446,4,3,270,1,10,358,10,8,3,0,21
04/10/2024 00:46,1447,4,3,262,1,2,273,2,3,1,1,33
04/10/2024 00:46,1448,4,3,262,1,2,273,2,3,2,0,5
04/10/2024 00:46,1449,4,3,262,1,2,273,2,3,3,1,3
04/10/2024 00:47,1450,4,3,271,2,1,300,4,10,1,0,78
04/10/2024 00:48,1451,4,3,271,2,1,300,4,10,2,1,28
04/10/2024 00:48,1452,4,3,271,2,1,300,4,10,3,1,3
04/10/2024 00:48,1453,4,3,284,3,4,298,4,8,1,1,48
04/10/2024 00:49,1454,4,3,284,3,4,298,4,8,2,1,6
04/10/2024 00:49,1455,4,3,284,3,4,298,4,8,3,1,38
04/10/2024 00:51,1456,4,3,312,6,2,319,6,9,1,0,139
04/10/2024 00:52,1457,4,3,312,6,2,319,6,9,2,1,10
04/10/2024 00:52,1458,4,3,312,6,2,319,6,9,3,0,5
04/10/2024 00:52,1459,4,3,332,8,2,384,13,4,1,0,42
04/10/2024 00:53,1460,4,3,332,8,2,384,13,4,2,1,14
04/10/2024 00:53,1461,4,3,332,8,2,384,13,4,3,1,2
04/10/2024 00:54,1462,4,3,357,10,7,389,13,9,1,1,49
04/10/2024 00:56,1463,4,3,357,10,7,389,13,9,2,1,129
04/10/2024 00:56,1464,4,3,357,10,7,389,13,9,3,0,6
04/10/2024 00:56,1465,4,3,293,4,3,364,11,4,1,0,16
04/10/2024 00:57,1466,4,3,293,4,3,364,11,4,2,1,54
04/10/2024 00:57,1467,4,3,293,4,3,364,11,4,3,1,2
04/10/2024 01:00,1468,4,3,292,4,2,373,12,3,1,0,140
04/10/2024 01:00,1469,4,3,292,4,2,373,12,3,2,1,8
04/10/2024 01:00,1470,4,3,292,4,2,373,12,3,3,0,10
04/10/2024 01:03,1471,4,3,377,12,7,384,13,4,1,1,204
04/10/2024 01:03,1472,4,3,377,12,7,384,13,4,2,0,2
04/10/2024 01:03,1473,4,3,377,12,7,384,13,4,3,1,2
04/10/2024 01:04,1474,4,3,315,6,5,318,6,8,1,1,59
04/10/2024 01:04,1475,4,3,315,6,5,318,6,8,2,0,1
04/10/2024 01:05,1476,4,3,315,6,5,318,6,8,3,0,9
04/10/2024 01:06,1477,4,3,354,10,4,376,12,6,1,1,112
04/10/2024 01:07,1478,4,3,354,10,4,376,12,6,2,0,6
04/10/2024 01:07,1479,4,3,354,10,4,376,12,6,3,1,4
04/10/2024 01:08,1480,4,3,353,10,3,390,13,10,1,1,88
04/10/2024 01:08,1481,4,3,353,10,3,390,13,10,2,0,2
04/10/2024 01:08,1482,4,3,353,10,3,390,13,10,3,0,1
04/10/2024 01:09,1483,4,3,296,4,6,364,11,4,1,0,45
04/10/2024 01:11,1484,4,3,296,4,6,364,11,4,2,0,134
04/10/2024 01:11,1485,4,3,296,4,6,364,11,4,3,1,17
04/10/2024 01:12,1486,4,3,312,6,2,358,10,8,1,0,10
04/10/2024 01:13,1487,4,3,312,6,2,358,10,8,2,0,64
04/10/2024 01:13,1488,4,3,312,6,2,358,10,8,3,0,6
04/10/2024 01:14,1489,4,3,265,1,5,317,6,7,1,1,54
04/10/2024 01:14,1490,4,3,265,1,5,317,6,7,2,0,6
04/10/2024 01:14,1491,4,3,265,1,5,317,6,7,3,0,6
04/10/2024 01:15,1492,4,3,333,8,3,343,9,3,1,0,33
04/10/2024 01:16,1493,4,3,333,8,3,343,9,3,2,1,118
04/10/2024 01:17,1494,4,3,333,8,3,343,9,3,3,1,21
04/10/2024 01:18,1495,4,3,325,7,5,333,8,3,1,1,68
04/10/2024 01:18,1496,4,3,325,7,5,333,8,3,2,0,3
04/10/2024 01:18,1497,4,3,325,7,5,333,8,3,3,0,15
04/10/2024 01:19,1498,4,3,264,1,4,340,8,10,1,1,40
04/10/2024 01:19,1499,4,3,264,1,4,340,8,10,2,1,1
04/10/2024 01:19,1500,4,3,264,1,4,340,8,10,3,1,3
04/10/2024 01:21,1501,4,3,283,3,3,309,5,9,1,0,133
04/10/2024 01:21,1502,4,3,283,3,3,309,5,9,2,0,3
04/10/2024 01:22,1503,4,3,283,3,3,309,5,9,3,1,5
04/10/2024 01:22,1504,4,3,321,7,1,371,12,1,1,0,29
04/10/2024 01:22,1505,4,3,321,7,1,371,12,1,2,0,2
04/10/2024 01:22,1506,4,3,321,7,1,371,12,1,3,0,1
04/10/2024 01:24,1507,4,3,314,6,4,347,9,7,1,1,122
04/10/2024 01:24,1508,4,3,314,6,4,347,9,7,2,0,2
04/10/2024 01:24,1509,4,3,314,6,4,347,9,7,3,0,2
04/10/2024 01:24,1510,4,3,261,1,1,279,2,9,1,1,15
04/10/2024 01:25,1511,4,3,261,1,1,279,2,9,2,0,31
04/10/2024 01:25,1512,4,3,261,1,1,279,2,9,3,1,3
04/10/2024 01:28,1513,4,3,310,5,10,325,7,5,1,0,186
04/10/2024 01:28,1514,4,3,310,5,10,325,7,5,2,1,5
04/10/2024 01:28,1515,4,3,310,5,10,325,7,5,3,1,5
04/10/2024 01:32,1516,4,3,291,4,1,386,13,6,1,1,191
04/10/2024 01:32,1517,4,3,291,4,1,386,13,6,2,0,3
04/10/2024 01:32,1518,4,3,291,4,1,386,13,6,3,1,1
04/10/2024 01:32,1519,4,3,298,4,8,366,11,6,1,1,18
04/10/2024 01:32,1520,4,3,298,4,8,366,11,6,2,0,2
04/10/2024 01:32,1521,4,3,298,4,8,366,11,6,3,1,1
04/10/2024 01:32,1522,4,3,295,4,5,339,8,9,1,1,17
04/10/2024 01:32,1523,4,3,295,4,5,339,8,9,2,0,2
04/10/2024 01:33,1524,4,3,295,4,5,339,8,9,3,0,39
04/10/2024 01:33,1525,4,3,301,5,1,348,9,8,1,0,24
04/10/2024 01:34,1526,4,3,301,5,1,348,9,8,2,0,13
04/10/2024 01:34,1527,4,3,301,5,1,348,9,8,3,1,10
04/10/2024 01:36,1528,4,3,329,7,9,388,13,8,1,1,116
04/10/2024 01:36,1529,4,3,329,7,9,388,13,8,2,0,4
04/10/2024 01:36,1530,4,3,329,7,9,388,13,8,3,1,3
20/09/2024 20:43,1,5,1,10,1,10,106,11,6,1,0,64
20/09/2024 20:44,2,5,1,10,1,10,106,11,6,2,0,9
20/09/2024 20:45,3,5,1,10,1,10,106,11,6,3,1,72
21/09/2024 00:27,4,5,1,71,8,1,120,12,10,1,0,24
21/09/2024 00:28,5,5,1,71,8,1,120,12,10,2,1,13
21/09/2024 00:28,6,5,1,71,8,1,120,12,10,3,1,26
21/09/2024 00:29,7,5,1,76,8,6,84,9,4,1,0,24
21/09/2024 00:29,8,5,1,76,8,6,84,9,4,2,1,9
21/09/2024 00:29,9,5,1,76,8,6,84,9,4,3,1,13
21/09/2024 00:29,10,5,1,39,4,9,63,7,3,1,0,25
21/09/2024 00:30,11,5,1,39,4,9,63,7,3,2,0,13
21/09/2024 00:30,12,5,1,39,4,9,63,7,3,3,0,12
21/09/2024 00:30,13,5,1,37,4,7,65,7,5,1,1,29
21/09/2024 00:31,14,5,1,37,4,7,65,7,5,2,0,15
21/09/2024 00:31,15,5,1,37,4,7,65,7,5,3,1,13
21/09/2024 00:31,16,5,1,47,5,7,60,6,10,1,0,37
21/09/2024 00:32,17,5,1,47,5,7,60,6,10,2,1,3
21/09/2024 00:32,18,5,1,47,5,7,60,6,10,3,1,4
21/09/2024 00:32,19,5,1,45,5,5,128,13,8,1,0,44
21/09/2024 00:33,20,5,1,45,5,5,128,13,8,2,0,19
21/09/2024 00:33,21,5,1,45,5,5,128,13,8,3,1,5
21/09/2024 00:33,22,5,1,4,1,4,89,9,9,1,1,26
21/09/2024 00:33,23,5,1,4,1,4,89,9,9,2,0,13
21/09/2024 00:34,24,5,1,4,1,4,89,9,9,3,0,9
21/09/2024 00:34,25,5,1,15,2,5,58,6,8,1,0,38
21/09/2024 00:34,26,5,1,15,2,5,58,6,8,2,0,9
21/09/2024 00:35,27,5,1,15,2,5,58,6,8,3,0,6
21/09/2024 00:35,28,5,1,99,10,9,119,12,9,1,1,21
21/09/2024 00:35,29,5,1,99,10,9,119,12,9,2,0,31
21/09/2024 00:36,30,5,1,99,10,9,119,12,9,3,0,5
21/09/2024 00:36,31,5,1,56,6,6,59,6,9,1,0,31
21/09/2024 00:36,32,5,1,56,6,6,59,6,9,2,1,8
21/09/2024 00:37,33,5,1,56,6,6,59,6,9,3,1,16
21/09/2024 00:37,34,5,1,10,1,10,76,8,6,1,1,24
21/09/2024 00:37,35,5,1,10,1,10,76,8,6,2,0,8
21/09/2024 00:43,36,5,1,10,1,10,76,8,6,3,1,30
21/09/2024 00:44,37,5,1,26,3,6,123,13,3,1,0,87
21/09/2024 00:44,38,5,1,26,3,6,123,13,3,2,0,5
21/09/2024 00:45,39,5,1,26,3,6,123,13,3,3,0,9
21/09/2024 22:58,40,5,1,63,7,3,87,9,7,1,0,17
21/09/2024 22:58,41,5,1,63,7,3,87,9,7,2,1,2
21/09/2024 22:58,42,5,1,63,7,3,87,9,7,3,1,5
21/09/2024 22:58,43,5,1,73,8,3,83,9,3,1,0,15
21/09/2024 23:00,44,5,1,73,8,3,83,9,3,2,1,103
21/09/2024 23:00,45,5,1,73,8,3,83,9,3,3,1,4
21/09/2024 23:00,46,5,1,23,3,3,60,6,10,1,0,15
21/09/2024 23:00,47,5,1,23,3,3,60,6,10,2,1,5
21/09/2024 23:01,48,5,1,23,3,3,60,6,10,3,1,4
21/09/2024 23:01,49,5,1,43,5,3,121,13,1,1,0,44
21/09/2024 23:01,50,5,1,43,5,3,121,13,1,2,1,5
21/09/2024 23:01,51,5,1,43,5,3,121,13,1,3,1,7
21/09/2024 23:03,52,5,1,57,6,7,66,7,6,1,1,65
21/09/2024 23:04,53,5,1,57,6,7,66,7,6,2,1,25
21/09/2024 23:04,54,5,1,57,6,7,66,7,6,3,1,11
21/09/2024 23:10,55,5,1,83,9,3,130,13,10,1,1,17
21/09/2024 23:10,56,5,1,83,9,3,130,13,10,2,0,19
21/09/2024 23:11,57,5,1,83,9,3,130,13,10,3,0,13
21/09/2024 23:11,58,5,1,9,1,9,32,4,2,1,1,23
21/09/2024 23:11,59,5,1,9,1,9,32,4,2,2,0,9
21/09/2024 23:11,60,5,1,9,1,9,32,4,2,3,1,3
21/09/2024 23:12,61,5,1,25,3,5,123,13,3,1,0,39
21/09/2024 23:12,62,5,1,25,3,5,123,13,3,2,1,8
21/09/2024 23:12,63,5,1,25,3,5,123,13,3,3,1,9
21/09/2024 23:13,64,5,1,1,1,1,32,4,2,1,1,26
21/09/2024 23:13,65,5,1,1,1,1,32,4,2,2,0,9
21/09/2024 23:13,66,5,1,1,1,1,32,4,2,3,0,5
21/09/2024 23:13,67,5,1,58,6,8,119,12,9,1,1,19
21/09/2024 23:13,68,5,1,58,6,8,119,12,9,2,0,1
21/09/2024 23:13,69,5,1,58,6,8,119,12,9,3,0,4
21/09/2024 23:14,70,5,1,31,4,1,91,10,1,1,1,20
21/09/2024 23:14,71,5,1,31,4,1,91,10,1,2,0,1
21/09/2024 23:14,72,5,1,31,4,1,91,10,1,3,0,6
21/09/2024 23:14,73,5,1,114,12,4,125,13,5,1,0,18
21/09/2024 23:15,74,5,1,114,12,4,125,13,5,2,1,42
21/09/2024 23:15,75,5,1,114,12,4,125,13,5,3,1,3
21/09/2024 23:17,76,5,1,23,3,3,48,5,8,1,1,140
21/09/2024 23:17,77,5,1,23,3,3,48,5,8,2,0,1
21/09/2024 23:17,78,5,1,23,3,3,48,5,8,3,0,4
21/09/2024 23:18,79,5,1,79,8,9,90,9,10,1,0,11
21/09/2024 23:18,80,5,1,79,8,9,90,9,10,2,1,2
21/09/2024 23:18,81,5,1,79,8,9,90,9,10,3,1,2
21/09/2024 23:18,82,5,1,94,10,4,99,10,9,1,1,22
21/09/2024 23:18,83,5,1,94,10,4,99,10,9,2,0,1
21/09/2024 23:18,84,5,1,94,10,4,99,10,9,3,0,3
21/09/2024 23:19,85,5,1,103,11,3,126,13,6,1,0,26
21/09/2024 23:19,86,5,1,103,11,3,126,13,6,2,1,1
21/09/2024 23:19,87,5,1,103,11,3,126,13,6,3,1,9
23/09/2024 01:51,88,5,1,11,2,1,116,12,6,1,1,15
23/09/2024 01:51,89,5,1,11,2,1,116,12,6,2,0,1
23/09/2024 01:52,90,5,1,11,2,1,116,12,6,3,0,21
23/09/2024 01:52,91,5,1,79,8,9,96,10,6,1,1,14
23/09/2024 01:52,92,5,1,79,8,9,96,10,6,2,1,35
23/09/2024 01:53,93,5,1,79,8,9,96,10,6,3,1,3
23/09/2024 01:54,94,5,1,25,3,5,57,6,7,1,1,61
23/09/2024 01:54,95,5,1,25,3,5,57,6,7,2,0,9
23/09/2024 01:54,96,5,1,25,3,5,57,6,7,3,1,3
23/09/2024 01:58,97,5,1,14,2,4,26,3,6,1,1,226
26/09/2024 00:45,98,5,1,14,2,4,26,3,6,2,1,41
26/09/2024 00:46,99,5,1,14,2,4,26,3,6,3,1,10
26/09/2024 00:46,100,5,1,69,7,9,113,12,3,1,1,20
26/09/2024 00:46,101,5,1,69,7,9,113,12,3,2,0,14
26/09/2024 00:47,102,5,1,69,7,9,113,12,3,3,1,20
26/09/2024 00:47,103,5,1,9,1,9,83,9,3,1,0,38
26/09/2024 00:47,104,5,1,9,1,9,83,9,3,2,1,6
26/09/2024 00:48,105,5,1,9,1,9,83,9,3,3,1,40
26/09/2024 00:53,106,5,1,26,3,6,64,7,4,1,0,300
26/09/2024 00:53,107,5,1,26,3,6,64,7,4,2,1,3
26/09/2024 00:53,108,5,1,26,3,6,64,7,4,3,0,2
26/09/2024 00:54,109,5,1,4,1,4,84,9,4,1,0,41
26/09/2024 00:55,110,5,1,4,1,4,84,9,4,2,1,95
26/09/2024 00:56,111,5,1,4,1,4,84,9,4,3,0,5
26/09/2024 00:56,112,5,1,23,3,3,95,10,5,1,0,46
26/09/2024 00:56,113,5,1,23,3,3,95,10,5,2,1,2
26/09/2024 00:56,114,5,1,23,3,3,95,10,5,3,1,1
26/09/2024 00:57,115,5,1,51,6,1,107,11,7,1,1,38
26/09/2024 00:57,116,5,1,51,6,1,107,11,7,2,0,11
26/09/2024 00:57,117,5,1,51,6,1,107,11,7,3,0,8
26/09/2024 00:59,118,5,1,2,1,2,78,8,8,1,0,79
26/09/2024 00:59,119,5,1,2,1,2,78,8,8,2,1,2
26/09/2024 00:59,120,5,1,2,1,2,78,8,8,3,0,2
26/09/2024 01:00,121,5,1,21,3,1,82,9,2,1,1,68
26/09/2024 01:00,122,5,1,21,3,1,82,9,2,2,0,6
26/09/2024 01:00,123,5,1,21,3,1,82,9,2,3,0,2
26/09/2024 01:01,124,5,1,4,1,4,102,11,2,1,1,30
26/09/2024 01:01,125,5,1,4,1,4,102,11,2,2,0,6
26/09/2024 01:01,126,5,1,4,1,4,102,11,2,3,0,3
26/09/2024 01:01,127,5,1,60,6,10,102,11,2,1,0,15
26/09/2024 01:01,128,5,1,60,6,10,102,11,2,2,0,4
26/09/2024 01:01,129,5,1,60,6,10,102,11,2,3,0,13
26/09/2024 01:02,130,5,1,26,3,6,120,12,10,1,0,49
26/09/2024 01:02,131,5,1,26,3,6,120,12,10,2,1,1
26/09/2024 01:02,132,5,1,26,3,6,120,12,10,3,1,1
26/09/2024 01:03,133,5,1,19,2,9,44,5,4,1,0,35
26/09/2024 01:03,134,5,1,19,2,9,44,5,4,2,1,1
26/09/2024 01:03,135,5,1,19,2,9,44,5,4,3,0,7
26/09/2024 01:03,136,5,1,54,6,4,124,13,4,1,1,11
26/09/2024 01:03,137,5,1,54,6,4,124,13,4,2,0,2
26/09/2024 01:04,138,5,1,54,6,4,124,13,4,3,0,22
26/09/2024 01:05,139,5,1,82,9,2,118,12,8,1,0,66
26/09/2024 01:06,140,5,1,82,9,2,118,12,8,2,1,71
26/09/2024 01:06,141,5,1,82,9,2,118,12,8,3,0,1
26/09/2024 01:06,142,5,1,6,1,6,52,6,2,1,0,1
26/09/2024 01:06,143,5,1,6,1,6,52,6,2,2,1,10
26/09/2024 01:07,144,5,1,6,1,6,52,6,2,3,0,17
26/09/2024 01:07,145,5,1,28,3,8,62,7,2,1,1,21
26/09/2024 01:07,146,5,1,28,3,8,62,7,2,2,0,10
26/09/2024 01:07,147,5,1,28,3,8,62,7,2,3,0,2
26/09/2024 20:53,148,5,1,78,8,8,94,10,4,1,0,35
26/09/2024 20:53,149,5,1,78,8,8,94,10,4,2,1,9
26/09/2024 20:53,150,5,1,78,8,8,94,10,4,3,0,1
26/09/2024 20:57,151,5,1,1,1,1,24,3,4,1,1,11
26/09/2024 20:57,152,5,1,1,1,1,24,3,4,2,0,6
26/09/2024 20:57,153,5,1,1,1,1,24,3,4,3,0,1
26/09/2024 21:41,154,5,1,4,1,4,125,13,5,1,0,36
26/09/2024 21:41,155,5,1,4,1,4,125,13,5,2,1,27
26/09/2024 21:42,156,5,1,4,1,4,125,13,5,3,1,14
26/09/2024 21:42,157,5,1,25,3,5,128,13,8,1,1,8
26/09/2024 21:42,158,5,1,25,3,5,128,13,8,2,0,18
26/09/2024 21:44,159,5,1,25,3,5,128,13,8,3,0,112
26/09/2024 21:44,160,5,1,75,8,5,82,9,2,1,1,32
26/09/2024 21:45,161,5,1,75,8,5,82,9,2,2,0,13
26/09/2024 21:45,162,5,1,75,8,5,82,9,2,3,1,1
26/09/2024 21:45,163,5,1,66,7,6,115,12,5,1,0,17
26/09/2024 21:45,164,5,1,66,7,6,115,12,5,2,1,9
26/09/2024 21:45,165,5,1,66,7,6,115,12,5,3,1,4
26/09/2024 21:46,166,5,1,60,6,10,113,12,3,1,1,22
26/09/2024 21:46,167,5,1,60,6,10,113,12,3,2,0,1
26/09/2024 21:46,168,5,1,60,6,10,113,12,3,3,0,16
26/09/2024 21:47,169,5,1,65,7,5,79,8,9,1,0,32
26/09/2024 21:47,170,5,1,65,7,5,79,8,9,2,0,31
26/09/2024 21:47,171,5,1,65,7,5,79,8,9,3,0,2
26/09/2024 21:49,172,5,1,33,4,3,39,4,9,1,1,99
26/09/2024 21:49,173,5,1,33,4,3,39,4,9,2,0,18
26/09/2024 21:49,174,5,1,33,4,3,39,4,9,3,1,2
26/09/2024 21:50,175,5,1,40,4,10,101,11,1,1,0,53
26/09/2024 21:50,176,5,1,40,4,10,101,11,1,2,0,2
26/09/2024 21:50,177,5,1,40,4,10,101,11,1,3,0,1
26/09/2024 21:50,178,5,1,40,4,10,45,5,5,1,1,17
26/09/2024 21:50,179,5,1,40,4,10,45,5,5,2,0,3
26/09/2024 21:51,180,5,1,40,4,10,45,5,5,3,0,2
26/09/2024 21:51,181,5,1,60,6,10,78,8,8,1,1,32
26/09/2024 21:51,182,5,1,60,6,10,78,8,8,2,0,5
26/09/2024 21:51,183,5,1,60,6,10,78,8,8,3,1,3
26/09/2024 21:51,184,5,1,39,4,9,49,5,9,1,0,8
26/09/2024 21:51,185,5,1,39,4,9,49,5,9,2,0,4
26/09/2024 21:51,186,5,1,39,4,9,49,5,9,3,0,1
26/09/2024 21:52,187,5,1,32,4,2,86,9,6,1,0,16
26/09/2024 21:52,188,5,1,32,4,2,86,9,6,2,0,1
26/09/2024 21:52,189,5,1,32,4,2,86,9,6,3,0,1
26/09/2024 21:52,190,5,1,32,4,2,128,13,8,1,0,15
26/09/2024 21:52,191,5,1,32,4,2,128,13,8,2,1,2
26/09/2024 21:53,192,5,1,32,4,2,128,13,8,3,1,66
26/09/2024 21:54,193,5,1,3,1,3,71,8,1,1,1,18
26/09/2024 21:54,194,5,1,3,1,3,71,8,1,2,0,4
26/09/2024 21:54,195,5,1,3,1,3,71,8,1,3,0,1
26/09/2024 21:55,196,5,1,20,2,10,115,12,5,1,0,60
26/09/2024 21:55,197,5,1,20,2,10,115,12,5,2,0,1
26/09/2024 21:55,198,5,1,20,2,10,115,12,5,3,0,2
26/09/2024 21:55,199,5,1,79,8,9,109,11,9,1,0,23
26/09/2024 21:55,200,5,1,79,8,9,109,11,9,2,1,1
26/09/2024 21:55,201,5,1,79,8,9,109,11,9,3,1,1
26/09/2024 21:57,202,5,1,18,2,8,91,10,1,1,0,90
26/09/2024 21:57,203,5,1,18,2,8,91,10,1,2,1,3
26/09/2024 21:57,204,5,1,18,2,8,91,10,1,3,1,9
26/09/2024 21:57,205,5,1,12,2,2,81,9,1,1,0,31
26/09/2024 21:58,206,5,1,12,2,2,81,9,1,2,1,33
26/09/2024 21:58,207,5,1,12,2,2,81,9,1,3,0,16
26/09/2024 21:59,208,5,1,64,7,4,81,9,1,1,1,20
26/09/2024 21:59,209,5,1,64,7,4,81,9,1,2,0,36
26/09/2024 21:59,210,5,1,64,7,4,81,9,1,3,1,5
26/09/2024 22:04,211,5,1,102,11,2,111,12,1,1,0,5
26/09/2024 22:04,212,5,1,102,11,2,111,12,1,2,1,5
26/09/2024 22:04,213,5,1,102,11,2,111,12,1,3,1,18
26/09/2024 22:05,214,5,1,56,6,6,78,8,8,1,1,52
26/09/2024 22:05,215,5,1,56,6,6,78,8,8,2,0,9
26/09/2024 22:05,216,5,1,56,6,6,78,8,8,3,1,5
26/09/2024 22:06,217,5,1,2,1,2,90,9,10,1,0,21
26/09/2024 22:06,218,5,1,2,1,2,90,9,10,2,1,1
26/09/2024 22:06,219,5,1,2,1,2,90,9,10,3,1,1
26/09/2024 22:07,220,5,1,114,12,4,130,13,10,1,1,78
26/09/2024 22:07,221,5,1,114,12,4,130,13,10,2,1,2
26/09/2024 22:07,222,5,1,114,12,4,130,13,10,3,1,8
26/09/2024 22:08,223,5,1,13,2,3,117,12,7,1,1,27
26/09/2024 22:08,224,5,1,13,2,3,117,12,7,2,0,1
26/09/2024 22:08,225,5,1,13,2,3,117,12,7,3,1,1
26/09/2024 22:08,226,5,1,13,2,3,87,9,7,1,0,3
26/09/2024 22:08,227,5,1,13,2,3,87,9,7,2,1,1
26/09/2024 22:08,228,5,1,13,2,3,87,9,7,3,0,1
26/09/2024 22:08,229,5,1,28,3,8,107,11,7,1,1,4
26/09/2024 22:08,230,5,1,28,3,8,107,11,7,2,0,26
26/09/2024 22:09,231,5,1,28,3,8,107,11,7,3,0,19
26/09/2024 22:10,232,5,1,21,3,1,106,11,6,1,1,53
26/09/2024 22:10,233,5,1,21,3,1,106,11,6,2,0,1
26/09/2024 22:10,234,5,1,21,3,1,106,11,6,3,1,1
26/09/2024 22:10,235,5,1,27,3,7,130,13,10,1,0,2
26/09/2024 22:10,236,5,1,27,3,7,130,13,10,2,0,1
26/09/2024 22:10,237,5,1,27,3,7,130,13,10,3,1,3
26/09/2024 22:10,238,5,1,72,8,2,115,12,5,1,0,2
26/09/2024 22:10,239,5,1,72,8,2,115,12,5,2,1,2
26/09/2024 22:10,240,5,1,72,8,2,115,12,5,3,0,4
26/09/2024 22:10,241,5,1,43,5,3,82,9,2,1,0,24
26/09/2024 22:10,242,5,1,43,5,3,82,9,2,2,0,2
26/09/2024 22:11,243,5,1,43,5,3,82,9,2,3,1,11
26/09/2024 22:11,244,5,1,79,8,9,99,10,9,1,0,7
04/10/2024 02:10,245,5,1,79,8,9,99,10,9,2,1,18
04/10/2024 02:11,246,5,1,79,8,9,99,10,9,3,0,19
04/10/2024 02:11,247,5,1,84,9,4,118,12,8,1,1,45
04/10/2024 02:12,248,5,1,84,9,4,118,12,8,2,0,26
04/10/2024 02:13,249,5,1,84,9,4,118,12,8,3,0,50
04/10/2024 02:13,250,5,1,1,1,1,52,6,2,1,1,26
04/10/2024 02:13,251,5,1,1,1,1,52,6,2,2,0,12
04/10/2024 02:14,252,5,1,1,1,1,52,6,2,3,0,25
04/10/2024 02:15,253,5,1,53,6,3,118,12,8,1,1,46
04/10/2024 02:15,254,5,1,53,6,3,118,12,8,2,0,40
04/10/2024 02:16,255,5,1,53,6,3,118,12,8,3,0,24
04/10/2024 02:17,256,5,1,20,2,10,120,12,10,1,0,48
04/10/2024 02:17,257,5,1,20,2,10,120,12,10,2,0,4
04/10/2024 02:17,258,5,1,20,2,10,120,12,10,3,1,20
04/10/2024 02:17,259,5,1,89,9,9,96,10,6,1,0,26
04/10/2024 02:18,260,5,1,89,9,9,96,10,6,2,1,20
04/10/2024 02:19,261,5,1,89,9,9,96,10,6,3,0,77
04/10/2024 02:19,262,5,1,12,2,2,75,8,5,1,1,9
04/10/2024 02:20,263,5,1,12,2,2,75,8,5,2,0,53
04/10/2024 02:22,264,5,1,12,2,2,75,8,5,3,1,81
04/10/2024 02:22,265,5,1,21,3,1,129,13,9,1,1,26
04/10/2024 02:22,266,5,1,21,3,1,129,13,9,2,0,10
04/10/2024 02:22,267,5,1,21,3,1,129,13,9,3,0,6
04/10/2024 02:23,268,5,1,37,4,7,87,9,7,1,1,46
04/10/2024 02:24,269,5,1,37,4,7,87,9,7,2,0,29
04/10/2024 02:24,270,5,1,37,4,7,87,9,7,3,1,20
04/10/2024 02:24,271,5,1,32,4,2,45,5,5,1,0,19
04/10/2024 02:25,272,5,1,32,4,2,45,5,5,2,1,24
04/10/2024 02:25,273,5,1,32,4,2,45,5,5,3,0,47
04/10/2024 02:26,274,5,1,56,6,6,76,8,6,1,1,29
04/10/2024 02:26,275,5,1,56,6,6,76,8,6,2,0,22
04/10/2024 02:27,276,5,1,56,6,6,76,8,6,3,1,12
04/10/2024 02:27,277,5,1,122,13,2,123,13,3,1,0,31
04/10/2024 02:28,278,5,1,122,13,2,123,13,3,2,1,40
04/10/2024 02:28,279,5,1,122,13,2,123,13,3,3,0,25
04/10/2024 02:29,280,5,1,81,9,1,119,12,9,1,1,24
04/10/2024 02:29,281,5,1,81,9,1,119,12,9,2,0,27
04/10/2024 02:30,282,5,1,81,9,1,119,12,9,3,0,28
04/10/2024 02:30,283,5,1,6,1,6,84,9,4,1,0,12
04/10/2024 02:30,284,5,1,6,1,6,84,9,4,2,1,39
04/10/2024 02:31,285,5,1,6,1,6,84,9,4,3,1,11
04/10/2024 02:31,286,5,1,22,3,2,100,10,10,1,0,21
04/10/2024 02:31,287,5,1,22,3,2,100,10,10,2,1,28
04/10/2024 02:32,288,5,1,22,3,2,100,10,10,3,0,8
04/10/2024 02:34,289,5,1,45,5,5,56,6,6,1,1,154
04/10/2024 02:35,290,5,1,45,5,5,56,6,6,2,0,21
04/10/2024 02:35,291,5,1,45,5,5,56,6,6,3,0,33
04/10/2024 02:35,292,5,1,32,4,2,40,4,10,1,0,12
04/10/2024 02:35,293,5,1,32,4,2,40,4,10,2,1,7
04/10/2024 02:36,294,5,1,32,4,2,40,4,10,3,1,45
04/10/2024 02:37,295,5,1,60,6,10,70,7,10,1,0,17
04/10/2024 02:37,296,5,1,60,6,10,70,7,10,2,1,18
04/10/2024 02:37,297,5,1,60,6,10,70,7,10,3,0,23
04/10/2024 02:38,298,5,1,45,5,5,58,6,8,1,1,36
04/10/2024 02:38,299,5,1,45,5,5,58,6,8,2,0,23
04/10/2024 02:39,300,5,1,45,5,5,58,6,8,3,1,16
04/10/2024 02:39,301,5,1,60,6,10,105,11,5,1,1,27
04/10/2024 02:39,302,5,1,60,6,10,105,11,5,2,0,25
04/10/2024 02:40,303,5,1,60,6,10,105,11,5,3,1,13
04/10/2024 02:40,304,5,1,55,6,5,129,13,9,1,0,17
04/10/2024 02:41,305,5,1,55,6,5,129,13,9,2,1,54
04/10/2024 02:41,306,5,1,55,6,5,129,13,9,3,0,26
04/10/2024 02:42,307,5,1,11,2,1,104,11,4,1,1,39
04/10/2024 02:44,308,5,1,11,2,1,104,11,4,2,0,103
04/10/2024 02:44,309,5,1,11,2,1,104,11,4,3,1,35
04/10/2024 02:46,310,5,1,16,2,6,20,2,10,1,0,72
04/10/2024 02:46,311,5,1,16,2,6,20,2,10,2,1,8
04/10/2024 02:46,312,5,1,16,2,6,20,2,10,3,0,20
04/10/2024 02:47,313,5,1,24,3,4,47,5,7,1,1,74
04/10/2024 02:47,314,5,1,24,3,4,47,5,7,2,0,8
04/10/2024 02:48,315,5,1,24,3,4,47,5,7,3,0,29
04/10/2024 02:52,316,5,1,7,1,7,75,8,5,1,0,217
04/10/2024 02:52,317,5,1,7,1,7,75,8,5,2,1,18
04/10/2024 02:52,318,5,1,7,1,7,75,8,5,3,0,17
04/10/2024 02:53,319,5,1,14,2,4,77,8,7,1,1,24
04/10/2024 02:53,320,5,1,14,2,4,77,8,7,2,1,40
04/10/2024 02:54,321,5,1,14,2,4,77,8,7,3,1,33
04/10/2024 02:54,322,5,1,16,2,6,82,9,2,1,0,20
04/10/2024 02:55,323,5,1,16,2,6,82,9,2,2,1,42
04/10/2024 02:55,324,5,1,16,2,6,82,9,2,3,1,2
04/10/2024 02:56,325,5,1,88,9,8,116,12,6,1,0,40
04/10/2024 02:57,326,5,1,88,9,8,116,12,6,2,1,18
04/10/2024 02:57,327,5,1,88,9,8,116,12,6,3,0,36
04/10/2024 02:58,328,5,1,15,2,5,46,5,6,1,1,26
04/10/2024 02:58,329,5,1,15,2,5,46,5,6,2,1,14
04/10/2024 02:58,330,5,1,15,2,5,46,5,6,3,0,23
04/10/2024 02:59,331,5,1,17,2,7,106,11,6,1,0,54
04/10/2024 02:59,332,5,1,17,2,7,106,11,6,2,1,8
04/10/2024 03:00,333,5,1,17,2,7,106,11,6,3,0,66
04/10/2024 03:01,334,5,1,5,1,5,42,5,2,1,1,19
04/10/2024 03:02,335,5,1,5,1,5,42,5,2,2,0,45
04/10/2024 03:02,336,5,1,5,1,5,42,5,2,3,1,25
04/10/2024 03:02,337,5,1,47,5,7,61,7,1,1,0,9
04/10/2024 03:03,338,5,1,47,5,7,61,7,1,2,0,25
04/10/2024 03:03,339,5,1,47,5,7,61,7,1,3,0,37
04/10/2024 03:04,340,5,1,75,8,5,81,9,1,1,1,37
04/10/2024 03:04,341,5,1,75,8,5,81,9,1,2,1,38
04/10/2024 03:07,342,5,1,75,8,5,81,9,1,3,1,133
04/10/2024 03:07,343,5,1,12,2,2,62,7,2,1,0,18
04/10/2024 03:07,344,5,1,12,2,2,62,7,2,2,0,26
04/10/2024 03:09,345,5,1,12,2,2,62,7,2,3,0,71
04/10/2024 03:09,346,5,1,90,9,10,118,12,8,1,1,47
04/10/2024 03:10,347,5,1,90,9,10,118,12,8,2,1,45
04/10/2024 03:11,348,5,1,90,9,10,118,12,8,3,0,39
04/10/2024 03:11,349,5,1,40,4,10,122,13,2,1,0,18
04/10/2024 03:12,350,5,1,40,4,10,122,13,2,2,1,74
04/10/2024 03:13,351,5,1,40,4,10,122,13,2,3,0,15
04/10/2024 03:13,352,5,1,34,4,4,105,11,5,1,1,32
04/10/2024 03:14,353,5,1,34,4,4,105,11,5,2,0,25
04/10/2024 03:14,354,5,1,34,4,4,105,11,5,3,0,21
04/10/2024 03:14,355,5,1,51,6,1,108,11,8,1,1,14
04/10/2024 03:15,356,5,1,51,6,1,108,11,8,2,0,45
04/10/2024 03:16,357,5,1,51,6,1,108,11,8,3,0,22
04/10/2024 03:16,358,5,1,83,9,3,96,10,6,1,0,45
04/10/2024 03:17,359,5,1,83,9,3,96,10,6,2,0,39
04/10/2024 03:17,360,5,1,83,9,3,96,10,6,3,1,20
04/10/2024 03:18,361,5,1,9,1,9,31,4,1,1,0,25
04/10/2024 03:18,362,5,1,9,1,9,31,4,1,2,1,22
04/10/2024 03:19,363,5,1,9,1,9,31,4,1,3,1,25
04/10/2024 03:19,364,5,1,1,1,1,100,10,10,1,0,45
04/10/2024 03:20,365,5,1,1,1,1,100,10,10,2,1,16
04/10/2024 03:20,366,5,1,1,1,1,100,10,10,3,0,21
04/10/2024 03:20,367,5,1,18,2,8,24,3,4,1,1,13
04/10/2024 03:21,368,5,1,18,2,8,24,3,4,2,1,32
04/10/2024 03:21,369,5,1,18,2,8,24,3,4,3,0,15
04/10/2024 03:21,370,5,1,66,7,6,109,11,9,1,1,9
04/10/2024 03:23,371,5,1,66,7,6,109,11,9,2,1,107
04/10/2024 03:24,372,5,1,66,7,6,109,11,9,3,0,43
04/10/2024 03:24,373,5,1,37,4,7,39,4,9,1,1,23
04/10/2024 03:24,374,5,1,37,4,7,39,4,9,2,1,13
04/10/2024 03:25,375,5,1,37,4,7,39,4,9,3,0,35
04/10/2024 03:25,376,5,1,15,2,5,89,9,9,1,1,29
04/10/2024 03:26,377,5,1,15,2,5,89,9,9,2,1,50
04/10/2024 03:27,378,5,1,15,2,5,89,9,9,3,0,19
04/10/2024 03:27,379,5,1,84,9,4,112,12,2,1,1,24
04/10/2024 03:27,380,5,1,84,9,4,112,12,2,2,0,19
04/10/2024 03:28,381,5,1,84,9,4,112,12,2,3,1,27
04/10/2024 03:28,382,5,1,51,6,1,101,11,1,1,0,27
04/10/2024 03:29,383,5,1,51,6,1,101,11,1,2,1,29
04/10/2024 03:29,384,5,1,51,6,1,101,11,1,3,0,18
04/10/2024 03:29,385,5,1,29,3,9,118,12,8,1,1,27
04/10/2024 03:30,386,5,1,29,3,9,118,12,8,2,0,17
04/10/2024 03:30,387,5,1,29,3,9,118,12,8,3,1,20
04/10/2024 03:31,388,5,1,22,3,2,91,10,1,1,0,29
04/10/2024 03:31,389,5,1,22,3,2,91,10,1,2,0,32
04/10/2024 03:32,390,5,1,22,3,2,91,10,1,3,1,24
04/10/2024 03:32,391,5,1,95,10,5,103,11,3,1,0,30
04/10/2024 03:33,392,5,1,95,10,5,103,11,3,2,1,32
04/10/2024 03:33,393,5,1,95,10,5,103,11,3,3,0,25
04/10/2024 03:33,394,5,1,87,9,7,125,13,5,1,1,17
04/10/2024 03:34,395,5,1,87,9,7,125,13,5,2,0,27
04/10/2024 03:34,396,5,1,87,9,7,125,13,5,3,1,22
04/10/2024 03:34,397,5,1,64,7,4,79,8,9,1,0,15
04/10/2024 03:35,398,5,1,64,7,4,79,8,9,2,1,21
04/10/2024 03:35,399,5,1,64,7,4,79,8,9,3,0,34
04/10/2024 03:36,400,5,1,42,5,2,109,11,9,1,0,24
04/10/2024 03:36,401,5,1,42,5,2,109,11,9,2,0,35
04/10/2024 03:37,402,5,1,42,5,2,109,11,9,3,0,18
04/10/2024 03:37,403,5,1,77,8,7,121,13,1,1,1,17
04/10/2024 03:37,404,5,1,77,8,7,121,13,1,2,0,13
04/10/2024 03:37,405,5,1,77,8,7,121,13,1,3,1,13
04/10/2024 03:38,406,5,1,1,1,1,85,9,5,1,0,6
04/10/2024 03:38,407,5,1,1,1,1,85,9,5,2,1,40
04/10/2024 03:38,408,5,1,1,1,1,85,9,5,3,0,9
04/10/2024 03:39,409,5,1,61,7,1,106,11,6,1,1,46
04/10/2024 03:40,410,5,1,61,7,1,106,11,6,2,1,34
04/10/2024 03:40,411,5,1,61,7,1,106,11,6,3,0,13
04/10/2024 03:41,412,5,1,83,9,3,87,9,7,1,1,28
04/10/2024 03:41,413,5,1,83,9,3,87,9,7,2,0,27
04/10/2024 03:42,414,5,1,83,9,3,87,9,7,3,1,40
04/10/2024 03:42,415,5,1,35,4,5,74,8,4,1,0,33
04/10/2024 03:43,416,5,1,35,4,5,74,8,4,2,1,28
04/10/2024 03:43,417,5,1,35,4,5,74,8,4,3,0,30
04/10/2024 03:44,418,5,1,7,1,7,22,3,2,1,0,20
04/10/2024 03:44,419,5,1,7,1,7,22,3,2,2,1,17
04/10/2024 03:44,420,5,1,7,1,7,22,3,2,3,0,18
04/10/2024 03:45,421,5,1,59,6,9,61,7,1,1,1,28
04/10/2024 03:45,422,5,1,59,6,9,61,7,1,2,0,11
04/10/2024 03:45,423,5,1,59,6,9,61,7,1,3,1,21
04/10/2024 03:46,424,5,1,39,4,9,74,8,4,1,0,20
04/10/2024 03:46,425,5,1,39,4,9,74,8,4,2,1,17
04/10/2024 03:47,426,5,1,39,4,9,74,8,4,3,0,88
04/10/2024 03:47,427,5,1,101,11,1,119,12,9,1,0,8
04/10/2024 03:49,428,5,1,101,11,1,119,12,9,2,0,98
04/10/2024 03:49,429,5,1,101,11,1,119,12,9,3,1,14
04/10/2024 03:50,430,5,1,72,8,2,112,12,2,1,0,18
04/10/2024 03:50,431,5,1,72,8,2,112,12,2,2,1,25
04/10/2024 03:50,432,5,1,72,8,2,112,12,2,3,0,9
04/10/2024 03:50,433,5,1,5,1,5,7,1,7,1,1,6
04/10/2024 03:51,434,5,1,5,1,5,7,1,7,2,0,12
04/10/2024 03:51,435,5,1,5,1,5,7,1,7,3,1,40
04/10/2024 03:52,436,5,1,84,9,4,126,13,6,1,0,23
04/10/2024 03:52,437,5,1,84,9,4,126,13,6,2,0,17
04/10/2024 03:53,438,5,1,84,9,4,126,13,6,3,1,34
04/10/2024 03:53,439,5,1,39,4,9,112,12,2,1,0,31
04/10/2024 03:53,440,5,1,39,4,9,112,12,2,2,0,13
04/10/2024 03:54,441,5,1,39,4,9,112,12,2,3,0,13
04/10/2024 03:54,442,5,1,7,1,7,120,12,10,1,0,21
04/10/2024 04:02,443,5,1,7,1,7,120,12,10,2,1,511
04/10/2024 04:03,444,5,1,7,1,7,120,12,10,3,1,19
04/10/2024 04:04,445,5,1,77,8,7,90,9,10,1,0,54
04/10/2024 04:04,446,5,1,77,8,7,90,9,10,2,0,37
04/10/2024 04:05,447,5,1,77,8,7,90,9,10,3,0,37
04/10/2024 04:05,448,5,1,63,7,3,70,7,10,1,1,20
04/10/2024 04:06,449,5,1,63,7,3,70,7,10,2,1,35
04/10/2024 04:06,450,5,1,63,7,3,70,7,10,3,0,26
04/10/2024 04:08,451,5,1,54,6,4,98,10,8,1,1,91
04/10/2024 04:09,452,5,1,54,6,4,98,10,8,2,1,91
04/10/2024 04:10,453,5,1,54,6,4,98,10,8,3,0,25
04/10/2024 04:10,454,5,1,33,4,3,71,8,1,1,1,22
04/10/2024 04:11,455,5,1,33,4,3,71,8,1,2,0,25
04/10/2024 04:11,456,5,1,33,4,3,71,8,1,3,1,41
04/10/2024 04:12,457,5,1,43,5,3,49,5,9,1,1,32
04/10/2024 04:13,458,5,1,43,5,3,49,5,9,2,0,47
04/10/2024 04:13,459,5,1,43,5,3,49,5,9,3,1,17
04/10/2024 04:13,460,5,1,40,4,10,126,13,6,1,0,13
04/10/2024 04:15,461,5,1,40,4,10,126,13,6,2,0,117
04/10/2024 04:15,462,5,1,40,4,10,126,13,6,3,1,12
04/10/2024 04:16,463,5,1,9,1,9,68,7,8,1,0,19
04/10/2024 04:16,464,5,1,9,1,9,68,7,8,2,0,22
04/10/2024 04:19,465,5,1,9,1,9,68,7,8,3,0,191
04/10/2024 04:20,466,5,1,32,4,2,49,5,9,1,1,24
04/10/2024 04:20,467,5,1,32,4,2,49,5,9,2,0,5
04/10/2024 04:39,468,5,1,32,4,2,49,5,9,3,0,1140
04/10/2024 04:49,469,5,1,20,2,10,76,8,6,1,1,4
04/10/2024 04:50,470,5,1,20,2,10,76,8,6,2,0,12
04/10/2024 04:50,471,5,1,20,2,10,76,8,6,3,1,7
04/10/2024 04:50,472,5,1,4,1,4,57,6,7,1,0,6
04/10/2024 04:50,473,5,1,4,1,4,57,6,7,2,1,6
04/10/2024 04:50,474,5,1,4,1,4,57,6,7,3,0,9
04/10/2024 04:50,475,5,1,28,3,8,116,12,6,1,0,5
04/10/2024 04:50,476,5,1,28,3,8,116,12,6,2,1,3
04/10/2024 04:50,477,5,1,28,3,8,116,12,6,3,0,3
04/10/2024 04:50,478,5,1,11,2,1,14,2,4,1,1,7
04/10/2024 05:18,479,5,1,11,2,1,14,2,4,2,0,16
04/10/2024 05:18,480,5,1,11,2,1,14,2,4,3,0,9
04/10/2024 05:18,481,5,1,94,10,4,127,13,7,1,1,19
04/10/2024 05:19,482,5,1,94,10,4,127,13,7,2,0,11
04/10/2024 05:19,483,5,1,94,10,4,127,13,7,3,1,27
04/10/2024 05:19,484,5,1,3,1,3,88,9,8,1,1,12
04/10/2024 05:19,485,5,1,3,1,3,88,9,8,2,1,10
04/10/2024 05:20,486,5,1,3,1,3,88,9,8,3,0,21
04/10/2024 05:20,487,5,1,1,1,1,95,10,5,1,1,23
04/10/2024 05:20,488,5,1,1,1,1,95,10,5,2,0,12
04/10/2024 05:21,489,5,1,1,1,1,95,10,5,3,0,16
04/10/2024 05:21,490,5,1,28,3,8,92,10,2,1,0,26
04/10/2024 05:21,491,5,1,28,3,8,92,10,2,2,1,15
04/10/2024 05:22,492,5,1,28,3,8,92,10,2,3,0,15
04/10/2024 05:22,493,5,1,127,13,7,130,13,10,1,0,15
04/10/2024 05:22,494,5,1,127,13,7,130,13,10,2,1,25
04/10/2024 05:22,495,5,1,127,13,7,130,13,10,3,1,4
04/10/2024 05:24,496,5,1,3,1,3,23,3,3,1,0,95
04/10/2024 05:24,497,5,1,3,1,3,23,3,3,2,1,21
04/10/2024 05:25,498,5,1,3,1,3,23,3,3,3,1,14
04/10/2024 05:26,499,5,1,6,1,6,26,3,6,1,1,67
04/10/2024 05:27,500,5,1,6,1,6,26,3,6,2,1,53
04/10/2024 05:27,501,5,1,6,1,6,26,3,6,3,0,11
04/10/2024 05:27,502,5,1,27,3,7,62,7,2,1,1,22
04/10/2024 05:27,503,5,1,27,3,7,62,7,2,2,0,8
04/10/2024 05:30,504,5,1,27,3,7,62,7,2,3,0,184
04/10/2024 05:31,505,5,1,106,11,6,108,11,8,1,1,7
04/10/2024 05:31,506,5,1,106,11,6,108,11,8,2,0,6
04/10/2024 05:31,507,5,1,106,11,6,108,11,8,3,1,6
04/10/2024 05:31,508,5,1,97,10,7,107,11,7,1,0,9
04/10/2024 05:31,509,5,1,97,10,7,107,11,7,2,0,15
04/10/2024 05:31,510,5,1,97,10,7,107,11,7,3,1,6
04/10/2024 05:32,511,5,2,160,3,10,196,7,6,1,1,6
04/10/2024 05:32,512,5,2,160,3,10,196,7,6,2,0,6
04/10/2024 05:32,513,5,2,160,3,10,196,7,6,3,1,10
04/10/2024 05:32,514,5,2,201,8,1,258,13,8,1,0,6
04/10/2024 05:32,515,5,2,201,8,1,258,13,8,2,1,10
04/10/2024 05:32,516,5,2,201,8,1,258,13,8,3,1,6
04/10/2024 05:32,517,5,2,152,3,2,203,8,3,1,0,5
04/10/2024 05:32,518,5,2,152,3,2,203,8,3,2,0,8
04/10/2024 05:33,519,5,2,152,3,2,203,8,3,3,0,11
04/10/2024 05:33,520,5,2,158,3,8,191,7,1,1,1,8
04/10/2024 05:33,521,5,2,158,3,8,191,7,1,2,0,9
04/10/2024 05:33,522,5,2,158,3,8,191,7,1,3,0,8
04/10/2024 05:33,523,5,2,195,7,5,233,11,3,1,1,12
04/10/2024 05:33,524,5,2,195,7,5,233,11,3,2,0,4
04/10/2024 05:33,525,5,2,195,7,5,233,11,3,3,0,3
04/10/2024 05:34,526,5,2,213,9,3,255,13,5,1,0,55
04/10/2024 05:35,527,5,2,213,9,3,255,13,5,2,1,12
04/10/2024 05:35,528,5,2,213,9,3,255,13,5,3,0,8
04/10/2024 05:35,529,5,2,193,7,3,215,9,5,1,0,11
04/10/2024 05:35,530,5,2,193,7,3,215,9,5,2,1,9
04/10/2024 05:35,531,5,2,193,7,3,215,9,5,3,0,7
04/10/2024 05:35,532,5,2,190,6,10,235,11,5,1,1,8
04/10/2024 05:35,533,5,2,190,6,10,235,11,5,2,0,5
04/10/2024 05:36,534,5,2,190,6,10,235,11,5,3,0,4
04/10/2024 05:36,535,5,2,171,5,1,215,9,5,1,0,6
04/10/2024 05:36,536,5,2,171,5,1,215,9,5,2,1,7
04/10/2024 05:36,537,5,2,171,5,1,215,9,5,3,1,8
04/10/2024 05:36,538,5,2,173,5,3,198,7,8,1,1,7
04/10/2024 05:36,539,5,2,173,5,3,198,7,8,2,0,2
04/10/2024 05:36,540,5,2,173,5,3,198,7,8,3,0,3
04/10/2024 05:37,541,5,2,182,6,2,236,11,6,1,0,17
04/10/2024 05:37,542,5,2,182,6,2,236,11,6,2,0,3
04/10/2024 05:37,543,5,2,182,6,2,236,11,6,3,1,11
04/10/2024 05:37,544,5,2,162,4,2,188,6,8,1,1,7
04/10/2024 05:37,545,5,2,162,4,2,188,6,8,2,1,8
04/10/2024 05:37,546,5,2,162,4,2,188,6,8,3,1,5
04/10/2024 05:37,547,5,2,178,5,8,200,7,10,1,0,6
04/10/2024 05:37,548,5,2,178,5,8,200,7,10,2,1,3
04/10/2024 05:38,549,5,2,178,5,8,200,7,10,3,1,10
04/10/2024 05:38,550,5,2,170,4,10,190,6,10,1,0,10
04/10/2024 05:38,551,5,2,170,4,10,190,6,10,2,1,8
04/10/2024 05:38,552,5,2,170,4,10,190,6,10,3,1,8
05/10/2024 02:37,553,5,2,219,9,9,229,10,9,1,1,28
05/10/2024 02:37,554,5,2,219,9,9,229,10,9,2,0,38
05/10/2024 02:38,555,5,2,219,9,9,229,10,9,3,0,39
05/10/2024 02:39,556,5,2,156,3,6,251,13,1,1,1,64
05/10/2024 02:40,557,5,2,156,3,6,251,13,1,2,0,35
05/10/2024 02:41,558,5,2,156,3,6,251,13,1,3,1,90
05/10/2024 02:41,559,5,2,198,7,8,249,12,9,1,0,5
05/10/2024 02:42,560,5,2,198,7,8,249,12,9,2,1,47
05/10/2024 02:42,561,5,2,198,7,8,249,12,9,3,0,13
05/10/2024 02:43,562,5,2,228,10,8,245,12,5,1,1,23
05/10/2024 02:43,563,5,2,228,10,8,245,12,5,2,0,39
05/10/2024 02:43,564,5,2,228,10,8,245,12,5,3,1,15
05/10/2024 02:44,565,5,2,162,4,2,191,7,1,1,0,23
05/10/2024 02:44,566,5,2,162,4,2,191,7,1,2,0,14
05/10/2024 02:44,567,5,2,162,4,2,191,7,1,3,1,15
05/10/2024 02:45,568,5,2,238,11,8,242,12,2,1,0,14
05/10/2024 02:45,569,5,2,238,11,8,242,12,2,2,1,11
05/10/2024 02:45,570,5,2,238,11,8,242,12,2,3,0,11
05/10/2024 02:46,571,5,2,215,9,5,218,9,8,1,0,36
05/10/2024 02:47,572,5,2,215,9,5,218,9,8,2,0,64
05/10/2024 02:47,573,5,2,215,9,5,218,9,8,3,0,41
05/10/2024 02:48,574,5,2,162,4,2,215,9,5,1,1,22
05/10/2024 02:48,575,5,2,162,4,2,215,9,5,2,0,23
05/10/2024 02:49,576,5,2,162,4,2,215,9,5,3,1,47
05/10/2024 02:49,577,5,2,202,8,2,247,12,7,1,0,14
05/10/2024 02:50,578,5,2,202,8,2,247,12,7,2,0,21
05/10/2024 02:50,579,5,2,202,8,2,247,12,7,3,0,23
05/10/2024 02:51,580,5,2,185,6,5,200,7,10,1,0,42
05/10/2024 02:51,581,5,2,185,6,5,200,7,10,2,0,13
05/10/2024 02:51,582,5,2,185,6,5,200,7,10,3,0,21
05/10/2024 02:52,583,5,2,143,2,3,179,5,9,1,1,27
05/10/2024 02:52,584,5,2,143,2,3,179,5,9,2,0,8
05/10/2024 02:53,585,5,2,143,2,3,179,5,9,3,0,53
05/10/2024 02:53,586,5,2,193,7,3,201,8,1,1,1,10
05/10/2024 02:54,587,5,2,193,7,3,201,8,1,2,0,35
05/10/2024 02:54,588,5,2,193,7,3,201,8,1,3,1,8
05/10/2024 02:54,589,5,2,187,6,7,193,7,3,1,0,38
05/10/2024 02:55,590,5,2,187,6,7,193,7,3,2,0,17
05/10/2024 02:55,591,5,2,187,6,7,193,7,3,3,1,18
05/10/2024 02:55,592,5,2,134,1,4,205,8,5,1,0,8
05/10/2024 02:55,593,5,2,134,1,4,205,8,5,2,1,13
05/10/2024 02:56,594,5,2,134,1,4,205,8,5,3,0,29
05/10/2024 02:56,595,5,2,167,4,7,175,5,5,1,1,5
05/10/2024 02:56,596,5,2,167,4,7,175,5,5,2,0,13
05/10/2024 02:57,597,5,2,167,4,7,175,5,5,3,1,34
05/10/2024 02:57,598,5,2,137,1,7,207,8,7,1,0,14
05/10/2024 02:58,599,5,2,137,1,7,207,8,7,2,1,62
05/10/2024 02:59,600,5,2,137,1,7,207,8,7,3,0,31
05/10/2024 02:59,601,5,2,131,1,1,203,8,3,1,0,10
05/10/2024 02:59,602,5,2,131,1,1,203,8,3,2,0,42
05/10/2024 03:00,603,5,2,131,1,1,203,8,3,3,0,11
05/10/2024 03:00,604,5,2,150,2,10,172,5,2,1,1,21
05/10/2024 03:00,605,5,2,150,2,10,172,5,2,2,0,11
05/10/2024 03:01,606,5,2,150,2,10,172,5,2,3,0,17
05/10/2024 03:01,607,5,2,146,2,6,189,6,9,1,1,15
05/10/2024 03:01,608,5,2,146,2,6,189,6,9,2,0,17
05/10/2024 03:01,609,5,2,146,2,6,189,6,9,3,0,4
05/10/2024 03:01,610,5,2,141,2,1,187,6,7,1,0,8
05/10/2024 03:01,611,5,2,141,2,1,187,6,7,2,1,8
05/10/2024 03:02,612,5,2,141,2,1,187,6,7,3,0,16
05/10/2024 03:02,613,5,2,132,1,2,228,10,8,1,0,20
05/10/2024 03:03,614,5,2,132,1,2,228,10,8,2,1,25
05/10/2024 03:03,615,5,2,132,1,2,228,10,8,3,0,8
05/10/2024 03:03,616,5,2,205,8,5,246,12,6,1,0,25
05/10/2024 03:03,617,5,2,205,8,5,246,12,6,2,1,13
05/10/2024 03:04,618,5,2,205,8,5,246,12,6,3,1,21
05/10/2024 03:04,619,5,2,163,4,3,227,10,7,1,0,9
05/10/2024 03:04,620,5,2,163,4,3,227,10,7,2,1,16
05/10/2024 03:04,621,5,2,163,4,3,227,10,7,3,0,9
05/10/2024 03:05,622,5,2,164,4,4,231,11,1,1,1,13
05/10/2024 03:05,623,5,2,164,4,4,231,11,1,2,0,13
05/10/2024 03:05,624,5,2,164,4,4,231,11,1,3,1,15
05/10/2024 03:05,625,5,2,188,6,8,197,7,7,1,0,12
05/10/2024 03:06,626,5,2,188,6,8,197,7,7,2,0,22
05/10/2024 03:06,627,5,2,188,6,8,197,7,7,3,1,20
05/10/2024 03:06,628,5,2,140,1,10,188,6,8,1,0,10
05/10/2024 03:07,629,5,2,140,1,10,188,6,8,2,0,32
05/10/2024 03:07,630,5,2,140,1,10,188,6,8,3,1,13
05/10/2024 03:07,631,5,2,139,1,9,140,1,10,1,0,16
05/10/2024 03:08,632,5,2,139,1,9,140,1,10,2,0,19
05/10/2024 03:08,633,5,2,139,1,9,140,1,10,3,1,23
05/10/2024 03:08,634,5,2,132,1,2,203,8,3,1,0,12
05/10/2024 03:10,635,5,2,132,1,2,203,8,3,2,1,106
05/10/2024 03:10,636,5,2,132,1,2,203,8,3,3,0,7
05/10/2024 03:10,637,5,2,134,1,4,173,5,3,1,1,10
05/10/2024 03:10,638,5,2,134,1,4,173,5,3,2,0,11
05/10/2024 03:11,639,5,2,134,1,4,173,5,3,3,0,8
05/10/2024 03:11,640,5,2,140,1,10,205,8,5,1,1,31
05/10/2024 03:11,641,5,2,140,1,10,205,8,5,2,0,19
05/10/2024 03:12,642,5,2,140,1,10,205,8,5,3,0,9
05/10/2024 03:12,643,5,2,156,3,6,231,11,1,1,0,35
05/10/2024 03:12,644,5,2,156,3,6,231,11,1,2,0,15
05/10/2024 03:13,645,5,2,156,3,6,231,11,1,3,1,7
05/10/2024 03:13,646,5,2,170,4,10,254,13,4,1,1,24
05/10/2024 03:13,647,5,2,170,4,10,254,13,4,2,1,20
05/10/2024 03:14,648,5,2,170,4,10,254,13,4,3,0,35
05/10/2024 03:14,649,5,2,134,1,4,187,6,7,1,1,10
05/10/2024 03:14,650,5,2,134,1,4,187,6,7,2,0,18
05/10/2024 03:15,651,5,2,134,1,4,187,6,7,3,1,9
05/10/2024 03:15,652,5,2,134,1,4,185,6,5,1,0,29
05/10/2024 03:15,653,5,2,134,1,4,185,6,5,2,1,12
05/10/2024 03:16,654,5,2,134,1,4,185,6,5,3,1,38
05/10/2024 03:16,655,5,2,145,2,5,186,6,6,1,0,18
05/10/2024 03:17,656,5,2,145,2,5,186,6,6,2,0,16
05/10/2024 03:17,657,5,2,145,2,5,186,6,6,3,1,15
05/10/2024 03:18,658,5,2,173,5,3,183,6,3,1,0,52
05/10/2024 03:18,659,5,2,173,5,3,183,6,3,2,1,9
05/10/2024 03:18,660,5,2,173,5,3,183,6,3,3,0,11
05/10/2024 03:18,661,5,2,179,5,9,217,9,7,1,1,10
05/10/2024 03:19,662,5,2,179,5,9,217,9,7,2,0,22
05/10/2024 03:19,663,5,2,179,5,9,217,9,7,3,1,20
05/10/2024 03:19,664,5,2,147,2,7,235,11,5,1,0,12
05/10/2024 03:19,665,5,2,147,2,7,235,11,5,2,1,13
05/10/2024 03:20,666,5,2,147,2,7,235,11,5,3,0,10
05/10/2024 03:20,667,5,2,137,1,7,235,11,5,1,1,18
05/10/2024 03:20,668,5,2,137,1,7,235,11,5,2,0,4
05/10/2024 03:20,669,5,2,137,1,7,235,11,5,3,1,11
05/10/2024 03:20,670,5,2,134,1,4,168,4,8,1,0,7
05/10/2024 03:21,671,5,2,134,1,4,168,4,8,2,1,52
05/10/2024 03:22,672,5,2,134,1,4,168,4,8,3,0,17
05/10/2024 03:22,673,5,2,201,8,1,253,13,3,1,1,4
05/10/2024 03:22,674,5,2,201,8,1,253,13,3,2,0,9
05/10/2024 03:22,675,5,2,201,8,1,253,13,3,3,0,17
05/10/2024 03:22,676,5,2,198,7,8,240,11,10,1,1,9
05/10/2024 03:22,677,5,2,198,7,8,240,11,10,2,0,14
05/10/2024 03:23,678,5,2,198,7,8,240,11,10,3,0,9
05/10/2024 03:23,679,5,2,138,1,8,183,6,3,1,1,8
05/10/2024 03:26,680,5,2,138,1,8,183,6,3,2,0,184
05/10/2024 03:26,681,5,2,138,1,8,183,6,3,3,1,5
05/10/2024 03:27,682,5,2,166,4,6,196,7,6,1,0,36
05/10/2024 03:27,683,5,2,166,4,6,196,7,6,2,1,11
05/10/2024 03:27,684,5,2,166,4,6,196,7,6,3,0,12
05/10/2024 03:27,685,5,2,147,2,7,193,7,3,1,1,9
05/10/2024 03:27,686,5,2,147,2,7,193,7,3,2,0,9
05/10/2024 03:28,687,5,2,147,2,7,193,7,3,3,1,11
05/10/2024 03:28,688,5,2,137,1,7,162,4,2,1,0,18
05/10/2024 03:28,689,5,2,137,1,7,162,4,2,2,1,7
05/10/2024 03:28,690,5,2,137,1,7,162,4,2,3,0,7
05/10/2024 03:28,691,5,2,147,2,7,177,5,7,1,0,12
05/10/2024 03:29,692,5,2,147,2,7,177,5,7,2,0,11
05/10/2024 03:29,693,5,2,147,2,7,177,5,7,3,0,6
05/10/2024 03:29,694,5,2,180,5,10,229,10,9,1,1,37
05/10/2024 03:29,695,5,2,180,5,10,229,10,9,2,0,9
05/10/2024 03:30,696,5,2,180,5,10,229,10,9,3,1,6
05/10/2024 03:30,697,5,2,139,1,9,147,2,7,1,0,12
05/10/2024 03:30,698,5,2,139,1,9,147,2,7,2,1,9
05/10/2024 03:30,699,5,2,139,1,9,147,2,7,3,1,16
05/10/2024 03:31,700,5,2,194,7,4,202,8,2,1,1,37
05/10/2024 03:31,701,5,2,194,7,4,202,8,2,2,0,13
05/10/2024 03:32,702,5,2,194,7,4,202,8,2,3,1,28
05/10/2024 03:32,703,5,2,195,7,5,249,12,9,1,1,16
05/10/2024 03:32,704,5,2,195,7,5,249,12,9,2,1,14
05/10/2024 03:33,705,5,2,195,7,5,249,12,9,3,0,37
05/10/2024 03:33,706,5,2,172,5,2,228,10,8,1,0,31
05/10/2024 03:34,707,5,2,172,5,2,228,10,8,2,1,27
05/10/2024 03:34,708,5,2,172,5,2,228,10,8,3,1,8
05/10/2024 03:35,709,5,2,223,10,3,238,11,8,1,1,89
05/10/2024 03:36,710,5,2,223,10,3,238,11,8,2,0,9
05/10/2024 03:37,711,5,2,223,10,3,238,11,8,3,0,59
05/10/2024 03:38,712,5,2,132,1,2,252,13,2,1,1,64
05/10/2024 03:38,713,5,2,132,1,2,252,13,2,2,1,23
05/10/2024 03:39,714,5,2,132,1,2,252,13,2,3,1,36
05/10/2024 03:39,715,5,2,159,3,9,208,8,8,1,0,6
05/10/2024 03:40,716,5,2,159,3,9,208,8,8,2,1,51
05/10/2024 03:40,717,5,2,159,3,9,208,8,8,3,1,25
05/10/2024 03:40,718,5,2,161,4,1,245,12,5,1,1,11
05/10/2024 03:41,719,5,2,161,4,1,245,12,5,2,0,19
05/10/2024 03:41,720,5,2,161,4,1,245,12,5,3,1,20
05/10/2024 03:41,721,5,2,225,10,5,245,12,5,1,0,18
05/10/2024 03:42,722,5,2,225,10,5,245,12,5,2,0,25
05/10/2024 03:42,723,5,2,225,10,5,245,12,5,3,0,14
05/10/2024 03:42,724,5,2,225,10,5,250,12,10,1,1,19
05/10/2024 03:42,725,5,2,225,10,5,250,12,10,2,0,10
05/10/2024 03:43,726,5,2,225,10,5,250,12,10,3,0,32
05/10/2024 03:43,727,5,2,148,2,8,253,13,3,1,1,5
05/10/2024 03:43,728,5,2,148,2,8,253,13,3,2,0,7
05/10/2024 03:43,729,5,2,148,2,8,253,13,3,3,0,19
05/10/2024 03:44,730,5,2,136,1,6,144,2,4,1,1,11
05/10/2024 03:44,731,5,2,136,1,6,144,2,4,2,1,21
05/10/2024 03:44,732,5,2,136,1,6,144,2,4,3,0,11
05/10/2024 03:45,733,5,2,156,3,6,189,6,9,1,1,25
05/10/2024 03:45,734,5,2,156,3,6,189,6,9,2,0,16
05/10/2024 03:45,735,5,2,156,3,6,189,6,9,3,1,9
05/10/2024 03:45,736,5,2,209,8,9,243,12,3,1,0,13
05/10/2024 03:46,737,5,2,209,8,9,243,12,3,2,1,23
05/10/2024 03:46,738,5,2,209,8,9,243,12,3,3,1,17
05/10/2024 03:56,739,5,2,169,4,9,230,10,10,1,0,571
05/10/2024 03:56,740,5,2,169,4,9,230,10,10,2,1,7
05/10/2024 03:56,741,5,2,169,4,9,230,10,10,3,0,14
05/10/2024 03:56,742,5,2,187,6,7,229,10,9,1,1,6
05/10/2024 03:56,743,5,2,187,6,7,229,10,9,2,0,3
05/10/2024 03:58,744,5,2,187,6,7,229,10,9,3,1,118
05/10/2024 03:58,745,5,2,175,5,5,255,13,5,1,1,6
05/10/2024 03:58,746,5,2,175,5,5,255,13,5,2,1,5
05/10/2024 03:58,747,5,2,175,5,5,255,13,5,3,1,7
05/10/2024 03:59,748,5,2,174,5,4,184,6,4,1,0,14
05/10/2024 03:59,749,5,2,174,5,4,184,6,4,2,1,7
05/10/2024 03:59,750,5,2,174,5,4,184,6,4,3,0,3
05/10/2024 03:59,751,5,2,204,8,4,220,9,10,1,1,22
05/10/2024 04:15,752,5,2,204,8,4,220,9,10,2,0,945
05/10/2024 04:15,753,5,2,204,8,4,220,9,10,3,1,3
05/10/2024 04:15,754,5,2,210,8,10,250,12,10,1,0,5
05/10/2024 04:15,755,5,2,210,8,10,250,12,10,2,1,8
05/10/2024 04:16,756,5,2,210,8,10,250,12,10,3,1,20
05/10/2024 04:16,757,5,2,181,6,1,230,10,10,1,0,7
05/10/2024 04:16,758,5,2,181,6,1,230,10,10,2,1,6
05/10/2024 04:16,759,5,2,181,6,1,230,10,10,3,0,18
05/10/2024 04:17,760,5,2,142,2,2,148,2,8,1,0,19
05/10/2024 04:17,761,5,2,142,2,2,148,2,8,2,0,20
05/10/2024 04:17,762,5,2,142,2,2,148,2,8,3,1,8
05/10/2024 04:17,763,5,2,232,11,2,255,13,5,1,0,16
05/10/2024 04:17,764,5,2,232,11,2,255,13,5,2,1,8
05/10/2024 04:18,765,5,2,232,11,2,255,13,5,3,0,23
05/10/2024 04:18,766,5,2,155,3,5,248,12,8,1,1,8
05/10/2024 04:18,767,5,2,155,3,5,248,12,8,2,1,8
05/10/2024 04:19,768,5,2,155,3,5,248,12,8,3,0,30
05/10/2024 04:22,769,5,2,219,9,9,259,13,9,1,0,193
05/10/2024 04:22,770,5,2,219,9,9,259,13,9,2,1,5
05/10/2024 04:22,771,5,2,219,9,9,259,13,9,3,1,7
05/10/2024 04:22,772,5,2,136,1,6,249,12,9,1,0,11
05/10/2024 04:23,773,5,2,136,1,6,249,12,9,2,0,23
05/10/2024 04:23,774,5,2,136,1,6,249,12,9,3,0,5
05/10/2024 04:23,775,5,2,144,2,4,191,7,1,1,1,6
05/10/2024 04:23,776,5,2,144,2,4,191,7,1,2,1,13
05/10/2024 04:23,777,5,2,144,2,4,191,7,1,3,0,6
05/10/2024 04:23,778,5,2,208,8,8,248,12,8,1,1,9
05/10/2024 04:24,779,5,2,208,8,8,248,12,8,2,0,15
05/10/2024 04:24,780,5,2,208,8,8,248,12,8,3,0,16
05/10/2024 04:24,781,5,2,186,6,6,225,10,5,1,1,25
05/10/2024 04:25,782,5,2,186,6,6,225,10,5,2,0,7
05/10/2024 04:25,783,5,2,186,6,6,225,10,5,3,1,9
05/10/2024 04:25,784,5,2,174,5,4,229,10,9,1,0,11
05/10/2024 04:25,785,5,2,174,5,4,229,10,9,2,0,10
05/10/2024 04:25,786,5,2,174,5,4,229,10,9,3,0,13
05/10/2024 04:26,787,5,2,207,8,7,222,10,2,1,1,23
05/10/2024 04:26,788,5,2,207,8,7,222,10,2,2,0,6
05/10/2024 04:26,789,5,2,207,8,7,222,10,2,3,0,8
05/10/2024 04:26,790,5,2,143,2,3,243,12,3,1,0,23
05/10/2024 04:27,791,5,2,143,2,3,243,12,3,2,1,11
05/10/2024 04:27,792,5,2,143,2,3,243,12,3,3,0,6
05/10/2024 04:27,793,5,2,132,1,2,138,1,8,1,1,8
05/10/2024 04:27,794,5,2,132,1,2,138,1,8,2,0,21
05/10/2024 04:27,795,5,2,132,1,2,138,1,8,3,0,11
05/10/2024 04:27,796,5,2,190,6,10,197,7,7,1,1,6
05/10/2024 04:28,797,5,2,190,6,10,197,7,7,2,1,8
05/10/2024 04:28,798,5,2,190,6,10,197,7,7,3,0,15
05/10/2024 04:28,799,5,2,190,6,10,205,8,5,1,1,18
05/10/2024 04:28,800,5,2,190,6,10,205,8,5,2,0,12
05/10/2024 04:29,801,5,2,190,6,10,205,8,5,3,0,11
05/10/2024 04:29,802,5,2,135,1,5,171,5,1,1,1,13
05/10/2024 04:29,803,5,2,135,1,5,171,5,1,2,0,22
05/10/2024 04:30,804,5,2,135,1,5,171,5,1,3,0,30
05/10/2024 04:30,805,5,2,239,11,9,243,12,3,1,1,5
05/10/2024 04:30,806,5,2,239,11,9,243,12,3,2,0,15
05/10/2024 04:30,807,5,2,239,11,9,243,12,3,3,1,8
05/10/2024 04:31,808,5,2,141,2,1,220,9,10,1,0,17
05/10/2024 04:31,809,5,2,141,2,1,220,9,10,2,1,16
05/10/2024 04:31,810,5,2,141,2,1,220,9,10,3,1,11
05/10/2024 04:32,811,5,2,179,5,9,246,12,6,1,1,35
05/10/2024 04:32,812,5,2,179,5,9,246,12,6,2,0,5
05/10/2024 04:32,813,5,2,179,5,9,246,12,6,3,1,11
05/10/2024 04:32,814,5,2,158,3,8,178,5,8,1,0,8
05/10/2024 04:33,815,5,2,158,3,8,178,5,8,2,1,34
05/10/2024 04:33,816,5,2,158,3,8,178,5,8,3,0,5
05/10/2024 04:33,817,5,2,211,9,1,232,11,2,1,1,9
05/10/2024 04:33,818,5,2,211,9,1,232,11,2,2,1,15
05/10/2024 04:33,819,5,2,211,9,1,232,11,2,3,0,11
05/10/2024 04:34,820,5,2,236,11,6,251,13,1,1,0,10
05/10/2024 04:34,821,5,2,236,11,6,251,13,1,2,1,15
05/10/2024 04:34,822,5,2,236,11,6,251,13,1,3,0,9
05/10/2024 04:34,823,5,2,192,7,2,207,8,7,1,1,8
05/10/2024 04:34,824,5,2,192,7,2,207,8,7,2,0,12
05/10/2024 04:34,825,5,2,192,7,2,207,8,7,3,1,10
05/10/2024 04:35,826,5,2,155,3,5,201,8,1,1,0,14
05/10/2024 04:35,827,5,2,155,3,5,201,8,1,2,1,6
05/10/2024 04:35,828,5,2,155,3,5,201,8,1,3,1,5
05/10/2024 04:35,829,5,2,138,1,8,247,12,7,1,0,12
05/10/2024 04:36,830,5,2,138,1,8,247,12,7,2,1,22
05/10/2024 04:36,831,5,2,138,1,8,247,12,7,3,0,21
05/10/2024 04:36,832,5,2,183,6,3,246,12,6,1,1,7
05/10/2024 04:36,833,5,2,183,6,3,246,12,6,2,0,5
05/10/2024 04:36,834,5,2,183,6,3,246,12,6,3,0,17
05/10/2024 04:37,835,5,2,169,4,9,224,10,4,1,1,5
05/10/2024 04:37,836,5,2,169,4,9,224,10,4,2,0,25
05/10/2024 04:37,837,5,2,169,4,9,224,10,4,3,0,6
05/10/2024 04:37,838,5,2,196,7,6,241,12,1,1,0,22
05/10/2024 04:38,839,5,2,196,7,6,241,12,1,2,1,6
05/10/2024 04:38,840,5,2,196,7,6,241,12,1,3,0,34
05/10/2024 04:38,841,5,2,193,7,3,258,13,8,1,0,11
05/10/2024 04:38,842,5,2,193,7,3,258,13,8,2,1,3
05/10/2024 04:39,843,5,2,193,7,3,258,13,8,3,0,8
05/10/2024 04:40,844,5,2,182,6,2,221,10,1,1,0,64
05/10/2024 04:40,845,5,2,182,6,2,221,10,1,2,1,7
05/10/2024 04:40,846,5,2,182,6,2,221,10,1,3,1,9
05/10/2024 04:40,847,5,2,131,1,1,204,8,4,1,0,12
05/10/2024 04:40,848,5,2,131,1,1,204,8,4,2,0,8
05/10/2024 04:40,849,5,2,131,1,1,204,8,4,3,0,8
05/10/2024 04:41,850,5,2,158,3,8,228,10,8,1,1,16
05/10/2024 04:41,851,5,2,158,3,8,228,10,8,2,0,45
05/10/2024 04:42,852,5,2,158,3,8,228,10,8,3,1,6
05/10/2024 04:42,853,5,2,149,2,9,180,5,10,1,0,8
05/10/2024 04:42,854,5,2,149,2,9,180,5,10,2,1,10
05/10/2024 04:42,855,5,2,149,2,9,180,5,10,3,0,6
05/10/2024 04:42,856,5,2,150,2,10,257,13,7,1,1,9
05/10/2024 04:42,857,5,2,150,2,10,257,13,7,2,0,8
05/10/2024 04:42,858,5,2,150,2,10,257,13,7,3,0,4
05/10/2024 04:43,859,5,2,180,5,10,188,6,8,1,1,11
05/10/2024 04:43,860,5,2,180,5,10,188,6,8,2,0,14
05/10/2024 04:43,861,5,2,180,5,10,188,6,8,3,1,4
05/10/2024 04:43,862,5,2,238,11,8,252,13,2,1,0,5
05/10/2024 04:43,863,5,2,238,11,8,252,13,2,2,1,18
05/10/2024 04:43,864,5,2,238,11,8,252,13,2,3,0,7
05/10/2024 04:44,865,5,2,204,8,4,229,10,9,1,1,14
05/10/2024 04:44,866,5,2,204,8,4,229,10,9,2,1,15
05/10/2024 04:44,867,5,2,204,8,4,229,10,9,3,0,6
05/10/2024 04:44,868,5,2,182,6,2,245,12,5,1,1,14
05/10/2024 04:45,869,5,2,182,6,2,245,12,5,2,0,10
05/10/2024 04:45,870,5,2,182,6,2,245,12,5,3,0,7
05/10/2024 04:45,871,5,2,219,9,9,257,13,7,1,0,32
05/10/2024 04:57,872,5,2,219,9,9,257,13,7,2,0,732
05/10/2024 04:58,873,5,2,219,9,9,257,13,7,3,1,4
05/10/2024 04:48,874,5,2,244,12,4,256,13,6,1,0,9
05/10/2024 04:48,875,5,2,244,12,4,256,13,6,2,1,6
05/10/2024 04:48,876,5,2,244,12,4,256,13,6,3,0,15
05/10/2024 04:48,877,5,2,182,6,2,224,10,4,1,1,7
05/10/2024 04:48,878,5,2,182,6,2,224,10,4,2,0,18
05/10/2024 04:49,879,5,2,182,6,2,224,10,4,3,0,18
05/10/2024 04:49,880,5,2,204,8,4,247,12,7,1,1,36
05/10/2024 04:49,881,5,2,204,8,4,247,12,7,2,0,4
05/10/2024 05:03,882,5,2,204,8,4,247,12,7,3,1,4
05/10/2024 05:03,883,5,2,195,7,5,225,10,5,1,1,8
05/10/2024 05:04,884,5,2,195,7,5,225,10,5,2,1,45
05/10/2024 05:04,885,5,2,195,7,5,225,10,5,3,0,12
05/10/2024 05:04,886,5,2,225,10,5,248,12,8,1,0,16
05/10/2024 05:05,887,5,2,225,10,5,248,12,8,2,1,38
05/10/2024 05:05,888,5,2,225,10,5,248,12,8,3,1,16
05/10/2024 05:06,889,5,2,136,1,6,170,4,10,1,0,10
05/10/2024 05:06,890,5,2,136,1,6,170,4,10,2,1,8
05/10/2024 05:06,891,5,2,136,1,6,170,4,10,3,1,9
05/10/2024 05:06,892,5,2,132,1,2,166,4,6,1,1,26
05/10/2024 05:09,893,5,2,132,1,2,166,4,6,2,1,158
05/10/2024 05:09,894,5,2,132,1,2,166,4,6,3,1,2
05/10/2024 05:09,895,5,2,131,1,1,140,1,10,1,0,10
05/10/2024 05:09,896,5,2,131,1,1,140,1,10,2,1,11
05/10/2024 05:10,897,5,2,131,1,1,140,1,10,3,0,50
05/10/2024 05:10,898,5,2,232,11,2,247,12,7,1,1,10
05/10/2024 05:11,899,5,2,232,11,2,247,12,7,2,1,44
05/10/2024 05:12,900,5,2,232,11,2,247,12,7,3,0,29
05/10/2024 05:12,901,5,2,220,9,10,232,11,2,1,1,22
05/10/2024 05:12,902,5,2,220,9,10,232,11,2,2,0,27
05/10/2024 05:13,903,5,2,220,9,10,232,11,2,3,0,14
05/10/2024 05:13,904,5,2,131,1,1,171,5,1,1,1,9
05/10/2024 05:13,905,5,2,131,1,1,171,5,1,2,0,33
05/10/2024 05:14,906,5,2,131,1,1,171,5,1,3,1,12
05/10/2024 05:14,907,5,2,218,9,8,243,12,3,1,0,14
05/10/2024 05:14,908,5,2,218,9,8,243,12,3,2,1,8
05/10/2024 05:15,909,5,2,218,9,8,243,12,3,3,0,27
05/10/2024 05:15,910,5,2,137,1,7,256,13,6,1,1,30
05/10/2024 05:18,911,5,2,137,1,7,256,13,6,2,1,165
05/10/2024 05:18,912,5,2,137,1,7,256,13,6,3,0,14
05/10/2024 05:18,913,5,2,134,1,4,199,7,9,1,1,8
05/10/2024 05:18,914,5,2,134,1,4,199,7,9,2,0,6
05/10/2024 05:18,915,5,2,134,1,4,199,7,9,3,1,9
05/10/2024 05:19,916,5,2,163,4,3,219,9,9,1,1,15
05/10/2024 05:19,917,5,2,163,4,3,219,9,9,2,0,14
05/10/2024 05:20,918,5,2,163,4,3,219,9,9,3,1,35
05/10/2024 05:20,919,5,2,150,2,10,168,4,8,1,1,17
05/10/2024 05:20,920,5,2,150,2,10,168,4,8,2,0,13
05/10/2024 05:20,921,5,2,150,2,10,168,4,8,3,0,7
05/10/2024 05:21,922,5,2,173,5,3,187,6,7,1,0,26
05/10/2024 05:21,923,5,2,173,5,3,187,6,7,2,1,4
05/10/2024 05:21,924,5,2,173,5,3,187,6,7,3,1,16
05/10/2024 05:21,925,5,2,169,4,9,206,8,6,1,1,12
05/10/2024 05:22,926,5,2,169,4,9,206,8,6,2,1,37
05/10/2024 05:22,927,5,2,169,4,9,206,8,6,3,1,33
05/10/2024 05:23,928,5,2,183,6,3,220,9,10,1,0,6
05/10/2024 05:23,929,5,2,183,6,3,220,9,10,2,1,11
05/10/2024 05:23,930,5,2,183,6,3,220,9,10,3,1,38
05/10/2024 05:24,931,5,2,134,1,4,192,7,2,1,0,16
05/10/2024 05:24,932,5,2,134,1,4,192,7,2,2,1,36
05/10/2024 05:25,933,5,2,134,1,4,192,7,2,3,0,16
05/10/2024 05:25,934,5,2,137,1,7,146,2,6,1,0,27
05/10/2024 05:25,935,5,2,137,1,7,146,2,6,2,0,17
05/10/2024 05:25,936,5,2,137,1,7,146,2,6,3,0,6
05/10/2024 05:26,937,5,2,192,7,2,235,11,5,1,0,34
05/10/2024 05:26,938,5,2,192,7,2,235,11,5,2,1,10
05/10/2024 05:27,939,5,2,192,7,2,235,11,5,3,1,22
05/10/2024 05:29,940,5,2,198,7,8,245,12,5,1,0,126
05/10/2024 05:29,941,5,2,198,7,8,245,12,5,2,1,7
05/10/2024 05:29,942,5,2,198,7,8,245,12,5,3,0,4
05/10/2024 05:29,943,5,2,151,3,1,222,10,2,1,1,7
05/10/2024 05:30,944,5,2,151,3,1,222,10,2,2,0,15
05/10/2024 05:30,945,5,2,151,3,1,222,10,2,3,1,15
05/10/2024 05:30,946,5,2,237,11,7,259,13,9,1,0,7
05/10/2024 05:30,947,5,2,237,11,7,259,13,9,2,1,4
05/10/2024 05:30,948,5,2,237,11,7,259,13,9,3,1,10
05/10/2024 05:30,949,5,2,195,7,5,197,7,7,1,1,7
05/10/2024 05:30,950,5,2,195,7,5,197,7,7,2,0,6
05/10/2024 05:31,951,5,2,195,7,5,197,7,7,3,1,13
05/10/2024 05:31,952,5,2,159,3,9,214,9,4,1,0,5
05/10/2024 05:31,953,5,2,159,3,9,214,9,4,2,1,10
05/10/2024 05:31,954,5,2,159,3,9,214,9,4,3,0,8
05/10/2024 05:31,955,5,2,170,4,10,256,13,6,1,1,17
05/10/2024 05:32,956,5,2,170,4,10,256,13,6,2,0,22
05/10/2024 05:32,957,5,2,170,4,10,256,13,6,3,1,16
05/10/2024 05:32,958,5,2,225,10,5,249,12,9,1,0,5
05/10/2024 05:32,959,5,2,225,10,5,249,12,9,2,1,9
05/10/2024 05:33,960,5,2,225,10,5,249,12,9,3,1,12
05/10/2024 05:33,961,5,2,138,1,8,260,13,10,1,1,16
05/10/2024 05:33,962,5,2,138,1,8,260,13,10,2,0,10
05/10/2024 05:33,963,5,2,138,1,8,260,13,10,3,1,20
05/10/2024 05:33,964,5,2,177,5,7,255,13,5,1,0,7
05/10/2024 05:34,965,5,2,177,5,7,255,13,5,2,1,33
05/10/2024 05:34,966,5,2,177,5,7,255,13,5,3,1,13
05/10/2024 05:35,967,5,2,234,11,4,240,11,10,1,0,28
05/10/2024 05:36,968,5,2,234,11,4,240,11,10,2,1,54
05/10/2024 05:36,969,5,2,234,11,4,240,11,10,3,0,3
05/10/2024 05:36,970,5,2,196,7,6,253,13,3,1,0,22
05/10/2024 05:36,971,5,2,196,7,6,253,13,3,2,1,14
05/10/2024 05:37,972,5,2,196,7,6,253,13,3,3,0,40
05/10/2024 05:38,973,5,2,145,2,5,227,10,7,1,1,27
05/10/2024 05:38,974,5,2,145,2,5,227,10,7,2,0,16
05/10/2024 05:38,975,5,2,145,2,5,227,10,7,3,1,29
05/10/2024 05:39,976,5,2,169,4,9,193,7,3,1,0,25
05/10/2024 05:39,977,5,2,169,4,9,193,7,3,2,1,15
05/10/2024 05:39,978,5,2,169,4,9,193,7,3,3,0,8
05/10/2024 05:39,979,5,2,204,8,4,210,8,10,1,1,9
05/10/2024 05:39,980,5,2,204,8,4,210,8,10,2,0,5
05/10/2024 05:40,981,5,2,204,8,4,210,8,10,3,0,11
05/10/2024 05:40,982,5,2,167,4,7,239,11,9,1,0,21
05/10/2024 05:40,983,5,2,167,4,7,239,11,9,2,0,31
05/10/2024 05:41,984,5,2,167,4,7,239,11,9,3,1,10
05/10/2024 05:41,985,5,2,160,3,10,180,5,10,1,1,28
05/10/2024 05:41,986,5,2,160,3,10,180,5,10,2,0,11
05/10/2024 05:42,987,5,2,160,3,10,180,5,10,3,0,21
05/10/2024 05:42,988,5,2,182,6,2,183,6,3,1,0,14
05/10/2024 05:42,989,5,2,182,6,2,183,6,3,2,0,3
05/10/2024 05:43,990,5,2,182,6,2,183,6,3,3,0,53
05/10/2024 05:43,991,5,2,209,8,9,241,12,1,1,0,9
05/10/2024 05:43,992,5,2,209,8,9,241,12,1,2,1,10
05/10/2024 05:45,993,5,2,209,8,9,241,12,1,3,1,111
05/10/2024 05:46,994,5,2,216,9,6,219,9,9,1,1,31
05/10/2024 05:46,995,5,2,216,9,6,219,9,9,2,0,19
05/10/2024 05:46,996,5,2,216,9,6,219,9,9,3,1,13
05/10/2024 05:46,997,5,2,192,7,2,251,13,1,1,0,9
05/10/2024 05:47,998,5,2,192,7,2,251,13,1,2,1,25
05/10/2024 05:47,999,5,2,192,7,2,251,13,1,3,1,8
05/10/2024 05:47,1000,5,2,248,12,8,255,13,5,1,1,28
05/10/2024 05:48,1001,5,2,248,12,8,255,13,5,2,0,44
05/10/2024 05:48,1002,5,2,248,12,8,255,13,5,3,1,15
05/10/2024 05:49,1003,5,2,184,6,4,256,13,6,1,0,15
05/10/2024 05:49,1004,5,2,184,6,4,256,13,6,2,0,6
05/10/2024 05:49,1005,5,2,184,6,4,256,13,6,3,1,6
05/10/2024 05:49,1006,5,2,182,6,2,198,7,8,1,1,26
05/10/2024 05:50,1007,5,2,182,6,2,198,7,8,2,0,50
05/10/2024 05:51,1008,5,2,182,6,2,198,7,8,3,0,18
05/10/2024 05:57,1009,5,2,233,11,3,234,11,4,1,0,410
05/10/2024 05:57,1010,5,2,233,11,3,234,11,4,2,1,5
05/10/2024 05:59,1011,5,2,233,11,3,234,11,4,3,1,69
05/10/2024 05:59,1012,5,2,132,1,2,202,8,2,1,0,4
05/10/2024 06:00,1013,5,2,132,1,2,202,8,2,2,0,60
05/10/2024 06:00,1014,5,2,132,1,2,202,8,2,3,1,17
05/10/2024 06:01,1015,5,2,170,4,10,182,6,2,1,1,40
05/10/2024 06:01,1016,5,2,170,4,10,182,6,2,2,1,32
05/10/2024 06:02,1017,5,2,170,4,10,182,6,2,3,0,31
05/10/2024 06:02,1018,5,2,153,3,3,205,8,5,1,1,5
05/10/2024 06:02,1019,5,2,153,3,3,205,8,5,2,0,18
05/10/2024 06:15,1020,5,2,153,3,3,205,8,5,3,0,738
05/10/2024 06:15,1021,5,3,340,8,10,371,12,1,1,1,9
05/10/2024 06:15,1022,5,3,340,8,10,371,12,1,2,0,8
05/10/2024 06:15,1023,5,3,340,8,10,371,12,1,3,0,13
05/10/2024 06:16,1024,5,3,274,2,4,379,12,9,1,1,58
05/10/2024 06:16,1025,5,3,274,2,4,379,12,9,2,0,16
05/10/2024 06:17,1026,5,3,274,2,4,379,12,9,3,0,35
05/10/2024 06:17,1027,5,3,360,10,10,389,13,9,1,1,8
05/10/2024 06:18,1028,5,3,360,10,10,389,13,9,2,0,32
05/10/2024 06:18,1029,5,3,360,10,10,389,13,9,3,0,4
05/10/2024 06:19,1030,5,3,328,7,8,376,12,6,1,1,85
05/10/2024 06:19,1031,5,3,328,7,8,376,12,6,2,0,3
05/10/2024 06:19,1032,5,3,328,7,8,376,12,6,3,0,4
05/10/2024 06:20,1033,5,3,291,4,1,320,6,10,1,0,54
05/10/2024 06:21,1034,5,3,291,4,1,320,6,10,2,1,30
05/10/2024 06:21,1035,5,3,291,4,1,320,6,10,3,0,18
05/10/2024 06:21,1036,5,3,297,4,7,338,8,8,1,0,5
05/10/2024 06:21,1037,5,3,297,4,7,338,8,8,2,1,6
05/10/2024 06:22,1038,5,3,297,4,7,338,8,8,3,1,22
05/10/2024 06:22,1039,5,3,294,4,4,326,7,6,1,0,20
05/10/2024 06:22,1040,5,3,294,4,4,326,7,6,2,1,14
05/10/2024 06:22,1041,5,3,294,4,4,326,7,6,3,0,4
05/10/2024 06:23,1042,5,3,339,8,9,345,9,5,1,0,34
05/10/2024 06:23,1043,5,3,339,8,9,345,9,5,2,1,18
05/10/2024 06:24,1044,5,3,339,8,9,345,9,5,3,0,32
05/10/2024 06:24,1045,5,3,284,3,4,369,11,9,1,0,32
05/10/2024 06:25,1046,5,3,284,3,4,369,11,9,2,0,46
05/10/2024 06:25,1047,5,3,284,3,4,369,11,9,3,0,4
05/10/2024 06:25,1048,5,3,376,12,6,388,13,8,1,0,23
05/10/2024 06:26,1049,5,3,376,12,6,388,13,8,2,0,14
05/10/2024 06:26,1050,5,3,376,12,6,388,13,8,3,1,5
05/10/2024 06:27,1051,5,3,387,13,7,390,13,10,1,1,54
05/10/2024 06:27,1052,5,3,387,13,7,390,13,10,2,0,5
05/10/2024 22:22,1053,5,3,387,13,7,390,13,10,3,0,48
05/10/2024 22:22,1054,5,3,271,2,1,278,2,8,1,0,26
05/10/2024 22:23,1055,5,3,271,2,1,278,2,8,2,1,7
05/10/2024 22:23,1056,5,3,271,2,1,278,2,8,3,0,16
05/10/2024 22:23,1057,5,3,296,4,6,316,6,6,1,0,24
05/10/2024 22:23,1058,5,3,296,4,6,316,6,6,2,0,8
05/10/2024 22:24,1059,5,3,296,4,6,316,6,6,3,1,25
05/10/2024 22:24,1060,5,3,328,7,8,340,8,10,1,0,11
05/10/2024 22:24,1061,5,3,328,7,8,340,8,10,2,1,7
05/10/2024 22:24,1062,5,3,328,7,8,340,8,10,3,1,5
05/10/2024 22:25,1063,5,3,326,7,6,375,12,5,1,0,61
05/10/2024 22:35,1064,5,3,326,7,6,375,12,5,2,1,138
05/10/2024 22:35,1065,5,3,326,7,6,375,12,5,3,0,16
05/10/2024 22:35,1066,5,3,328,7,8,335,8,5,1,1,13
05/10/2024 22:36,1067,5,3,328,7,8,335,8,5,2,0,6
05/10/2024 22:36,1068,5,3,328,7,8,335,8,5,3,1,33
05/10/2024 22:36,1069,5,3,265,1,5,368,11,8,1,0,9
05/10/2024 22:38,1070,5,3,265,1,5,368,11,8,2,1,91
05/10/2024 22:38,1071,5,3,265,1,5,368,11,8,3,0,17
05/10/2024 22:38,1072,5,3,261,1,1,329,7,9,1,1,16
05/10/2024 22:39,1073,5,3,261,1,1,329,7,9,2,0,18
05/10/2024 22:39,1074,5,3,261,1,1,329,7,9,3,0,16
05/10/2024 22:39,1075,5,3,291,4,1,352,10,2,1,1,7
05/10/2024 22:39,1076,5,3,291,4,1,352,10,2,2,0,4
05/10/2024 22:40,1077,5,3,291,4,1,352,10,2,3,1,17
06/10/2024 00:38,1078,5,3,324,7,4,345,9,5,1,0,8
06/10/2024 00:38,1079,5,3,324,7,4,345,9,5,2,0,7
06/10/2024 00:43,1080,5,3,324,7,4,345,9,5,3,0,259
07/10/2024 00:19,1081,5,3,275,2,5,386,13,6,1,0,7
07/10/2024 00:20,1082,5,3,275,2,5,386,13,6,2,1,10
07/10/2024 00:20,1083,5,3,275,2,5,386,13,6,3,1,13
07/10/2024 00:20,1084,5,3,267,1,7,320,6,10,1,0,35
07/10/2024 00:21,1085,5,3,267,1,7,320,6,10,2,1,10
07/10/2024 00:24,1086,5,3,267,1,7,320,6,10,3,0,192
07/10/2024 00:24,1087,5,3,352,10,2,373,12,3,1,1,17
07/10/2024 00:25,1088,5,3,352,10,2,373,12,3,2,0,48
07/10/2024 00:25,1089,5,3,352,10,2,373,12,3,3,0,23
07/10/2024 00:26,1090,5,3,268,1,8,289,3,9,1,1,23
07/10/2024 00:26,1091,5,3,268,1,8,289,3,9,2,0,20
07/10/2024 00:26,1092,5,3,268,1,8,289,3,9,3,0,14
07/10/2024 00:27,1093,5,3,287,3,7,298,4,8,1,1,24
07/10/2024 00:27,1094,5,3,287,3,7,298,4,8,2,0,18
07/10/2024 00:31,1095,5,3,287,3,7,298,4,8,3,1,265
07/10/2024 00:32,1096,5,3,304,5,4,379,12,9,1,0,8
07/10/2024 00:32,1097,5,3,304,5,4,379,12,9,2,0,19
07/10/2024 00:32,1098,5,3,304,5,4,379,12,9,3,0,22
07/10/2024 00:33,1099,5,3,282,3,2,307,5,7,1,1,11
07/10/2024 00:33,1100,5,3,282,3,2,307,5,7,2,0,7
07/10/2024 00:33,1101,5,3,282,3,2,307,5,7,3,0,29
07/10/2024 00:34,1102,5,3,280,2,10,320,6,10,1,1,23
07/10/2024 00:34,1103,5,3,280,2,10,320,6,10,2,0,8
07/10/2024 00:34,1104,5,3,280,2,10,320,6,10,3,0,12
07/10/2024 00:34,1105,5,3,323,7,3,377,12,7,1,0,16
07/10/2024 00:34,1106,5,3,323,7,3,377,12,7,2,1,8
07/10/2024 00:35,1107,5,3,323,7,3,377,12,7,3,1,45
07/10/2024 00:35,1108,5,3,298,4,8,351,10,1,1,0,13
07/10/2024 00:37,1109,5,3,298,4,8,351,10,1,2,1,96
07/10/2024 00:37,1110,5,3,298,4,8,351,10,1,3,0,13
07/10/2024 00:38,1111,5,3,316,6,6,351,10,1,1,1,31
07/10/2024 00:39,1112,5,3,316,6,6,351,10,1,2,1,99
13/10/2024 21:54,1113,5,3,316,6,6,351,10,1,3,1,12
14/10/2024 10:06,1114,5,3,278,2,8,386,13,6,1,1,16
14/10/2024 10:07,1115,5,3,278,2,8,386,13,6,2,0,7
14/10/2024 10:07,1116,5,3,278,2,8,386,13,6,3,0,5
14/10/2024 10:07,1117,5,3,261,1,1,320,6,10,1,1,23
14/10/2024 10:07,1118,5,3,261,1,1,320,6,10,2,0,10
14/10/2024 10:09,1119,5,3,261,1,1,320,6,10,3,0,101
14/10/2024 10:09,1120,5,3,359,10,9,377,12,7,1,1,10
14/10/2024 10:09,1121,5,3,359,10,9,377,12,7,2,0,4
14/10/2024 10:09,1122,5,3,359,10,9,377,12,7,3,0,6
14/10/2024 10:10,1123,5,3,289,3,9,382,13,2,1,1,56
14/10/2024 10:11,1124,5,3,289,3,9,382,13,2,2,0,18
14/10/2024 10:11,1125,5,3,289,3,9,382,13,2,3,1,55
14/10/2024 10:12,1126,5,3,267,1,7,302,5,2,1,0,8
14/10/2024 10:12,1127,5,3,267,1,7,302,5,2,2,1,12
14/10/2024 10:12,1128,5,3,267,1,7,302,5,2,3,0,4
14/10/2024 10:12,1129,5,3,331,8,1,361,11,1,1,0,19
14/10/2024 10:13,1130,5,3,331,8,1,361,11,1,2,1,24
14/10/2024 10:13,1131,5,3,331,8,1,361,11,1,3,0,5
14/10/2024 10:13,1132,5,3,312,6,2,330,7,10,1,0,6
14/10/2024 10:13,1133,5,3,312,6,2,330,7,10,2,1,8
14/10/2024 10:13,1134,5,3,312,6,2,330,7,10,3,1,3
14/10/2024 10:16,1135,5,3,268,1,8,299,4,9,1,1,175
14/10/2024 10:18,1136,5,3,268,1,8,299,4,9,2,0,128
14/10/2024 10:18,1137,5,3,268,1,8,299,4,9,3,0,6
14/10/2024 10:19,1138,5,3,293,4,3,379,12,9,1,0,23
14/10/2024 10:19,1139,5,3,293,4,3,379,12,9,2,1,2
14/10/2024 10:19,1140,5,3,293,4,3,379,12,9,3,1,3
14/10/2024 10:20,1141,5,3,329,7,9,362,11,2,1,0,47
14/10/2024 10:21,1142,5,3,329,7,9,362,11,2,2,1,72
14/10/2024 10:21,1143,5,3,329,7,9,362,11,2,3,1,3
14/10/2024 10:21,1144,5,3,304,5,4,313,6,3,1,0,18
14/10/2024 10:21,1145,5,3,304,5,4,313,6,3,2,1,5
14/10/2024 10:22,1146,5,3,304,5,4,313,6,3,3,0,71
14/10/2024 10:23,1147,5,3,309,5,9,327,7,7,1,0,5
14/10/2024 10:23,1148,5,3,309,5,9,327,7,7,2,1,3
14/10/2024 10:23,1149,5,3,309,5,9,327,7,7,3,1,18
14/10/2024 10:23,1150,5,3,315,6,5,370,11,10,1,0,11
14/10/2024 10:23,1151,5,3,315,6,5,370,11,10,2,1,5
14/10/2024 10:23,1152,5,3,315,6,5,370,11,10,3,1,2
14/10/2024 10:25,1153,5,3,312,6,2,328,7,8,1,1,107
14/10/2024 10:25,1154,5,3,312,6,2,328,7,8,2,0,17
14/10/2024 10:25,1155,5,3,312,6,2,328,7,8,3,1,3
14/10/2024 10:26,1156,5,3,302,5,2,376,12,6,1,1,18
14/10/2024 10:26,1157,5,3,302,5,2,376,12,6,2,0,2
14/10/2024 10:27,1158,5,3,302,5,2,376,12,6,3,0,61
14/10/2024 10:27,1159,5,3,322,7,2,338,8,8,1,1,20
14/10/2024 10:27,1160,5,3,322,7,2,338,8,8,2,0,14
14/10/2024 10:27,1161,5,3,322,7,2,338,8,8,3,0,4
14/10/2024 10:28,1162,5,3,329,7,9,354,10,4,1,1,18
14/10/2024 10:28,1163,5,3,329,7,9,354,10,4,2,0,33
14/10/2024 10:29,1164,5,3,329,7,9,354,10,4,3,1,8
14/10/2024 10:29,1165,5,3,274,2,4,368,11,8,1,1,13
14/10/2024 10:29,1166,5,3,274,2,4,368,11,8,2,1,29
14/10/2024 10:29,1167,5,3,274,2,4,368,11,8,3,0,9
14/10/2024 10:30,1168,5,3,313,6,3,317,6,7,1,1,15
14/10/2024 10:30,1169,5,3,313,6,3,317,6,7,2,0,14
14/10/2024 10:30,1170,5,3,313,6,3,317,6,7,3,1,5
14/10/2024 10:30,1171,5,3,272,2,2,319,6,9,1,1,10
14/10/2024 10:31,1172,5,3,272,2,2,319,6,9,2,0,55
14/10/2024 10:32,1173,5,3,272,2,2,319,6,9,3,1,24
14/10/2024 10:33,1174,5,3,267,1,7,316,6,6,1,0,61
14/10/2024 10:33,1175,5,3,267,1,7,316,6,6,2,1,26
14/10/2024 10:33,1176,5,3,267,1,7,316,6,6,3,0,17
14/10/2024 10:34,1177,5,3,305,5,5,315,6,5,1,0,25
14/10/2024 10:34,1178,5,3,305,5,5,315,6,5,2,1,5
14/10/2024 10:34,1179,5,3,305,5,5,315,6,5,3,0,15
18/10/2024 00:25,1180,5,3,295,4,5,321,7,1,1,0,31
18/10/2024 00:26,1181,5,3,295,4,5,321,7,1,2,1,17
18/10/2024 00:26,1182,5,3,295,4,5,321,7,1,3,0,13
18/10/2024 00:26,1183,5,3,291,4,1,322,7,2,1,1,33
18/10/2024 00:27,1184,5,3,291,4,1,322,7,2,2,0,8
18/10/2024 00:27,1185,5,3,291,4,1,322,7,2,3,0,10
18/10/2024 00:27,1186,5,3,271,2,1,295,4,5,1,1,14
18/10/2024 00:27,1187,5,3,271,2,1,295,4,5,2,0,10
18/10/2024 00:27,1188,5,3,271,2,1,295,4,5,3,1,12
18/10/2024 00:28,1189,5,3,279,2,9,310,5,10,1,0,12
18/10/2024 00:28,1190,5,3,279,2,9,310,5,10,2,1,14
18/10/2024 00:28,1191,5,3,279,2,9,310,5,10,3,0,11
18/10/2024 00:28,1192,5,3,344,9,4,351,10,1,1,0,18
18/10/2024 00:31,1193,5,3,344,9,4,351,10,1,2,1,138
18/10/2024 00:31,1194,5,3,344,9,4,351,10,1,3,0,3
18/10/2024 00:31,1195,5,3,263,1,3,299,4,9,1,1,7
18/10/2024 00:31,1196,5,3,263,1,3,299,4,9,2,0,6
18/10/2024 00:31,1197,5,3,263,1,3,299,4,9,3,1,6
18/10/2024 00:31,1198,5,3,301,5,1,311,6,1,1,0,13
18/10/2024 00:31,1199,5,3,301,5,1,311,6,1,2,1,11
18/10/2024 00:32,1200,5,3,301,5,1,311,6,1,3,1,37
18/10/2024 00:32,1201,5,3,280,2,10,342,9,2,1,0,7
18/10/2024 00:33,1202,5,3,280,2,10,342,9,2,2,1,27
18/10/2024 00:33,1203,5,3,280,2,10,342,9,2,3,0,6
18/10/2024 00:33,1204,5,3,271,2,1,325,7,5,1,1,28
18/10/2024 00:34,1205,5,3,271,2,1,325,7,5,2,0,12
18/10/2024 00:34,1206,5,3,271,2,1,325,7,5,3,1,18
18/10/2024 00:34,1207,5,3,277,2,7,370,11,10,1,0,36
18/10/2024 00:35,1208,5,3,277,2,7,370,11,10,2,1,4
18/10/2024 00:35,1209,5,3,277,2,7,370,11,10,3,0,7
18/10/2024 00:35,1210,5,3,308,5,8,371,12,1,1,0,7
18/10/2024 00:35,1211,5,3,308,5,8,371,12,1,2,1,7
18/10/2024 00:35,1212,5,3,308,5,8,371,12,1,3,0,10
18/10/2024 00:35,1213,5,3,273,2,3,333,8,3,1,1,4
18/10/2024 00:36,1214,5,3,273,2,3,333,8,3,2,1,44
18/10/2024 00:36,1215,5,3,273,2,3,333,8,3,3,0,8
18/10/2024 00:36,1216,5,3,318,6,8,332,8,2,1,1,8
18/10/2024 00:36,1217,5,3,318,6,8,332,8,2,2,0,7
18/10/2024 00:37,1218,5,3,318,6,8,332,8,2,3,1,15
18/10/2024 00:37,1219,5,3,279,2,9,354,10,4,1,0,7
18/10/2024 00:37,1220,5,3,279,2,9,354,10,4,2,1,28
18/10/2024 00:38,1221,5,3,279,2,9,354,10,4,3,0,25
18/10/2024 00:38,1222,5,3,298,4,8,333,8,3,1,1,6
18/10/2024 00:38,1223,5,3,298,4,8,333,8,3,2,1,15
18/10/2024 00:38,1224,5,3,298,4,8,333,8,3,3,0,12
18/10/2024 00:38,1225,5,3,316,6,6,340,8,10,1,1,8
18/10/2024 00:38,1226,5,3,316,6,6,340,8,10,2,0,6
18/10/2024 00:39,1227,5,3,316,6,6,340,8,10,3,1,5
18/10/2024 00:39,1228,5,3,287,3,7,312,6,2,1,1,9
18/10/2024 00:39,1229,5,3,287,3,7,312,6,2,2,0,6
18/10/2024 00:39,1230,5,3,287,3,7,312,6,2,3,1,3
18/10/2024 00:39,1231,5,3,262,1,2,321,7,1,1,0,6
18/10/2024 00:39,1232,5,3,262,1,2,321,7,1,2,1,7
18/10/2024 00:47,1233,5,3,262,1,2,321,7,1,3,0,8
18/10/2024 00:47,1234,5,3,263,1,3,378,12,8,1,1,21
18/10/2024 00:47,1235,5,3,263,1,3,378,12,8,2,1,10
18/10/2024 00:47,1236,5,3,263,1,3,378,12,8,3,0,16
18/10/2024 00:48,1237,5,3,367,11,7,383,13,3,1,1,16
18/10/2024 00:48,1238,5,3,367,11,7,383,13,3,2,1,8
18/10/2024 00:48,1239,5,3,367,11,7,383,13,3,3,1,15
18/10/2024 00:48,1240,5,3,295,4,5,299,4,9,1,1,20
18/10/2024 00:49,1241,5,3,295,4,5,299,4,9,2,1,6
18/10/2024 00:49,1242,5,3,295,4,5,299,4,9,3,1,27
18/10/2024 00:49,1243,5,3,278,2,8,310,5,10,1,1,11
18/10/2024 00:49,1244,5,3,278,2,8,310,5,10,2,0,11
18/10/2024 00:50,1245,5,3,278,2,8,310,5,10,3,1,7
18/10/2024 00:50,1246,5,3,289,3,9,339,8,9,1,1,10
18/10/2024 00:50,1247,5,3,289,3,9,339,8,9,2,0,20
18/10/2024 00:51,1248,5,3,289,3,9,339,8,9,3,1,22
18/10/2024 00:51,1249,5,3,287,3,7,340,8,10,1,1,28
18/10/2024 00:51,1250,5,3,287,3,7,340,8,10,2,1,8
18/10/2024 00:51,1251,5,3,287,3,7,340,8,10,3,0,14
18/10/2024 00:52,1252,5,3,291,4,1,387,13,7,1,1,32
18/10/2024 00:52,1253,5,3,291,4,1,387,13,7,2,0,8
18/10/2024 00:52,1254,5,3,291,4,1,387,13,7,3,0,22
18/10/2024 00:53,1255,5,3,314,6,4,380,12,10,1,0,48
18/10/2024 00:54,1256,5,3,314,6,4,380,12,10,2,0,15
18/10/2024 00:54,1257,5,3,314,6,4,380,12,10,3,1,15
18/10/2024 00:54,1258,5,3,278,2,8,365,11,5,1,0,5
18/10/2024 00:54,1259,5,3,278,2,8,365,11,5,2,1,20
18/10/2024 00:54,1260,5,3,278,2,8,365,11,5,3,0,7
18/10/2024 00:55,1261,5,3,267,1,7,277,2,7,1,1,16
18/10/2024 00:55,1262,5,3,267,1,7,277,2,7,2,1,23
18/10/2024 00:55,1263,5,3,267,1,7,277,2,7,3,1,10
18/10/2024 00:56,1264,5,3,295,4,5,316,6,6,1,1,16
18/10/2024 00:57,1265,5,3,295,4,5,316,6,6,2,0,89
18/10/2024 00:57,1266,5,3,295,4,5,316,6,6,3,1,17
18/10/2024 00:58,1267,5,3,293,4,3,385,13,5,1,0,21
18/10/2024 00:58,1268,5,3,293,4,3,385,13,5,2,0,42
18/10/2024 00:59,1269,5,3,293,4,3,385,13,5,3,1,30
18/10/2024 00:59,1270,5,3,317,6,7,384,13,4,1,0,16
18/10/2024 01:00,1271,5,3,317,6,7,384,13,4,2,1,33
18/10/2024 01:01,1272,5,3,317,6,7,384,13,4,3,1,48
18/10/2024 01:01,1273,5,3,311,6,1,379,12,9,1,0,10
18/10/2024 01:01,1274,5,3,311,6,1,379,12,9,2,1,12
18/10/2024 01:01,1275,5,3,311,6,1,379,12,9,3,0,18
18/10/2024 01:01,1276,5,3,266,1,6,316,6,6,1,1,11
18/10/2024 01:02,1277,5,3,266,1,6,316,6,6,2,0,30
18/10/2024 01:03,1278,5,3,266,1,6,316,6,6,3,0,43
18/10/2024 01:03,1279,5,3,294,4,4,381,13,1,1,0,35
18/10/2024 01:04,1280,5,3,294,4,4,381,13,1,2,1,13
18/10/2024 01:04,1281,5,3,294,4,4,381,13,1,3,1,19
18/10/2024 01:04,1282,5,3,278,2,8,298,4,8,1,1,15
18/10/2024 01:05,1283,5,3,278,2,8,298,4,8,2,0,28
18/10/2024 01:05,1284,5,3,278,2,8,298,4,8,3,1,17
18/10/2024 01:05,1285,5,3,301,5,1,390,13,10,1,1,34
18/10/2024 01:06,1286,5,3,301,5,1,390,13,10,2,0,21
18/10/2024 01:06,1287,5,3,301,5,1,390,13,10,3,1,18
18/10/2024 01:07,1288,5,3,314,6,4,357,10,7,1,0,24
18/10/2024 01:07,1289,5,3,314,6,4,357,10,7,2,0,42
18/10/2024 01:08,1290,5,3,314,6,4,357,10,7,3,1,31
18/10/2024 01:08,1291,5,3,308,5,8,361,11,1,1,0,16
18/10/2024 01:08,1292,5,3,308,5,8,361,11,1,2,1,10
18/10/2024 01:09,1293,5,3,308,5,8,361,11,1,3,0,31
18/10/2024 01:09,1294,5,3,374,12,4,389,13,9,1,1,19
18/10/2024 01:09,1295,5,3,374,12,4,389,13,9,2,0,16
18/10/2024 01:10,1296,5,3,374,12,4,389,13,9,3,0,16
18/10/2024 01:10,1297,5,3,380,12,10,385,13,5,1,0,21
18/10/2024 01:10,1298,5,3,380,12,10,385,13,5,2,1,9
18/10/2024 01:11,1299,5,3,380,12,10,385,13,5,3,1,24
18/10/2024 01:11,1300,5,3,340,8,10,347,9,7,1,0,31
18/10/2024 01:11,1301,5,3,340,8,10,347,9,7,2,1,9
18/10/2024 01:12,1302,5,3,340,8,10,347,9,7,3,0,19
18/10/2024 01:12,1303,5,3,284,3,4,312,6,2,1,1,16
18/10/2024 01:12,1304,5,3,284,3,4,312,6,2,2,0,17
18/10/2024 01:12,1305,5,3,284,3,4,312,6,2,3,1,12
18/10/2024 01:13,1306,5,3,279,2,9,356,10,6,1,0,12
18/10/2024 01:13,1307,5,3,279,2,9,356,10,6,2,1,25
18/10/2024 01:13,1308,5,3,279,2,9,356,10,6,3,0,23
18/10/2024 01:14,1309,5,3,353,10,3,389,13,9,1,1,25
18/10/2024 01:14,1310,5,3,353,10,3,389,13,9,2,0,18
18/10/2024 01:15,1311,5,3,353,10,3,389,13,9,3,0,15
18/10/2024 01:15,1312,5,3,328,7,8,345,9,5,1,1,13
18/10/2024 01:15,1313,5,3,328,7,8,345,9,5,2,0,24
18/10/2024 01:15,1314,5,3,328,7,8,345,9,5,3,1,10
18/10/2024 01:16,1315,5,3,325,7,5,374,12,4,1,0,17
18/10/2024 01:16,1316,5,3,325,7,5,374,12,4,2,1,19
18/10/2024 01:16,1317,5,3,325,7,5,374,12,4,3,0,15
18/10/2024 01:16,1318,5,3,265,1,5,385,13,5,1,1,9
18/10/2024 01:17,1319,5,3,265,1,5,385,13,5,2,1,42
18/10/2024 01:18,1320,5,3,265,1,5,385,13,5,3,1,41
18/10/2024 01:18,1321,5,3,287,3,7,326,7,6,1,0,17
18/10/2024 01:18,1322,5,3,287,3,7,326,7,6,2,1,19
18/10/2024 01:19,1323,5,3,287,3,7,326,7,6,3,0,19
18/10/2024 01:19,1324,5,3,328,7,8,384,13,4,1,1,17
18/10/2024 01:19,1325,5,3,328,7,8,384,13,4,2,0,10
18/10/2024 01:19,1326,5,3,328,7,8,384,13,4,3,1,11
18/10/2024 01:20,1327,5,3,326,7,6,338,8,8,1,0,14
18/10/2024 01:20,1328,5,3,326,7,6,338,8,8,2,1,11
18/10/2024 01:20,1329,5,3,326,7,6,338,8,8,3,0,11
18/10/2024 01:20,1330,5,3,328,7,8,373,12,3,1,0,10
18/10/2024 01:21,1331,5,3,328,7,8,373,12,3,2,1,21
18/10/2024 01:21,1332,5,3,328,7,8,373,12,3,3,0,14
18/10/2024 01:21,1333,5,3,304,5,4,368,11,8,1,1,12
18/10/2024 01:21,1334,5,3,304,5,4,368,11,8,2,0,13
18/10/2024 01:22,1335,5,3,304,5,4,368,11,8,3,1,15
18/10/2024 01:22,1336,5,3,263,1,3,383,13,3,1,0,13
18/10/2024 01:22,1337,5,3,263,1,3,383,13,3,2,1,16
18/10/2024 01:23,1338,5,3,263,1,3,383,13,3,3,1,25
18/10/2024 01:23,1339,5,3,336,8,6,385,13,5,1,0,11
18/10/2024 01:23,1340,5,3,336,8,6,385,13,5,2,1,14
18/10/2024 01:23,1341,5,3,336,8,6,385,13,5,3,0,14
18/10/2024 01:23,1342,5,3,266,1,6,267,1,7,1,1,8
18/10/2024 01:23,1343,5,3,266,1,6,267,1,7,2,1,7
18/10/2024 01:24,1344,5,3,266,1,6,267,1,7,3,0,4
18/10/2024 01:24,1345,5,3,360,10,10,370,11,10,1,0,23
18/10/2024 01:24,1346,5,3,360,10,10,370,11,10,2,1,8
18/10/2024 01:24,1347,5,3,360,10,10,370,11,10,3,0,4
18/10/2024 01:25,1348,5,3,311,6,1,320,6,10,1,0,25
18/10/2024 01:25,1349,5,3,311,6,1,320,6,10,2,1,16
18/10/2024 01:25,1350,5,3,311,6,1,320,6,10,3,0,22
18/10/2024 01:25,1351,5,3,286,3,6,382,13,2,1,1,10
18/10/2024 01:26,1352,5,3,286,3,6,382,13,2,2,0,8
18/10/2024 01:26,1353,5,3,286,3,6,382,13,2,3,1,9
18/10/2024 01:26,1354,5,3,326,7,6,352,10,2,1,0,12
18/10/2024 01:26,1355,5,3,326,7,6,352,10,2,2,0,20
18/10/2024 01:27,1356,5,3,326,7,6,352,10,2,3,1,23
18/10/2024 01:27,1357,5,3,303,5,3,336,8,6,1,0,11
18/10/2024 01:27,1358,5,3,303,5,3,336,8,6,2,1,20
18/10/2024 01:28,1359,5,3,303,5,3,336,8,6,3,1,19
18/10/2024 01:28,1360,5,3,264,1,4,329,7,9,1,0,14
18/10/2024 01:28,1361,5,3,264,1,4,329,7,9,2,1,21
18/10/2024 01:28,1362,5,3,264,1,4,329,7,9,3,0,9
18/10/2024 01:29,1363,5,3,300,4,10,302,5,2,1,1,12
18/10/2024 01:29,1364,5,3,300,4,10,302,5,2,2,1,18
18/10/2024 01:29,1365,5,3,300,4,10,302,5,2,3,0,8
18/10/2024 01:29,1366,5,3,334,8,4,350,9,10,1,0,14
18/10/2024 01:30,1367,5,3,334,8,4,350,9,10,2,1,13
18/10/2024 01:30,1368,5,3,334,8,4,350,9,10,3,0,15
18/10/2024 01:30,1369,5,3,275,2,5,372,12,2,1,1,28
18/10/2024 01:31,1370,5,3,275,2,5,372,12,2,2,1,24
18/10/2024 01:31,1371,5,3,275,2,5,372,12,2,3,0,10
18/10/2024 01:31,1372,5,3,270,1,10,316,6,6,1,1,13
18/10/2024 01:31,1373,5,3,270,1,10,316,6,6,2,1,13
18/10/2024 01:32,1374,5,3,270,1,10,316,6,6,3,0,19
18/10/2024 01:32,1375,5,3,351,10,1,361,11,1,1,1,25
18/10/2024 01:32,1376,5,3,351,10,1,361,11,1,2,0,10
18/10/2024 01:32,1377,5,3,351,10,1,361,11,1,3,1,9
18/10/2024 01:33,1378,5,3,301,5,1,363,11,3,1,0,7
18/10/2024 01:33,1379,5,3,301,5,1,363,11,3,2,1,11
18/10/2024 01:33,1380,5,3,301,5,1,363,11,3,3,1,42
18/10/2024 01:34,1381,5,3,268,1,8,333,8,3,1,0,12
18/10/2024 01:34,1382,5,3,268,1,8,333,8,3,2,1,17
18/10/2024 01:34,1383,5,3,268,1,8,333,8,3,3,0,9
18/10/2024 01:34,1384,5,3,275,2,5,301,5,1,1,1,12
18/10/2024 01:34,1385,5,3,275,2,5,301,5,1,2,0,7
18/10/2024 01:35,1386,5,3,275,2,5,301,5,1,3,1,13
18/10/2024 01:35,1387,5,3,345,9,5,371,12,1,1,1,20
18/10/2024 01:35,1388,5,3,345,9,5,371,12,1,2,1,18
18/10/2024 01:36,1389,5,3,345,9,5,371,12,1,3,1,19
18/10/2024 01:36,1390,5,3,296,4,6,378,12,8,1,0,8
18/10/2024 01:36,1391,5,3,296,4,6,378,12,8,2,1,28
18/10/2024 01:37,1392,5,3,296,4,6,378,12,8,3,1,14
18/10/2024 01:37,1393,5,3,265,1,5,283,3,3,1,0,14
18/10/2024 01:37,1394,5,3,265,1,5,283,3,3,2,1,13
18/10/2024 01:37,1395,5,3,265,1,5,283,3,3,3,1,15
18/10/2024 01:38,1396,5,3,357,10,7,371,12,1,1,1,23
18/10/2024 01:38,1397,5,3,357,10,7,371,12,1,2,0,16
18/10/2024 01:38,1398,5,3,357,10,7,371,12,1,3,1,22
18/10/2024 01:39,1399,5,3,284,3,4,323,7,3,1,0,25
18/10/2024 01:39,1400,5,3,284,3,4,323,7,3,2,1,19
18/10/2024 01:39,1401,5,3,284,3,4,323,7,3,3,0,12
18/10/2024 01:40,1402,5,3,290,3,10,311,6,1,1,1,20
18/10/2024 01:40,1403,5,3,290,3,10,311,6,1,2,0,15
18/10/2024 01:40,1404,5,3,290,3,10,311,6,1,3,1,13
18/10/2024 01:40,1405,5,3,315,6,5,333,8,3,1,0,9
18/10/2024 01:41,1406,5,3,315,6,5,333,8,3,2,1,12
18/10/2024 01:41,1407,5,3,315,6,5,333,8,3,3,0,24
18/10/2024 01:42,1408,5,3,308,5,8,364,11,4,1,0,62
18/10/2024 01:42,1409,5,3,308,5,8,364,11,4,2,1,14
18/10/2024 01:43,1410,5,3,308,5,8,364,11,4,3,1,14
18/10/2024 15:57,1411,5,3,368,11,8,380,12,10,1,0,5
18/10/2024 15:57,1412,5,3,368,11,8,380,12,10,2,1,5
18/10/2024 15:57,1413,5,3,368,11,8,380,12,10,3,0,9
18/10/2024 15:57,1414,5,3,325,7,5,383,13,3,1,1,6
18/10/2024 15:57,1415,5,3,325,7,5,383,13,3,2,0,8
18/10/2024 15:57,1416,5,3,325,7,5,383,13,3,3,1,7
18/10/2024 15:58,1417,5,3,276,2,6,390,13,10,1,0,53
18/10/2024 15:59,1418,5,3,276,2,6,390,13,10,2,0,15
18/10/2024 15:59,1419,5,3,276,2,6,390,13,10,3,1,14
18/10/2024 15:59,1420,5,3,352,10,2,356,10,6,1,0,8
18/10/2024 15:59,1421,5,3,352,10,2,356,10,6,2,1,7
18/10/2024 15:59,1422,5,3,352,10,2,356,10,6,3,0,8
18/10/2024 16:00,1423,5,3,317,6,7,370,11,10,1,1,12
18/10/2024 16:00,1424,5,3,317,6,7,370,11,10,2,0,4
19/10/2024 18:24,1425,5,3,317,6,7,370,11,10,3,1,10
19/10/2024 18:25,1426,5,3,310,5,10,372,12,2,1,0,9
19/10/2024 18:25,1427,5,3,310,5,10,372,12,2,2,1,5
19/10/2024 18:25,1428,5,3,310,5,10,372,12,2,3,0,9
19/10/2024 18:25,1429,5,3,287,3,7,390,13,10,1,0,31
19/10/2024 18:26,1430,5,3,287,3,7,390,13,10,2,1,15
19/10/2024 18:26,1431,5,3,287,3,7,390,13,10,3,0,10
19/10/2024 18:26,1432,5,3,351,10,1,353,10,3,1,1,13
19/10/2024 18:26,1433,5,3,351,10,1,353,10,3,2,0,15
19/10/2024 18:26,1434,5,3,351,10,1,353,10,3,3,1,11
19/10/2024 18:27,1435,5,3,328,7,8,389,13,9,1,1,11
19/10/2024 18:27,1436,5,3,328,7,8,389,13,9,2,0,6
19/10/2024 18:27,1437,5,3,328,7,8,389,13,9,3,0,14
19/10/2024 18:28,1438,5,3,306,5,6,350,9,10,1,0,61
19/10/2024 18:28,1439,5,3,306,5,6,350,9,10,2,1,10
19/10/2024 18:28,1440,5,3,306,5,6,350,9,10,3,0,10
19/10/2024 18:29,1441,5,3,268,1,8,371,12,1,1,1,5
19/10/2024 18:29,1442,5,3,268,1,8,371,12,1,2,0,14
19/10/2024 18:29,1443,5,3,268,1,8,371,12,1,3,0,7
19/10/2024 18:29,1444,5,3,324,7,4,384,13,4,1,1,5
19/10/2024 18:29,1445,5,3,324,7,4,384,13,4,2,1,29
19/10/2024 18:30,1446,5,3,324,7,4,384,13,4,3,0,15
19/10/2024 18:31,1447,5,3,288,3,8,383,13,3,1,1,51
19/10/2024 18:31,1448,5,3,288,3,8,383,13,3,2,0,7
19/10/2024 18:31,1449,5,3,288,3,8,383,13,3,3,0,14
19/10/2024 18:31,1450,5,3,319,6,9,331,8,1,1,1,21
19/10/2024 18:32,1451,5,3,319,6,9,331,8,1,2,0,7
19/10/2024 18:32,1452,5,3,319,6,9,331,8,1,3,1,14
19/10/2024 18:32,1453,5,3,352,10,2,390,13,10,1,0,10
19/10/2024 18:32,1454,5,3,352,10,2,390,13,10,2,1,6
19/10/2024 18:32,1455,5,3,352,10,2,390,13,10,3,0,7
19/10/2024 18:32,1456,5,3,312,6,2,341,9,1,1,1,14
19/10/2024 18:40,1457,5,3,312,6,2,341,9,1,2,0,446
19/10/2024 18:40,1458,5,3,312,6,2,341,9,1,3,1,23
19/10/2024 18:40,1459,5,3,264,1,4,321,7,1,1,0,7
19/10/2024 18:41,1460,5,3,264,1,4,321,7,1,2,1,7
19/10/2024 18:41,1461,5,3,264,1,4,321,7,1,3,0,8
19/10/2024 18:42,1462,5,3,272,2,2,362,11,2,1,0,57
19/10/2024 18:42,1463,5,3,272,2,2,362,11,2,2,1,17
19/10/2024 18:42,1464,5,3,272,2,2,362,11,2,3,0,26
19/10/2024 18:43,1465,5,3,366,11,6,368,11,8,1,1,16
19/10/2024 18:43,1466,5,3,366,11,6,368,11,8,2,0,7
19/10/2024 18:43,1467,5,3,366,11,6,368,11,8,3,1,10
19/10/2024 18:43,1468,5,3,327,7,7,361,11,1,1,0,14
19/10/2024 18:44,1469,5,3,327,7,7,361,11,1,2,1,24
19/10/2024 18:44,1470,5,3,327,7,7,361,11,1,3,0,8
19/10/2024 18:45,1471,5,3,341,9,1,361,11,1,1,0,47
19/10/2024 18:45,1472,5,3,341,9,1,361,11,1,2,1,7
19/10/2024 18:45,1473,5,3,341,9,1,361,11,1,3,0,8
19/10/2024 18:45,1474,5,3,344,9,4,364,11,4,1,0,12
19/10/2024 18:45,1475,5,3,344,9,4,364,11,4,2,1,9
19/10/2024 18:45,1476,5,3,344,9,4,364,11,4,3,0,9
19/10/2024 18:46,1477,5,3,370,11,10,382,13,2,1,1,9
19/10/2024 18:46,1478,5,3,370,11,10,382,13,2,2,0,11
19/10/2024 18:46,1479,5,3,370,11,10,382,13,2,3,1,9
19/10/2024 18:46,1480,5,3,358,10,8,369,11,9,1,0,10
19/10/2024 18:46,1481,5,3,358,10,8,369,11,9,2,1,14
19/10/2024 18:47,1482,5,3,358,10,8,369,11,9,3,0,12
19/10/2024 18:47,1483,5,3,357,10,7,359,10,9,1,0,9
19/10/2024 18:47,1484,5,3,357,10,7,359,10,9,2,1,17
19/10/2024 18:47,1485,5,3,357,10,7,359,10,9,3,0,22
19/10/2024 18:48,1486,5,3,287,3,7,372,12,2,1,1,9
19/10/2024 18:48,1487,5,3,287,3,7,372,12,2,2,0,21
19/10/2024 18:49,1488,5,3,287,3,7,372,12,2,3,0,52
19/10/2024 18:49,1489,5,3,283,3,3,352,10,2,1,0,24
19/10/2024 18:50,1490,5,3,283,3,3,352,10,2,2,0,24
19/10/2024 18:50,1491,5,3,283,3,3,352,10,2,3,1,4
19/10/2024 18:50,1492,5,3,301,5,1,366,11,6,1,0,31
19/10/2024 18:50,1493,5,3,301,5,1,366,11,6,2,1,8
19/10/2024 18:51,1494,5,3,301,5,1,366,11,6,3,0,33
19/10/2024 18:52,1495,5,3,338,8,8,390,13,10,1,1,30
19/10/2024 18:52,1496,5,3,338,8,8,390,13,10,2,0,8
19/10/2024 18:52,1497,5,3,338,8,8,390,13,10,3,0,24
19/10/2024 18:52,1498,5,3,277,2,7,331,8,1,1,1,16
19/10/2024 18:53,1499,5,3,277,2,7,331,8,1,2,0,9
19/10/2024 18:53,1500,5,3,277,2,7,331,8,1,3,1,7
19/10/2024 18:53,1501,5,3,312,6,2,351,10,1,1,0,6
19/10/2024 18:53,1502,5,3,312,6,2,351,10,1,2,0,6
19/10/2024 18:53,1503,5,3,312,6,2,351,10,1,3,0,7
19/10/2024 18:53,1504,5,3,270,1,10,370,11,10,1,1,11
19/10/2024 18:54,1505,5,3,270,1,10,370,11,10,2,0,31
19/10/2024 18:54,1506,5,3,270,1,10,370,11,10,3,1,6
19/10/2024 18:54,1507,5,3,270,1,10,298,4,8,1,0,15
19/10/2024 18:54,1508,5,3,270,1,10,298,4,8,2,1,5
19/10/2024 18:55,1509,5,3,270,1,10,298,4,8,3,1,62
19/10/2024 18:56,1510,5,3,323,7,3,342,9,2,1,0,17
19/10/2024 18:56,1511,5,3,323,7,3,342,9,2,2,0,36
19/10/2024 18:57,1512,5,3,323,7,3,342,9,2,3,1,29
19/10/2024 18:57,1513,5,3,294,4,4,361,11,1,1,0,15
19/10/2024 18:57,1514,5,3,294,4,4,361,11,1,2,1,19
19/10/2024 18:57,1515,5,3,294,4,4,361,11,1,3,1,10
19/10/2024 18:58,1516,5,3,279,2,9,348,9,8,1,1,12
19/10/2024 18:58,1517,5,3,279,2,9,348,9,8,2,0,30
19/10/2024 18:59,1518,5,3,279,2,9,348,9,8,3,1,24
19/10/2024 18:59,1519,5,3,298,4,8,375,12,5,1,0,13
19/10/2024 18:59,1520,5,3,298,4,8,375,12,5,2,0,6
19/10/2024 18:59,1521,5,3,298,4,8,375,12,5,3,1,13
19/10/2024 18:59,1522,5,3,330,7,10,378,12,8,1,0,9
19/10/2024 19:00,1523,5,3,330,7,10,378,12,8,2,1,12
19/10/2024 19:00,1524,5,3,330,7,10,378,12,8,3,0,14
19/10/2024 19:00,1525,5,3,342,9,2,387,13,7,1,0,18
19/10/2024 19:00,1526,5,3,342,9,2,387,13,7,2,1,12
19/10/2024 19:00,1527,5,3,342,9,2,387,13,7,3,0,9
19/10/2024 19:01,1528,5,3,295,4,5,358,10,8,1,1,11
19/10/2024 19:01,1529,5,3,295,4,5,358,10,8,2,0,22
19/10/2024 19:01,1530,5,3,295,4,5,358,10,8,3,1,4
